,ID,Name
0,328432,Siebe Horemans
1,402885,Anthony Descotte
2,411418,Matisse Didden
3,450214,Alonzo Engwanda
4,425341,Oscar Fraulo
5,403644,Victor Jensen
6,455842,Yoann Cathline
7,394998,Can Bozdogan
8,135954,Vasilios Barkas
9,370024,Kolbeinn Finnsson
10,429514,Zidane Iqbal
11,422805,Souffian El Karouani
12,409462,Noah Ohio
13,400279,David Min
14,402852,Ole Romeny
15,70906,Nick Viergever
16,82401,Jens Toornstra
17,101605,Mike van der Hoorn
18,116684,Michael Brouwer
19,454336,Tom de Graaff
20,399952,Miguel Rodríguez
21,444675,Taylor Booth
22,413783,Paxten Aaronson
23,425958,Alec Van Hoorenbeeck
24,90235,Lars Unnerstall
25,368289,Issam El Maach
26,484544,Younes Taha
27,37344,Ricky van Wolfswinkel
28,437387,Anass Salah-Eddine
29,475578,Mats Rots
30,475579,Gijs Besselink
31,402819,Mees Hilgers
32,427577,Youri Regeer
33,405560,Daan Rots
34,406780,Max Bruns
35,422804,Bart van Rooij
36,134722,Bas Kuipers
37,301423,Mitchell van Bergen
38,321910,Carel Eiting
39,322149,Michel Vlap
40,328269,Sam Lammers
41,361794,Sem Steijn
42,34545,Przemyslaw Tyton
43,428096,Gustaf Lagerbielke
44,457265,Sayfallah Ltaief
45,404777,Mathias Kjølø
