,ID,Name
0,130304,Walter Benítez
1,427824,Johan Bakayoko
2,260809,Olivier Boscagli
3,318511,Hirving Lozano
4,322148,Guus Til
5,331555,Jerdy Schouten
6,275012,Joël Drommel
7,382556,Joey Veerman
8,444164,Matteo Dams
9,68585,Luuk de Jong
10,400009,Couhaib Driouech
11,462233,Niek Schiks
12,481080,Tygo Land
13,489985,Isaac Babadi
14,386631,Richard Ledezma
15,397465,Malik Tillman
16,377466,Ricardo Pepi
17,532295,Michael Bresser
18,534222,Wessel Kuhn
19,444737,Ryan Flamingo
20,451676,Jari De Busser
21,530988,Mathis Suray
22,484492,Aske Adelgaard
23,484558,Jakob Breum
24,424578,Oliver Antman
25,362691,Luca Plogmann
26,288859,Gerrit Nauber
27,322159,Finn Stokkers
28,355961,Evert Linthorst
29,276442,Joris Kramer
30,382238,Bobby Adekanye
31,411691,Enric Llansana
32,422633,Mats Deijl
33,422781,Luca Everink
34,431651,Nando Verdoni
35,436147,Milan Smit
36,444782,Pim Saathof
37,444783,Robbin Weijenberg
38,445055,Dean James
39,445056,Calvin Twigt
40,470692,Victor Edvardsen
