,ID,Name
0,399855,Dylan Mbayo
1,399311,Filip Krastev
2,333527,Odysseus Velanas
3,400823,Davy van den Berg
4,362467,Jasper Schendelaar
5,365152,Eliano Reijnders
6,333781,Dylan Vente
7,352844,Thomas Buitink
8,20831,Kenneth Vermeer
9,317693,Mike Hauptmeijer
10,322157,Sherel Floranus
11,431253,Damian van der Haar
12,454339,Olivier Aertssen
13,489992,Nick Fichtinger
14,489995,Mohamed Oukhattou
15,490379,Anouar El Azzouzi
16,513251,Teun Gijselhart
17,515596,Kaj de Rooij
18,137327,Ryan Thomas
19,424502,Anselmo MacNulty
20,354027,Anthony Fontana
21,416971,Simon Graves
22,401137,Bryan Limbombe
23,450923,Brian De Keersmaecker
24,534710,Luka Kulenovic
25,499929,Juho Talvitie
26,401250,Jannes Wieckhoff
27,225522,Mario Engels
28,404976,Suf Podgoreanu
29,495554,Lorenzo Milani
30,423949,Mimeirhel Benita
31,433912,Timo Jansink
32,433913,Sem Scheperman
33,444714,Damon Mirani
34,299511,Jordy Bruijn
35,312702,Justin Hoogma
36,364306,Daniël van Kaam
37,379686,Ruben Roosken
38,382581,Fabian de Keijzer
39,69789,Kelvin Leerdam
40,96581,Thomas Bruns
41,424540,Ivan Mesík
42,449309,Shiloh 't Zand
43,535937,Giandro Sambo
44,538516,Jonah te Fruchte
