,ID,Name
0,365119,Ezequiel Bullaude
1,400545,Shawn Adewoye
2,396058,Rodrigo Guth
3,228329,Samuel Bastien
4,343981,Ante Erceg
5,120151,Alen Halilovic
6,424369,Josip Mitrovic
7,421892,Loreintz Rosier
8,530987,Makan Aiko
9,400011,Jasper Dahlhaus
10,409160,Syb van Ottele
11,97367,Mattijs Branderhorst
12,115574,Mitchell Dijks
13,290832,Alessio da Cruz
14,301457,Luuk Koopmans
15,455568,Úmaro Embaló
16,70598,Ivo Pinto
17,140902,Kristoffer Peterson
18,531510,Ryan Fosso
19,531569,Darijo Grujcic
20,545313,Niels Martens
21,426910,Ilias Sebaoui
22,535678,Jacob Trenskow
23,319396,Amara Condé
24,323531,Mats Köhlert
25,479298,Danilo Al Saed
26,363248,Ion Nicolaescu
27,379599,Ché Nunnely
28,380731,Sam Kersten
29,387720,Denzel Hall
30,454333,Mateja Milovanovic
31,472399,Bernt Klaverboer
32,252239,Andries Noppert
33,296543,Jan Bekkema
34,497178,Espen van Ee
35,536000,Dimitris Rallis
36,531002,Levi Smans
37,497179,Oliver Braude
38,436168,Nikolai Hopland
39,142376,Pawel Bochniewicz
40,327724,Simon Olsson
41,422634,Luuk Brouwers
