,ID,Name
0,530989,Robin Mantel
1,450923,Brian De Keersmaecker
2,534710,Luka Kulenovic
3,370314,Jan Zamburek
4,499929,Juho Talvitie
5,225522,Mario Engels
6,401250,Jannes Wieckhoff
7,404976,Suf Podgoreanu
8,495554,Lorenzo Milani
9,433912,Timo Jansink
10,444714,Damon Mirani
11,423949,Mimeirhel Benita
12,299511,Jordy Bruijn
13,312702,Justin Hoogma
14,349481,Jizz Hornkamp
15,364306,Daniël van Kaam
16,379686,Ruben Roosken
17,382581,Fabian de Keijzer
18,69789,Kelvin Leerdam
19,96581,Thomas Bruns
20,424540,Ivan Mesík
21,449309,Shiloh 't Zand
22,404216,Leo Greiml
23,412176,Dominik Janosek
24,113783,Elías Már Ómarsson
25,211233,Enes Mahmutovic
26,244640,Clint Leemans
27,322152,Roy Kortsmit
28,348647,Boyd Lucassen
29,389479,Boy Kemper
30,400057,Casper Staring
31,109117,Terence Kongolo
32,429373,Roy Kuijpers
33,437076,Matthew Garbett
34,320427,Fredrik Oldrup Jensen
35,423275,Kacper Kostorz
36,530990,Daniel Bielica
37,498420,Saná Fernandes
38,468119,Leo Sauer
39,484534,Manel Royo
40,429616,Adam Kaied
41,514538,Raul Paula
42,530993,Lars Mol
43,531873,Max Balard
