,ID,Name
0,109807,Bertrand Traoré
1,402666,Josip Sutalo
2,484494,Anton Gaaei
3,449301,Christian Rasmussen
4,116207,Daniele Rugani
5,115479,Wout Weghorst
6,34550,Remko Pasveer
7,89794,Steven Berghuis
8,108860,Davy Klaassen
9,404568,Brian Brobbey
10,415781,Kian Fitz-Jim
11,422801,Youri Baas
12,422802,Jay Gorter
13,139299,Branco van den Boomen
14,328550,Owen Wijndal
15,400165,Devyne Rensch
16,401122,Kenneth Taylor
17,467715,Jorrel Hato
18,400320,Ahmetcan Kaplan
19,68659,Jordan Henderson
20,122294,Chuba Akpom
21,373154,Diant Ramaj
22,462099,Mika Godts
23,130304,Walter Benítez
24,427824,Johan Bakayoko
25,346767,Mauro Júnior
26,70524,Ivan Perisic
27,260809,Olivier Boscagli
28,404776,Ismael Saibari
29,400009,Couhaib Driouech
30,444164,Matteo Dams
31,462233,Niek Schiks
32,481080,Tygo Land
33,489985,Isaac Babadi
34,275012,Joël Drommel
35,322148,Guus Til
36,345333,Armando Obispo
37,354283,Noa Lang
38,68585,Luuk de Jong
39,232249,Rick Karsdorp
40,403097,Fredrik Oppegård
41,377466,Ricardo Pepi
42,386631,Richard Ledezma
43,397465,Malik Tillman
44,444737,Ryan Flamingo
