,ID,Name
0,531004,Raffael Behounek
1,443089,Kyan Vaesen
2,448628,Rob Nizet
3,391257,Mickaël Tirpan
4,400487,Boris Lambert
5,420300,Cisse Sandra
6,89358,Jeremy Bokila
7,135109,Thomas Didillon-Hödl
8,444729,Emilio Kehrer
9,531005,Amine Lachkar
10,535802,Jens Mathijsen
11,298493,Patrick Joosten
12,379600,Connor van den Berg
13,379702,Jesse Bosch
14,382582,Tommy St. Jago
15,422858,Nick Doodeman
16,425569,Ringo Meerveld
17,405831,Maarten Schut
18,455539,Amar Fatah
19,535803,Per van Loon
20,538760,Miodrag Pivas
21,451513,Rúnar Sigurgeirsson
22,425958,Alec Van Hoorenbeeck
23,361838,Michal Sadílek
24,90235,Lars Unnerstall
25,368289,Issam El Maach
26,402819,Mees Hilgers
27,134722,Bas Kuipers
28,301423,Mitchell van Bergen
29,321910,Carel Eiting
30,322149,Michel Vlap
31,328269,Sam Lammers
32,427577,Youri Regeer
33,437387,Anass Salah-Eddine
34,405560,Daan Rots
35,406780,Max Bruns
36,422804,Bart van Rooij
37,475578,Mats Rots
38,475579,Gijs Besselink
39,494032,Harrie Kuster
40,37344,Ricky van Wolfswinkel
41,34545,Przemyslaw Tyton
42,428096,Gustaf Lagerbielke
43,457265,Sayfallah Ltaief
44,404777,Mathias Kjølø
