,ID,Name
0,379701,Ramiz Zerrouki
1,515829,Anis Hadj Moussa
2,347863,Julián Carranza
3,384574,Gernot Trauner
4,436553,Igor Paixão
5,484570,Plamen Andreev
6,298710,Luka Ivanusec
7,530985,Chris-Kévin Nadje
8,121821,Timon Wellenreuther
9,519755,Ibrahim Osman
10,444719,Givairo Read
11,297527,Bart Nieuwkoop
12,302709,Justin Bijlow
13,400059,Gijs Smal
14,489979,Gjivai Zechiël
15,411078,Quinten Timber
16,436114,Thomas Beelen
17,409730,Hugo Bueno
18,362779,Dávid Hancko
19,371030,Hwang In-Beom
20,444264,Facundo González
21,545314,Zépiqueno Redmond
22,499764,Seiya Maikuma
23,510581,Jayden Addai
24,472183,Wouter Goes
25,497707,Dave Kwakman
26,67299,Jeroen Zoet
27,90802,Jordy Clasie
28,90834,Hobie Verhulst
29,383560,Sven Mijnans
30,408102,Peer Koopmeiners
31,422737,Ernest Poku
32,422867,Mees de Wit
33,432172,Denso Kasius
34,433950,Mexx Meerdink
35,434318,Maxim Dekker
36,422248,Alexandre Penetra
37,444780,Mayckel Lahdo
38,470735,Rome-Jayden Owusu-Oduro
39,415341,David Møller Wolfe
40,384064,Troy Parrott
41,513559,Kees Smit
42,544622,Ro-Zangelo Daal
