,ID,Name
0,451676,Jari De Busser
1,530988,Mathis Suray
2,484492,Aske Adelgaard
3,484558,Jakob Breum
4,424578,Oliver Antman
5,288859,Gerrit Nauber
6,362691,Luca Plogmann
7,382238,Bobby Adekanye
8,322159,Finn Stokkers
9,355961,Evert Linthorst
10,400173,Jamal Amofa
11,411691,Enric Llansana
12,422633,Mats Deijl
13,422781,Luca Everink
14,431651,Nando Verdoni
15,436147,Milan Smit
16,444655,Julius Dirksen
17,445055,Dean James
18,445056,Calvin Twigt
19,276442,Joris Kramer
20,383616,Oliver Edvardsen
21,470692,Victor Edvardsen
22,399855,Dylan Mbayo
23,400278,Thierry Lutonda
24,399311,Filip Krastev
25,296684,Jamiro Monteiro
26,391924,Braydon Manu
27,333527,Odysseus Velanas
28,333781,Dylan Vente
29,352844,Thomas Buitink
30,362467,Jasper Schendelaar
31,365152,Eliano Reijnders
32,317693,Mike Hauptmeijer
33,322157,Sherel Floranus
34,20831,Kenneth Vermeer
35,400823,Davy van den Berg
36,431253,Damian van der Haar
37,454339,Olivier Aertssen
38,489992,Nick Fichtinger
39,489995,Mohamed Oukhattou
40,490379,Anouar El Azzouzi
41,513251,Teun Gijselhart
42,515596,Kaj de Rooij
43,137327,Ryan Thomas
44,424502,Anselmo MacNulty
