,ID,Name
0,343347,Arno Verschueren
1,416803,Kayky
2,382494,Charles-Andreas Brym
3,379712,Saïd Bakari
4,513252,Shunsuke Mito
5,491398,Camiel Neghli
6,506930,Hamza El Dahri
7,379764,Youri Schoonderwaldt
8,279173,Pelle Clement
9,243916,Nick Olij
10,422872,Djevencio van der Kust
11,427851,Rick Meissen
12,444160,Mohamed Nassoh
13,444483,Mike Eerdhuijzen
14,444623,Julian Baas
15,449308,Mike Kleijn
16,451993,Boyd Reith
17,276756,Tobias Lauritsen
18,349199,Joshua Kitolano
19,535931,Marvin Young
20,536875,Ayoub Oufkir
21,489319,Kaylen Reitmaier
22,433577,Metinho
23,328432,Siebe Horemans
24,402885,Anthony Descotte
25,411418,Matisse Didden
26,403644,Victor Jensen
27,416311,Niklas Vesterlund
28,425341,Oscar Fraulo
29,455842,Yoann Cathline
30,394998,Can Bozdogan
31,135954,Vasilios Barkas
32,370024,Kolbeinn Finnsson
33,429514,Zidane Iqbal
34,422805,Souffian El Karouani
35,454336,Tom de Graaff
36,70906,Nick Viergever
37,82401,Jens Toornstra
38,101605,Mike van der Hoorn
39,116684,Michael Brouwer
40,409462,Noah Ohio
41,400279,David Min
42,402852,Ole Romeny
43,399952,Miguel Rodríguez
44,444675,Taylor Booth
45,413783,Paxten Aaronson
