,ID,Name
0,22300,Lasse Schöne
1,430309,Brayann Pereira
2,499973,Argyris Darelas
3,487049,Koki Ogawa
4,497708,Kodai Sano
5,444619,Stijn van Gassel
6,422814,Robin Roefs
7,429380,Rijk Janse
8,271086,Calvin Verdonk
9,389945,Sontje Hansen
10,301027,Thomas Ouwejan
11,321959,Philippe Sandler
12,343314,Vito van Crooij
13,279967,Iván Márquez
14,532237,Basar Önal
15,538340,Kento Shiogai
16,404207,Lefteris Lyratzis
17,351532,Mees Hoedemakers
18,365712,Rober
19,515755,Sami Ouaissa
20,78353,Marvin Peersman
21,467771,Noam Emeran
22,394980,Marco Rente
23,388041,Brynjólfur Willumsson
24,405003,Thijs Oosting
25,434212,Dirk Baron
26,459078,Thom van Bergen
27,460696,Jorg Schreuders
28,79967,Leandro Bacuna
29,97719,Joey Pelupessy
30,231013,Hidde Jurjus
31,379705,Etienne Vaessen
32,381718,Romano Postema
33,484537,Stije Resink
34,517884,Wouter Prins
35,517927,Finn Stam
36,530978,Sven Bouland
37,321106,Johan Hove
38,444652,Rui Mendes
39,415926,Tika de Jonge
40,415927,Luciano Valente
41,415928,Thijmen Blokzijl
42,470783,Maxim Mariani
