,ID,Name
0,255946,Dario Van den Buijs
1,469502,Chris Lokesa
2,446984,Daouda Weidmann
3,141965,Jeroen Houwen
4,289015,Julian Lelieveld
5,322182,Reuven Niemeijer
6,357080,Godfried Roemeratoe
7,361778,Silvester van der Water
8,369048,Richonell Margaret
9,369107,Mohamed Ihattaren
10,387172,Denilho Cleonise
11,389411,Yassin Oukili
12,391284,Richard van der Venne
13,400276,Luuk Wouters
14,403820,Juan Familia-Castillo
15,429270,Joey Kesting
16,433575,Liam van Gelderen
17,444674,Kevin Felida
18,303134,Oskar Zawada
19,353698,Roshon van Eijma
20,531000,Tim van de Loo
21,537260,Luuk Vogels
22,538759,Faissal Al Mazyani
23,530976,Jonas Wendlinger
24,143815,Anas Tahiri
25,431023,Faïz Mattoir
26,432217,Junior Kadile
27,450417,Logan Delaurier-Chaubet
28,296323,Thomas Robinet
29,357398,Théo Barbet
30,404551,Ruben Providence
31,409755,Vasilios Zagaritis
32,363872,Christopher Mamengi
33,379734,Hamdi Akujobi
34,124380,Thom Haye
35,137368,Damil Dankerlui
36,484527,Nordin Bakker
37,484540,Jochem Ritmeester van de Kamp
38,497336,Joël van der Wilt
39,395381,Kornelius Hansen
40,396431,Ricardo Visus
41,321235,Àlex Carbonell
42,392651,Adi Nalic
43,108624,James Lawrence
