,ID,Name
0,530976,Jonas Wendlinger
1,128564,Baptiste Guillaume
2,143815,Anas Tahiri
3,431023,Faïz Mattoir
4,429632,Álex Balboa
5,432217,Junior Kadile
6,450417,Logan Delaurier-Chaubet
7,404551,Ruben Providence
8,296323,Thomas Robinet
9,357398,Théo Barbet
10,409755,Vasilios Zagaritis
11,484527,Nordin Bakker
12,484531,Joey Jacobs
13,484540,Jochem Ritmeester van de Kamp
14,497336,Joël van der Wilt
15,363872,Christopher Mamengi
16,379734,Hamdi Akujobi
17,137368,Damil Dankerlui
18,124380,Thom Haye
19,395381,Kornelius Hansen
20,396431,Ricardo Visus
21,321235,Àlex Carbonell
22,392651,Adi Nalic
23,531004,Raffael Behounek
24,391257,Mickaël Tirpan
25,400487,Boris Lambert
26,420300,Cisse Sandra
27,443089,Kyan Vaesen
28,448628,Rob Nizet
29,89358,Jeremy Bokila
30,135109,Thomas Didillon-Hödl
31,444729,Emilio Kehrer
32,422858,Nick Doodeman
33,425569,Ringo Meerveld
34,531003,Valentino Vermeulen
35,298493,Patrick Joosten
36,379600,Connor van den Berg
37,379702,Jesse Bosch
38,382582,Tommy St. Jago
39,405831,Maarten Schut
40,531005,Amine Lachkar
41,455539,Amar Fatah
42,451513,Rúnar Sigurgeirsson
43,535803,Per van Loon
44,538760,Miodrag Pivas
