,ID,Name
0,130304,Walter Benítez
1,427824,Johan Bakayoko
2,346767,Mauro Júnior
3,70524,Ivan Perisic
4,260809,Olivier Boscagli
5,404776,Ismael Saibari
6,481080,Tygo Land
7,275012,Joël Drommel
8,322148,Guus Til
9,345333,Armando Obispo
10,68585,Luuk de Jong
11,232249,Rick Karsdorp
12,354283,Noa Lang
13,444164,Matteo Dams
14,377466,Ricardo Pepi
15,386631,Richard Ledezma
16,397465,Malik Tillman
17,444168,Tijn Smolenaars
18,444737,Ryan Flamingo
19,465011,Adamo Nagalo
20,343347,Arno Verschueren
21,379712,Saïd Bakari
22,513252,Shunsuke Mito
23,279173,Pelle Clement
24,19087,Jonathan de Guzmán
25,243916,Nick Olij
26,379764,Youri Schoonderwaldt
27,422872,Djevencio van der Kust
28,427851,Rick Meissen
29,444160,Mohamed Nassoh
30,444483,Mike Eerdhuijzen
31,444623,Julian Baas
32,449308,Mike Kleijn
33,451993,Boyd Reith
34,491398,Camiel Neghli
35,503818,Max de Ligt
36,506930,Hamza El Dahri
37,276756,Tobias Lauritsen
38,349199,Joshua Kitolano
39,489319,Kaylen Reitmaier
40,433577,Metinho
41,535931,Marvin Young
42,536875,Ayoub Oufkir
