,ID,Name
0,404216,Leo Greiml
1,400523,Jan Van den Bergh
2,412176,Dominik Janosek
3,113783,Elías Már Ómarsson
4,211233,Enes Mahmutovic
5,244640,Clint Leemans
6,322152,Roy Kortsmit
7,348647,Boyd Lucassen
8,389479,Boy Kemper
9,408489,Tein Troost
10,109117,Terence Kongolo
11,400057,Casper Staring
12,429373,Roy Kuijpers
13,423275,Kacper Kostorz
14,530990,Daniel Bielica
15,498420,Saná Fernandes
16,468119,Leo Sauer
17,399383,Martin Koscelník
18,484534,Manel Royo
19,530991,Cherrion Valerius
20,530993,Lars Mol
21,531873,Max Balard
22,22300,Lasse Schöne
23,430309,Brayann Pereira
24,499973,Argyris Darellas
25,487049,Koki Ogawa
26,497708,Kodai Sano
27,444619,Stijn van Gassel
28,444741,Kas de Wit
29,422814,Robin Roefs
30,429380,Rijk Janse
31,389945,Sontje Hansen
32,77422,Bram Nuytinck
33,271086,Calvin Verdonk
34,301027,Thomas Ouwejan
35,343314,Vito van Crooij
36,279967,Iván Márquez
37,532237,Basar Önal
38,538340,Kento Shiogai
39,515755,Sami Ouaissa
40,351532,Mees Hoedemakers
41,365712,Rober
42,404207,Lefteris Lyratzis
