,ID,Name
0,328432,Siebe Horemans
1,402885,Anthony Descotte
2,411418,Matisse Didden
3,403644,Victor Jensen
4,425341,Oscar Fraulo
5,467757,Silas Andersen
6,455842,Yoann Cathline
7,394998,Can Bozdogan
8,135954,Vasilios Barkas
9,370024,Kolbeinn Finnsson
10,422805,Souffian El Karouani
11,409462,Noah Ohio
12,400279,David Min
13,402852,Ole Romeny
14,70906,Nick Viergever
15,82401,Jens Toornstra
16,101605,Mike van der Hoorn
17,116684,Michael Brouwer
18,454336,Tom de Graaff
19,512213,Joshua Mukeh
20,399952,Miguel Rodríguez
21,413783,Paxten Aaronson
22,438303,Adrian Blake
23,255946,Dario Van den Buijs
24,450984,Ilias Takidine
25,469502,Chris Lokesa
26,320608,Alexander Jakobsen
27,446984,Daouda Weidmann
28,31238,Aaron Meijers
29,141965,Jeroen Houwen
30,243708,Yanick van Osch
31,361778,Silvester van der Water
32,369048,Richonell Margaret
33,369107,Mohamed Ihattaren
34,380663,Patrick Vroegh
35,387172,Denilho Cleonise
36,389411,Yassin Oukili
37,400276,Luuk Wouters
38,429270,Joey Kesting
39,433575,Liam van Gelderen
40,444674,Kevin Felida
41,322182,Reuven Niemeijer
42,289015,Julian Lelieveld
43,303134,Oskar Zawada
44,353698,Roshon van Eijma
45,531000,Tim van de Loo
