,ID,Name
0,379701,Ramiz Zerrouki
1,515829,Anis Hadj Moussa
2,347863,Julián Carranza
3,384574,Gernot Trauner
4,436553,Igor Paixão
5,484570,Plamen Andreev
6,517344,Jeyland Mitchell
7,298710,Luka Ivanusec
8,530985,Chris-Kévin Nadje
9,121821,Timon Wellenreuther
10,519755,Ibrahim Osman
11,377288,Ayase Ueda
12,411078,Quinten Timber
13,422921,Antoni Milambo
14,436114,Thomas Beelen
15,444719,Givairo Read
16,302709,Justin Bijlow
17,400059,Gijs Smal
18,409730,Hugo Bueno
19,362779,Dávid Hancko
20,345527,Jordan Lotomba
21,371030,Hwang In-Beom
22,444264,Facundo González
23,425958,Alec Van Hoorenbeeck
24,90235,Lars Unnerstall
25,368289,Issam El Maach
26,402819,Mees Hilgers
27,405560,Daan Rots
28,406780,Max Bruns
29,422804,Bart van Rooij
30,427577,Youri Regeer
31,437387,Anass Salah-Eddine
32,134722,Bas Kuipers
33,301423,Mitchell van Bergen
34,321910,Carel Eiting
35,322149,Michel Vlap
36,328269,Sam Lammers
37,361794,Sem Steijn
38,475578,Mats Rots
39,475579,Gijs Besselink
40,478021,Juliën Mesbahi
41,34545,Przemyslaw Tyton
42,428096,Gustaf Lagerbielke
43,457265,Sayfallah Ltaief
44,404777,Mathias Kjølø
