,ID,Name
0,426910,Ilias Sebaoui
1,535678,Jacob Trenskow
2,319396,Amara Condé
3,323531,Mats Köhlert
4,536000,Dimitris Rallis
5,492109,Melle Witteveen
6,497178,Espen van Ee
7,531002,Levi Smans
8,121834,Mickey van der Hart
9,252239,Andries Noppert
10,296543,Jan Bekkema
11,379599,Ché Nunnely
12,380731,Sam Kersten
13,387720,Denzel Hall
14,436168,Nikolai Hopland
15,497179,Oliver Braude
16,142376,Pawel Bochniewicz
17,327724,Simon Olsson
18,436158,Daniel Karlsbakk
19,422634,Luuk Brouwers
20,536002,Isaiah Ahmed
21,399855,Dylan Mbayo
22,400278,Thierry Lutonda
23,399311,Filip Krastev
24,296684,Jamiro Monteiro
25,259930,Younes Namli
26,391924,Braydon Manu
27,333527,Odysseus Velanas
28,333781,Dylan Vente
29,352844,Thomas Buitink
30,362467,Jasper Schendelaar
31,365152,Eliano Reijnders
32,20831,Kenneth Vermeer
33,317693,Mike Hauptmeijer
34,322157,Sherel Floranus
35,400823,Davy van den Berg
36,431253,Damian van der Haar
37,454339,Olivier Aertssen
38,489992,Nick Fichtinger
39,490379,Anouar El Azzouzi
40,513251,Teun Gijselhart
41,515596,Kaj de Rooij
42,137327,Ryan Thomas
43,424502,Anselmo MacNulty
