,ID,Name
0,451676,Jari De Busser
1,530988,Mathis Suray
2,484492,Aske Adelgaard
3,484558,Jakob Breum
4,424578,Oliver Antman
5,288859,Gerrit Nauber
6,362691,Luca Plogmann
7,382238,Bobby Adekanye
8,322159,Finn Stokkers
9,355961,Evert Linthorst
10,400173,Jamal Amofa
11,411691,Enric Llansana
12,422633,Mats Deijl
13,422781,Luca Everink
14,431651,Nando Verdoni
15,436147,Milan Smit
16,444655,Julius Dirksen
17,444783,Robbin Weijenberg
18,445056,Calvin Twigt
19,276442,Joris Kramer
20,383616,Oliver Edvardsen
21,470692,Victor Edvardsen
22,450923,Brian De Keersmaecker
23,530989,Robin Mantel
24,534710,Luka Kulenovic
25,370314,Jan Zamburek
26,499929,Juho Talvitie
27,225522,Mario Engels
28,401250,Jannes Wieckhoff
29,404976,Suf Podgoreanu
30,495554,Lorenzo Milani
31,433912,Timo Jansink
32,444714,Damon Mirani
33,423949,Mimeirhel Benita
34,299511,Jordy Bruijn
35,312702,Justin Hoogma
36,349481,Jizz Hornkamp
37,364306,Daniël van Kaam
38,379686,Ruben Roosken
39,382581,Fabian de Keijzer
40,69789,Kelvin Leerdam
41,96581,Thomas Bruns
42,424540,Ivan Mesík
43,449309,Shiloh 't Zand
