,ID,Name
0,460297,Benjamin Tahirovic
1,109807,Bertrand Traoré
2,402666,Josip Sutalo
3,449301,Christian Rasmussen
4,484494,Anton Gaaei
5,116207,Daniele Rugani
6,139299,Branco van den Boomen
7,328550,Owen Wijndal
8,115479,Wout Weghorst
9,34550,Remko Pasveer
10,454337,Jaydon Banel
11,404568,Brian Brobbey
12,422801,Youri Baas
13,400165,Devyne Rensch
14,108860,Davy Klaassen
15,401122,Kenneth Taylor
16,467715,Jorrel Hato
17,400320,Ahmetcan Kaplan
18,68659,Jordan Henderson
19,122294,Chuba Akpom
20,373154,Diant Ramaj
21,540452,Jan Faberski
22,462099,Mika Godts
23,467771,Noam Emeran
24,394980,Marco Rente
25,405003,Thijs Oosting
26,379705,Etienne Vaessen
27,381718,Romano Postema
28,434212,Dirk Baron
29,79967,Leandro Bacuna
30,97719,Joey Pelupessy
31,231013,Hidde Jurjus
32,459078,Thom van Bergen
33,460696,Jorg Schreuders
34,484537,Stije Resink
35,517884,Wouter Prins
36,517927,Finn Stam
37,530978,Sven Bouland
38,321106,Johan Hove
39,444652,Rui Mendes
40,415927,Luciano Valente
41,415928,Thijmen Blokzijl
42,470783,Maxim Mariani
43,482883,Fofin Turay
