,ID,Name
0,365119,Ezequiel Bullaude
1,400545,Shawn Adewoye
2,534227,Luka Tunjic
3,396058,Rodrigo Guth
4,228329,Samuel Bastien
5,120151,Alen Halilovic
6,343981,Ante Erceg
7,424369,Josip Mitrovic
8,530987,Makan Aiko
9,421892,Loreintz Rosier
10,527633,Tristan Schenkhuizen
11,409160,Syb van Ottele
12,97367,Mattijs Branderhorst
13,115574,Mitchell Dijks
14,301457,Luuk Koopmans
15,400011,Jasper Dahlhaus
16,70598,Ivo Pinto
17,531510,Ryan Fosso
18,531569,Darijo Grujcic
19,525774,Ramazan Bayram
20,485376,Ibrahim Sadiq
21,499764,Seiya Maikuma
22,510581,Jayden Addai
23,497707,Dave Kwakman
24,484652,Ruben van Bommel
25,67299,Jeroen Zoet
26,90810,Bruno Martins Indi
27,90834,Hobie Verhulst
28,383560,Sven Mijnans
29,408102,Peer Koopmeiners
30,415772,Zico Buurmeester
31,422737,Ernest Poku
32,422867,Mees de Wit
33,432172,Denso Kasius
34,433950,Mexx Meerdink
35,434318,Maxim Dekker
36,444717,Lequincio Zeefuik
37,422248,Alexandre Penetra
38,444780,Mayckel Lahdo
39,470735,Rome-Jayden Owusu-Oduro
40,415341,David Møller Wolfe
41,384064,Troy Parrott
42,513559,Kees Smit
