,ID,Name
0,78353,Marvin Peersman
1,467771,Noam Emeran
2,394980,Marco Rente
3,388041,Brynjólfur Willumsson
4,517927,Finn Stam
5,530978,Sven Bouland
6,530980,Roy Leicester
7,405003,Thijs Oosting
8,79967,Leandro Bacuna
9,97719,Joey Pelupessy
10,231013,Hidde Jurjus
11,459078,Thom van Bergen
12,460696,Jorg Schreuders
13,379705,Etienne Vaessen
14,379742,Laros Duarte
15,434212,Dirk Baron
16,321106,Johan Hove
17,444652,Rui Mendes
18,530983,Nils Eggens
19,535702,Marco Speelman
20,482883,Fofin Turay
21,415926,Tika de Jonge
22,415927,Luciano Valente
23,404216,Leo Greiml
24,400523,Jan Van den Bergh
25,412176,Dominik Janosek
26,113783,Elías Már Ómarsson
27,211233,Enes Mahmutovic
28,322152,Roy Kortsmit
29,348647,Boyd Lucassen
30,400057,Casper Staring
31,408489,Tein Troost
32,429373,Roy Kuijpers
33,437076,Matthew Garbett
34,320427,Fredrik Oldrup Jensen
35,423275,Kacper Kostorz
36,530990,Daniel Bielica
37,498420,Saná Fernandes
38,399383,Martin Koscelník
39,484534,Manel Royo
40,429616,Adam Kaied
41,530991,Cherrion Valerius
42,530993,Lars Mol
43,531873,Max Balard
