,ID,Name
0,379701,Ramiz Zerrouki
1,515829,Anis Hadj Moussa
2,347863,Julián Carranza
3,436553,Igor Paixão
4,298710,Luka Ivanusec
5,404200,Ondrej Lingr
6,121821,Timon Wellenreuther
7,377288,Ayase Ueda
8,445061,Santiago Giménez
9,450767,Mikki van Sas
10,489979,Gjivai Zechiël
11,297527,Bart Nieuwkoop
12,302709,Justin Bijlow
13,345441,Lutsharel Geertruida
14,411078,Quinten Timber
15,412907,Neraysho Kasanwirjo
16,422921,Antoni Milambo
17,436114,Thomas Beelen
18,444719,Givairo Read
19,400059,Gijs Smal
20,357133,Marcus Pedersen
21,362779,Dávid Hancko
22,371042,Marcos López
23,531004,Raffael Behounek
24,391257,Mickaël Tirpan
25,420300,Cisse Sandra
26,443089,Kyan Vaesen
27,448628,Rob Nizet
28,89358,Jeremy Bokila
29,135109,Thomas Didillon-Hödl
30,444729,Emilio Kehrer
31,122194,Joshua Smits
32,298493,Patrick Joosten
33,379600,Connor van den Berg
34,379702,Jesse Bosch
35,382582,Tommy St. Jago
36,422858,Nick Doodeman
37,425569,Ringo Meerveld
38,432117,Max de Waal
39,531003,Valentino Vermeulen
40,535802,Jens Mathijsen
41,531005,Amine Lachkar
42,531009,Dani Mathieu
43,451513,Rúnar Sigurgeirsson
44,531013,Khaled Razak
45,535803,Per Van Loon
