,ID,Name
0,22300,Lasse Schöne
1,430309,Brayann Pereira
2,499973,Argyrios Darelas
3,497708,Kodai Sano
4,506727,D'Leanu Arts
5,531511,Luc Nieuwenhuijs
6,444619,Stijn van Gassel
7,444741,Kas de Wit
8,77422,Bram Nuytinck
9,271086,Calvin Verdonk
10,389945,Sontje Hansen
11,422804,Bart van Rooij
12,422806,Dirk Proper
13,422814,Robin Roefs
14,429380,Rijk Janse
15,335725,Lars Olden Larsen
16,279967,Iván Márquez
17,532237,Basar Önal
18,515755,Sami Ouaissa
19,351532,Mees Hoedemakers
20,365712,Rober
21,425958,Alec Van Hoorenbeeck
22,90235,Lars Unnerstall
23,368289,Issam El Maach
24,484544,Younes Taha
25,494032,Harrie Kuster
26,37344,Ricky van Wolfswinkel
27,134722,Bas Kuipers
28,301423,Mitchell van Bergen
29,321910,Carel Eiting
30,322149,Michel Vlap
31,328269,Sam Lammers
32,361794,Sem Steijn
33,427577,Youri Regeer
34,437387,Anass Salah-Eddine
35,405560,Daan Rots
36,406780,Max Bruns
37,475578,Mats Rots
38,478021,Juliën Mesbahi
39,34545,Przemyslaw Tyton
40,457265,Sayfallah Ltaief
41,404777,Mathias Kjølø
