,ID,Name
0,530976,Jonas Wendlinger
1,128564,Baptiste Guillaume
2,431023,Faïz Mattoir
3,429632,Álex Balboa
4,296323,Thomas Robinet
5,450417,Logan Delaurier-Chaubet
6,409755,Vasilios Zagaritis
7,322157,Sherel Floranus
8,363872,Christopher Mamengi
9,379734,Hamdi Akujobi
10,484527,Nordin Bakker
11,484531,Joey Jacobs
12,484533,Jaden Pinas
13,484537,Stije Resink
14,484538,Guus Beaumont
15,484540,Jochem Ritmeester van de Kamp
16,484542,Jeffry Puriël
17,497336,Joël van der Wilt
18,395381,Kornelius Hansen
19,396431,Ricardo Visus
20,392651,Adi Nalic
21,535836,Emanuel Poku
22,485376,Ibrahim Sadiq
23,499764,Seiya Maikuma
24,510581,Jayden Addai
25,415772,Zico Buurmeester
26,408102,Peer Koopmeiners
27,67299,Jeroen Zoet
28,90802,Jordy Clasie
29,90834,Hobie Verhulst
30,133959,Riechedly Bazoer
31,383560,Sven Mijnans
32,422737,Ernest Poku
33,432172,Denso Kasius
34,434318,Maxim Dekker
35,438484,Myron van Brederode
36,444717,Lequincio Zeefuik
37,470734,Daniël Deen
38,472183,Wouter Goes
39,484652,Ruben van Bommel
40,422248,Alexandre Penetra
41,439447,Kristijan Belic
42,384064,Troy Parrott
43,415341,David Møller Wolfe
