,ID,Name
0,130304,Walter Benítez
1,427824,Johan Bakayoko
2,260809,Olivier Boscagli
3,318511,Hirving Lozano
4,322148,Guus Til
5,331555,Jerdy Schouten
6,354283,Noa Lang
7,361839,Jordan Teze
8,275012,Joël Drommel
9,382556,Joey Veerman
10,444163,Emmanuel van de Blaak
11,444164,Matteo Dams
12,462233,Niek Schiks
13,481080,Tygo Land
14,489985,Isaac Babadi
15,68585,Luuk de Jong
16,400009,Couhaib Driouech
17,403097,Fredrik Oppegård
18,386631,Richard Ledezma
19,397465,Malik Tillman
20,377466,Ricardo Pepi
21,444737,Ryan Flamingo
22,255946,Dario Van den Buijs
23,450984,Ilias Takidine
24,469502,Chris Lokesa
25,446984,Daouda Weidmann
26,31238,Aaron Meijers
27,40342,Michiel Kramer
28,141965,Jeroen Houwen
29,243708,Yanick van Osch
30,322182,Reuven Niemeijer
31,289015,Julian Lelieveld
32,357080,Godfried Roemeratoe
33,369048,Richonell Margaret
34,380663,Patrick Vroegh
35,387172,Denilho Cleonise
36,389411,Yassin Oukili
37,391284,Richard van der Venne
38,403820,Juan Familia-Castillo
39,429270,Joey Kesting
40,433575,Liam van Gelderen
41,303134,Oskar Zawada
42,353698,Roshon van Eijma
43,531000,Tim van de Loo
