,ID,Name
0,328432,Siebe Horemans
1,402885,Anthony Descotte
2,411418,Matisse Didden
3,450214,Alonzo Engwanda
4,467757,Silas Andersen
5,443654,Andreas Dithmer
6,403644,Victor Jensen
7,394998,Can Bozdogan
8,135954,Vasilios Barkas
9,429514,Zidane Iqbal
10,422805,Souffian El Karouani
11,400279,David Min
12,402852,Ole Romeny
13,409462,Noah Ohio
14,70906,Nick Viergever
15,82401,Jens Toornstra
16,101605,Mike van der Hoorn
17,512213,Joshua Mukeh
18,454336,Tom de Graaff
19,413783,Paxten Aaronson
20,444675,Taylor Booth
21,438303,Adrian Blake
22,504849,Rickson van Hees
23,399855,Dylan Mbayo
24,400278,Thierry Lutonda
25,399311,Filip Krastev
26,391924,Braydon Manu
27,82029,Apostolos Vellios
28,333527,Odysseus Velanas
29,352844,Thomas Buitink
30,362467,Jasper Schendelaar
31,365152,Eliano Reijnders
32,400823,Davy van den Berg
33,20831,Kenneth Vermeer
34,317693,Mike Hauptmeijer
35,431253,Damian van der Haar
36,454338,Tristan Gooijer
37,489992,Nick Fichtinger
38,489995,Mohamed Oukhattou
39,490379,Anouar El Azzouzi
40,513251,Teun Gijselhart
41,515596,Kaj de Rooij
42,137327,Ryan Thomas
43,424502,Anselmo MacNulty
44,354027,Anthony Fontana
