,ID,Name
0,343347,Arno Verschueren
1,382494,Charles-Andreas Brym
2,379712,Saïd Bakari
3,513252,Shunsuke Mito
4,379764,Youri Schoonderwaldt
5,279173,Pelle Clement
6,491398,Camiel Neghli
7,422872,Djevencio van der Kust
8,427851,Rick Meissen
9,19087,Jonathan de Guzmán
10,243916,Nick Olij
11,444160,Mohamed Nassoh
12,444483,Mike Eerdhuijzen
13,444623,Julian Baas
14,449308,Mike Kleijn
15,451993,Boyd Reith
16,276756,Tobias Lauritsen
17,349199,Joshua Kitolano
18,457153,Teo Quintero
19,475142,Rayvien Rosario
20,489319,Kaylen Reitmaier
21,433577,Metinho
22,535931,Marvin Young
23,401137,Bryan Limbombe
24,450923,Brian De Keersmaecker
25,530989,Robin Mantel
26,499929,Juho Talvitie
27,225522,Mario Engels
28,401250,Jannes Wieckhoff
29,450983,Antonio Satriano
30,495554,Lorenzo Milani
31,96581,Thomas Bruns
32,423949,Mimeirhel Benita
33,433912,Timo Jansink
34,433913,Sem Scheperman
35,444714,Damon Mirani
36,299511,Jordy Bruijn
37,364306,Daniël van Kaam
38,382581,Fabian de Keijzer
39,424540,Ivan Mesík
40,449309,Shiloh 't Zand
41,527632,Jop Tijink
42,535937,Giandro Sambo
43,535938,Tiago Codinha
