,ID,Name
0,404077,Thibo Baeten
1,530988,Mathis Suray
2,484558,Jakob Breum
3,288859,Gerrit Nauber
4,362691,Luca Plogmann
5,382238,Bobby Adekanye
6,400173,Jamal Amofa
7,322159,Finn Stokkers
8,355961,Evert Linthorst
9,411691,Enric Llansana
10,422633,Mats Deijl
11,422781,Luca Everink
12,426002,Sven Jansen
13,431651,Nando Verdoni
14,276442,Joris Kramer
15,444782,Pim Saathof
16,444783,Robbin Weijenberg
17,445055,Dean James
18,445056,Calvin Twigt
19,470692,Victor Edvardsen
20,444349,Søren Tengstedt
21,400545,Shawn Adewoye
22,436591,Milan Robberechts
23,534227,Luka Tunjic
24,396058,Rodrigo Guth
25,228329,Samuel Bastien
26,120151,Alen Halilovic
27,424369,Josip Mitrovic
28,343981,Ante Erceg
29,421892,Loreintz Rosier
30,530987,Makan Aiko
31,409160,Syb van Ottele
32,527633,Tristan Schenkhuizen
33,97367,Mattijs Branderhorst
34,115574,Mitchell Dijks
35,301457,Luuk Koopmans
36,400011,Jasper Dahlhaus
37,70598,Ivo Pinto
38,140902,Kristoffer Peterson
39,531510,Ryan Fosso
40,531569,Darijo Grujcic
41,525774,Ramazan Bayram
42,527097,Sjors-Lowis Hermsen
