,ID,Name
0,109807,Bertrand Traoré
1,381530,Jakov Medic
2,402666,Josip Sutalo
3,484494,Anton Gaaei
4,424248,Kristian Hlynsson
5,89794,Steven Berghuis
6,454348,Julian Rijkhoff
7,467715,Jorrel Hato
8,404568,Brian Brobbey
9,415781,Kian Fitz-Jim
10,422801,Youri Baas
11,422802,Jay Gorter
12,400165,Devyne Rensch
13,401122,Kenneth Taylor
14,139299,Branco van den Boomen
15,34550,Remko Pasveer
16,408613,Sivert Mannsverk
17,468850,Carlos Forbs
18,68659,Jordan Henderson
19,122294,Chuba Akpom
20,373154,Diant Ramaj
21,462099,Mika Godts
22,532234,Dies Janse
23,426910,Ilias Sebaoui
24,535678,Jacob Trenskow
25,323531,Mats Köhlert
26,479298,Danilo Al Saed
27,363248,Ion Nicolaescu
28,380731,Sam Kersten
29,387720,Denzel Hall
30,497178,Espen van Ee
31,252239,Andries Noppert
32,121834,Mickey van der Hart
33,536000,Dimitris Rallis
34,536001,Ties Oostra
35,472399,Bernt Klaverboer
36,531002,Levi Smans
37,497179,Oliver Braude
38,142376,Pawel Bochniewicz
39,327724,Simon Olsson
40,406536,Hussein Ali
41,422634,Luuk Brouwers
42,436158,Daniel Karlsbakk
43,536002,Isaiah Ahmed
