,ID,Name
0,404216,Leo Greiml
1,400523,Jan Van den Bergh
2,412176,Dominik Janosek
3,113783,Elías Már Ómarsson
4,211233,Enes Mahmutovic
5,244640,Clint Leemans
6,322152,Roy Kortsmit
7,348647,Boyd Lucassen
8,389479,Boy Kemper
9,109117,Terence Kongolo
10,400057,Casper Staring
11,429373,Roy Kuijpers
12,437076,Matthew Garbett
13,320427,Fredrik Oldrup Jensen
14,423275,Kacper Kostorz
15,530990,Daniel Bielica
16,498420,Saná Fernandes
17,468119,Leo Sauer
18,399383,Martin Koscelník
19,484534,Manel Royo
20,429616,Adam Kaied
21,530991,Cherrion Valerius
22,531873,Max Balard
23,365119,Ezequiel Bullaude
24,400545,Shawn Adewoye
25,534227,Luka Tunjic
26,396058,Rodrigo Guth
27,228329,Samuel Bastien
28,343981,Ante Erceg
29,120151,Alen Halilovic
30,424369,Josip Mitrovic
31,421892,Loreintz Rosier
32,97367,Mattijs Branderhorst
33,115574,Mitchell Dijks
34,301457,Luuk Koopmans
35,400011,Jasper Dahlhaus
36,409160,Syb van Ottele
37,70598,Ivo Pinto
38,140902,Kristoffer Peterson
39,531510,Ryan Fosso
40,531569,Darijo Grujcic
41,525774,Ramazan Bayram
