,ID,Name
0,425958,Alec Van Hoorenbeeck
1,90235,Lars Unnerstall
2,368289,Issam El Maach
3,484544,Younes Taha
4,475578,Mats Rots
5,475579,Gijs Besselink
6,427577,Youri Regeer
7,436492,Sam Karssies
8,437387,Anass Salah-Eddine
9,402819,Mees Hilgers
10,405560,Daan Rots
11,406780,Max Bruns
12,422804,Bart van Rooij
13,134722,Bas Kuipers
14,301423,Mitchell van Bergen
15,321910,Carel Eiting
16,322149,Michel Vlap
17,328269,Sam Lammers
18,361794,Sem Steijn
19,37344,Ricky van Wolfswinkel
20,428096,Gustaf Lagerbielke
21,457265,Sayfallah Ltaief
22,404777,Mathias Kjølø
23,399855,Dylan Mbayo
24,400278,Thierry Lutonda
25,399311,Filip Krastev
26,296684,Jamiro Monteiro
27,259930,Younes Namli
28,333527,Odysseus Velanas
29,20831,Kenneth Vermeer
30,333781,Dylan Vente
31,352844,Thomas Buitink
32,362467,Jasper Schendelaar
33,365152,Eliano Reijnders
34,317693,Mike Hauptmeijer
35,322157,Sherel Floranus
36,400823,Davy van den Berg
37,431253,Damian van der Haar
38,489992,Nick Fichtinger
39,489995,Mohamed Oukhattou
40,490379,Anouar El Azzouzi
41,513251,Teun Gijselhart
42,515596,Kaj de Rooij
43,137327,Ryan Thomas
44,424502,Anselmo MacNulty
45,416971,Simon Graves
