,ID,Name
0,130304,Walter Benítez
1,427824,Johan Bakayoko
2,260809,Olivier Boscagli
3,404776,Ismael Saibari
4,481080,Tygo Land
5,275012,Joël Drommel
6,322148,Guus Til
7,331555,Jerdy Schouten
8,382556,Joey Veerman
9,68585,Luuk de Jong
10,400009,Couhaib Driouech
11,444164,Matteo Dams
12,462233,Niek Schiks
13,386631,Richard Ledezma
14,397465,Malik Tillman
15,377466,Ricardo Pepi
16,465011,Adamo Nagalo
17,444737,Ryan Flamingo
18,532295,Michael Bresser
19,22300,Lasse Schöne
20,430309,Brayann Pereira
21,499973,Argyris Darellas
22,487049,Koki Ogawa
23,497708,Kodai Sano
24,444619,Stijn van Gassel
25,422806,Dirk Proper
26,429380,Rijk Janse
27,301027,Thomas Ouwejan
28,321959,Philippe Sandler
29,389945,Sontje Hansen
30,77422,Bram Nuytinck
31,271086,Calvin Verdonk
32,279967,Iván Márquez
33,532237,Basar Önal
34,404207,Lefteris Lyratzis
35,351532,Mees Hoedemakers
36,365712,Rober
37,515755,Sami Ouaissa
38,538340,Kento Shiogai
