,ID,Name
0,485376,Ibrahim Sadiq
1,499764,Seiya Maikuma
2,510581,Jayden Addai
3,67299,Jeroen Zoet
4,90802,Jordy Clasie
5,90834,Hobie Verhulst
6,383560,Sven Mijnans
7,408102,Peer Koopmeiners
8,415772,Zico Buurmeester
9,422737,Ernest Poku
10,432172,Denso Kasius
11,433950,Mexx Meerdink
12,434318,Maxim Dekker
13,444717,Lequincio Zeefuik
14,472183,Wouter Goes
15,484652,Ruben van Bommel
16,422248,Alexandre Penetra
17,444780,Mayckel Lahdo
18,470735,Rome-Jayden Owusu-Oduro
19,439447,Kristijan Belic
20,415341,David Møller Wolfe
21,384064,Troy Parrott
22,426910,Ilias Sebaoui
23,535678,Jacob Trenskow
24,323531,Mats Köhlert
25,479298,Danilo Al Saed
26,363248,Ion Nicolaescu
27,379599,Ché Nunnely
28,380731,Sam Kersten
29,387720,Denzel Hall
30,497178,Espen van Ee
31,121834,Mickey van der Hart
32,252239,Andries Noppert
33,296543,Jan Bekkema
34,536000,Dimitris Rallis
35,531002,Levi Smans
36,436168,Nikolai Hopland
37,497179,Oliver Braude
38,142376,Pawel Bochniewicz
39,327724,Simon Olsson
40,406536,Hussein Ali
41,422634,Luuk Brouwers
42,436158,Daniel Karlsbakk
43,536002,Isaiah Ahmed
