,ID,Name
0,78353,Marvin Peersman
1,467771,Noam Emeran
2,388041,Brynjólfur Willumsson
3,484537,Stije Resink
4,517884,Wouter Prins
5,517927,Finn Stam
6,405003,Thijs Oosting
7,79967,Leandro Bacuna
8,97719,Joey Pelupessy
9,231013,Hidde Jurjus
10,459078,Thom van Bergen
11,460696,Jorg Schreuders
12,379705,Etienne Vaessen
13,381718,Romano Postema
14,434212,Dirk Baron
15,321106,Johan Hove
16,444652,Rui Mendes
17,470783,Maxim Mariani
18,482883,Fofin Turay
19,415927,Luciano Valente
20,415928,Thijmen Blokzijl
21,347863,Julián Carranza
22,384574,Gernot Trauner
23,436553,Igor Paixão
24,484570,Plamen Andreev
25,517344,Jeyland Mitchell
26,298710,Luka Ivanusec
27,530985,Chris-Kévin Nadje
28,121821,Timon Wellenreuther
29,519755,Ibrahim Osman
30,377288,Ayase Ueda
31,445061,Santiago Giménez
32,489979,Gjivai Zechiël
33,444719,Givairo Read
34,400059,Gijs Smal
35,411078,Quinten Timber
36,422921,Antoni Milambo
37,436114,Thomas Beelen
38,297527,Bart Nieuwkoop
39,302709,Justin Bijlow
40,362779,Dávid Hancko
41,345527,Jordan Lotomba
42,444264,Facundo González
