,ID,Name
0,531004,Raffael Behounek
1,443089,Kyan Vaesen
2,448628,Rob Nizet
3,391257,Mickaël Tirpan
4,400487,Boris Lambert
5,420300,Cisse Sandra
6,89358,Jeremy Bokila
7,135109,Thomas Didillon-Hödl
8,444729,Emilio Kehrer
9,531005,Amine Lachkar
10,531003,Valentino Vermeulen
11,298493,Patrick Joosten
12,379600,Connor van den Berg
13,379702,Jesse Bosch
14,382582,Tommy St. Jago
15,422858,Nick Doodeman
16,425569,Ringo Meerveld
17,405831,Maarten Schut
18,535802,Jens Mathijsen
19,455539,Amar Fatah
20,531013,Khaled Razak
21,451513,Rúnar Sigurgeirsson
22,535803,Per van Loon
23,255946,Dario Van den Buijs
24,450984,Ilias Takidine
25,469502,Chris Lokesa
26,320608,Alexander Jakobsen
27,446984,Daouda Weidmann
28,322182,Reuven Niemeijer
29,289015,Julian Lelieveld
30,31238,Aaron Meijers
31,141965,Jeroen Houwen
32,243708,Yanick van Osch
33,357080,Godfried Roemeratoe
34,369048,Richonell Margaret
35,380663,Patrick Vroegh
36,387172,Denilho Cleonise
37,389411,Yassin Oukili
38,403820,Juan Familia-Castillo
39,429270,Joey Kesting
40,433575,Liam van Gelderen
41,444674,Kevin Felida
42,303134,Oskar Zawada
43,353698,Roshon van Eijma
44,531000,Tim van de Loo
