,ID,Name
0,343347,Arno Verschueren
1,382494,Charles-Andreas Brym
2,379712,Saïd Bakari
3,513252,Shunsuke Mito
4,279173,Pelle Clement
5,379764,Youri Schoonderwaldt
6,491398,Camiel Neghli
7,506930,Hamza El Dahri
8,444160,Mohamed Nassoh
9,444483,Mike Eerdhuijzen
10,444623,Julian Baas
11,449308,Mike Kleijn
12,451993,Boyd Reith
13,422872,Djevencio van der Kust
14,427851,Rick Meissen
15,243916,Nick Olij
16,276756,Tobias Lauritsen
17,349199,Joshua Kitolano
18,457153,Teo Quintero
19,433577,Metinho
20,535931,Marvin Young
21,536875,Ayoub Oufkir
22,538000,Dylan Tevreden
23,451676,Jari De Busser
24,530988,Mathis Suray
25,484492,Aske Adelgaard
26,484558,Jakob Breum
27,424578,Oliver Antman
28,362691,Luca Plogmann
29,288859,Gerrit Nauber
30,355961,Evert Linthorst
31,276442,Joris Kramer
32,382238,Bobby Adekanye
33,400173,Jamal Amofa
34,411691,Enric Llansana
35,422633,Mats Deijl
36,422781,Luca Everink
37,426002,Sven Jansen
38,436147,Milan Smit
39,444655,Julius Dirksen
40,444783,Robbin Weijenberg
41,445055,Dean James
42,445056,Calvin Twigt
43,470692,Victor Edvardsen
44,444349,Søren Tengstedt
