,ID,Name
0,450923,Brian De Keersmaecker
1,530989,Robin Mantel
2,534710,Luka Kulenovic
3,225522,Mario Engels
4,404976,Suf Podgoreanu
5,495554,Lorenzo Milani
6,433912,Timo Jansink
7,433913,Sem Scheperman
8,444714,Damon Mirani
9,423949,Mimeirhel Benita
10,69789,Kelvin Leerdam
11,96581,Thomas Bruns
12,299511,Jordy Bruijn
13,312702,Justin Hoogma
14,364306,Daniël van Kaam
15,379686,Ruben Roosken
16,382581,Fabian de Keijzer
17,424540,Ivan Mesík
18,449309,Shiloh 't Zand
19,535937,Giandro Sambo
20,530976,Jonas Wendlinger
21,128564,Baptiste Guillaume
22,143815,Anas Tahiri
23,431023,Faïz Mattoir
24,429632,Álex Balboa
25,432217,Junior Kadile
26,450417,Logan Delaurier-Chaubet
27,404551,Ruben Providence
28,296323,Thomas Robinet
29,409755,Vasilios Zagaritis
30,484527,Nordin Bakker
31,484531,Joey Jacobs
32,484540,Jochem Ritmeester van de Kamp
33,497336,Joël van der Wilt
34,363872,Christopher Mamengi
35,379734,Hamdi Akujobi
36,137368,Damil Dankerlui
37,124380,Thom Haye
38,395381,Kornelius Hansen
39,396431,Ricardo Visus
40,321235,Àlex Carbonell
41,392651,Adi Nalic
42,108624,James Lawrence
