,ID,Name
0,400545,Shawn Adewoye
1,436591,Milan Robberechts
2,534227,Luka Tunjic
3,396058,Rodrigo Guth
4,228329,Samuel Bastien
5,343981,Ante Erceg
6,120151,Alen Halilovic
7,424369,Josip Mitrovic
8,421892,Loreintz Rosier
9,530987,Makan Aiko
10,527633,Tristan Schenkhuizen
11,400011,Jasper Dahlhaus
12,409160,Syb van Ottele
13,97367,Mattijs Branderhorst
14,115574,Mitchell Dijks
15,301457,Luuk Koopmans
16,70598,Ivo Pinto
17,140902,Kristoffer Peterson
18,531510,Ryan Fosso
19,531569,Darijo Grujcic
20,525774,Ramazan Bayram
21,527097,Sjors-Lowis Hermsen
22,530976,Jonas Wendlinger
23,431023,Faïz Mattoir
24,429632,Álex Balboa
25,450417,Logan Delaurier-Chaubet
26,296323,Thomas Robinet
27,409755,Vasilios Zagaritis
28,322157,Sherel Floranus
29,363872,Christopher Mamengi
30,379734,Hamdi Akujobi
31,484527,Nordin Bakker
32,484531,Joey Jacobs
33,484533,Jaden Pinas
34,484537,Stije Resink
35,484540,Jochem Ritmeester van de Kamp
36,484542,Jeffry Puriël
37,497336,Joël van der Wilt
38,395381,Kornelius Hansen
39,321235,Àlex Carbonell
40,392651,Adi Nalic
41,535836,Emanuel Poku
42,536748,Marley Dors
