,ID,Name
0,255946,Dario Van den Buijs
1,450984,Ilias Takidine
2,469502,Chris Lokesa
3,446984,Daouda Weidmann
4,289015,Julian Lelieveld
5,322182,Reuven Niemeijer
6,31238,Aaron Meijers
7,40342,Michiel Kramer
8,141965,Jeroen Houwen
9,243708,Yanick van Osch
10,357080,Godfried Roemeratoe
11,369048,Richonell Margaret
12,380663,Patrick Vroegh
13,387172,Denilho Cleonise
14,389411,Yassin Oukili
15,391284,Richard van der Venne
16,403820,Juan Familia-Castillo
17,429270,Joey Kesting
18,433575,Liam van Gelderen
19,303134,Oskar Zawada
20,531000,Tim van de Loo
21,353698,Roshon van Eijma
22,78353,Marvin Peersman
23,467771,Noam Emeran
24,394980,Marco Rente
25,388041,Brynjólfur Willumsson
26,517884,Wouter Prins
27,517927,Finn Stam
28,530978,Sven Bouland
29,405003,Thijs Oosting
30,434212,Dirk Baron
31,459078,Thom van Bergen
32,460696,Jorg Schreuders
33,379705,Etienne Vaessen
34,79967,Leandro Bacuna
35,97719,Joey Pelupessy
36,231013,Hidde Jurjus
37,321106,Johan Hove
38,444652,Rui Mendes
39,415926,Tika de Jonge
40,415927,Luciano Valente
41,415928,Thijmen Blokzijl
