,ID,Name
0,485376,Ibrahim Sadiq
1,499764,Seiya Maikuma
2,510581,Jayden Addai
3,90802,Jordy Clasie
4,90834,Hobie Verhulst
5,133959,Riechedly Bazoer
6,383560,Sven Mijnans
7,408102,Peer Koopmeiners
8,415772,Zico Buurmeester
9,422737,Ernest Poku
10,432172,Denso Kasius
11,433950,Mexx Meerdink
12,438484,Myron van Brederode
13,444717,Lequincio Zeefuik
14,470734,Daniël Deen
15,472183,Wouter Goes
16,484652,Ruben van Bommel
17,422248,Alexandre Penetra
18,415341,David Møller Wolfe
19,384064,Troy Parrott
20,470735,Rome-Jayden Owusu-Oduro
21,439447,Kristijan Belic
22,22300,Lasse Schöne
23,430309,Brayann Pereira
24,499973,Argyrios Darelas
25,487049,Koki Ogawa
26,497708,Kodai Sano
27,444619,Stijn van Gassel
28,444741,Kas de Wit
29,389945,Sontje Hansen
30,422804,Bart van Rooij
31,422806,Dirk Proper
32,422814,Robin Roefs
33,429380,Rijk Janse
34,301027,Thomas Ouwejan
35,77422,Bram Nuytinck
36,271086,Calvin Verdonk
37,279967,Iván Márquez
38,532237,Basar Önal
39,515755,Sami Ouaissa
40,351532,Mees Hoedemakers
41,365712,Rober
