,ID,Name
0,425958,Alec Van Hoorenbeeck
1,90235,Lars Unnerstall
2,368289,Issam El Maach
3,484544,Younes Taha
4,494032,Harrie Kuster
5,402819,Mees Hilgers
6,37344,Ricky van Wolfswinkel
7,134722,Bas Kuipers
8,301423,Mitchell van Bergen
9,321910,Carel Eiting
10,322149,Michel Vlap
11,328269,Sam Lammers
12,361794,Sem Steijn
13,427577,Youri Regeer
14,437387,Anass Salah-Eddine
15,405560,Daan Rots
16,406780,Max Bruns
17,475578,Mats Rots
18,478021,Juliën Mesbahi
19,34545,Przemyslaw Tyton
20,457265,Sayfallah Ltaief
21,404777,Mathias Kjølø
22,343347,Arno Verschueren
23,382494,Charles-Andreas Brym
24,379712,Saïd Bakari
25,513252,Shunsuke Mito
26,19087,Jonathan de Guzmán
27,243916,Nick Olij
28,422872,Djevencio van der Kust
29,427851,Rick Meissen
30,379764,Youri Schoonderwaldt
31,491398,Camiel Neghli
32,506930,Hamza El Dahri
33,444160,Mohamed Nassoh
34,444483,Mike Eerdhuijzen
35,444623,Julian Baas
36,449308,Mike Kleijn
37,451993,Boyd Reith
38,279173,Pelle Clement
39,276756,Tobias Lauritsen
40,457153,Teo Quintero
41,489319,Kaylen Reitmaier
42,433577,Metinho
43,535931,Marvin Young
44,536875,Ayoub Oufkir
