,ID,Name
0,426910,Ilias Sebaoui
1,535678,Jacob Trenskow
2,323531,Mats Köhlert
3,479298,Danilo Al Saed
4,363248,Ion Nicolaescu
5,380731,Sam Kersten
6,387720,Denzel Hall
7,121834,Mickey van der Hart
8,536000,Dimitris Rallis
9,536001,Ties Oostra
10,252239,Andries Noppert
11,472399,Bernt Klaverboer
12,497178,Espen van Ee
13,531002,Levi Smans
14,497179,Oliver Braude
15,142376,Pawel Bochniewicz
16,327724,Simon Olsson
17,406536,Hussein Ali
18,422634,Luuk Brouwers
19,436158,Daniel Karlsbakk
20,536002,Isaiah Ahmed
21,328432,Siebe Horemans
22,402885,Anthony Descotte
23,411418,Matisse Didden
24,450214,Alonzo Engwanda
25,467757,Silas Andersen
26,403644,Victor Jensen
27,394998,Can Bozdogan
28,135954,Vasilios Barkas
29,429514,Zidane Iqbal
30,422805,Souffian El Karouani
31,454336,Tom de Graaff
32,512213,Joshua Mukeh
33,70906,Nick Viergever
34,82401,Jens Toornstra
35,101605,Mike van der Hoorn
36,116684,Michael Brouwer
37,400279,David Min
38,402852,Ole Romeny
39,409462,Noah Ohio
40,413783,Paxten Aaronson
41,444675,Taylor Booth
42,438303,Adrian Blake
43,504849,Rickson van Hees
