,ID,Name
0,425958,Alec Van Hoorenbeeck
1,90235,Lars Unnerstall
2,368289,Issam El Maach
3,402819,Mees Hilgers
4,405560,Daan Rots
5,406780,Max Bruns
6,422804,Bart van Rooij
7,134722,Bas Kuipers
8,301423,Mitchell van Bergen
9,321910,Carel Eiting
10,322149,Michel Vlap
11,328269,Sam Lammers
12,361794,Sem Steijn
13,427577,Youri Regeer
14,436492,Sam Karssies
15,437387,Anass Salah-Eddine
16,475578,Mats Rots
17,475579,Gijs Besselink
18,478021,Juliën Mesbahi
19,37344,Ricky van Wolfswinkel
20,428096,Gustaf Lagerbielke
21,457265,Sayfallah Ltaief
22,404777,Mathias Kjølø
23,426910,Ilias Sebaoui
24,535678,Jacob Trenskow
25,323531,Mats Köhlert
26,479298,Danilo Al Saed
27,363248,Ion Nicolaescu
28,121834,Mickey van der Hart
29,379599,Ché Nunnely
30,380731,Sam Kersten
31,387720,Denzel Hall
32,252239,Andries Noppert
33,497178,Espen van Ee
34,531002,Levi Smans
35,454333,Mateja Milovanovic
36,472399,Bernt Klaverboer
37,536000,Dimitris Rallis
38,436168,Nikolai Hopland
39,497179,Oliver Braude
40,142376,Pawel Bochniewicz
41,327724,Simon Olsson
42,406536,Hussein Ali
43,422634,Luuk Brouwers
44,436158,Daniel Karlsbakk
45,536002,Isaiah Ahmed
