,ID,Name
0,531004,Raffael Behounek
1,443089,Kyan Vaesen
2,391257,Mickaël Tirpan
3,420300,Cisse Sandra
4,448628,Rob Nizet
5,89358,Jeremy Bokila
6,135109,Thomas Didillon-Hödl
7,444729,Emilio Kehrer
8,531003,Valentino Vermeulen
9,535802,Jens Mathijsen
10,122194,Joshua Smits
11,531005,Amine Lachkar
12,531009,Dani Mathieu
13,298493,Patrick Joosten
14,379600,Connor van den Berg
15,379702,Jesse Bosch
16,382582,Tommy St. Jago
17,422858,Nick Doodeman
18,425569,Ringo Meerveld
19,432117,Max de Waal
20,531013,Khaled Razak
21,535803,Per Van Loon
22,451513,Rúnar Sigurgeirsson
23,404077,Thibo Baeten
24,530988,Mathis Suray
25,484558,Jakob Breum
26,424578,Oliver Antman
27,288859,Gerrit Nauber
28,362691,Luca Plogmann
29,382238,Bobby Adekanye
30,400173,Jamal Amofa
31,444783,Robbin Weijenberg
32,445055,Dean James
33,445056,Calvin Twigt
34,322159,Finn Stokkers
35,355961,Evert Linthorst
36,276442,Joris Kramer
37,426002,Sven Jansen
38,431651,Nando Verdoni
39,411691,Enric Llansana
40,422633,Mats Deijl
41,422781,Luca Everink
42,470692,Victor Edvardsen
43,444349,Søren Tengstedt
