,ID,Name
0,399855,Dylan Mbayo
1,400278,Thierry Lutonda
2,399311,Filip Krastev
3,82029,Apostolos Vellios
4,333527,Odysseus Velanas
5,362467,Jasper Schendelaar
6,365152,Eliano Reijnders
7,333781,Dylan Vente
8,352844,Thomas Buitink
9,20831,Kenneth Vermeer
10,317693,Mike Hauptmeijer
11,400823,Davy van den Berg
12,431253,Damian van der Haar
13,489992,Nick Fichtinger
14,489995,Mohamed Oukhattou
15,490379,Anouar El Azzouzi
16,513251,Teun Gijselhart
17,515596,Kaj de Rooij
18,137327,Ryan Thomas
19,424502,Anselmo MacNulty
20,354027,Anthony Fontana
21,379701,Ramiz Zerrouki
22,515829,Anis Hadj Moussa
23,347863,Julián Carranza
24,436553,Igor Paixão
25,298710,Luka Ivanusec
26,404200,Ondrej Lingr
27,530985,Chris-Kévin Nadje
28,121821,Timon Wellenreuther
29,377288,Ayase Ueda
30,445061,Santiago Giménez
31,450767,Mikki van Sas
32,489979,Gjivai Zechiël
33,411078,Quinten Timber
34,422921,Antoni Milambo
35,436114,Thomas Beelen
36,400059,Gijs Smal
37,297527,Bart Nieuwkoop
38,302709,Justin Bijlow
39,328987,Calvin Stengs
40,345441,Lutsharel Geertruida
41,357133,Marcus Pedersen
42,409730,Hugo Bueno
43,362779,Dávid Hancko
