,ID,Name
0,530989,Robin Mantel
1,401137,Bryan Limbombe
2,450923,Brian De Keersmaecker
3,499929,Juho Talvitie
4,401250,Jannes Wieckhoff
5,225522,Mario Engels
6,450983,Antonio Satriano
7,495554,Lorenzo Milani
8,69789,Kelvin Leerdam
9,96581,Thomas Bruns
10,433912,Timo Jansink
11,433913,Sem Scheperman
12,444714,Damon Mirani
13,299511,Jordy Bruijn
14,364306,Daniël van Kaam
15,379686,Ruben Roosken
16,382581,Fabian de Keijzer
17,423949,Mimeirhel Benita
18,424540,Ivan Mesík
19,527632,Jop Tijink
20,535937,Giandro Sambo
21,535938,Tiago Codinha
22,449309,Shiloh 't Zand
23,130304,Walter Benítez
24,427824,Johan Bakayoko
25,260809,Olivier Boscagli
26,318511,Hirving Lozano
27,322148,Guus Til
28,331555,Jerdy Schouten
29,354283,Noa Lang
30,361839,Jordan Teze
31,275012,Joël Drommel
32,382556,Joey Veerman
33,444164,Matteo Dams
34,400009,Couhaib Driouech
35,462233,Niek Schiks
36,481080,Tygo Land
37,489985,Isaac Babadi
38,68585,Luuk de Jong
39,403097,Fredrik Oppegård
40,386631,Richard Ledezma
41,397465,Malik Tillman
42,377466,Ricardo Pepi
43,444737,Ryan Flamingo
