,ID,Name
0,404216,Leo Greiml
1,400523,Jan Van den Bergh
2,412176,Dominik Janosek
3,113783,Elías Már Ómarsson
4,322152,Roy Kortsmit
5,348647,Boyd Lucassen
6,389479,Boy Kemper
7,400057,Casper Staring
8,408489,Tein Troost
9,429373,Roy Kuijpers
10,437076,Matthew Garbett
11,530990,Daniel Bielica
12,423275,Kacper Kostorz
13,498420,Saná Fernandes
14,399383,Martin Koscelník
15,484534,Manel Royo
16,429616,Adam Kaied
17,530991,Cherrion Valerius
18,530993,Lars Mol
19,531873,Max Balard
20,535346,Daan van Reeuwijk
21,514538,Raul Paula
22,109807,Bertrand Traoré
23,381530,Jakov Medic
24,402666,Josip Sutalo
25,484494,Anton Gaaei
26,424248,Kristian Hlynsson
27,404568,Brian Brobbey
28,415781,Kian Fitz-Jim
29,422801,Youri Baas
30,422802,Jay Gorter
31,400165,Devyne Rensch
32,401122,Kenneth Taylor
33,139299,Branco van den Boomen
34,279425,Steven Bergwijn
35,34550,Remko Pasveer
36,467715,Jorrel Hato
37,89794,Steven Berghuis
38,408613,Sivert Mannsverk
39,468850,Carlos Forbs
40,68659,Jordan Henderson
41,122294,Chuba Akpom
42,373154,Diant Ramaj
43,462099,Mika Godts
44,532234,Dies Janse
