,ID,Name
0,460297,Benjamin Tahirovic
1,109807,Bertrand Traoré
2,402666,Josip Sutalo
3,449301,Christian Rasmussen
4,484494,Anton Gaaei
5,116207,Daniele Rugani
6,139299,Branco van den Boomen
7,328550,Owen Wijndal
8,115479,Wout Weghorst
9,34550,Remko Pasveer
10,454337,Jaydon Banel
11,400165,Devyne Rensch
12,401122,Kenneth Taylor
13,415781,Kian Fitz-Jim
14,422801,Youri Baas
15,422802,Jay Gorter
16,108860,Davy Klaassen
17,467715,Jorrel Hato
18,68659,Jordan Henderson
19,122294,Chuba Akpom
20,373154,Diant Ramaj
21,532234,Dies Janse
22,462099,Mika Godts
23,365119,Ezequiel Bullaude
24,400545,Shawn Adewoye
25,534227,Luka Tunjic
26,396058,Rodrigo Guth
27,228329,Samuel Bastien
28,120151,Alen Halilovic
29,343981,Ante Erceg
30,424369,Josip Mitrovic
31,421892,Loreintz Rosier
32,530987,Makan Aiko
33,97367,Mattijs Branderhorst
34,301457,Luuk Koopmans
35,400011,Jasper Dahlhaus
36,409160,Syb van Ottele
37,527633,Tristan Schenkhuizen
38,70598,Ivo Pinto
39,140902,Kristoffer Peterson
40,531510,Ryan Fosso
41,531569,Darijo Grujcic
42,525774,Ramazan Bayram
