,ID,Name
0,530988,Mathis Suray
1,451676,Jari De Busser
2,484492,Aske Adelgaard
3,484558,Jakob Breum
4,424578,Oliver Antman
5,288859,Gerrit Nauber
6,362691,Luca Plogmann
7,276442,Joris Kramer
8,382238,Bobby Adekanye
9,322159,Finn Stokkers
10,355961,Evert Linthorst
11,400173,Jamal Amofa
12,411691,Enric Llansana
13,422633,Mats Deijl
14,422781,Luca Everink
15,426002,Sven Jansen
16,436147,Milan Smit
17,444655,Julius Dirksen
18,444783,Robbin Weijenberg
19,445056,Calvin Twigt
20,383616,Oliver Edvardsen
21,470692,Victor Edvardsen
22,379701,Ramiz Zerrouki
23,515829,Anis Hadj Moussa
24,347863,Julián Carranza
25,384574,Gernot Trauner
26,436553,Igor Paixão
27,484570,Plamen Andreev
28,517344,Jeyland Mitchell
29,298710,Luka Ivanusec
30,121821,Timon Wellenreuther
31,519755,Ibrahim Osman
32,377288,Ayase Ueda
33,302709,Justin Bijlow
34,411078,Quinten Timber
35,422921,Antoni Milambo
36,436114,Thomas Beelen
37,400059,Gijs Smal
38,444719,Givairo Read
39,409730,Hugo Bueno
40,362779,Dávid Hancko
41,345527,Jordan Lotomba
42,371030,Hwang In-Beom
43,444264,Facundo González
