,ID,Name
0,499764,Seiya Maikuma
1,510581,Jayden Addai
2,67299,Jeroen Zoet
3,90802,Jordy Clasie
4,90834,Hobie Verhulst
5,383560,Sven Mijnans
6,408102,Peer Koopmeiners
7,415670,Jorn Berkhout
8,415772,Zico Buurmeester
9,422737,Ernest Poku
10,422867,Mees de Wit
11,432172,Denso Kasius
12,434318,Maxim Dekker
13,484652,Ruben van Bommel
14,497707,Dave Kwakman
15,422248,Alexandre Penetra
16,444780,Mayckel Lahdo
17,513559,Kees Smit
18,470735,Rome-Jayden Owusu-Oduro
19,439447,Kristijan Belic
20,415341,David Møller Wolfe
21,384064,Troy Parrott
22,130304,Walter Benítez
23,427824,Johan Bakayoko
24,346767,Mauro Júnior
25,70524,Ivan Perisic
26,260809,Olivier Boscagli
27,404776,Ismael Saibari
28,462233,Niek Schiks
29,481080,Tygo Land
30,68585,Luuk de Jong
31,275012,Joël Drommel
32,322148,Guus Til
33,331555,Jerdy Schouten
34,345333,Armando Obispo
35,354283,Noa Lang
36,232249,Rick Karsdorp
37,400009,Couhaib Driouech
38,403097,Fredrik Oppegård
39,377466,Ricardo Pepi
40,386631,Richard Ledezma
41,397465,Malik Tillman
42,444737,Ryan Flamingo
