,ID,Name
0,343347,Arno Verschueren
1,416803,Kayky
2,382494,Charles-Andreas Brym
3,379712,Saïd Bakari
4,379764,Youri Schoonderwaldt
5,491398,Camiel Neghli
6,516448,Aymane Bais
7,444160,Mohamed Nassoh
8,444483,Mike Eerdhuijzen
9,444623,Julian Baas
10,449308,Mike Kleijn
11,451993,Boyd Reith
12,422872,Djevencio van der Kust
13,427851,Rick Meissen
14,19087,Jonathan de Guzmán
15,243916,Nick Olij
16,279173,Pelle Clement
17,349199,Joshua Kitolano
18,433577,Metinho
19,489319,Kaylen Reitmaier
20,535931,Marvin Young
21,530976,Jonas Wendlinger
22,143815,Anas Tahiri
23,431023,Faïz Mattoir
24,429632,Álex Balboa
25,432217,Junior Kadile
26,450417,Logan Delaurier-Chaubet
27,404551,Ruben Providence
28,296323,Thomas Robinet
29,357398,Théo Barbet
30,409755,Vasilios Zagaritis
31,484527,Nordin Bakker
32,484531,Joey Jacobs
33,484540,Jochem Ritmeester van de Kamp
34,497336,Joël van der Wilt
35,363872,Christopher Mamengi
36,379734,Hamdi Akujobi
37,124380,Thom Haye
38,137368,Damil Dankerlui
39,395381,Kornelius Hansen
40,396431,Ricardo Visus
41,321235,Àlex Carbonell
42,392651,Adi Nalic
