,ID,Name
0,22300,Lasse Schöne
1,430309,Brayann Pereira
2,499973,Argyris Darellas
3,487049,Koki Ogawa
4,497708,Kodai Sano
5,444619,Stijn van Gassel
6,389945,Sontje Hansen
7,422814,Robin Roefs
8,429380,Rijk Janse
9,77422,Bram Nuytinck
10,271086,Calvin Verdonk
11,301027,Thomas Ouwejan
12,343314,Vito van Crooij
13,279967,Iván Márquez
14,532237,Basar Önal
15,538340,Kento Shiogai
16,515755,Sami Ouaissa
17,351532,Mees Hoedemakers
18,365712,Rober
19,404207,Lefteris Lyratzis
20,426910,Ilias Sebaoui
21,535678,Jacob Trenskow
22,319396,Amara Condé
23,323531,Mats Köhlert
24,479298,Danilo Al Saed
25,363248,Ion Nicolaescu
26,379599,Ché Nunnely
27,380731,Sam Kersten
28,387720,Denzel Hall
29,121834,Mickey van der Hart
30,252239,Andries Noppert
31,296543,Jan Bekkema
32,497178,Espen van Ee
33,454333,Mateja Milovanovic
34,531002,Levi Smans
35,536000,Dimitris Rallis
36,497179,Oliver Braude
37,436168,Nikolai Hopland
38,142376,Pawel Bochniewicz
39,327724,Simon Olsson
40,422634,Luuk Brouwers
41,536002,Isaiah Ahmed
