,ID,Name
0,450984,Ilias Takidine
1,469502,Chris Lokesa
2,446984,Daouda Weidmann
3,141965,Jeroen Houwen
4,243708,Yanick van Osch
5,289015,Julian Lelieveld
6,322182,Reuven Niemeijer
7,357080,Godfried Roemeratoe
8,361778,Silvester van der Water
9,369048,Richonell Margaret
10,369107,Mohamed Ihattaren
11,387172,Denilho Cleonise
12,389411,Yassin Oukili
13,400276,Luuk Wouters
14,403820,Juan Familia-Castillo
15,429270,Joey Kesting
16,433575,Liam van Gelderen
17,444674,Kevin Felida
18,353698,Roshon van Eijma
19,531000,Tim van de Loo
20,538759,Faissal Al Mazyani
21,425958,Alec Van Hoorenbeeck
22,90235,Lars Unnerstall
23,368289,Issam El Maach
24,402819,Mees Hilgers
25,134722,Bas Kuipers
26,301423,Mitchell van Bergen
27,321910,Carel Eiting
28,322149,Michel Vlap
29,328269,Sam Lammers
30,361794,Sem Steijn
31,427577,Youri Regeer
32,406780,Max Bruns
33,422804,Bart van Rooij
34,475578,Mats Rots
35,475579,Gijs Besselink
36,494032,Harrie Kuster
37,437387,Anass Salah-Eddine
38,37344,Ricky van Wolfswinkel
39,34545,Przemyslaw Tyton
40,428096,Gustaf Lagerbielke
41,457265,Sayfallah Ltaief
42,542879,Owen Panneflek
43,404777,Mathias Kjølø
