,ID,Name
0,78353,Marvin Peersman
1,394980,Marco Rente
2,388041,Brynjólfur Willumsson
3,484537,Stije Resink
4,517884,Wouter Prins
5,517927,Finn Stam
6,379705,Etienne Vaessen
7,381718,Romano Postema
8,434212,Dirk Baron
9,459078,Thom van Bergen
10,460696,Jorg Schreuders
11,405003,Thijs Oosting
12,79967,Leandro Bacuna
13,97719,Joey Pelupessy
14,231013,Hidde Jurjus
15,321106,Johan Hove
16,444652,Rui Mendes
17,425956,Alex Mortensen
18,470783,Maxim Mariani
19,415926,Tika de Jonge
20,415927,Luciano Valente
21,415928,Thijmen Blokzijl
22,328432,Siebe Horemans
23,402885,Anthony Descotte
24,411418,Matisse Didden
25,416311,Niklas Vesterlund
26,403644,Victor Jensen
27,425341,Oscar Fraulo
28,443654,Andreas Dithmer
29,455842,Yoann Cathline
30,394998,Can Bozdogan
31,370024,Kolbeinn Finnsson
32,429514,Zidane Iqbal
33,422805,Souffian El Karouani
34,409462,Noah Ohio
35,400279,David Min
36,402852,Ole Romeny
37,70906,Nick Viergever
38,82401,Jens Toornstra
39,101605,Mike van der Hoorn
40,116684,Michael Brouwer
41,454336,Tom de Graaff
42,399952,Miguel Rodríguez
43,413783,Paxten Aaronson
44,444675,Taylor Booth
