,ID,Name
0,450923,Brian De Keersmaecker
1,530989,Robin Mantel
2,534710,Luka Kulenovic
3,370314,Jan Zamburek
4,499929,Juho Talvitie
5,225522,Mario Engels
6,401250,Jannes Wieckhoff
7,404976,Suf Podgoreanu
8,495554,Lorenzo Milani
9,423949,Mimeirhel Benita
10,484547,Diego van Oorschot
11,433912,Timo Jansink
12,444714,Damon Mirani
13,299511,Jordy Bruijn
14,312702,Justin Hoogma
15,349481,Jizz Hornkamp
16,364306,Daniël van Kaam
17,379686,Ruben Roosken
18,382581,Fabian de Keijzer
19,69789,Kelvin Leerdam
20,96581,Thomas Bruns
21,424540,Ivan Mesík
22,449309,Shiloh 't Zand
23,109807,Bertrand Traoré
24,402666,Josip Sutalo
25,449301,Christian Rasmussen
26,484494,Anton Gaaei
27,116207,Daniele Rugani
28,139299,Branco van den Boomen
29,328550,Owen Wijndal
30,400165,Devyne Rensch
31,108860,Davy Klaassen
32,401122,Kenneth Taylor
33,115479,Wout Weghorst
34,34550,Remko Pasveer
35,467715,Jorrel Hato
36,454337,Jaydon Banel
37,404568,Brian Brobbey
38,415781,Kian Fitz-Jim
39,422801,Youri Baas
40,422802,Jay Gorter
41,400320,Ahmetcan Kaplan
42,122294,Chuba Akpom
43,68659,Jordan Henderson
44,373154,Diant Ramaj
45,462099,Mika Godts
