,ID,Name
0,531004,Raffael Behounek
1,443089,Kyan Vaesen
2,448628,Rob Nizet
3,391257,Mickaël Tirpan
4,400487,Boris Lambert
5,420300,Cisse Sandra
6,89358,Jeremy Bokila
7,135109,Thomas Didillon-Hödl
8,444729,Emilio Kehrer
9,531005,Amine Lachkar
10,535802,Jens Mathijsen
11,298493,Patrick Joosten
12,379600,Connor van den Berg
13,379702,Jesse Bosch
14,382582,Tommy St. Jago
15,422858,Nick Doodeman
16,425569,Ringo Meerveld
17,405831,Maarten Schut
18,531003,Valentino Vermeulen
19,455539,Amar Fatah
20,535803,Per van Loon
21,538760,Miodrag Pivas
22,451513,Rúnar Sigurgeirsson
23,365119,Ezequiel Bullaude
24,400545,Shawn Adewoye
25,534227,Luka Tunjic
26,396058,Rodrigo Guth
27,228329,Samuel Bastien
28,120151,Alen Halilovic
29,343981,Ante Erceg
30,424369,Josip Mitrovic
31,421892,Loreintz Rosier
32,530987,Makan Aiko
33,400011,Jasper Dahlhaus
34,409160,Syb van Ottele
35,290832,Alessio da Cruz
36,301457,Luuk Koopmans
37,97367,Mattijs Branderhorst
38,70598,Ivo Pinto
39,455568,Úmaro Embaló
40,140902,Kristoffer Peterson
41,531510,Ryan Fosso
42,531569,Darijo Grujcic
43,525774,Ramazan Bayram
