,ID,Name
0,399855,Dylan Mbayo
1,400278,Thierry Lutonda
2,399311,Filip Krastev
3,296684,Jamiro Monteiro
4,259930,Younes Namli
5,333527,Odysseus Velanas
6,333781,Dylan Vente
7,352844,Thomas Buitink
8,362467,Jasper Schendelaar
9,365152,Eliano Reijnders
10,317693,Mike Hauptmeijer
11,322157,Sherel Floranus
12,20831,Kenneth Vermeer
13,400823,Davy van den Berg
14,431253,Damian van der Haar
15,454339,Olivier Aertssen
16,489992,Nick Fichtinger
17,490379,Anouar El Azzouzi
18,513251,Teun Gijselhart
19,515596,Kaj de Rooij
20,137327,Ryan Thomas
21,424502,Anselmo MacNulty
22,416971,Simon Graves
23,404216,Leo Greiml
24,400523,Jan Van den Bergh
25,412176,Dominik Janosek
26,113783,Elías Már Ómarsson
27,211233,Enes Mahmutovic
28,244640,Clint Leemans
29,322152,Roy Kortsmit
30,348647,Boyd Lucassen
31,389479,Boy Kemper
32,400057,Casper Staring
33,408489,Tein Troost
34,109117,Terence Kongolo
35,429373,Roy Kuijpers
36,437076,Matthew Garbett
37,320427,Fredrik Oldrup Jensen
38,423275,Kacper Kostorz
39,530990,Daniel Bielica
40,468119,Leo Sauer
41,429616,Adam Kaied
42,514538,Raul Paula
43,530993,Lars Mol
44,531873,Max Balard
