,ID,Name
0,399855,Dylan Mbayo
1,400278,Thierry Lutonda
2,399311,Filip Krastev
3,296684,Jamiro Monteiro
4,259930,Younes Namli
5,20831,Kenneth Vermeer
6,317693,Mike Hauptmeijer
7,322157,Sherel Floranus
8,333781,Dylan Vente
9,352844,Thomas Buitink
10,362467,Jasper Schendelaar
11,365152,Eliano Reijnders
12,431253,Damian van der Haar
13,489992,Nick Fichtinger
14,490379,Anouar El Azzouzi
15,513251,Teun Gijselhart
16,515596,Kaj de Rooij
17,400823,Davy van den Berg
18,137327,Ryan Thomas
19,424502,Anselmo MacNulty
20,416971,Simon Graves
21,485376,Ibrahim Sadiq
22,499764,Seiya Maikuma
23,510581,Jayden Addai
24,497707,Dave Kwakman
25,67299,Jeroen Zoet
26,90802,Jordy Clasie
27,90834,Hobie Verhulst
28,383560,Sven Mijnans
29,408102,Peer Koopmeiners
30,415772,Zico Buurmeester
31,422737,Ernest Poku
32,432172,Denso Kasius
33,433950,Mexx Meerdink
34,434318,Maxim Dekker
35,444717,Lequincio Zeefuik
36,472183,Wouter Goes
37,484652,Ruben van Bommel
38,422248,Alexandre Penetra
39,444780,Mayckel Lahdo
40,470735,Rome-Jayden Owusu-Oduro
41,439447,Kristijan Belic
42,415341,David Møller Wolfe
43,384064,Troy Parrott
