,ID,Name
0,22300,Lasse Schöne
1,430309,Brayann Pereira
2,499973,Argyris Darellas
3,487049,Koki Ogawa
4,444619,Stijn van Gassel
5,444741,Kas de Wit
6,422806,Dirk Proper
7,429380,Rijk Janse
8,77422,Bram Nuytinck
9,271086,Calvin Verdonk
10,301027,Thomas Ouwejan
11,389945,Sontje Hansen
12,279967,Iván Márquez
13,532237,Basar Önal
14,538340,Kento Shiogai
15,515755,Sami Ouaissa
16,404207,Lefteris Lyratzis
17,351532,Mees Hoedemakers
18,365712,Rober
19,450923,Brian De Keersmaecker
20,530989,Robin Mantel
21,534710,Luka Kulenovic
22,499929,Juho Talvitie
23,225522,Mario Engels
24,401250,Jannes Wieckhoff
25,404976,Suf Podgoreanu
26,495554,Lorenzo Milani
27,69789,Kelvin Leerdam
28,96581,Thomas Bruns
29,433912,Timo Jansink
30,444714,Damon Mirani
31,423949,Mimeirhel Benita
32,299511,Jordy Bruijn
33,312702,Justin Hoogma
34,349481,Jizz Hornkamp
35,364306,Daniël van Kaam
36,379686,Ruben Roosken
37,382581,Fabian de Keijzer
38,424540,Ivan Mesík
39,449309,Shiloh 't Zand
