,ID,Name
0,255946,Dario Van den Buijs
1,450984,Ilias Takidine
2,469502,Chris Lokesa
3,320608,Alexander Jakobsen
4,446984,Daouda Weidmann
5,322182,Reuven Niemeijer
6,289015,Julian Lelieveld
7,31238,Aaron Meijers
8,141965,Jeroen Houwen
9,243708,Yanick van Osch
10,357080,Godfried Roemeratoe
11,369048,Richonell Margaret
12,380663,Patrick Vroegh
13,387172,Denilho Cleonise
14,389411,Yassin Oukili
15,403820,Juan Familia-Castillo
16,429270,Joey Kesting
17,433575,Liam van Gelderen
18,444674,Kevin Felida
19,303134,Oskar Zawada
20,353698,Roshon van Eijma
21,531000,Tim van de Loo
22,343347,Arno Verschueren
23,382494,Charles-Andreas Brym
24,379712,Saïd Bakari
25,513252,Shunsuke Mito
26,491398,Camiel Neghli
27,279173,Pelle Clement
28,19087,Jonathan de Guzmán
29,243916,Nick Olij
30,379764,Youri Schoonderwaldt
31,422872,Djevencio van der Kust
32,427851,Rick Meissen
33,444160,Mohamed Nassoh
34,444483,Mike Eerdhuijzen
35,444623,Julian Baas
36,449308,Mike Kleijn
37,451993,Boyd Reith
38,349199,Joshua Kitolano
39,276756,Tobias Lauritsen
40,457153,Teo Quintero
41,433577,Metinho
42,535931,Marvin Young
43,536875,Ayoub Oufkir
44,538000,Dylan Tevreden
