,ID,Name
0,451676,Jari De Busser
1,530988,Mathis Suray
2,484492,Aske Adelgaard
3,484558,Jakob Breum
4,424578,Oliver Antman
5,288859,Gerrit Nauber
6,362691,Luca Plogmann
7,276442,Joris Kramer
8,382238,Bobby Adekanye
9,322159,Finn Stokkers
10,355961,Evert Linthorst
11,400173,Jamal Amofa
12,411691,Enric Llansana
13,422633,Mats Deijl
14,422781,Luca Everink
15,426002,Sven Jansen
16,436147,Milan Smit
17,444655,Julius Dirksen
18,444782,Pim Saathof
19,445056,Calvin Twigt
20,383616,Oliver Edvardsen
21,470692,Victor Edvardsen
22,460297,Benjamin Tahirovic
23,109807,Bertrand Traoré
24,402666,Josip Sutalo
25,449301,Christian Rasmussen
26,484494,Anton Gaaei
27,116207,Daniele Rugani
28,115479,Wout Weghorst
29,34550,Remko Pasveer
30,108860,Davy Klaassen
31,404568,Brian Brobbey
32,415781,Kian Fitz-Jim
33,422802,Jay Gorter
34,139299,Branco van den Boomen
35,328550,Owen Wijndal
36,400165,Devyne Rensch
37,401122,Kenneth Taylor
38,467715,Jorrel Hato
39,454337,Jaydon Banel
40,400320,Ahmetcan Kaplan
41,68659,Jordan Henderson
42,122294,Chuba Akpom
43,373154,Diant Ramaj
44,462099,Mika Godts
