,ID,Name
0,328432,Siebe Horemans
1,402885,Anthony Descotte
2,411418,Matisse Didden
3,450214,Alonzo Engwanda
4,425341,Oscar Fraulo
5,403644,Victor Jensen
6,455842,Yoann Cathline
7,394998,Can Bozdogan
8,135954,Vasilios Barkas
9,370024,Kolbeinn Finnsson
10,422805,Souffian El Karouani
11,409462,Noah Ohio
12,400279,David Min
13,402852,Ole Romeny
14,70906,Nick Viergever
15,82401,Jens Toornstra
16,101605,Mike van der Hoorn
17,116684,Michael Brouwer
18,454336,Tom de Graaff
19,399952,Miguel Rodríguez
20,413783,Paxten Aaronson
21,444675,Taylor Booth
22,438303,Adrian Blake
23,531004,Raffael Behounek
24,448628,Rob Nizet
25,391257,Mickaël Tirpan
26,400487,Boris Lambert
27,420300,Cisse Sandra
28,443089,Kyan Vaesen
29,89358,Jeremy Bokila
30,135109,Thomas Didillon-Hödl
31,444729,Emilio Kehrer
32,422858,Nick Doodeman
33,425569,Ringo Meerveld
34,405831,Maarten Schut
35,298493,Patrick Joosten
36,379600,Connor van den Berg
37,379702,Jesse Bosch
38,382582,Tommy St. Jago
39,531003,Valentino Vermeulen
40,531005,Amine Lachkar
41,535802,Jens Mathijsen
42,455539,Amar Fatah
43,451513,Rúnar Sigurgeirsson
44,531013,Khaled Razak
