,ID,Name
0,426910,Ilias Sebaoui
1,535678,Jacob Trenskow
2,319396,Amara Condé
3,323531,Mats Köhlert
4,479298,Danilo Al Saed
5,363248,Ion Nicolaescu
6,379599,Ché Nunnely
7,387720,Denzel Hall
8,121834,Mickey van der Hart
9,497178,Espen van Ee
10,454333,Mateja Milovanovic
11,472399,Bernt Klaverboer
12,252239,Andries Noppert
13,536000,Dimitris Rallis
14,531002,Levi Smans
15,436168,Nikolai Hopland
16,497179,Oliver Braude
17,142376,Pawel Bochniewicz
18,327724,Simon Olsson
19,422634,Luuk Brouwers
20,436158,Daniel Karlsbakk
21,78353,Marvin Peersman
22,467771,Noam Emeran
23,388041,Brynjólfur Willumsson
24,405003,Thijs Oosting
25,434212,Dirk Baron
26,459078,Thom van Bergen
27,460696,Jorg Schreuders
28,379705,Etienne Vaessen
29,381718,Romano Postema
30,79967,Leandro Bacuna
31,97719,Joey Pelupessy
32,231013,Hidde Jurjus
33,484537,Stije Resink
34,517884,Wouter Prins
35,517927,Finn Stam
36,530978,Sven Bouland
37,321106,Johan Hove
38,444652,Rui Mendes
39,415927,Luciano Valente
40,415928,Thijmen Blokzijl
41,470783,Maxim Mariani
42,482883,Fofin Turay
