,ID,Name
0,530976,Jonas Wendlinger
1,128564,Baptiste Guillaume
2,143815,Anas Tahiri
3,431023,Faïz Mattoir
4,429632,Álex Balboa
5,432217,Junior Kadile
6,450417,Logan Delaurier-Chaubet
7,404551,Ruben Providence
8,296323,Thomas Robinet
9,357398,Théo Barbet
10,409755,Vasilios Zagaritis
11,484527,Nordin Bakker
12,484531,Joey Jacobs
13,484540,Jochem Ritmeester van de Kamp
14,497336,Joël van der Wilt
15,379734,Hamdi Akujobi
16,137368,Damil Dankerlui
17,124380,Thom Haye
18,395381,Kornelius Hansen
19,396431,Ricardo Visus
20,321235,Àlex Carbonell
21,392651,Adi Nalic
22,108624,James Lawrence
23,425958,Alec Van Hoorenbeeck
24,90235,Lars Unnerstall
25,368289,Issam El Maach
26,402819,Mees Hilgers
27,37344,Ricky van Wolfswinkel
28,134722,Bas Kuipers
29,301423,Mitchell van Bergen
30,321910,Carel Eiting
31,322149,Michel Vlap
32,328269,Sam Lammers
33,361794,Sem Steijn
34,427577,Youri Regeer
35,405560,Daan Rots
36,406780,Max Bruns
37,422804,Bart van Rooij
38,436492,Sam Karssies
39,437387,Anass Salah-Eddine
40,475578,Mats Rots
41,475579,Gijs Besselink
42,478021,Juliën Mesbahi
43,428096,Gustaf Lagerbielke
44,457265,Sayfallah Ltaief
45,404777,Mathias Kjølø
