,ID,Name
0,379701,Ramiz Zerrouki
1,515829,Anis Hadj Moussa
2,347863,Julián Carranza
3,436553,Igor Paixão
4,484570,Plamen Andreev
5,517344,Jeyland Mitchell
6,298710,Luka Ivanusec
7,530985,Chris-Kévin Nadje
8,121821,Timon Wellenreuther
9,519755,Ibrahim Osman
10,377288,Ayase Ueda
11,445061,Santiago Giménez
12,444719,Givairo Read
13,489979,Gjivai Zechiël
14,302709,Justin Bijlow
15,400059,Gijs Smal
16,411078,Quinten Timber
17,422921,Antoni Milambo
18,436114,Thomas Beelen
19,362779,Dávid Hancko
20,345527,Jordan Lotomba
21,371030,Hwang In-Beom
22,444264,Facundo González
23,404216,Leo Greiml
24,400523,Jan Van den Bergh
25,412176,Dominik Janosek
26,113783,Elías Már Ómarsson
27,211233,Enes Mahmutovic
28,244640,Clint Leemans
29,109117,Terence Kongolo
30,322152,Roy Kortsmit
31,348647,Boyd Lucassen
32,389479,Boy Kemper
33,400057,Casper Staring
34,437076,Matthew Garbett
35,320427,Fredrik Oldrup Jensen
36,423275,Kacper Kostorz
37,530990,Daniel Bielica
38,498420,Saná Fernandes
39,468119,Leo Sauer
40,399383,Martin Koscelník
41,484534,Manel Royo
42,429616,Adam Kaied
43,530991,Cherrion Valerius
44,530993,Lars Mol
45,531873,Max Balard
