,ID,Name
0,365119,Ezequiel Bullaude
1,400545,Shawn Adewoye
2,534227,Luka Tunjic
3,228329,Samuel Bastien
4,120151,Alen Halilovic
5,343981,Ante Erceg
6,424369,Josip Mitrovic
7,421892,Loreintz Rosier
8,530987,Makan Aiko
9,527633,Tristan Schenkhuizen
10,409160,Syb van Ottele
11,400011,Jasper Dahlhaus
12,301457,Luuk Koopmans
13,97367,Mattijs Branderhorst
14,70598,Ivo Pinto
15,531510,Ryan Fosso
16,540209,Hasip Korkmazyürek
17,531569,Darijo Grujcic
18,525774,Ramazan Bayram
19,130304,Walter Benítez
20,427824,Johan Bakayoko
21,346767,Mauro Júnior
22,70524,Ivan Perisic
23,260809,Olivier Boscagli
24,404776,Ismael Saibari
25,400009,Couhaib Driouech
26,382556,Joey Veerman
27,354283,Noa Lang
28,232249,Rick Karsdorp
29,275012,Joël Drommel
30,322148,Guus Til
31,331555,Jerdy Schouten
32,345333,Armando Obispo
33,68585,Luuk de Jong
34,444164,Matteo Dams
35,462233,Niek Schiks
36,489985,Isaac Babadi
37,377466,Ricardo Pepi
38,397465,Malik Tillman
39,532295,Michael Bresser
40,444737,Ryan Flamingo
