,ID,Name
0,22300,Lasse Schöne
1,430309,Brayann Pereira
2,499973,Argyrios Darelas
3,487049,Koki Ogawa
4,497708,Kodai Sano
5,506727,D'Leanu Arts
6,444619,Stijn van Gassel
7,444741,Kas de Wit
8,301027,Thomas Ouwejan
9,77422,Bram Nuytinck
10,271086,Calvin Verdonk
11,389945,Sontje Hansen
12,422806,Dirk Proper
13,422814,Robin Roefs
14,429380,Rijk Janse
15,279967,Iván Márquez
16,532237,Basar Önal
17,351532,Mees Hoedemakers
18,365712,Rober
19,399855,Dylan Mbayo
20,400278,Thierry Lutonda
21,399311,Filip Krastev
22,333527,Odysseus Velanas
23,333781,Dylan Vente
24,352844,Thomas Buitink
25,20831,Kenneth Vermeer
26,362467,Jasper Schendelaar
27,365152,Eliano Reijnders
28,400823,Davy van den Berg
29,431253,Damian van der Haar
30,489992,Nick Fichtinger
31,489995,Mohamed Oukhattou
32,490379,Anouar El Azzouzi
33,513251,Teun Gijselhart
34,515596,Kaj de Rooij
35,317693,Mike Hauptmeijer
36,137327,Ryan Thomas
37,424502,Anselmo MacNulty
38,354027,Anthony Fontana
39,416971,Simon Graves
