,ID,Name
0,530976,Jonas Wendlinger
1,431023,Faïz Mattoir
2,429632,Álex Balboa
3,450417,Logan Delaurier-Chaubet
4,357398,Théo Barbet
5,409755,Vasilios Zagaritis
6,363872,Christopher Mamengi
7,379734,Hamdi Akujobi
8,530977,Jay Kuiper
9,484527,Nordin Bakker
10,484531,Joey Jacobs
11,484533,Jaden Pinas
12,484537,Stije Resink
13,484540,Jochem Ritmeester van de Kamp
14,484542,Jeffry Puriël
15,497336,Joël van der Wilt
16,395381,Kornelius Hansen
17,392651,Adi Nalic
18,535836,Emanuel Poku
19,536748,Marley Dors
20,130304,Walter Benítez
21,260809,Olivier Boscagli
22,318511,Hirving Lozano
23,322148,Guus Til
24,354283,Noa Lang
25,68585,Luuk de Jong
26,275012,Joël Drommel
27,382556,Joey Veerman
28,400009,Couhaib Driouech
29,444163,Emmanuel van de Blaak
30,444164,Matteo Dams
31,462233,Niek Schiks
32,481080,Tygo Land
33,489985,Isaac Babadi
34,403097,Fredrik Oppegård
35,377466,Ricardo Pepi
36,386631,Richard Ledezma
37,397465,Malik Tillman
38,444737,Ryan Flamingo
39,509874,Jesper Uneken
40,532295,Michael Bresser
