,ID,Name
0,404216,Leo Greiml
1,400523,Jan Van den Bergh
2,412176,Dominik Janosek
3,113783,Elías Már Ómarsson
4,211233,Enes Mahmutovic
5,322152,Roy Kortsmit
6,348647,Boyd Lucassen
7,389479,Boy Kemper
8,400057,Casper Staring
9,408489,Tein Troost
10,429373,Roy Kuijpers
11,437076,Matthew Garbett
12,423275,Kacper Kostorz
13,530990,Daniel Bielica
14,498420,Saná Fernandes
15,399383,Martin Koscelník
16,484534,Manel Royo
17,429616,Adam Kaied
18,514538,Raul Paula
19,530991,Cherrion Valerius
20,530993,Lars Mol
21,531873,Max Balard
22,328432,Siebe Horemans
23,402885,Anthony Descotte
24,411418,Matisse Didden
25,450214,Alonzo Engwanda
26,403644,Victor Jensen
27,455842,Yoann Cathline
28,394998,Can Bozdogan
29,135954,Vasilios Barkas
30,370024,Kolbeinn Finnsson
31,429514,Zidane Iqbal
32,422805,Souffian El Karouani
33,454336,Tom de Graaff
34,409462,Noah Ohio
35,400279,David Min
36,402852,Ole Romeny
37,70906,Nick Viergever
38,82401,Jens Toornstra
39,101605,Mike van der Hoorn
40,116684,Michael Brouwer
41,399952,Miguel Rodríguez
42,413783,Paxten Aaronson
43,438303,Adrian Blake
