,ID,Name
0,78353,Marvin Peersman
1,467771,Noam Emeran
2,394980,Marco Rente
3,388041,Brynjólfur Willumsson
4,405003,Thijs Oosting
5,79967,Leandro Bacuna
6,97719,Joey Pelupessy
7,231013,Hidde Jurjus
8,517884,Wouter Prins
9,517927,Finn Stam
10,530978,Sven Bouland
11,379705,Etienne Vaessen
12,381718,Romano Postema
13,434212,Dirk Baron
14,459078,Thom van Bergen
15,460696,Jorg Schreuders
16,321106,Johan Hove
17,444652,Rui Mendes
18,415926,Tika de Jonge
19,415927,Luciano Valente
20,415928,Thijmen Blokzijl
21,485376,Ibrahim Sadiq
22,499764,Seiya Maikuma
23,510581,Jayden Addai
24,472183,Wouter Goes
25,484652,Ruben van Bommel
26,90802,Jordy Clasie
27,90834,Hobie Verhulst
28,133959,Riechedly Bazoer
29,383560,Sven Mijnans
30,408102,Peer Koopmeiners
31,432172,Denso Kasius
32,433950,Mexx Meerdink
33,438484,Myron van Brederode
34,415772,Zico Buurmeester
35,444717,Lequincio Zeefuik
36,470734,Daniël Deen
37,422248,Alexandre Penetra
38,415341,David Møller Wolfe
39,470735,Rome-Jayden Owusu-Oduro
40,439447,Kristijan Belic
41,384064,Troy Parrott
42,513559,Kees Smit
