,ID,Name
0,401137,Bryan Limbombe
1,450923,Brian De Keersmaecker
2,530989,Robin Mantel
3,499929,Juho Talvitie
4,401250,Jannes Wieckhoff
5,225522,Mario Engels
6,404976,Suf Podgoreanu
7,495554,Lorenzo Milani
8,69789,Kelvin Leerdam
9,96581,Thomas Bruns
10,433912,Timo Jansink
11,433913,Sem Scheperman
12,444714,Damon Mirani
13,423949,Mimeirhel Benita
14,299511,Jordy Bruijn
15,364306,Daniël van Kaam
16,379686,Ruben Roosken
17,382581,Fabian de Keijzer
18,424540,Ivan Mesík
19,449309,Shiloh 't Zand
20,527632,Jop Tijink
21,535937,Giandro Sambo
22,535938,Tiago Codinha
23,531004,Raffael Behounek
24,448628,Rob Nizet
25,420300,Cisse Sandra
26,391257,Mickaël Tirpan
27,443089,Kyan Vaesen
28,89358,Jeremy Bokila
29,135109,Thomas Didillon-Hödl
30,444729,Emilio Kehrer
31,405831,Maarten Schut
32,422858,Nick Doodeman
33,425569,Ringo Meerveld
34,432117,Max de Waal
35,298493,Patrick Joosten
36,379600,Connor van den Berg
37,379702,Jesse Bosch
38,382582,Tommy St. Jago
39,531005,Amine Lachkar
40,535802,Jens Mathijsen
41,531003,Valentino Vermeulen
42,535803,Per Van Loon
43,531013,Khaled Razak
44,451513,Rúnar Sigurgeirsson
