,ID,Name
0,404077,Thibo Baeten
1,451676,Jari De Busser
2,530988,Mathis Suray
3,484492,Aske Adelgaard
4,484558,Jakob Breum
5,424578,Oliver Antman
6,288859,Gerrit Nauber
7,362691,Luca Plogmann
8,382238,Bobby Adekanye
9,400173,Jamal Amofa
10,322159,Finn Stokkers
11,355961,Evert Linthorst
12,411691,Enric Llansana
13,422633,Mats Deijl
14,422781,Luca Everink
15,426002,Sven Jansen
16,444782,Pim Saathof
17,444783,Robbin Weijenberg
18,445055,Dean James
19,445056,Calvin Twigt
20,276442,Joris Kramer
21,470692,Victor Edvardsen
22,444349,Søren Tengstedt
23,255946,Dario Van den Buijs
24,469502,Chris Lokesa
25,320608,Alexander Jakobsen
26,446984,Daouda Weidmann
27,289015,Julian Lelieveld
28,31238,Aaron Meijers
29,141965,Jeroen Houwen
30,243708,Yanick van Osch
31,357080,Godfried Roemeratoe
32,369048,Richonell Margaret
33,380663,Patrick Vroegh
34,387172,Denilho Cleonise
35,389411,Yassin Oukili
36,391284,Richard van der Venne
37,403820,Juan Familia-Castillo
38,429270,Joey Kesting
39,433575,Liam van Gelderen
40,322182,Reuven Niemeijer
41,353698,Roshon van Eijma
42,531000,Tim van de Loo
