,ID,Name
0,343347,Arno Verschueren
1,382494,Charles-Andreas Brym
2,379712,Saïd Bakari
3,513252,Shunsuke Mito
4,444160,Mohamed Nassoh
5,444483,Mike Eerdhuijzen
6,444623,Julian Baas
7,449308,Mike Kleijn
8,451993,Boyd Reith
9,491398,Camiel Neghli
10,506930,Hamza El Dahri
11,422872,Djevencio van der Kust
12,427851,Rick Meissen
13,19087,Jonathan de Guzmán
14,243916,Nick Olij
15,279173,Pelle Clement
16,379764,Youri Schoonderwaldt
17,276756,Tobias Lauritsen
18,349199,Joshua Kitolano
19,433577,Metinho
20,535931,Marvin Young
21,536875,Ayoub Oufkir
22,538000,Dylan Tevreden
23,379701,Ramiz Zerrouki
24,515829,Anis Hadj Moussa
25,347863,Julián Carranza
26,436553,Igor Paixão
27,517344,Jeyland Mitchell
28,298710,Luka Ivanusec
29,404200,Ondrej Lingr
30,530985,Chris-Kévin Nadje
31,121821,Timon Wellenreuther
32,377288,Ayase Ueda
33,445061,Santiago Giménez
34,450767,Mikki van Sas
35,489979,Gjivai Zechiël
36,444719,Givairo Read
37,302709,Justin Bijlow
38,328987,Calvin Stengs
39,345441,Lutsharel Geertruida
40,411078,Quinten Timber
41,412907,Neraysho Kasanwirjo
42,436114,Thomas Beelen
43,400059,Gijs Smal
44,362779,Dávid Hancko
45,532292,Jan Plug
