,ID,Name
0,530976,Jonas Wendlinger
1,143815,Anas Tahiri
2,431023,Faïz Mattoir
3,432217,Junior Kadile
4,450417,Logan Delaurier-Chaubet
5,404551,Ruben Providence
6,296323,Thomas Robinet
7,357398,Théo Barbet
8,409755,Vasilios Zagaritis
9,484527,Nordin Bakker
10,484531,Joey Jacobs
11,484540,Jochem Ritmeester van de Kamp
12,497336,Joël van der Wilt
13,363872,Christopher Mamengi
14,379734,Hamdi Akujobi
15,124380,Thom Haye
16,137368,Damil Dankerlui
17,395381,Kornelius Hansen
18,396431,Ricardo Visus
19,321235,Àlex Carbonell
20,392651,Adi Nalic
21,22300,Lasse Schöne
22,430309,Brayann Pereira
23,499973,Argyris Darellas
24,487049,Koki Ogawa
25,497708,Kodai Sano
26,444619,Stijn van Gassel
27,389945,Sontje Hansen
28,422814,Robin Roefs
29,429380,Rijk Janse
30,77422,Bram Nuytinck
31,271086,Calvin Verdonk
32,301027,Thomas Ouwejan
33,343314,Vito van Crooij
34,279967,Iván Márquez
35,532237,Basar Önal
36,538340,Kento Shiogai
37,515755,Sami Ouaissa
38,351532,Mees Hoedemakers
39,365712,Rober
40,404207,Lefteris Lyratzis
