,ID,Name
0,426910,Ilias Sebaoui
1,535678,Jacob Trenskow
2,319396,Amara Condé
3,323531,Mats Köhlert
4,479298,Danilo Al Saed
5,363248,Ion Nicolaescu
6,379599,Ché Nunnely
7,380731,Sam Kersten
8,387720,Denzel Hall
9,252239,Andries Noppert
10,296543,Jan Bekkema
11,497178,Espen van Ee
12,454333,Mateja Milovanovic
13,472399,Bernt Klaverboer
14,536000,Dimitris Rallis
15,531002,Levi Smans
16,497179,Oliver Braude
17,436168,Nikolai Hopland
18,142376,Pawel Bochniewicz
19,327724,Simon Olsson
20,422634,Luuk Brouwers
21,436158,Daniel Karlsbakk
22,536002,Isaiah Ahmed
23,343347,Arno Verschueren
24,416803,Kayky
25,382494,Charles-Andreas Brym
26,379712,Saïd Bakari
27,513252,Shunsuke Mito
28,243916,Nick Olij
29,279173,Pelle Clement
30,422872,Djevencio van der Kust
31,427851,Rick Meissen
32,444160,Mohamed Nassoh
33,444623,Julian Baas
34,449308,Mike Kleijn
35,451993,Boyd Reith
36,379764,Youri Schoonderwaldt
37,491398,Camiel Neghli
38,503818,Max de Ligt
39,349199,Joshua Kitolano
40,276756,Tobias Lauritsen
41,489319,Kaylen Reitmaier
42,433577,Metinho
43,535931,Marvin Young
