,ID,Name
0,130304,Walter Benítez
1,427824,Johan Bakayoko
2,346767,Mauro Júnior
3,70524,Ivan Perisic
4,260809,Olivier Boscagli
5,404776,Ismael Saibari
6,400009,Couhaib Driouech
7,444164,Matteo Dams
8,354283,Noa Lang
9,275012,Joël Drommel
10,322148,Guus Til
11,345333,Armando Obispo
12,68585,Luuk de Jong
13,232249,Rick Karsdorp
14,462233,Niek Schiks
15,489985,Isaac Babadi
16,377466,Ricardo Pepi
17,386631,Richard Ledezma
18,397465,Malik Tillman
19,444737,Ryan Flamingo
20,399855,Dylan Mbayo
21,400278,Thierry Lutonda
22,399311,Filip Krastev
23,296684,Jamiro Monteiro
24,259930,Younes Namli
25,391924,Braydon Manu
26,333527,Odysseus Velanas
27,333781,Dylan Vente
28,352844,Thomas Buitink
29,362467,Jasper Schendelaar
30,365152,Eliano Reijnders
31,20831,Kenneth Vermeer
32,317693,Mike Hauptmeijer
33,322157,Sherel Floranus
34,400823,Davy van den Berg
35,431253,Damian van der Haar
36,454339,Olivier Aertssen
37,489992,Nick Fichtinger
38,490379,Anouar El Azzouzi
39,513251,Teun Gijselhart
40,515596,Kaj de Rooij
41,137327,Ryan Thomas
42,424502,Anselmo MacNulty
