,ID,Name
0,365119,Ezequiel Bullaude
1,400545,Shawn Adewoye
2,534227,Luka Tunjic
3,396058,Rodrigo Guth
4,343981,Ante Erceg
5,424369,Josip Mitrovic
6,421892,Loreintz Rosier
7,530987,Makan Aiko
8,409160,Syb van Ottele
9,400011,Jasper Dahlhaus
10,97367,Mattijs Branderhorst
11,115574,Mitchell Dijks
12,290832,Alessio da Cruz
13,301457,Luuk Koopmans
14,70598,Ivo Pinto
15,455568,Úmaro Embaló
16,140902,Kristoffer Peterson
17,531510,Ryan Fosso
18,531569,Darijo Grujcic
19,525774,Ramazan Bayram
20,78353,Marvin Peersman
21,394980,Marco Rente
22,388041,Brynjólfur Willumsson
23,379705,Etienne Vaessen
24,381718,Romano Postema
25,434212,Dirk Baron
26,459078,Thom van Bergen
27,460696,Jorg Schreuders
28,405003,Thijs Oosting
29,79967,Leandro Bacuna
30,97719,Joey Pelupessy
31,231013,Hidde Jurjus
32,484537,Stije Resink
33,517884,Wouter Prins
34,517927,Finn Stam
35,321106,Johan Hove
36,444652,Rui Mendes
37,425956,Alex Mortensen
38,470783,Maxim Mariani
39,415926,Tika de Jonge
40,415927,Luciano Valente
41,415928,Thijmen Blokzijl
