,ID,Name
0,404216,Leo Greiml
1,400523,Jan Van den Bergh
2,412176,Dominik Janosek
3,113783,Elías Már Ómarsson
4,211233,Enes Mahmutovic
5,244640,Clint Leemans
6,322152,Roy Kortsmit
7,348647,Boyd Lucassen
8,389479,Boy Kemper
9,400057,Casper Staring
10,429373,Roy Kuijpers
11,109117,Terence Kongolo
12,408489,Tein Troost
13,437076,Matthew Garbett
14,320427,Fredrik Oldrup Jensen
15,423275,Kacper Kostorz
16,530990,Daniel Bielica
17,468119,Leo Sauer
18,484534,Manel Royo
19,429616,Adam Kaied
20,514538,Raul Paula
21,530993,Lars Mol
22,531873,Max Balard
23,255946,Dario Van den Buijs
24,469502,Chris Lokesa
25,446984,Daouda Weidmann
26,141965,Jeroen Houwen
27,243708,Yanick van Osch
28,357080,Godfried Roemeratoe
29,361778,Silvester van der Water
30,369048,Richonell Margaret
31,369107,Mohamed Ihattaren
32,387172,Denilho Cleonise
33,389411,Yassin Oukili
34,391284,Richard van der Venne
35,400276,Luuk Wouters
36,403820,Juan Familia-Castillo
37,429270,Joey Kesting
38,433575,Liam van Gelderen
39,444674,Kevin Felida
40,289015,Julian Lelieveld
41,322182,Reuven Niemeijer
42,303134,Oskar Zawada
43,353698,Roshon van Eijma
44,531000,Tim van de Loo
45,538759,Faissal Al Mazyani
