,ID,Name
0,328432,Siebe Horemans
1,402885,Anthony Descotte
2,411418,Matisse Didden
3,425341,Oscar Fraulo
4,416311,Niklas Vesterlund
5,403644,Victor Jensen
6,455842,Yoann Cathline
7,394998,Can Bozdogan
8,135954,Vasilios Barkas
9,370024,Kolbeinn Finnsson
10,422805,Souffian El Karouani
11,409462,Noah Ohio
12,400279,David Min
13,402852,Ole Romeny
14,70906,Nick Viergever
15,82401,Jens Toornstra
16,101605,Mike van der Hoorn
17,116684,Michael Brouwer
18,454336,Tom de Graaff
19,399952,Miguel Rodríguez
20,413783,Paxten Aaronson
21,444675,Taylor Booth
22,438303,Adrian Blake
23,379701,Ramiz Zerrouki
24,515829,Anis Hadj Moussa
25,347863,Julián Carranza
26,384574,Gernot Trauner
27,436553,Igor Paixão
28,484570,Plamen Andreev
29,517344,Jeyland Mitchell
30,298710,Luka Ivanusec
31,530985,Chris-Kévin Nadje
32,121821,Timon Wellenreuther
33,519755,Ibrahim Osman
34,302709,Justin Bijlow
35,400059,Gijs Smal
36,411078,Quinten Timber
37,422921,Antoni Milambo
38,436114,Thomas Beelen
39,444719,Givairo Read
40,409730,Hugo Bueno
41,362779,Dávid Hancko
42,371030,Hwang In-Beom
43,444264,Facundo González
44,534893,Aymen Sliti
