,ID,Name
0,425958,Alec Van Hoorenbeeck
1,90235,Lars Unnerstall
2,368289,Issam El Maach
3,402819,Mees Hilgers
4,405560,Daan Rots
5,406780,Max Bruns
6,422804,Bart van Rooij
7,134722,Bas Kuipers
8,321910,Carel Eiting
9,322149,Michel Vlap
10,328269,Sam Lammers
11,361794,Sem Steijn
12,427577,Youri Regeer
13,437387,Anass Salah-Eddine
14,475578,Mats Rots
15,475579,Gijs Besselink
16,478021,Juliën Mesbahi
17,494032,Harrie Kuster
18,34545,Przemyslaw Tyton
19,428096,Gustaf Lagerbielke
20,457265,Sayfallah Ltaief
21,542879,Owen Panneflek
22,404777,Mathias Kjølø
23,530989,Robin Mantel
24,534710,Luka Kulenovic
25,370314,Jan Zamburek
26,499929,Juho Talvitie
27,225522,Mario Engels
28,401250,Jannes Wieckhoff
29,404976,Suf Podgoreanu
30,495554,Lorenzo Milani
31,423949,Mimeirhel Benita
32,433912,Timo Jansink
33,444714,Damon Mirani
34,484547,Diego van Oorschot
35,299511,Jordy Bruijn
36,312702,Justin Hoogma
37,349481,Jizz Hornkamp
38,364306,Daniël van Kaam
39,379686,Ruben Roosken
40,382581,Fabian de Keijzer
41,69789,Kelvin Leerdam
42,96581,Thomas Bruns
43,424540,Ivan Mesík
44,449309,Shiloh 't Zand
45,527632,Jop Tijink
