,ID,Name
0,499764,Seiya Maikuma
1,510581,Jayden Addai
2,408102,Peer Koopmeiners
3,415670,Jorn Berkhout
4,67299,Jeroen Zoet
5,90802,Jordy Clasie
6,90834,Hobie Verhulst
7,383560,Sven Mijnans
8,422737,Ernest Poku
9,422867,Mees de Wit
10,432172,Denso Kasius
11,433950,Mexx Meerdink
12,497707,Dave Kwakman
13,422248,Alexandre Penetra
14,444780,Mayckel Lahdo
15,470735,Rome-Jayden Owusu-Oduro
16,525739,Enoch Mastoras
17,544622,Ro-Zangelo Daal
18,544623,Elijah Dijkstra
19,439447,Kristijan Belic
20,384064,Troy Parrott
21,451676,Jari De Busser
22,530988,Mathis Suray
23,484492,Aske Adelgaard
24,484558,Jakob Breum
25,424578,Oliver Antman
26,362691,Luca Plogmann
27,288859,Gerrit Nauber
28,322159,Finn Stokkers
29,355961,Evert Linthorst
30,276442,Joris Kramer
31,400173,Jamal Amofa
32,411691,Enric Llansana
33,422633,Mats Deijl
34,422781,Luca Everink
35,382238,Bobby Adekanye
36,426002,Sven Jansen
37,436147,Milan Smit
38,444655,Julius Dirksen
39,444783,Robbin Weijenberg
40,445055,Dean James
41,445056,Calvin Twigt
42,383616,Oliver Edvardsen
43,470692,Victor Edvardsen
