,ID,Name
0,460297,Benjamin Tahirovic
1,109807,Bertrand Traoré
2,402666,Josip Sutalo
3,449301,Christian Rasmussen
4,484494,Anton Gaaei
5,116207,Daniele Rugani
6,139299,Branco van den Boomen
7,328550,Owen Wijndal
8,115479,Wout Weghorst
9,34550,Remko Pasveer
10,404568,Brian Brobbey
11,415781,Kian Fitz-Jim
12,422801,Youri Baas
13,422802,Jay Gorter
14,400165,Devyne Rensch
15,108860,Davy Klaassen
16,401122,Kenneth Taylor
17,467715,Jorrel Hato
18,400320,Ahmetcan Kaplan
19,68659,Jordan Henderson
20,122294,Chuba Akpom
21,373154,Diant Ramaj
22,462099,Mika Godts
23,531004,Raffael Behounek
24,391257,Mickaël Tirpan
25,400487,Boris Lambert
26,420300,Cisse Sandra
27,443089,Kyan Vaesen
28,448628,Rob Nizet
29,89358,Jeremy Bokila
30,135109,Thomas Didillon-Hödl
31,444729,Emilio Kehrer
32,422858,Nick Doodeman
33,425569,Ringo Meerveld
34,405831,Maarten Schut
35,298493,Patrick Joosten
36,379600,Connor van den Berg
37,379702,Jesse Bosch
38,382582,Tommy St. Jago
39,531003,Valentino Vermeulen
40,531005,Amine Lachkar
41,535802,Jens Mathijsen
42,455539,Amar Fatah
43,451513,Rúnar Sigurgeirsson
44,535803,Per van Loon
45,538760,Miodrag Pivas
