,ID,Name
0,530989,Robin Mantel
1,450923,Brian De Keersmaecker
2,534710,Luka Kulenovic
3,499929,Juho Talvitie
4,225522,Mario Engels
5,401250,Jannes Wieckhoff
6,404976,Suf Podgoreanu
7,495554,Lorenzo Milani
8,423949,Mimeirhel Benita
9,299511,Jordy Bruijn
10,312702,Justin Hoogma
11,349481,Jizz Hornkamp
12,364306,Daniël van Kaam
13,379686,Ruben Roosken
14,382581,Fabian de Keijzer
15,69789,Kelvin Leerdam
16,96581,Thomas Bruns
17,433912,Timo Jansink
18,444714,Damon Mirani
19,424540,Ivan Mesík
20,449309,Shiloh 't Zand
21,426910,Ilias Sebaoui
22,535678,Jacob Trenskow
23,319396,Amara Condé
24,323531,Mats Köhlert
25,252239,Andries Noppert
26,379599,Ché Nunnely
27,380731,Sam Kersten
28,387720,Denzel Hall
29,454333,Mateja Milovanovic
30,472399,Bernt Klaverboer
31,497178,Espen van Ee
32,121834,Mickey van der Hart
33,536000,Dimitris Rallis
34,531002,Levi Smans
35,436168,Nikolai Hopland
36,497179,Oliver Braude
37,142376,Pawel Bochniewicz
38,327724,Simon Olsson
39,406536,Hussein Ali
40,422634,Luuk Brouwers
41,436158,Daniel Karlsbakk
42,536002,Isaiah Ahmed
