,ID,Name
0,531004,Raffael Behounek
1,443089,Kyan Vaesen
2,448628,Rob Nizet
3,391257,Mickaël Tirpan
4,400487,Boris Lambert
5,420300,Cisse Sandra
6,89358,Jeremy Bokila
7,135109,Thomas Didillon-Hödl
8,444729,Emilio Kehrer
9,535802,Jens Mathijsen
10,531005,Amine Lachkar
11,531003,Valentino Vermeulen
12,298493,Patrick Joosten
13,379600,Connor van den Berg
14,379702,Jesse Bosch
15,382582,Tommy St. Jago
16,422858,Nick Doodeman
17,425569,Ringo Meerveld
18,455539,Amar Fatah
19,535803,Per van Loon
20,538760,Miodrag Pivas
21,531013,Khaled Razak
22,451513,Rúnar Sigurgeirsson
23,130304,Walter Benítez
24,427824,Johan Bakayoko
25,346767,Mauro Júnior
26,70524,Ivan Perisic
27,260809,Olivier Boscagli
28,404776,Ismael Saibari
29,400009,Couhaib Driouech
30,382556,Joey Veerman
31,354283,Noa Lang
32,232249,Rick Karsdorp
33,275012,Joël Drommel
34,322148,Guus Til
35,331555,Jerdy Schouten
36,345333,Armando Obispo
37,68585,Luuk de Jong
38,444164,Matteo Dams
39,462233,Niek Schiks
40,481080,Tygo Land
41,489985,Isaac Babadi
42,377466,Ricardo Pepi
43,397465,Malik Tillman
44,465011,Adamo Nagalo
45,444737,Ryan Flamingo
