,ID,Name
0,343347,Arno Verschueren
1,382494,Charles-Andreas Brym
2,379712,Saïd Bakari
3,513252,Shunsuke Mito
4,379764,Youri Schoonderwaldt
5,279173,Pelle Clement
6,491398,Camiel Neghli
7,444160,Mohamed Nassoh
8,444483,Mike Eerdhuijzen
9,444623,Julian Baas
10,449308,Mike Kleijn
11,451993,Boyd Reith
12,422872,Djevencio van der Kust
13,427851,Rick Meissen
14,19087,Jonathan de Guzmán
15,243916,Nick Olij
16,276756,Tobias Lauritsen
17,349199,Joshua Kitolano
18,457153,Teo Quintero
19,489319,Kaylen Reitmaier
20,433577,Metinho
21,535931,Marvin Young
22,365119,Ezequiel Bullaude
23,400545,Shawn Adewoye
24,534227,Luka Tunjic
25,396058,Rodrigo Guth
26,228329,Samuel Bastien
27,120151,Alen Halilovic
28,343981,Ante Erceg
29,424369,Josip Mitrovic
30,421892,Loreintz Rosier
31,530987,Makan Aiko
32,97367,Mattijs Branderhorst
33,115574,Mitchell Dijks
34,301457,Luuk Koopmans
35,400011,Jasper Dahlhaus
36,409160,Syb van Ottele
37,527633,Tristan Schenkhuizen
38,70598,Ivo Pinto
39,531510,Ryan Fosso
40,525774,Ramazan Bayram
41,531569,Darijo Grujcic
