,ID,Name
0,22300,Lasse Schöne
1,430309,Brayann Pereira
2,499973,Argyris Darellas
3,487049,Koki Ogawa
4,444619,Stijn van Gassel
5,422806,Dirk Proper
6,422814,Robin Roefs
7,429380,Rijk Janse
8,77422,Bram Nuytinck
9,271086,Calvin Verdonk
10,301027,Thomas Ouwejan
11,389945,Sontje Hansen
12,279967,Iván Márquez
13,532237,Basar Önal
14,538340,Kento Shiogai
15,515755,Sami Ouaissa
16,404207,Lefteris Lyratzis
17,351532,Mees Hoedemakers
18,365712,Rober
19,379701,Ramiz Zerrouki
20,515829,Anis Hadj Moussa
21,347863,Julián Carranza
22,384574,Gernot Trauner
23,436553,Igor Paixão
24,484570,Plamen Andreev
25,298710,Luka Ivanusec
26,530985,Chris-Kévin Nadje
27,121821,Timon Wellenreuther
28,519755,Ibrahim Osman
29,377288,Ayase Ueda
30,444719,Givairo Read
31,411078,Quinten Timber
32,422921,Antoni Milambo
33,436114,Thomas Beelen
34,302709,Justin Bijlow
35,400059,Gijs Smal
36,489979,Gjivai Zechiël
37,409730,Hugo Bueno
38,362779,Dávid Hancko
39,345527,Jordan Lotomba
40,371030,Hwang In-Beom
41,444264,Facundo González
