,ID,Name
0,255946,Dario Van den Buijs
1,450984,Ilias Takidine
2,469502,Chris Lokesa
3,320608,Alexander Jakobsen
4,446984,Daouda Weidmann
5,322182,Reuven Niemeijer
6,369048,Richonell Margaret
7,369107,Mohamed Ihattaren
8,380663,Patrick Vroegh
9,387172,Denilho Cleonise
10,389411,Yassin Oukili
11,400276,Luuk Wouters
12,403820,Juan Familia-Castillo
13,429270,Joey Kesting
14,433575,Liam van Gelderen
15,444674,Kevin Felida
16,289015,Julian Lelieveld
17,31238,Aaron Meijers
18,141965,Jeroen Houwen
19,243708,Yanick van Osch
20,303134,Oskar Zawada
21,531000,Tim van de Loo
22,460297,Benjamin Tahirovic
23,109807,Bertrand Traoré
24,402666,Josip Sutalo
25,449301,Christian Rasmussen
26,424248,Kristian Hlynsson
27,116207,Daniele Rugani
28,108860,Davy Klaassen
29,139299,Branco van den Boomen
30,328550,Owen Wijndal
31,400165,Devyne Rensch
32,401122,Kenneth Taylor
33,454337,Jaydon Banel
34,404568,Brian Brobbey
35,415781,Kian Fitz-Jim
36,422801,Youri Baas
37,422802,Jay Gorter
38,34550,Remko Pasveer
39,467715,Jorrel Hato
40,400320,Ahmetcan Kaplan
41,122294,Chuba Akpom
42,68659,Jordan Henderson
43,373154,Diant Ramaj
44,462099,Mika Godts
