,ID,Name
0,399855,Dylan Mbayo
1,400278,Thierry Lutonda
2,399311,Filip Krastev
3,296684,Jamiro Monteiro
4,259930,Younes Namli
5,333527,Odysseus Velanas
6,333781,Dylan Vente
7,352844,Thomas Buitink
8,362467,Jasper Schendelaar
9,365152,Eliano Reijnders
10,317693,Mike Hauptmeijer
11,322157,Sherel Floranus
12,20831,Kenneth Vermeer
13,400823,Davy van den Berg
14,431253,Damian van der Haar
15,489992,Nick Fichtinger
16,489995,Mohamed Oukhattou
17,490379,Anouar El Azzouzi
18,515596,Kaj de Rooij
19,137327,Ryan Thomas
20,424502,Anselmo MacNulty
21,416971,Simon Graves
22,530976,Jonas Wendlinger
23,128564,Baptiste Guillaume
24,143815,Anas Tahiri
25,431023,Faïz Mattoir
26,429632,Álex Balboa
27,404551,Ruben Providence
28,296323,Thomas Robinet
29,432217,Junior Kadile
30,450417,Logan Delaurier-Chaubet
31,357398,Théo Barbet
32,409755,Vasilios Zagaritis
33,379734,Hamdi Akujobi
34,484527,Nordin Bakker
35,484531,Joey Jacobs
36,484540,Jochem Ritmeester van de Kamp
37,497336,Joël van der Wilt
38,137368,Damil Dankerlui
39,124380,Thom Haye
40,395381,Kornelius Hansen
41,396431,Ricardo Visus
42,321235,Àlex Carbonell
43,392651,Adi Nalic
44,108624,James Lawrence
