,ID,Name
0,499764,Seiya Maikuma
1,510581,Jayden Addai
2,444717,Lequincio Zeefuik
3,422737,Ernest Poku
4,422867,Mees de Wit
5,432172,Denso Kasius
6,434318,Maxim Dekker
7,67299,Jeroen Zoet
8,90802,Jordy Clasie
9,90810,Bruno Martins Indi
10,90834,Hobie Verhulst
11,383560,Sven Mijnans
12,408102,Peer Koopmeiners
13,415772,Zico Buurmeester
14,484652,Ruben van Bommel
15,422248,Alexandre Penetra
16,444780,Mayckel Lahdo
17,470735,Rome-Jayden Owusu-Oduro
18,513559,Kees Smit
19,439447,Kristijan Belic
20,415341,David Møller Wolfe
21,384064,Troy Parrott
22,328432,Siebe Horemans
23,402885,Anthony Descotte
24,411418,Matisse Didden
25,403644,Victor Jensen
26,425341,Oscar Fraulo
27,455842,Yoann Cathline
28,394998,Can Bozdogan
29,135954,Vasilios Barkas
30,370024,Kolbeinn Finnsson
31,422805,Souffian El Karouani
32,512213,Joshua Mukeh
33,454336,Tom de Graaff
34,70906,Nick Viergever
35,82401,Jens Toornstra
36,101605,Mike van der Hoorn
37,116684,Michael Brouwer
38,400279,David Min
39,402852,Ole Romeny
40,409462,Noah Ohio
41,399952,Miguel Rodríguez
42,413783,Paxten Aaronson
43,444675,Taylor Booth
44,438303,Adrian Blake
