,ID,Name
0,467771,Noam Emeran
1,79967,Leandro Bacuna
2,97719,Joey Pelupessy
3,231013,Hidde Jurjus
4,379705,Etienne Vaessen
5,381718,Romano Postema
6,405003,Thijs Oosting
7,434212,Dirk Baron
8,459078,Thom van Bergen
9,460696,Jorg Schreuders
10,484537,Stije Resink
11,517884,Wouter Prins
12,517927,Finn Stam
13,530978,Sven Bouland
14,321106,Johan Hove
15,444652,Rui Mendes
16,470783,Maxim Mariani
17,482883,Fofin Turay
18,415927,Luciano Valente
19,415928,Thijmen Blokzijl
20,451676,Jari De Busser
21,530988,Mathis Suray
22,484492,Aske Adelgaard
23,484558,Jakob Breum
24,424578,Oliver Antman
25,288859,Gerrit Nauber
26,362691,Luca Plogmann
27,382238,Bobby Adekanye
28,411691,Enric Llansana
29,422633,Mats Deijl
30,422781,Luca Everink
31,322159,Finn Stokkers
32,355961,Evert Linthorst
33,426002,Sven Jansen
34,436147,Milan Smit
35,444655,Julius Dirksen
36,444782,Pim Saathof
37,445056,Calvin Twigt
38,276442,Joris Kramer
39,383616,Oliver Edvardsen
40,470692,Victor Edvardsen
41,444349,Søren Tengstedt
