,ID,Name
0,425958,Alec Van Hoorenbeeck
1,90235,Lars Unnerstall
2,368289,Issam El Maach
3,402819,Mees Hilgers
4,37344,Ricky van Wolfswinkel
5,134722,Bas Kuipers
6,301423,Mitchell van Bergen
7,321910,Carel Eiting
8,322149,Michel Vlap
9,328269,Sam Lammers
10,361794,Sem Steijn
11,427577,Youri Regeer
12,406780,Max Bruns
13,422804,Bart van Rooij
14,475578,Mats Rots
15,475579,Gijs Besselink
16,478021,Juliën Mesbahi
17,494032,Harrie Kuster
18,437387,Anass Salah-Eddine
19,34545,Przemyslaw Tyton
20,428096,Gustaf Lagerbielke
21,457265,Sayfallah Ltaief
22,404777,Mathias Kjølø
23,404216,Leo Greiml
24,400523,Jan Van den Bergh
25,412176,Dominik Janosek
26,113783,Elías Már Ómarsson
27,211233,Enes Mahmutovic
28,109117,Terence Kongolo
29,244640,Clint Leemans
30,322152,Roy Kortsmit
31,348647,Boyd Lucassen
32,389479,Boy Kemper
33,400057,Casper Staring
34,429373,Roy Kuijpers
35,408489,Tein Troost
36,437076,Matthew Garbett
37,320427,Fredrik Oldrup Jensen
38,423275,Kacper Kostorz
39,530990,Daniel Bielica
40,498420,Saná Fernandes
41,468119,Leo Sauer
42,484534,Manel Royo
43,429616,Adam Kaied
44,530991,Cherrion Valerius
45,531873,Max Balard
