,ID,Name
0,255946,Dario Van den Buijs
1,450984,Ilias Takidine
2,469502,Chris Lokesa
3,320608,Alexander Jakobsen
4,446984,Daouda Weidmann
5,322182,Reuven Niemeijer
6,289015,Julian Lelieveld
7,31238,Aaron Meijers
8,40342,Michiel Kramer
9,141965,Jeroen Houwen
10,243708,Yanick van Osch
11,357080,Godfried Roemeratoe
12,369048,Richonell Margaret
13,380663,Patrick Vroegh
14,387172,Denilho Cleonise
15,403820,Juan Familia-Castillo
16,429270,Joey Kesting
17,433575,Liam van Gelderen
18,531000,Tim van de Loo
19,353698,Roshon van Eijma
20,485376,Ibrahim Sadiq
21,499764,Seiya Maikuma
22,510581,Jayden Addai
23,470734,Daniël Deen
24,472183,Wouter Goes
25,484652,Ruben van Bommel
26,408102,Peer Koopmeiners
27,415772,Zico Buurmeester
28,432172,Denso Kasius
29,433950,Mexx Meerdink
30,90802,Jordy Clasie
31,90834,Hobie Verhulst
32,133959,Riechedly Bazoer
33,383560,Sven Mijnans
34,422248,Alexandre Penetra
35,439447,Kristijan Belic
36,415341,David Møller Wolfe
37,470735,Rome-Jayden Owusu-Oduro
38,513559,Kees Smit
39,384064,Troy Parrott
