,ID,Name
0,379701,Ramiz Zerrouki
1,515829,Anis Hadj Moussa
2,347863,Julián Carranza
3,384574,Gernot Trauner
4,436553,Igor Paixão
5,484570,Plamen Andreev
6,298710,Luka Ivanusec
7,530985,Chris-Kévin Nadje
8,121821,Timon Wellenreuther
9,519755,Ibrahim Osman
10,377288,Ayase Ueda
11,444719,Givairo Read
12,411078,Quinten Timber
13,422921,Antoni Milambo
14,436114,Thomas Beelen
15,297527,Bart Nieuwkoop
16,302709,Justin Bijlow
17,400059,Gijs Smal
18,489979,Gjivai Zechiël
19,409730,Hugo Bueno
20,362779,Dávid Hancko
21,371030,Hwang In-Beom
22,444264,Facundo González
23,109807,Bertrand Traoré
24,402666,Josip Sutalo
25,449301,Christian Rasmussen
26,484494,Anton Gaaei
27,116207,Daniele Rugani
28,115479,Wout Weghorst
29,139299,Branco van den Boomen
30,328550,Owen Wijndal
31,400165,Devyne Rensch
32,34550,Remko Pasveer
33,89794,Steven Berghuis
34,108860,Davy Klaassen
35,401122,Kenneth Taylor
36,467715,Jorrel Hato
37,404568,Brian Brobbey
38,415781,Kian Fitz-Jim
39,422801,Youri Baas
40,422802,Jay Gorter
41,400320,Ahmetcan Kaplan
42,122294,Chuba Akpom
43,68659,Jordan Henderson
44,373154,Diant Ramaj
45,462099,Mika Godts
