,ID,Name
0,426910,Ilias Sebaoui
1,535678,Jacob Trenskow
2,323531,Mats Köhlert
3,479298,Danilo Al Saed
4,363248,Ion Nicolaescu
5,379599,Ché Nunnely
6,380731,Sam Kersten
7,387720,Denzel Hall
8,121834,Mickey van der Hart
9,252239,Andries Noppert
10,296543,Jan Bekkema
11,536000,Dimitris Rallis
12,536001,Ties Oostra
13,497178,Espen van Ee
14,531002,Levi Smans
15,497179,Oliver Braude
16,142376,Pawel Bochniewicz
17,406536,Hussein Ali
18,327724,Simon Olsson
19,436158,Daniel Karlsbakk
20,536002,Isaiah Ahmed
21,422634,Luuk Brouwers
22,404216,Leo Greiml
23,400523,Jan Van den Bergh
24,412176,Dominik Janosek
25,113783,Elías Már Ómarsson
26,211233,Enes Mahmutovic
27,322152,Roy Kortsmit
28,348647,Boyd Lucassen
29,389479,Boy Kemper
30,400057,Casper Staring
31,408489,Tein Troost
32,429373,Roy Kuijpers
33,437076,Matthew Garbett
34,423275,Kacper Kostorz
35,530990,Daniel Bielica
36,498420,Saná Fernandes
37,468119,Leo Sauer
38,399383,Martin Koscelník
39,484534,Manel Royo
40,429616,Adam Kaied
41,514538,Raul Paula
42,530991,Cherrion Valerius
43,531873,Max Balard
