,ID,Name
0,400545,Shawn Adewoye
1,436591,Milan Robberechts
2,534227,Luka Tunjic
3,396058,Rodrigo Guth
4,228329,Samuel Bastien
5,343981,Ante Erceg
6,120151,Alen Halilovic
7,424369,Josip Mitrovic
8,530987,Makan Aiko
9,421892,Loreintz Rosier
10,400011,Jasper Dahlhaus
11,409160,Syb van Ottele
12,97367,Mattijs Branderhorst
13,115574,Mitchell Dijks
14,301457,Luuk Koopmans
15,70598,Ivo Pinto
16,140902,Kristoffer Peterson
17,531510,Ryan Fosso
18,531569,Darijo Grujcic
19,525774,Ramazan Bayram
20,22300,Lasse Schöne
21,430309,Brayann Pereira
22,499973,Argyrios Darelas
23,487049,Koki Ogawa
24,497708,Kodai Sano
25,444619,Stijn van Gassel
26,444741,Kas de Wit
27,389945,Sontje Hansen
28,422806,Dirk Proper
29,422814,Robin Roefs
30,429380,Rijk Janse
31,301027,Thomas Ouwejan
32,77422,Bram Nuytinck
33,271086,Calvin Verdonk
34,506727,D'Leanu Arts
35,279967,Iván Márquez
36,532237,Basar Önal
37,515755,Sami Ouaissa
38,351532,Mees Hoedemakers
39,365712,Rober
