,ID,Name
0,531004,Raffael Behounek
1,443089,Kyan Vaesen
2,448628,Rob Nizet
3,391257,Mickaël Tirpan
4,400487,Boris Lambert
5,420300,Cisse Sandra
6,89358,Jeremy Bokila
7,135109,Thomas Didillon-Hödl
8,444729,Emilio Kehrer
9,531005,Amine Lachkar
10,531003,Valentino Vermeulen
11,298493,Patrick Joosten
12,379600,Connor van den Berg
13,379702,Jesse Bosch
14,382582,Tommy St. Jago
15,422858,Nick Doodeman
16,425569,Ringo Meerveld
17,405831,Maarten Schut
18,535802,Jens Mathijsen
19,455539,Amar Fatah
20,531013,Khaled Razak
21,451513,Rúnar Sigurgeirsson
22,535803,Per van Loon
23,343347,Arno Verschueren
24,382494,Charles-Andreas Brym
25,379712,Saïd Bakari
26,513252,Shunsuke Mito
27,279173,Pelle Clement
28,379764,Youri Schoonderwaldt
29,19087,Jonathan de Guzmán
30,243916,Nick Olij
31,422872,Djevencio van der Kust
32,427851,Rick Meissen
33,444160,Mohamed Nassoh
34,444483,Mike Eerdhuijzen
35,444623,Julian Baas
36,449308,Mike Kleijn
37,451993,Boyd Reith
38,491398,Camiel Neghli
39,506930,Hamza El Dahri
40,276756,Tobias Lauritsen
41,349199,Joshua Kitolano
42,433577,Metinho
43,535931,Marvin Young
44,536875,Ayoub Oufkir
45,538000,Dylan Tevreden
