,ID,Name
0,530976,Jonas Wendlinger
1,128564,Baptiste Guillaume
2,431023,Faïz Mattoir
3,429632,Álex Balboa
4,404551,Ruben Providence
5,432217,Junior Kadile
6,450417,Logan Delaurier-Chaubet
7,296323,Thomas Robinet
8,357398,Théo Barbet
9,409755,Vasilios Zagaritis
10,363872,Christopher Mamengi
11,379734,Hamdi Akujobi
12,137368,Damil Dankerlui
13,484527,Nordin Bakker
14,484531,Joey Jacobs
15,484538,Guus Beaumont
16,484540,Jochem Ritmeester van de Kamp
17,497336,Joël van der Wilt
18,395381,Kornelius Hansen
19,396431,Ricardo Visus
20,392651,Adi Nalic
21,108624,James Lawrence
22,78353,Marvin Peersman
23,467771,Noam Emeran
24,394980,Marco Rente
25,388041,Brynjólfur Willumsson
26,517884,Wouter Prins
27,517927,Finn Stam
28,459078,Thom van Bergen
29,460696,Jorg Schreuders
30,79967,Leandro Bacuna
31,97719,Joey Pelupessy
32,231013,Hidde Jurjus
33,405003,Thijs Oosting
34,379705,Etienne Vaessen
35,381718,Romano Postema
36,434212,Dirk Baron
37,321106,Johan Hove
38,444652,Rui Mendes
39,415926,Tika de Jonge
40,415927,Luciano Valente
41,415928,Thijmen Blokzijl
42,482883,Fofin Turay
