,ID,Name
0,328432,Siebe Horemans
1,402885,Anthony Descotte
2,411418,Matisse Didden
3,450214,Alonzo Engwanda
4,425341,Oscar Fraulo
5,403644,Victor Jensen
6,455842,Yoann Cathline
7,394998,Can Bozdogan
8,135954,Vasilios Barkas
9,370024,Kolbeinn Finnsson
10,429514,Zidane Iqbal
11,422805,Souffian El Karouani
12,409462,Noah Ohio
13,400279,David Min
14,402852,Ole Romeny
15,70906,Nick Viergever
16,82401,Jens Toornstra
17,101605,Mike van der Hoorn
18,116684,Michael Brouwer
19,454336,Tom de Graaff
20,399952,Miguel Rodríguez
21,444675,Taylor Booth
22,413783,Paxten Aaronson
23,425958,Alec Van Hoorenbeeck
24,90235,Lars Unnerstall
25,368289,Issam El Maach
26,484544,Younes Taha
27,37344,Ricky van Wolfswinkel
28,437387,Anass Salah-Eddine
29,475578,Mats Rots
30,475579,Gijs Besselink
31,402819,Mees Hilgers
32,427577,Youri Regeer
33,405560,Daan Rots
34,406780,Max Bruns
35,422804,Bart van Rooij
36,134722,Bas Kuipers
37,301423,Mitchell van Bergen
38,321910,Carel Eiting
39,322149,Michel Vlap
40,328269,Sam Lammers
41,361794,Sem Steijn
42,34545,Przemyslaw Tyton
43,428096,Gustaf Lagerbielke
44,457265,Sayfallah Ltaief
45,404777,Mathias Kjølø
,ID,Name
0,399855,Dylan Mbayo
1,399311,Filip Krastev
2,333527,Odysseus Velanas
3,400823,Davy van den Berg
4,362467,Jasper Schendelaar
5,365152,Eliano Reijnders
6,333781,Dylan Vente
7,352844,Thomas Buitink
8,20831,Kenneth Vermeer
9,317693,Mike Hauptmeijer
10,322157,Sherel Floranus
11,431253,Damian van der Haar
12,454339,Olivier Aertssen
13,489992,Nick Fichtinger
14,489995,Mohamed Oukhattou
15,490379,Anouar El Azzouzi
16,513251,Teun Gijselhart
17,515596,Kaj de Rooij
18,137327,Ryan Thomas
19,424502,Anselmo MacNulty
20,354027,Anthony Fontana
21,416971,Simon Graves
22,401137,Bryan Limbombe
23,450923,Brian De Keersmaecker
24,534710,Luka Kulenovic
25,499929,Juho Talvitie
26,401250,Jannes Wieckhoff
27,225522,Mario Engels
28,404976,Suf Podgoreanu
29,495554,Lorenzo Milani
30,423949,Mimeirhel Benita
31,433912,Timo Jansink
32,433913,Sem Scheperman
33,444714,Damon Mirani
34,299511,Jordy Bruijn
35,312702,Justin Hoogma
36,364306,Daniël van Kaam
37,379686,Ruben Roosken
38,382581,Fabian de Keijzer
39,69789,Kelvin Leerdam
40,96581,Thomas Bruns
41,424540,Ivan Mesík
42,449309,Shiloh 't Zand
43,535937,Giandro Sambo
44,538516,Jonah te Fruchte
,ID,Name
0,130304,Walter Benítez
1,427824,Johan Bakayoko
2,260809,Olivier Boscagli
3,318511,Hirving Lozano
4,322148,Guus Til
5,331555,Jerdy Schouten
6,275012,Joël Drommel
7,382556,Joey Veerman
8,444164,Matteo Dams
9,68585,Luuk de Jong
10,400009,Couhaib Driouech
11,462233,Niek Schiks
12,481080,Tygo Land
13,489985,Isaac Babadi
14,386631,Richard Ledezma
15,397465,Malik Tillman
16,377466,Ricardo Pepi
17,532295,Michael Bresser
18,534222,Wessel Kuhn
19,444737,Ryan Flamingo
20,451676,Jari De Busser
21,530988,Mathis Suray
22,484492,Aske Adelgaard
23,484558,Jakob Breum
24,424578,Oliver Antman
25,362691,Luca Plogmann
26,288859,Gerrit Nauber
27,322159,Finn Stokkers
28,355961,Evert Linthorst
29,276442,Joris Kramer
30,382238,Bobby Adekanye
31,411691,Enric Llansana
32,422633,Mats Deijl
33,422781,Luca Everink
34,431651,Nando Verdoni
35,436147,Milan Smit
36,444782,Pim Saathof
37,444783,Robbin Weijenberg
38,445055,Dean James
39,445056,Calvin Twigt
40,470692,Victor Edvardsen
,ID,Name
0,530976,Jonas Wendlinger
1,128564,Baptiste Guillaume
2,143815,Anas Tahiri
3,431023,Faïz Mattoir
4,429632,Álex Balboa
5,432217,Junior Kadile
6,450417,Logan Delaurier-Chaubet
7,404551,Ruben Providence
8,296323,Thomas Robinet
9,357398,Théo Barbet
10,409755,Vasilios Zagaritis
11,484527,Nordin Bakker
12,484531,Joey Jacobs
13,484540,Jochem Ritmeester van de Kamp
14,497336,Joël van der Wilt
15,363872,Christopher Mamengi
16,379734,Hamdi Akujobi
17,137368,Damil Dankerlui
18,124380,Thom Haye
19,395381,Kornelius Hansen
20,396431,Ricardo Visus
21,321235,Àlex Carbonell
22,392651,Adi Nalic
23,531004,Raffael Behounek
24,391257,Mickaël Tirpan
25,400487,Boris Lambert
26,420300,Cisse Sandra
27,443089,Kyan Vaesen
28,448628,Rob Nizet
29,89358,Jeremy Bokila
30,135109,Thomas Didillon-Hödl
31,444729,Emilio Kehrer
32,422858,Nick Doodeman
33,425569,Ringo Meerveld
34,531003,Valentino Vermeulen
35,298493,Patrick Joosten
36,379600,Connor van den Berg
37,379702,Jesse Bosch
38,382582,Tommy St. Jago
39,405831,Maarten Schut
40,531005,Amine Lachkar
41,455539,Amar Fatah
42,451513,Rúnar Sigurgeirsson
43,535803,Per van Loon
44,538760,Miodrag Pivas
,ID,Name
0,328432,Siebe Horemans
1,402885,Anthony Descotte
2,411418,Matisse Didden
3,403644,Victor Jensen
4,425341,Oscar Fraulo
5,467757,Silas Andersen
6,455842,Yoann Cathline
7,394998,Can Bozdogan
8,135954,Vasilios Barkas
9,370024,Kolbeinn Finnsson
10,422805,Souffian El Karouani
11,409462,Noah Ohio
12,400279,David Min
13,402852,Ole Romeny
14,70906,Nick Viergever
15,82401,Jens Toornstra
16,101605,Mike van der Hoorn
17,116684,Michael Brouwer
18,454336,Tom de Graaff
19,512213,Joshua Mukeh
20,399952,Miguel Rodríguez
21,413783,Paxten Aaronson
22,438303,Adrian Blake
23,255946,Dario Van den Buijs
24,450984,Ilias Takidine
25,469502,Chris Lokesa
26,320608,Alexander Jakobsen
27,446984,Daouda Weidmann
28,31238,Aaron Meijers
29,141965,Jeroen Houwen
30,243708,Yanick van Osch
31,361778,Silvester van der Water
32,369048,Richonell Margaret
33,369107,Mohamed Ihattaren
34,380663,Patrick Vroegh
35,387172,Denilho Cleonise
36,389411,Yassin Oukili
37,400276,Luuk Wouters
38,429270,Joey Kesting
39,433575,Liam van Gelderen
40,444674,Kevin Felida
41,322182,Reuven Niemeijer
42,289015,Julian Lelieveld
43,303134,Oskar Zawada
44,353698,Roshon van Eijma
45,531000,Tim van de Loo
,ID,Name
0,404216,Leo Greiml
1,400523,Jan Van den Bergh
2,412176,Dominik Janosek
3,113783,Elías Már Ómarsson
4,211233,Enes Mahmutovic
5,244640,Clint Leemans
6,322152,Roy Kortsmit
7,348647,Boyd Lucassen
8,389479,Boy Kemper
9,408489,Tein Troost
10,109117,Terence Kongolo
11,400057,Casper Staring
12,429373,Roy Kuijpers
13,423275,Kacper Kostorz
14,530990,Daniel Bielica
15,498420,Saná Fernandes
16,468119,Leo Sauer
17,399383,Martin Koscelník
18,484534,Manel Royo
19,530991,Cherrion Valerius
20,530993,Lars Mol
21,531873,Max Balard
22,22300,Lasse Schöne
23,430309,Brayann Pereira
24,499973,Argyris Darellas
25,487049,Koki Ogawa
26,497708,Kodai Sano
27,444619,Stijn van Gassel
28,444741,Kas de Wit
29,422814,Robin Roefs
30,429380,Rijk Janse
31,389945,Sontje Hansen
32,77422,Bram Nuytinck
33,271086,Calvin Verdonk
34,301027,Thomas Ouwejan
35,343314,Vito van Crooij
36,279967,Iván Márquez
37,532237,Basar Önal
38,538340,Kento Shiogai
39,515755,Sami Ouaissa
40,351532,Mees Hoedemakers
41,365712,Rober
42,404207,Lefteris Lyratzis
,ID,Name
0,130304,Walter Benítez
1,427824,Johan Bakayoko
2,346767,Mauro Júnior
3,70524,Ivan Perisic
4,260809,Olivier Boscagli
5,404776,Ismael Saibari
6,481080,Tygo Land
7,275012,Joël Drommel
8,322148,Guus Til
9,345333,Armando Obispo
10,68585,Luuk de Jong
11,232249,Rick Karsdorp
12,354283,Noa Lang
13,444164,Matteo Dams
14,377466,Ricardo Pepi
15,386631,Richard Ledezma
16,397465,Malik Tillman
17,444168,Tijn Smolenaars
18,444737,Ryan Flamingo
19,465011,Adamo Nagalo
20,343347,Arno Verschueren
21,379712,Saïd Bakari
22,513252,Shunsuke Mito
23,279173,Pelle Clement
24,19087,Jonathan de Guzmán
25,243916,Nick Olij
26,379764,Youri Schoonderwaldt
27,422872,Djevencio van der Kust
28,427851,Rick Meissen
29,444160,Mohamed Nassoh
30,444483,Mike Eerdhuijzen
31,444623,Julian Baas
32,449308,Mike Kleijn
33,451993,Boyd Reith
34,491398,Camiel Neghli
35,503818,Max de Ligt
36,506930,Hamza El Dahri
37,276756,Tobias Lauritsen
38,349199,Joshua Kitolano
39,489319,Kaylen Reitmaier
40,433577,Metinho
41,535931,Marvin Young
42,536875,Ayoub Oufkir
,ID,Name
0,460297,Benjamin Tahirovic
1,109807,Bertrand Traoré
2,402666,Josip Sutalo
3,449301,Christian Rasmussen
4,484494,Anton Gaaei
5,116207,Daniele Rugani
6,139299,Branco van den Boomen
7,328550,Owen Wijndal
8,115479,Wout Weghorst
9,34550,Remko Pasveer
10,454337,Jaydon Banel
11,404568,Brian Brobbey
12,422801,Youri Baas
13,400165,Devyne Rensch
14,108860,Davy Klaassen
15,401122,Kenneth Taylor
16,467715,Jorrel Hato
17,400320,Ahmetcan Kaplan
18,68659,Jordan Henderson
19,122294,Chuba Akpom
20,373154,Diant Ramaj
21,540452,Jan Faberski
22,462099,Mika Godts
23,467771,Noam Emeran
24,394980,Marco Rente
25,405003,Thijs Oosting
26,379705,Etienne Vaessen
27,381718,Romano Postema
28,434212,Dirk Baron
29,79967,Leandro Bacuna
30,97719,Joey Pelupessy
31,231013,Hidde Jurjus
32,459078,Thom van Bergen
33,460696,Jorg Schreuders
34,484537,Stije Resink
35,517884,Wouter Prins
36,517927,Finn Stam
37,530978,Sven Bouland
38,321106,Johan Hove
39,444652,Rui Mendes
40,415927,Luciano Valente
41,415928,Thijmen Blokzijl
42,470783,Maxim Mariani
43,482883,Fofin Turay
,ID,Name
0,379701,Ramiz Zerrouki
1,515829,Anis Hadj Moussa
2,347863,Julián Carranza
3,384574,Gernot Trauner
4,436553,Igor Paixão
5,484570,Plamen Andreev
6,517344,Jeyland Mitchell
7,298710,Luka Ivanusec
8,530985,Chris-Kévin Nadje
9,121821,Timon Wellenreuther
10,519755,Ibrahim Osman
11,377288,Ayase Ueda
12,411078,Quinten Timber
13,422921,Antoni Milambo
14,436114,Thomas Beelen
15,444719,Givairo Read
16,302709,Justin Bijlow
17,400059,Gijs Smal
18,409730,Hugo Bueno
19,362779,Dávid Hancko
20,345527,Jordan Lotomba
21,371030,Hwang In-Beom
22,444264,Facundo González
23,425958,Alec Van Hoorenbeeck
24,90235,Lars Unnerstall
25,368289,Issam El Maach
26,402819,Mees Hilgers
27,405560,Daan Rots
28,406780,Max Bruns
29,422804,Bart van Rooij
30,427577,Youri Regeer
31,437387,Anass Salah-Eddine
32,134722,Bas Kuipers
33,301423,Mitchell van Bergen
34,321910,Carel Eiting
35,322149,Michel Vlap
36,328269,Sam Lammers
37,361794,Sem Steijn
38,475578,Mats Rots
39,475579,Gijs Besselink
40,478021,Juliën Mesbahi
41,34545,Przemyslaw Tyton
42,428096,Gustaf Lagerbielke
43,457265,Sayfallah Ltaief
44,404777,Mathias Kjølø
,ID,Name
0,365119,Ezequiel Bullaude
1,400545,Shawn Adewoye
2,534227,Luka Tunjic
3,396058,Rodrigo Guth
4,228329,Samuel Bastien
5,120151,Alen Halilovic
6,343981,Ante Erceg
7,424369,Josip Mitrovic
8,530987,Makan Aiko
9,421892,Loreintz Rosier
10,527633,Tristan Schenkhuizen
11,409160,Syb van Ottele
12,97367,Mattijs Branderhorst
13,115574,Mitchell Dijks
14,301457,Luuk Koopmans
15,400011,Jasper Dahlhaus
16,70598,Ivo Pinto
17,531510,Ryan Fosso
18,531569,Darijo Grujcic
19,525774,Ramazan Bayram
20,485376,Ibrahim Sadiq
21,499764,Seiya Maikuma
22,510581,Jayden Addai
23,497707,Dave Kwakman
24,484652,Ruben van Bommel
25,67299,Jeroen Zoet
26,90810,Bruno Martins Indi
27,90834,Hobie Verhulst
28,383560,Sven Mijnans
29,408102,Peer Koopmeiners
30,415772,Zico Buurmeester
31,422737,Ernest Poku
32,422867,Mees de Wit
33,432172,Denso Kasius
34,433950,Mexx Meerdink
35,434318,Maxim Dekker
36,444717,Lequincio Zeefuik
37,422248,Alexandre Penetra
38,444780,Mayckel Lahdo
39,470735,Rome-Jayden Owusu-Oduro
40,415341,David Møller Wolfe
41,384064,Troy Parrott
42,513559,Kees Smit
,ID,Name
0,451676,Jari De Busser
1,530988,Mathis Suray
2,484492,Aske Adelgaard
3,484558,Jakob Breum
4,424578,Oliver Antman
5,288859,Gerrit Nauber
6,362691,Luca Plogmann
7,382238,Bobby Adekanye
8,322159,Finn Stokkers
9,355961,Evert Linthorst
10,400173,Jamal Amofa
11,411691,Enric Llansana
12,422633,Mats Deijl
13,422781,Luca Everink
14,431651,Nando Verdoni
15,436147,Milan Smit
16,444655,Julius Dirksen
17,444783,Robbin Weijenberg
18,445056,Calvin Twigt
19,276442,Joris Kramer
20,383616,Oliver Edvardsen
21,470692,Victor Edvardsen
22,450923,Brian De Keersmaecker
23,530989,Robin Mantel
24,534710,Luka Kulenovic
25,370314,Jan Zamburek
26,499929,Juho Talvitie
27,225522,Mario Engels
28,401250,Jannes Wieckhoff
29,404976,Suf Podgoreanu
30,495554,Lorenzo Milani
31,433912,Timo Jansink
32,444714,Damon Mirani
33,423949,Mimeirhel Benita
34,299511,Jordy Bruijn
35,312702,Justin Hoogma
36,349481,Jizz Hornkamp
37,364306,Daniël van Kaam
38,379686,Ruben Roosken
39,382581,Fabian de Keijzer
40,69789,Kelvin Leerdam
41,96581,Thomas Bruns
42,424540,Ivan Mesík
43,449309,Shiloh 't Zand
,ID,Name
0,426910,Ilias Sebaoui
1,535678,Jacob Trenskow
2,319396,Amara Condé
3,323531,Mats Köhlert
4,536000,Dimitris Rallis
5,492109,Melle Witteveen
6,497178,Espen van Ee
7,531002,Levi Smans
8,121834,Mickey van der Hart
9,252239,Andries Noppert
10,296543,Jan Bekkema
11,379599,Ché Nunnely
12,380731,Sam Kersten
13,387720,Denzel Hall
14,436168,Nikolai Hopland
15,497179,Oliver Braude
16,142376,Pawel Bochniewicz
17,327724,Simon Olsson
18,436158,Daniel Karlsbakk
19,422634,Luuk Brouwers
20,536002,Isaiah Ahmed
21,399855,Dylan Mbayo
22,400278,Thierry Lutonda
23,399311,Filip Krastev
24,296684,Jamiro Monteiro
25,259930,Younes Namli
26,391924,Braydon Manu
27,333527,Odysseus Velanas
28,333781,Dylan Vente
29,352844,Thomas Buitink
30,362467,Jasper Schendelaar
31,365152,Eliano Reijnders
32,20831,Kenneth Vermeer
33,317693,Mike Hauptmeijer
34,322157,Sherel Floranus
35,400823,Davy van den Berg
36,431253,Damian van der Haar
37,454339,Olivier Aertssen
38,489992,Nick Fichtinger
39,490379,Anouar El Azzouzi
40,513251,Teun Gijselhart
41,515596,Kaj de Rooij
42,137327,Ryan Thomas
43,424502,Anselmo MacNulty
,ID,Name
0,78353,Marvin Peersman
1,467771,Noam Emeran
2,394980,Marco Rente
3,388041,Brynjólfur Willumsson
4,517927,Finn Stam
5,530978,Sven Bouland
6,530980,Roy Leicester
7,405003,Thijs Oosting
8,79967,Leandro Bacuna
9,97719,Joey Pelupessy
10,231013,Hidde Jurjus
11,459078,Thom van Bergen
12,460696,Jorg Schreuders
13,379705,Etienne Vaessen
14,379742,Laros Duarte
15,434212,Dirk Baron
16,321106,Johan Hove
17,444652,Rui Mendes
18,530983,Nils Eggens
19,535702,Marco Speelman
20,482883,Fofin Turay
21,415926,Tika de Jonge
22,415927,Luciano Valente
23,404216,Leo Greiml
24,400523,Jan Van den Bergh
25,412176,Dominik Janosek
26,113783,Elías Már Ómarsson
27,211233,Enes Mahmutovic
28,322152,Roy Kortsmit
29,348647,Boyd Lucassen
30,400057,Casper Staring
31,408489,Tein Troost
32,429373,Roy Kuijpers
33,437076,Matthew Garbett
34,320427,Fredrik Oldrup Jensen
35,423275,Kacper Kostorz
36,530990,Daniel Bielica
37,498420,Saná Fernandes
38,399383,Martin Koscelník
39,484534,Manel Royo
40,429616,Adam Kaied
41,530991,Cherrion Valerius
42,530993,Lars Mol
43,531873,Max Balard
,ID,Name
0,530976,Jonas Wendlinger
1,128564,Baptiste Guillaume
2,431023,Faïz Mattoir
3,429632,Álex Balboa
4,296323,Thomas Robinet
5,450417,Logan Delaurier-Chaubet
6,409755,Vasilios Zagaritis
7,322157,Sherel Floranus
8,363872,Christopher Mamengi
9,379734,Hamdi Akujobi
10,484527,Nordin Bakker
11,484531,Joey Jacobs
12,484533,Jaden Pinas
13,484537,Stije Resink
14,484538,Guus Beaumont
15,484540,Jochem Ritmeester van de Kamp
16,484542,Jeffry Puriël
17,497336,Joël van der Wilt
18,395381,Kornelius Hansen
19,396431,Ricardo Visus
20,392651,Adi Nalic
21,535836,Emanuel Poku
22,485376,Ibrahim Sadiq
23,499764,Seiya Maikuma
24,510581,Jayden Addai
25,415772,Zico Buurmeester
26,408102,Peer Koopmeiners
27,67299,Jeroen Zoet
28,90802,Jordy Clasie
29,90834,Hobie Verhulst
30,133959,Riechedly Bazoer
31,383560,Sven Mijnans
32,422737,Ernest Poku
33,432172,Denso Kasius
34,434318,Maxim Dekker
35,438484,Myron van Brederode
36,444717,Lequincio Zeefuik
37,470734,Daniël Deen
38,472183,Wouter Goes
39,484652,Ruben van Bommel
40,422248,Alexandre Penetra
41,439447,Kristijan Belic
42,384064,Troy Parrott
43,415341,David Møller Wolfe
,ID,Name
0,379701,Ramiz Zerrouki
1,515829,Anis Hadj Moussa
2,347863,Julián Carranza
3,436553,Igor Paixão
4,298710,Luka Ivanusec
5,404200,Ondrej Lingr
6,121821,Timon Wellenreuther
7,377288,Ayase Ueda
8,445061,Santiago Giménez
9,450767,Mikki van Sas
10,489979,Gjivai Zechiël
11,297527,Bart Nieuwkoop
12,302709,Justin Bijlow
13,345441,Lutsharel Geertruida
14,411078,Quinten Timber
15,412907,Neraysho Kasanwirjo
16,422921,Antoni Milambo
17,436114,Thomas Beelen
18,444719,Givairo Read
19,400059,Gijs Smal
20,357133,Marcus Pedersen
21,362779,Dávid Hancko
22,371042,Marcos López
23,531004,Raffael Behounek
24,391257,Mickaël Tirpan
25,420300,Cisse Sandra
26,443089,Kyan Vaesen
27,448628,Rob Nizet
28,89358,Jeremy Bokila
29,135109,Thomas Didillon-Hödl
30,444729,Emilio Kehrer
31,122194,Joshua Smits
32,298493,Patrick Joosten
33,379600,Connor van den Berg
34,379702,Jesse Bosch
35,382582,Tommy St. Jago
36,422858,Nick Doodeman
37,425569,Ringo Meerveld
38,432117,Max de Waal
39,531003,Valentino Vermeulen
40,535802,Jens Mathijsen
41,531005,Amine Lachkar
42,531009,Dani Mathieu
43,451513,Rúnar Sigurgeirsson
44,531013,Khaled Razak
45,535803,Per Van Loon
,ID,Name
0,22300,Lasse Schöne
1,430309,Brayann Pereira
2,499973,Argyrios Darelas
3,497708,Kodai Sano
4,506727,D'Leanu Arts
5,531511,Luc Nieuwenhuijs
6,444619,Stijn van Gassel
7,444741,Kas de Wit
8,77422,Bram Nuytinck
9,271086,Calvin Verdonk
10,389945,Sontje Hansen
11,422804,Bart van Rooij
12,422806,Dirk Proper
13,422814,Robin Roefs
14,429380,Rijk Janse
15,335725,Lars Olden Larsen
16,279967,Iván Márquez
17,532237,Basar Önal
18,515755,Sami Ouaissa
19,351532,Mees Hoedemakers
20,365712,Rober
21,425958,Alec Van Hoorenbeeck
22,90235,Lars Unnerstall
23,368289,Issam El Maach
24,484544,Younes Taha
25,494032,Harrie Kuster
26,37344,Ricky van Wolfswinkel
27,134722,Bas Kuipers
28,301423,Mitchell van Bergen
29,321910,Carel Eiting
30,322149,Michel Vlap
31,328269,Sam Lammers
32,361794,Sem Steijn
33,427577,Youri Regeer
34,437387,Anass Salah-Eddine
35,405560,Daan Rots
36,406780,Max Bruns
37,475578,Mats Rots
38,478021,Juliën Mesbahi
39,34545,Przemyslaw Tyton
40,457265,Sayfallah Ltaief
41,404777,Mathias Kjølø
,ID,Name
0,130304,Walter Benítez
1,427824,Johan Bakayoko
2,260809,Olivier Boscagli
3,318511,Hirving Lozano
4,322148,Guus Til
5,331555,Jerdy Schouten
6,354283,Noa Lang
7,361839,Jordan Teze
8,275012,Joël Drommel
9,382556,Joey Veerman
10,444163,Emmanuel van de Blaak
11,444164,Matteo Dams
12,462233,Niek Schiks
13,481080,Tygo Land
14,489985,Isaac Babadi
15,68585,Luuk de Jong
16,400009,Couhaib Driouech
17,403097,Fredrik Oppegård
18,386631,Richard Ledezma
19,397465,Malik Tillman
20,377466,Ricardo Pepi
21,444737,Ryan Flamingo
22,255946,Dario Van den Buijs
23,450984,Ilias Takidine
24,469502,Chris Lokesa
25,446984,Daouda Weidmann
26,31238,Aaron Meijers
27,40342,Michiel Kramer
28,141965,Jeroen Houwen
29,243708,Yanick van Osch
30,322182,Reuven Niemeijer
31,289015,Julian Lelieveld
32,357080,Godfried Roemeratoe
33,369048,Richonell Margaret
34,380663,Patrick Vroegh
35,387172,Denilho Cleonise
36,389411,Yassin Oukili
37,391284,Richard van der Venne
38,403820,Juan Familia-Castillo
39,429270,Joey Kesting
40,433575,Liam van Gelderen
41,303134,Oskar Zawada
42,353698,Roshon van Eijma
43,531000,Tim van de Loo
,ID,Name
0,109807,Bertrand Traoré
1,381530,Jakov Medic
2,402666,Josip Sutalo
3,484494,Anton Gaaei
4,424248,Kristian Hlynsson
5,89794,Steven Berghuis
6,454348,Julian Rijkhoff
7,467715,Jorrel Hato
8,404568,Brian Brobbey
9,415781,Kian Fitz-Jim
10,422801,Youri Baas
11,422802,Jay Gorter
12,400165,Devyne Rensch
13,401122,Kenneth Taylor
14,139299,Branco van den Boomen
15,34550,Remko Pasveer
16,408613,Sivert Mannsverk
17,468850,Carlos Forbs
18,68659,Jordan Henderson
19,122294,Chuba Akpom
20,373154,Diant Ramaj
21,462099,Mika Godts
22,532234,Dies Janse
23,426910,Ilias Sebaoui
24,535678,Jacob Trenskow
25,323531,Mats Köhlert
26,479298,Danilo Al Saed
27,363248,Ion Nicolaescu
28,380731,Sam Kersten
29,387720,Denzel Hall
30,497178,Espen van Ee
31,252239,Andries Noppert
32,121834,Mickey van der Hart
33,536000,Dimitris Rallis
34,536001,Ties Oostra
35,472399,Bernt Klaverboer
36,531002,Levi Smans
37,497179,Oliver Braude
38,142376,Pawel Bochniewicz
39,327724,Simon Olsson
40,406536,Hussein Ali
41,422634,Luuk Brouwers
42,436158,Daniel Karlsbakk
43,536002,Isaiah Ahmed
,ID,Name
0,328432,Siebe Horemans
1,402885,Anthony Descotte
2,411418,Matisse Didden
3,450214,Alonzo Engwanda
4,467757,Silas Andersen
5,443654,Andreas Dithmer
6,403644,Victor Jensen
7,394998,Can Bozdogan
8,135954,Vasilios Barkas
9,429514,Zidane Iqbal
10,422805,Souffian El Karouani
11,400279,David Min
12,402852,Ole Romeny
13,409462,Noah Ohio
14,70906,Nick Viergever
15,82401,Jens Toornstra
16,101605,Mike van der Hoorn
17,512213,Joshua Mukeh
18,454336,Tom de Graaff
19,413783,Paxten Aaronson
20,444675,Taylor Booth
21,438303,Adrian Blake
22,504849,Rickson van Hees
23,399855,Dylan Mbayo
24,400278,Thierry Lutonda
25,399311,Filip Krastev
26,391924,Braydon Manu
27,82029,Apostolos Vellios
28,333527,Odysseus Velanas
29,352844,Thomas Buitink
30,362467,Jasper Schendelaar
31,365152,Eliano Reijnders
32,400823,Davy van den Berg
33,20831,Kenneth Vermeer
34,317693,Mike Hauptmeijer
35,431253,Damian van der Haar
36,454338,Tristan Gooijer
37,489992,Nick Fichtinger
38,489995,Mohamed Oukhattou
39,490379,Anouar El Azzouzi
40,513251,Teun Gijselhart
41,515596,Kaj de Rooij
42,137327,Ryan Thomas
43,424502,Anselmo MacNulty
44,354027,Anthony Fontana
,ID,Name
0,404077,Thibo Baeten
1,530988,Mathis Suray
2,484558,Jakob Breum
3,288859,Gerrit Nauber
4,362691,Luca Plogmann
5,382238,Bobby Adekanye
6,400173,Jamal Amofa
7,322159,Finn Stokkers
8,355961,Evert Linthorst
9,411691,Enric Llansana
10,422633,Mats Deijl
11,422781,Luca Everink
12,426002,Sven Jansen
13,431651,Nando Verdoni
14,276442,Joris Kramer
15,444782,Pim Saathof
16,444783,Robbin Weijenberg
17,445055,Dean James
18,445056,Calvin Twigt
19,470692,Victor Edvardsen
20,444349,Søren Tengstedt
21,400545,Shawn Adewoye
22,436591,Milan Robberechts
23,534227,Luka Tunjic
24,396058,Rodrigo Guth
25,228329,Samuel Bastien
26,120151,Alen Halilovic
27,424369,Josip Mitrovic
28,343981,Ante Erceg
29,421892,Loreintz Rosier
30,530987,Makan Aiko
31,409160,Syb van Ottele
32,527633,Tristan Schenkhuizen
33,97367,Mattijs Branderhorst
34,115574,Mitchell Dijks
35,301457,Luuk Koopmans
36,400011,Jasper Dahlhaus
37,70598,Ivo Pinto
38,140902,Kristoffer Peterson
39,531510,Ryan Fosso
40,531569,Darijo Grujcic
41,525774,Ramazan Bayram
42,527097,Sjors-Lowis Hermsen
,ID,Name
0,343347,Arno Verschueren
1,382494,Charles-Andreas Brym
2,379712,Saïd Bakari
3,513252,Shunsuke Mito
4,379764,Youri Schoonderwaldt
5,279173,Pelle Clement
6,491398,Camiel Neghli
7,422872,Djevencio van der Kust
8,427851,Rick Meissen
9,19087,Jonathan de Guzmán
10,243916,Nick Olij
11,444160,Mohamed Nassoh
12,444483,Mike Eerdhuijzen
13,444623,Julian Baas
14,449308,Mike Kleijn
15,451993,Boyd Reith
16,276756,Tobias Lauritsen
17,349199,Joshua Kitolano
18,457153,Teo Quintero
19,475142,Rayvien Rosario
20,489319,Kaylen Reitmaier
21,433577,Metinho
22,535931,Marvin Young
23,401137,Bryan Limbombe
24,450923,Brian De Keersmaecker
25,530989,Robin Mantel
26,499929,Juho Talvitie
27,225522,Mario Engels
28,401250,Jannes Wieckhoff
29,450983,Antonio Satriano
30,495554,Lorenzo Milani
31,96581,Thomas Bruns
32,423949,Mimeirhel Benita
33,433912,Timo Jansink
34,433913,Sem Scheperman
35,444714,Damon Mirani
36,299511,Jordy Bruijn
37,364306,Daniël van Kaam
38,382581,Fabian de Keijzer
39,424540,Ivan Mesík
40,449309,Shiloh 't Zand
41,527632,Jop Tijink
42,535937,Giandro Sambo
43,535938,Tiago Codinha
,ID,Name
0,485376,Ibrahim Sadiq
1,499764,Seiya Maikuma
2,510581,Jayden Addai
3,67299,Jeroen Zoet
4,90802,Jordy Clasie
5,90834,Hobie Verhulst
6,383560,Sven Mijnans
7,408102,Peer Koopmeiners
8,415772,Zico Buurmeester
9,422737,Ernest Poku
10,432172,Denso Kasius
11,433950,Mexx Meerdink
12,434318,Maxim Dekker
13,444717,Lequincio Zeefuik
14,472183,Wouter Goes
15,484652,Ruben van Bommel
16,422248,Alexandre Penetra
17,444780,Mayckel Lahdo
18,470735,Rome-Jayden Owusu-Oduro
19,439447,Kristijan Belic
20,415341,David Møller Wolfe
21,384064,Troy Parrott
22,426910,Ilias Sebaoui
23,535678,Jacob Trenskow
24,323531,Mats Köhlert
25,479298,Danilo Al Saed
26,363248,Ion Nicolaescu
27,379599,Ché Nunnely
28,380731,Sam Kersten
29,387720,Denzel Hall
30,497178,Espen van Ee
31,121834,Mickey van der Hart
32,252239,Andries Noppert
33,296543,Jan Bekkema
34,536000,Dimitris Rallis
35,531002,Levi Smans
36,436168,Nikolai Hopland
37,497179,Oliver Braude
38,142376,Pawel Bochniewicz
39,327724,Simon Olsson
40,406536,Hussein Ali
41,422634,Luuk Brouwers
42,436158,Daniel Karlsbakk
43,536002,Isaiah Ahmed
,ID,Name
0,78353,Marvin Peersman
1,467771,Noam Emeran
2,388041,Brynjólfur Willumsson
3,484537,Stije Resink
4,517884,Wouter Prins
5,517927,Finn Stam
6,405003,Thijs Oosting
7,79967,Leandro Bacuna
8,97719,Joey Pelupessy
9,231013,Hidde Jurjus
10,459078,Thom van Bergen
11,460696,Jorg Schreuders
12,379705,Etienne Vaessen
13,381718,Romano Postema
14,434212,Dirk Baron
15,321106,Johan Hove
16,444652,Rui Mendes
17,470783,Maxim Mariani
18,482883,Fofin Turay
19,415927,Luciano Valente
20,415928,Thijmen Blokzijl
21,347863,Julián Carranza
22,384574,Gernot Trauner
23,436553,Igor Paixão
24,484570,Plamen Andreev
25,517344,Jeyland Mitchell
26,298710,Luka Ivanusec
27,530985,Chris-Kévin Nadje
28,121821,Timon Wellenreuther
29,519755,Ibrahim Osman
30,377288,Ayase Ueda
31,445061,Santiago Giménez
32,489979,Gjivai Zechiël
33,444719,Givairo Read
34,400059,Gijs Smal
35,411078,Quinten Timber
36,422921,Antoni Milambo
37,436114,Thomas Beelen
38,297527,Bart Nieuwkoop
39,302709,Justin Bijlow
40,362779,Dávid Hancko
41,345527,Jordan Lotomba
42,444264,Facundo González
,ID,Name
0,404216,Leo Greiml
1,400523,Jan Van den Bergh
2,412176,Dominik Janosek
3,113783,Elías Már Ómarsson
4,211233,Enes Mahmutovic
5,244640,Clint Leemans
6,322152,Roy Kortsmit
7,348647,Boyd Lucassen
8,389479,Boy Kemper
9,109117,Terence Kongolo
10,400057,Casper Staring
11,429373,Roy Kuijpers
12,437076,Matthew Garbett
13,320427,Fredrik Oldrup Jensen
14,423275,Kacper Kostorz
15,530990,Daniel Bielica
16,498420,Saná Fernandes
17,468119,Leo Sauer
18,399383,Martin Koscelník
19,484534,Manel Royo
20,429616,Adam Kaied
21,530991,Cherrion Valerius
22,531873,Max Balard
23,365119,Ezequiel Bullaude
24,400545,Shawn Adewoye
25,534227,Luka Tunjic
26,396058,Rodrigo Guth
27,228329,Samuel Bastien
28,343981,Ante Erceg
29,120151,Alen Halilovic
30,424369,Josip Mitrovic
31,421892,Loreintz Rosier
32,97367,Mattijs Branderhorst
33,115574,Mitchell Dijks
34,301457,Luuk Koopmans
35,400011,Jasper Dahlhaus
36,409160,Syb van Ottele
37,70598,Ivo Pinto
38,140902,Kristoffer Peterson
39,531510,Ryan Fosso
40,531569,Darijo Grujcic
41,525774,Ramazan Bayram
,ID,Name
0,130304,Walter Benítez
1,427824,Johan Bakayoko
2,260809,Olivier Boscagli
3,404776,Ismael Saibari
4,481080,Tygo Land
5,275012,Joël Drommel
6,322148,Guus Til
7,331555,Jerdy Schouten
8,382556,Joey Veerman
9,68585,Luuk de Jong
10,400009,Couhaib Driouech
11,444164,Matteo Dams
12,462233,Niek Schiks
13,386631,Richard Ledezma
14,397465,Malik Tillman
15,377466,Ricardo Pepi
16,465011,Adamo Nagalo
17,444737,Ryan Flamingo
18,532295,Michael Bresser
19,22300,Lasse Schöne
20,430309,Brayann Pereira
21,499973,Argyris Darellas
22,487049,Koki Ogawa
23,497708,Kodai Sano
24,444619,Stijn van Gassel
25,422806,Dirk Proper
26,429380,Rijk Janse
27,301027,Thomas Ouwejan
28,321959,Philippe Sandler
29,389945,Sontje Hansen
30,77422,Bram Nuytinck
31,271086,Calvin Verdonk
32,279967,Iván Márquez
33,532237,Basar Önal
34,404207,Lefteris Lyratzis
35,351532,Mees Hoedemakers
36,365712,Rober
37,515755,Sami Ouaissa
38,538340,Kento Shiogai
,ID,Name
0,425958,Alec Van Hoorenbeeck
1,90235,Lars Unnerstall
2,368289,Issam El Maach
3,484544,Younes Taha
4,475578,Mats Rots
5,475579,Gijs Besselink
6,427577,Youri Regeer
7,436492,Sam Karssies
8,437387,Anass Salah-Eddine
9,402819,Mees Hilgers
10,405560,Daan Rots
11,406780,Max Bruns
12,422804,Bart van Rooij
13,134722,Bas Kuipers
14,301423,Mitchell van Bergen
15,321910,Carel Eiting
16,322149,Michel Vlap
17,328269,Sam Lammers
18,361794,Sem Steijn
19,37344,Ricky van Wolfswinkel
20,428096,Gustaf Lagerbielke
21,457265,Sayfallah Ltaief
22,404777,Mathias Kjølø
23,399855,Dylan Mbayo
24,400278,Thierry Lutonda
25,399311,Filip Krastev
26,296684,Jamiro Monteiro
27,259930,Younes Namli
28,333527,Odysseus Velanas
29,20831,Kenneth Vermeer
30,333781,Dylan Vente
31,352844,Thomas Buitink
32,362467,Jasper Schendelaar
33,365152,Eliano Reijnders
34,317693,Mike Hauptmeijer
35,322157,Sherel Floranus
36,400823,Davy van den Berg
37,431253,Damian van der Haar
38,489992,Nick Fichtinger
39,489995,Mohamed Oukhattou
40,490379,Anouar El Azzouzi
41,513251,Teun Gijselhart
42,515596,Kaj de Rooij
43,137327,Ryan Thomas
44,424502,Anselmo MacNulty
45,416971,Simon Graves
,ID,Name
0,450923,Brian De Keersmaecker
1,530989,Robin Mantel
2,534710,Luka Kulenovic
3,225522,Mario Engels
4,404976,Suf Podgoreanu
5,495554,Lorenzo Milani
6,433912,Timo Jansink
7,433913,Sem Scheperman
8,444714,Damon Mirani
9,423949,Mimeirhel Benita
10,69789,Kelvin Leerdam
11,96581,Thomas Bruns
12,299511,Jordy Bruijn
13,312702,Justin Hoogma
14,364306,Daniël van Kaam
15,379686,Ruben Roosken
16,382581,Fabian de Keijzer
17,424540,Ivan Mesík
18,449309,Shiloh 't Zand
19,535937,Giandro Sambo
20,530976,Jonas Wendlinger
21,128564,Baptiste Guillaume
22,143815,Anas Tahiri
23,431023,Faïz Mattoir
24,429632,Álex Balboa
25,432217,Junior Kadile
26,450417,Logan Delaurier-Chaubet
27,404551,Ruben Providence
28,296323,Thomas Robinet
29,409755,Vasilios Zagaritis
30,484527,Nordin Bakker
31,484531,Joey Jacobs
32,484540,Jochem Ritmeester van de Kamp
33,497336,Joël van der Wilt
34,363872,Christopher Mamengi
35,379734,Hamdi Akujobi
36,137368,Damil Dankerlui
37,124380,Thom Haye
38,395381,Kornelius Hansen
39,396431,Ricardo Visus
40,321235,Àlex Carbonell
41,392651,Adi Nalic
42,108624,James Lawrence
,ID,Name
0,343347,Arno Verschueren
1,382494,Charles-Andreas Brym
2,379712,Saïd Bakari
3,513252,Shunsuke Mito
4,279173,Pelle Clement
5,379764,Youri Schoonderwaldt
6,491398,Camiel Neghli
7,506930,Hamza El Dahri
8,444160,Mohamed Nassoh
9,444483,Mike Eerdhuijzen
10,444623,Julian Baas
11,449308,Mike Kleijn
12,451993,Boyd Reith
13,422872,Djevencio van der Kust
14,427851,Rick Meissen
15,243916,Nick Olij
16,276756,Tobias Lauritsen
17,349199,Joshua Kitolano
18,457153,Teo Quintero
19,433577,Metinho
20,535931,Marvin Young
21,536875,Ayoub Oufkir
22,538000,Dylan Tevreden
23,451676,Jari De Busser
24,530988,Mathis Suray
25,484492,Aske Adelgaard
26,484558,Jakob Breum
27,424578,Oliver Antman
28,362691,Luca Plogmann
29,288859,Gerrit Nauber
30,355961,Evert Linthorst
31,276442,Joris Kramer
32,382238,Bobby Adekanye
33,400173,Jamal Amofa
34,411691,Enric Llansana
35,422633,Mats Deijl
36,422781,Luca Everink
37,426002,Sven Jansen
38,436147,Milan Smit
39,444655,Julius Dirksen
40,444783,Robbin Weijenberg
41,445055,Dean James
42,445056,Calvin Twigt
43,470692,Victor Edvardsen
44,444349,Søren Tengstedt
,ID,Name
0,531004,Raffael Behounek
1,443089,Kyan Vaesen
2,448628,Rob Nizet
3,391257,Mickaël Tirpan
4,400487,Boris Lambert
5,420300,Cisse Sandra
6,89358,Jeremy Bokila
7,135109,Thomas Didillon-Hödl
8,444729,Emilio Kehrer
9,531005,Amine Lachkar
10,531003,Valentino Vermeulen
11,298493,Patrick Joosten
12,379600,Connor van den Berg
13,379702,Jesse Bosch
14,382582,Tommy St. Jago
15,422858,Nick Doodeman
16,425569,Ringo Meerveld
17,405831,Maarten Schut
18,535802,Jens Mathijsen
19,455539,Amar Fatah
20,531013,Khaled Razak
21,451513,Rúnar Sigurgeirsson
22,535803,Per van Loon
23,255946,Dario Van den Buijs
24,450984,Ilias Takidine
25,469502,Chris Lokesa
26,320608,Alexander Jakobsen
27,446984,Daouda Weidmann
28,322182,Reuven Niemeijer
29,289015,Julian Lelieveld
30,31238,Aaron Meijers
31,141965,Jeroen Houwen
32,243708,Yanick van Osch
33,357080,Godfried Roemeratoe
34,369048,Richonell Margaret
35,380663,Patrick Vroegh
36,387172,Denilho Cleonise
37,389411,Yassin Oukili
38,403820,Juan Familia-Castillo
39,429270,Joey Kesting
40,433575,Liam van Gelderen
41,444674,Kevin Felida
42,303134,Oskar Zawada
43,353698,Roshon van Eijma
44,531000,Tim van de Loo
,ID,Name
0,400545,Shawn Adewoye
1,436591,Milan Robberechts
2,534227,Luka Tunjic
3,396058,Rodrigo Guth
4,228329,Samuel Bastien
5,343981,Ante Erceg
6,120151,Alen Halilovic
7,424369,Josip Mitrovic
8,421892,Loreintz Rosier
9,530987,Makan Aiko
10,527633,Tristan Schenkhuizen
11,400011,Jasper Dahlhaus
12,409160,Syb van Ottele
13,97367,Mattijs Branderhorst
14,115574,Mitchell Dijks
15,301457,Luuk Koopmans
16,70598,Ivo Pinto
17,140902,Kristoffer Peterson
18,531510,Ryan Fosso
19,531569,Darijo Grujcic
20,525774,Ramazan Bayram
21,527097,Sjors-Lowis Hermsen
22,530976,Jonas Wendlinger
23,431023,Faïz Mattoir
24,429632,Álex Balboa
25,450417,Logan Delaurier-Chaubet
26,296323,Thomas Robinet
27,409755,Vasilios Zagaritis
28,322157,Sherel Floranus
29,363872,Christopher Mamengi
30,379734,Hamdi Akujobi
31,484527,Nordin Bakker
32,484531,Joey Jacobs
33,484533,Jaden Pinas
34,484537,Stije Resink
35,484540,Jochem Ritmeester van de Kamp
36,484542,Jeffry Puriël
37,497336,Joël van der Wilt
38,395381,Kornelius Hansen
39,321235,Àlex Carbonell
40,392651,Adi Nalic
41,535836,Emanuel Poku
42,536748,Marley Dors
,ID,Name
0,485376,Ibrahim Sadiq
1,499764,Seiya Maikuma
2,510581,Jayden Addai
3,90802,Jordy Clasie
4,90834,Hobie Verhulst
5,133959,Riechedly Bazoer
6,383560,Sven Mijnans
7,408102,Peer Koopmeiners
8,415772,Zico Buurmeester
9,422737,Ernest Poku
10,432172,Denso Kasius
11,433950,Mexx Meerdink
12,438484,Myron van Brederode
13,444717,Lequincio Zeefuik
14,470734,Daniël Deen
15,472183,Wouter Goes
16,484652,Ruben van Bommel
17,422248,Alexandre Penetra
18,415341,David Møller Wolfe
19,384064,Troy Parrott
20,470735,Rome-Jayden Owusu-Oduro
21,439447,Kristijan Belic
22,22300,Lasse Schöne
23,430309,Brayann Pereira
24,499973,Argyrios Darelas
25,487049,Koki Ogawa
26,497708,Kodai Sano
27,444619,Stijn van Gassel
28,444741,Kas de Wit
29,389945,Sontje Hansen
30,422804,Bart van Rooij
31,422806,Dirk Proper
32,422814,Robin Roefs
33,429380,Rijk Janse
34,301027,Thomas Ouwejan
35,77422,Bram Nuytinck
36,271086,Calvin Verdonk
37,279967,Iván Márquez
38,532237,Basar Önal
39,515755,Sami Ouaissa
40,351532,Mees Hoedemakers
41,365712,Rober
,ID,Name
0,255946,Dario Van den Buijs
1,450984,Ilias Takidine
2,469502,Chris Lokesa
3,446984,Daouda Weidmann
4,289015,Julian Lelieveld
5,322182,Reuven Niemeijer
6,31238,Aaron Meijers
7,40342,Michiel Kramer
8,141965,Jeroen Houwen
9,243708,Yanick van Osch
10,357080,Godfried Roemeratoe
11,369048,Richonell Margaret
12,380663,Patrick Vroegh
13,387172,Denilho Cleonise
14,389411,Yassin Oukili
15,391284,Richard van der Venne
16,403820,Juan Familia-Castillo
17,429270,Joey Kesting
18,433575,Liam van Gelderen
19,303134,Oskar Zawada
20,531000,Tim van de Loo
21,353698,Roshon van Eijma
22,78353,Marvin Peersman
23,467771,Noam Emeran
24,394980,Marco Rente
25,388041,Brynjólfur Willumsson
26,517884,Wouter Prins
27,517927,Finn Stam
28,530978,Sven Bouland
29,405003,Thijs Oosting
30,434212,Dirk Baron
31,459078,Thom van Bergen
32,460696,Jorg Schreuders
33,379705,Etienne Vaessen
34,79967,Leandro Bacuna
35,97719,Joey Pelupessy
36,231013,Hidde Jurjus
37,321106,Johan Hove
38,444652,Rui Mendes
39,415926,Tika de Jonge
40,415927,Luciano Valente
41,415928,Thijmen Blokzijl
,ID,Name
0,426910,Ilias Sebaoui
1,535678,Jacob Trenskow
2,323531,Mats Köhlert
3,479298,Danilo Al Saed
4,363248,Ion Nicolaescu
5,380731,Sam Kersten
6,387720,Denzel Hall
7,121834,Mickey van der Hart
8,536000,Dimitris Rallis
9,536001,Ties Oostra
10,252239,Andries Noppert
11,472399,Bernt Klaverboer
12,497178,Espen van Ee
13,531002,Levi Smans
14,497179,Oliver Braude
15,142376,Pawel Bochniewicz
16,327724,Simon Olsson
17,406536,Hussein Ali
18,422634,Luuk Brouwers
19,436158,Daniel Karlsbakk
20,536002,Isaiah Ahmed
21,328432,Siebe Horemans
22,402885,Anthony Descotte
23,411418,Matisse Didden
24,450214,Alonzo Engwanda
25,467757,Silas Andersen
26,403644,Victor Jensen
27,394998,Can Bozdogan
28,135954,Vasilios Barkas
29,429514,Zidane Iqbal
30,422805,Souffian El Karouani
31,454336,Tom de Graaff
32,512213,Joshua Mukeh
33,70906,Nick Viergever
34,82401,Jens Toornstra
35,101605,Mike van der Hoorn
36,116684,Michael Brouwer
37,400279,David Min
38,402852,Ole Romeny
39,409462,Noah Ohio
40,413783,Paxten Aaronson
41,444675,Taylor Booth
42,438303,Adrian Blake
43,504849,Rickson van Hees
,ID,Name
0,425958,Alec Van Hoorenbeeck
1,90235,Lars Unnerstall
2,368289,Issam El Maach
3,484544,Younes Taha
4,494032,Harrie Kuster
5,402819,Mees Hilgers
6,37344,Ricky van Wolfswinkel
7,134722,Bas Kuipers
8,301423,Mitchell van Bergen
9,321910,Carel Eiting
10,322149,Michel Vlap
11,328269,Sam Lammers
12,361794,Sem Steijn
13,427577,Youri Regeer
14,437387,Anass Salah-Eddine
15,405560,Daan Rots
16,406780,Max Bruns
17,475578,Mats Rots
18,478021,Juliën Mesbahi
19,34545,Przemyslaw Tyton
20,457265,Sayfallah Ltaief
21,404777,Mathias Kjølø
22,343347,Arno Verschueren
23,382494,Charles-Andreas Brym
24,379712,Saïd Bakari
25,513252,Shunsuke Mito
26,19087,Jonathan de Guzmán
27,243916,Nick Olij
28,422872,Djevencio van der Kust
29,427851,Rick Meissen
30,379764,Youri Schoonderwaldt
31,491398,Camiel Neghli
32,506930,Hamza El Dahri
33,444160,Mohamed Nassoh
34,444483,Mike Eerdhuijzen
35,444623,Julian Baas
36,449308,Mike Kleijn
37,451993,Boyd Reith
38,279173,Pelle Clement
39,276756,Tobias Lauritsen
40,457153,Teo Quintero
41,489319,Kaylen Reitmaier
42,433577,Metinho
43,535931,Marvin Young
44,536875,Ayoub Oufkir
,ID,Name
0,425958,Alec Van Hoorenbeeck
1,90235,Lars Unnerstall
2,368289,Issam El Maach
3,402819,Mees Hilgers
4,405560,Daan Rots
5,406780,Max Bruns
6,422804,Bart van Rooij
7,134722,Bas Kuipers
8,301423,Mitchell van Bergen
9,321910,Carel Eiting
10,322149,Michel Vlap
11,328269,Sam Lammers
12,361794,Sem Steijn
13,427577,Youri Regeer
14,436492,Sam Karssies
15,437387,Anass Salah-Eddine
16,475578,Mats Rots
17,475579,Gijs Besselink
18,478021,Juliën Mesbahi
19,37344,Ricky van Wolfswinkel
20,428096,Gustaf Lagerbielke
21,457265,Sayfallah Ltaief
22,404777,Mathias Kjølø
23,426910,Ilias Sebaoui
24,535678,Jacob Trenskow
25,323531,Mats Köhlert
26,479298,Danilo Al Saed
27,363248,Ion Nicolaescu
28,121834,Mickey van der Hart
29,379599,Ché Nunnely
30,380731,Sam Kersten
31,387720,Denzel Hall
32,252239,Andries Noppert
33,497178,Espen van Ee
34,531002,Levi Smans
35,454333,Mateja Milovanovic
36,472399,Bernt Klaverboer
37,536000,Dimitris Rallis
38,436168,Nikolai Hopland
39,497179,Oliver Braude
40,142376,Pawel Bochniewicz
41,327724,Simon Olsson
42,406536,Hussein Ali
43,422634,Luuk Brouwers
44,436158,Daniel Karlsbakk
45,536002,Isaiah Ahmed
,ID,Name
0,530989,Robin Mantel
1,401137,Bryan Limbombe
2,450923,Brian De Keersmaecker
3,499929,Juho Talvitie
4,401250,Jannes Wieckhoff
5,225522,Mario Engels
6,450983,Antonio Satriano
7,495554,Lorenzo Milani
8,69789,Kelvin Leerdam
9,96581,Thomas Bruns
10,433912,Timo Jansink
11,433913,Sem Scheperman
12,444714,Damon Mirani
13,299511,Jordy Bruijn
14,364306,Daniël van Kaam
15,379686,Ruben Roosken
16,382581,Fabian de Keijzer
17,423949,Mimeirhel Benita
18,424540,Ivan Mesík
19,527632,Jop Tijink
20,535937,Giandro Sambo
21,535938,Tiago Codinha
22,449309,Shiloh 't Zand
23,130304,Walter Benítez
24,427824,Johan Bakayoko
25,260809,Olivier Boscagli
26,318511,Hirving Lozano
27,322148,Guus Til
28,331555,Jerdy Schouten
29,354283,Noa Lang
30,361839,Jordan Teze
31,275012,Joël Drommel
32,382556,Joey Veerman
33,444164,Matteo Dams
34,400009,Couhaib Driouech
35,462233,Niek Schiks
36,481080,Tygo Land
37,489985,Isaac Babadi
38,68585,Luuk de Jong
39,403097,Fredrik Oppegård
40,386631,Richard Ledezma
41,397465,Malik Tillman
42,377466,Ricardo Pepi
43,444737,Ryan Flamingo
,ID,Name
0,404216,Leo Greiml
1,400523,Jan Van den Bergh
2,412176,Dominik Janosek
3,113783,Elías Már Ómarsson
4,322152,Roy Kortsmit
5,348647,Boyd Lucassen
6,389479,Boy Kemper
7,400057,Casper Staring
8,408489,Tein Troost
9,429373,Roy Kuijpers
10,437076,Matthew Garbett
11,530990,Daniel Bielica
12,423275,Kacper Kostorz
13,498420,Saná Fernandes
14,399383,Martin Koscelník
15,484534,Manel Royo
16,429616,Adam Kaied
17,530991,Cherrion Valerius
18,530993,Lars Mol
19,531873,Max Balard
20,535346,Daan van Reeuwijk
21,514538,Raul Paula
22,109807,Bertrand Traoré
23,381530,Jakov Medic
24,402666,Josip Sutalo
25,484494,Anton Gaaei
26,424248,Kristian Hlynsson
27,404568,Brian Brobbey
28,415781,Kian Fitz-Jim
29,422801,Youri Baas
30,422802,Jay Gorter
31,400165,Devyne Rensch
32,401122,Kenneth Taylor
33,139299,Branco van den Boomen
34,279425,Steven Bergwijn
35,34550,Remko Pasveer
36,467715,Jorrel Hato
37,89794,Steven Berghuis
38,408613,Sivert Mannsverk
39,468850,Carlos Forbs
40,68659,Jordan Henderson
41,122294,Chuba Akpom
42,373154,Diant Ramaj
43,462099,Mika Godts
44,532234,Dies Janse
,ID,Name
0,399855,Dylan Mbayo
1,400278,Thierry Lutonda
2,399311,Filip Krastev
3,82029,Apostolos Vellios
4,333527,Odysseus Velanas
5,362467,Jasper Schendelaar
6,365152,Eliano Reijnders
7,333781,Dylan Vente
8,352844,Thomas Buitink
9,20831,Kenneth Vermeer
10,317693,Mike Hauptmeijer
11,400823,Davy van den Berg
12,431253,Damian van der Haar
13,489992,Nick Fichtinger
14,489995,Mohamed Oukhattou
15,490379,Anouar El Azzouzi
16,513251,Teun Gijselhart
17,515596,Kaj de Rooij
18,137327,Ryan Thomas
19,424502,Anselmo MacNulty
20,354027,Anthony Fontana
21,379701,Ramiz Zerrouki
22,515829,Anis Hadj Moussa
23,347863,Julián Carranza
24,436553,Igor Paixão
25,298710,Luka Ivanusec
26,404200,Ondrej Lingr
27,530985,Chris-Kévin Nadje
28,121821,Timon Wellenreuther
29,377288,Ayase Ueda
30,445061,Santiago Giménez
31,450767,Mikki van Sas
32,489979,Gjivai Zechiël
33,411078,Quinten Timber
34,422921,Antoni Milambo
35,436114,Thomas Beelen
36,400059,Gijs Smal
37,297527,Bart Nieuwkoop
38,302709,Justin Bijlow
39,328987,Calvin Stengs
40,345441,Lutsharel Geertruida
41,357133,Marcus Pedersen
42,409730,Hugo Bueno
43,362779,Dávid Hancko
,ID,Name
0,531004,Raffael Behounek
1,443089,Kyan Vaesen
2,391257,Mickaël Tirpan
3,420300,Cisse Sandra
4,448628,Rob Nizet
5,89358,Jeremy Bokila
6,135109,Thomas Didillon-Hödl
7,444729,Emilio Kehrer
8,531003,Valentino Vermeulen
9,535802,Jens Mathijsen
10,122194,Joshua Smits
11,531005,Amine Lachkar
12,531009,Dani Mathieu
13,298493,Patrick Joosten
14,379600,Connor van den Berg
15,379702,Jesse Bosch
16,382582,Tommy St. Jago
17,422858,Nick Doodeman
18,425569,Ringo Meerveld
19,432117,Max de Waal
20,531013,Khaled Razak
21,535803,Per Van Loon
22,451513,Rúnar Sigurgeirsson
23,404077,Thibo Baeten
24,530988,Mathis Suray
25,484558,Jakob Breum
26,424578,Oliver Antman
27,288859,Gerrit Nauber
28,362691,Luca Plogmann
29,382238,Bobby Adekanye
30,400173,Jamal Amofa
31,444783,Robbin Weijenberg
32,445055,Dean James
33,445056,Calvin Twigt
34,322159,Finn Stokkers
35,355961,Evert Linthorst
36,276442,Joris Kramer
37,426002,Sven Jansen
38,431651,Nando Verdoni
39,411691,Enric Llansana
40,422633,Mats Deijl
41,422781,Luca Everink
42,470692,Victor Edvardsen
43,444349,Søren Tengstedt
,ID,Name
0,460297,Benjamin Tahirovic
1,109807,Bertrand Traoré
2,402666,Josip Sutalo
3,449301,Christian Rasmussen
4,484494,Anton Gaaei
5,116207,Daniele Rugani
6,139299,Branco van den Boomen
7,328550,Owen Wijndal
8,115479,Wout Weghorst
9,34550,Remko Pasveer
10,454337,Jaydon Banel
11,400165,Devyne Rensch
12,401122,Kenneth Taylor
13,415781,Kian Fitz-Jim
14,422801,Youri Baas
15,422802,Jay Gorter
16,108860,Davy Klaassen
17,467715,Jorrel Hato
18,68659,Jordan Henderson
19,122294,Chuba Akpom
20,373154,Diant Ramaj
21,532234,Dies Janse
22,462099,Mika Godts
23,365119,Ezequiel Bullaude
24,400545,Shawn Adewoye
25,534227,Luka Tunjic
26,396058,Rodrigo Guth
27,228329,Samuel Bastien
28,120151,Alen Halilovic
29,343981,Ante Erceg
30,424369,Josip Mitrovic
31,421892,Loreintz Rosier
32,530987,Makan Aiko
33,97367,Mattijs Branderhorst
34,301457,Luuk Koopmans
35,400011,Jasper Dahlhaus
36,409160,Syb van Ottele
37,527633,Tristan Schenkhuizen
38,70598,Ivo Pinto
39,140902,Kristoffer Peterson
40,531510,Ryan Fosso
41,531569,Darijo Grujcic
42,525774,Ramazan Bayram
,ID,Name
0,499764,Seiya Maikuma
1,510581,Jayden Addai
2,67299,Jeroen Zoet
3,90802,Jordy Clasie
4,90834,Hobie Verhulst
5,383560,Sven Mijnans
6,408102,Peer Koopmeiners
7,415670,Jorn Berkhout
8,415772,Zico Buurmeester
9,422737,Ernest Poku
10,422867,Mees de Wit
11,432172,Denso Kasius
12,434318,Maxim Dekker
13,484652,Ruben van Bommel
14,497707,Dave Kwakman
15,422248,Alexandre Penetra
16,444780,Mayckel Lahdo
17,513559,Kees Smit
18,470735,Rome-Jayden Owusu-Oduro
19,439447,Kristijan Belic
20,415341,David Møller Wolfe
21,384064,Troy Parrott
22,130304,Walter Benítez
23,427824,Johan Bakayoko
24,346767,Mauro Júnior
25,70524,Ivan Perisic
26,260809,Olivier Boscagli
27,404776,Ismael Saibari
28,462233,Niek Schiks
29,481080,Tygo Land
30,68585,Luuk de Jong
31,275012,Joël Drommel
32,322148,Guus Til
33,331555,Jerdy Schouten
34,345333,Armando Obispo
35,354283,Noa Lang
36,232249,Rick Karsdorp
37,400009,Couhaib Driouech
38,403097,Fredrik Oppegård
39,377466,Ricardo Pepi
40,386631,Richard Ledezma
41,397465,Malik Tillman
42,444737,Ryan Flamingo
,ID,Name
0,530988,Mathis Suray
1,451676,Jari De Busser
2,484492,Aske Adelgaard
3,484558,Jakob Breum
4,424578,Oliver Antman
5,288859,Gerrit Nauber
6,362691,Luca Plogmann
7,276442,Joris Kramer
8,382238,Bobby Adekanye
9,322159,Finn Stokkers
10,355961,Evert Linthorst
11,400173,Jamal Amofa
12,411691,Enric Llansana
13,422633,Mats Deijl
14,422781,Luca Everink
15,426002,Sven Jansen
16,436147,Milan Smit
17,444655,Julius Dirksen
18,444783,Robbin Weijenberg
19,445056,Calvin Twigt
20,383616,Oliver Edvardsen
21,470692,Victor Edvardsen
22,379701,Ramiz Zerrouki
23,515829,Anis Hadj Moussa
24,347863,Julián Carranza
25,384574,Gernot Trauner
26,436553,Igor Paixão
27,484570,Plamen Andreev
28,517344,Jeyland Mitchell
29,298710,Luka Ivanusec
30,121821,Timon Wellenreuther
31,519755,Ibrahim Osman
32,377288,Ayase Ueda
33,302709,Justin Bijlow
34,411078,Quinten Timber
35,422921,Antoni Milambo
36,436114,Thomas Beelen
37,400059,Gijs Smal
38,444719,Givairo Read
39,409730,Hugo Bueno
40,362779,Dávid Hancko
41,345527,Jordan Lotomba
42,371030,Hwang In-Beom
43,444264,Facundo González
,ID,Name
0,22300,Lasse Schöne
1,430309,Brayann Pereira
2,499973,Argyris Darellas
3,487049,Koki Ogawa
4,497708,Kodai Sano
5,444619,Stijn van Gassel
6,389945,Sontje Hansen
7,422814,Robin Roefs
8,429380,Rijk Janse
9,77422,Bram Nuytinck
10,271086,Calvin Verdonk
11,301027,Thomas Ouwejan
12,343314,Vito van Crooij
13,279967,Iván Márquez
14,532237,Basar Önal
15,538340,Kento Shiogai
16,515755,Sami Ouaissa
17,351532,Mees Hoedemakers
18,365712,Rober
19,404207,Lefteris Lyratzis
20,426910,Ilias Sebaoui
21,535678,Jacob Trenskow
22,319396,Amara Condé
23,323531,Mats Köhlert
24,479298,Danilo Al Saed
25,363248,Ion Nicolaescu
26,379599,Ché Nunnely
27,380731,Sam Kersten
28,387720,Denzel Hall
29,121834,Mickey van der Hart
30,252239,Andries Noppert
31,296543,Jan Bekkema
32,497178,Espen van Ee
33,454333,Mateja Milovanovic
34,531002,Levi Smans
35,536000,Dimitris Rallis
36,497179,Oliver Braude
37,436168,Nikolai Hopland
38,142376,Pawel Bochniewicz
39,327724,Simon Olsson
40,422634,Luuk Brouwers
41,536002,Isaiah Ahmed
,ID,Name
0,450984,Ilias Takidine
1,469502,Chris Lokesa
2,446984,Daouda Weidmann
3,141965,Jeroen Houwen
4,243708,Yanick van Osch
5,289015,Julian Lelieveld
6,322182,Reuven Niemeijer
7,357080,Godfried Roemeratoe
8,361778,Silvester van der Water
9,369048,Richonell Margaret
10,369107,Mohamed Ihattaren
11,387172,Denilho Cleonise
12,389411,Yassin Oukili
13,400276,Luuk Wouters
14,403820,Juan Familia-Castillo
15,429270,Joey Kesting
16,433575,Liam van Gelderen
17,444674,Kevin Felida
18,353698,Roshon van Eijma
19,531000,Tim van de Loo
20,538759,Faissal Al Mazyani
21,425958,Alec Van Hoorenbeeck
22,90235,Lars Unnerstall
23,368289,Issam El Maach
24,402819,Mees Hilgers
25,134722,Bas Kuipers
26,301423,Mitchell van Bergen
27,321910,Carel Eiting
28,322149,Michel Vlap
29,328269,Sam Lammers
30,361794,Sem Steijn
31,427577,Youri Regeer
32,406780,Max Bruns
33,422804,Bart van Rooij
34,475578,Mats Rots
35,475579,Gijs Besselink
36,494032,Harrie Kuster
37,437387,Anass Salah-Eddine
38,37344,Ricky van Wolfswinkel
39,34545,Przemyslaw Tyton
40,428096,Gustaf Lagerbielke
41,457265,Sayfallah Ltaief
42,542879,Owen Panneflek
43,404777,Mathias Kjølø
,ID,Name
0,343347,Arno Verschueren
1,416803,Kayky
2,382494,Charles-Andreas Brym
3,379712,Saïd Bakari
4,379764,Youri Schoonderwaldt
5,491398,Camiel Neghli
6,516448,Aymane Bais
7,444160,Mohamed Nassoh
8,444483,Mike Eerdhuijzen
9,444623,Julian Baas
10,449308,Mike Kleijn
11,451993,Boyd Reith
12,422872,Djevencio van der Kust
13,427851,Rick Meissen
14,19087,Jonathan de Guzmán
15,243916,Nick Olij
16,279173,Pelle Clement
17,349199,Joshua Kitolano
18,433577,Metinho
19,489319,Kaylen Reitmaier
20,535931,Marvin Young
21,530976,Jonas Wendlinger
22,143815,Anas Tahiri
23,431023,Faïz Mattoir
24,429632,Álex Balboa
25,432217,Junior Kadile
26,450417,Logan Delaurier-Chaubet
27,404551,Ruben Providence
28,296323,Thomas Robinet
29,357398,Théo Barbet
30,409755,Vasilios Zagaritis
31,484527,Nordin Bakker
32,484531,Joey Jacobs
33,484540,Jochem Ritmeester van de Kamp
34,497336,Joël van der Wilt
35,363872,Christopher Mamengi
36,379734,Hamdi Akujobi
37,124380,Thom Haye
38,137368,Damil Dankerlui
39,395381,Kornelius Hansen
40,396431,Ricardo Visus
41,321235,Àlex Carbonell
42,392651,Adi Nalic
,ID,Name
0,78353,Marvin Peersman
1,394980,Marco Rente
2,388041,Brynjólfur Willumsson
3,484537,Stije Resink
4,517884,Wouter Prins
5,517927,Finn Stam
6,379705,Etienne Vaessen
7,381718,Romano Postema
8,434212,Dirk Baron
9,459078,Thom van Bergen
10,460696,Jorg Schreuders
11,405003,Thijs Oosting
12,79967,Leandro Bacuna
13,97719,Joey Pelupessy
14,231013,Hidde Jurjus
15,321106,Johan Hove
16,444652,Rui Mendes
17,425956,Alex Mortensen
18,470783,Maxim Mariani
19,415926,Tika de Jonge
20,415927,Luciano Valente
21,415928,Thijmen Blokzijl
22,328432,Siebe Horemans
23,402885,Anthony Descotte
24,411418,Matisse Didden
25,416311,Niklas Vesterlund
26,403644,Victor Jensen
27,425341,Oscar Fraulo
28,443654,Andreas Dithmer
29,455842,Yoann Cathline
30,394998,Can Bozdogan
31,370024,Kolbeinn Finnsson
32,429514,Zidane Iqbal
33,422805,Souffian El Karouani
34,409462,Noah Ohio
35,400279,David Min
36,402852,Ole Romeny
37,70906,Nick Viergever
38,82401,Jens Toornstra
39,101605,Mike van der Hoorn
40,116684,Michael Brouwer
41,454336,Tom de Graaff
42,399952,Miguel Rodríguez
43,413783,Paxten Aaronson
44,444675,Taylor Booth
,ID,Name
0,450923,Brian De Keersmaecker
1,530989,Robin Mantel
2,534710,Luka Kulenovic
3,370314,Jan Zamburek
4,499929,Juho Talvitie
5,225522,Mario Engels
6,401250,Jannes Wieckhoff
7,404976,Suf Podgoreanu
8,495554,Lorenzo Milani
9,423949,Mimeirhel Benita
10,484547,Diego van Oorschot
11,433912,Timo Jansink
12,444714,Damon Mirani
13,299511,Jordy Bruijn
14,312702,Justin Hoogma
15,349481,Jizz Hornkamp
16,364306,Daniël van Kaam
17,379686,Ruben Roosken
18,382581,Fabian de Keijzer
19,69789,Kelvin Leerdam
20,96581,Thomas Bruns
21,424540,Ivan Mesík
22,449309,Shiloh 't Zand
23,109807,Bertrand Traoré
24,402666,Josip Sutalo
25,449301,Christian Rasmussen
26,484494,Anton Gaaei
27,116207,Daniele Rugani
28,139299,Branco van den Boomen
29,328550,Owen Wijndal
30,400165,Devyne Rensch
31,108860,Davy Klaassen
32,401122,Kenneth Taylor
33,115479,Wout Weghorst
34,34550,Remko Pasveer
35,467715,Jorrel Hato
36,454337,Jaydon Banel
37,404568,Brian Brobbey
38,415781,Kian Fitz-Jim
39,422801,Youri Baas
40,422802,Jay Gorter
41,400320,Ahmetcan Kaplan
42,122294,Chuba Akpom
43,68659,Jordan Henderson
44,373154,Diant Ramaj
45,462099,Mika Godts
,ID,Name
0,399855,Dylan Mbayo
1,400278,Thierry Lutonda
2,399311,Filip Krastev
3,296684,Jamiro Monteiro
4,259930,Younes Namli
5,333527,Odysseus Velanas
6,333781,Dylan Vente
7,352844,Thomas Buitink
8,362467,Jasper Schendelaar
9,365152,Eliano Reijnders
10,317693,Mike Hauptmeijer
11,322157,Sherel Floranus
12,20831,Kenneth Vermeer
13,400823,Davy van den Berg
14,431253,Damian van der Haar
15,454339,Olivier Aertssen
16,489992,Nick Fichtinger
17,490379,Anouar El Azzouzi
18,513251,Teun Gijselhart
19,515596,Kaj de Rooij
20,137327,Ryan Thomas
21,424502,Anselmo MacNulty
22,416971,Simon Graves
23,404216,Leo Greiml
24,400523,Jan Van den Bergh
25,412176,Dominik Janosek
26,113783,Elías Már Ómarsson
27,211233,Enes Mahmutovic
28,244640,Clint Leemans
29,322152,Roy Kortsmit
30,348647,Boyd Lucassen
31,389479,Boy Kemper
32,400057,Casper Staring
33,408489,Tein Troost
34,109117,Terence Kongolo
35,429373,Roy Kuijpers
36,437076,Matthew Garbett
37,320427,Fredrik Oldrup Jensen
38,423275,Kacper Kostorz
39,530990,Daniel Bielica
40,468119,Leo Sauer
41,429616,Adam Kaied
42,514538,Raul Paula
43,530993,Lars Mol
44,531873,Max Balard
,ID,Name
0,531004,Raffael Behounek
1,443089,Kyan Vaesen
2,448628,Rob Nizet
3,391257,Mickaël Tirpan
4,400487,Boris Lambert
5,420300,Cisse Sandra
6,89358,Jeremy Bokila
7,135109,Thomas Didillon-Hödl
8,444729,Emilio Kehrer
9,531005,Amine Lachkar
10,535802,Jens Mathijsen
11,298493,Patrick Joosten
12,379600,Connor van den Berg
13,379702,Jesse Bosch
14,382582,Tommy St. Jago
15,422858,Nick Doodeman
16,425569,Ringo Meerveld
17,405831,Maarten Schut
18,531003,Valentino Vermeulen
19,455539,Amar Fatah
20,535803,Per van Loon
21,538760,Miodrag Pivas
22,451513,Rúnar Sigurgeirsson
23,365119,Ezequiel Bullaude
24,400545,Shawn Adewoye
25,534227,Luka Tunjic
26,396058,Rodrigo Guth
27,228329,Samuel Bastien
28,120151,Alen Halilovic
29,343981,Ante Erceg
30,424369,Josip Mitrovic
31,421892,Loreintz Rosier
32,530987,Makan Aiko
33,400011,Jasper Dahlhaus
34,409160,Syb van Ottele
35,290832,Alessio da Cruz
36,301457,Luuk Koopmans
37,97367,Mattijs Branderhorst
38,70598,Ivo Pinto
39,455568,Úmaro Embaló
40,140902,Kristoffer Peterson
41,531510,Ryan Fosso
42,531569,Darijo Grujcic
43,525774,Ramazan Bayram
,ID,Name
0,399855,Dylan Mbayo
1,400278,Thierry Lutonda
2,399311,Filip Krastev
3,296684,Jamiro Monteiro
4,259930,Younes Namli
5,20831,Kenneth Vermeer
6,317693,Mike Hauptmeijer
7,322157,Sherel Floranus
8,333781,Dylan Vente
9,352844,Thomas Buitink
10,362467,Jasper Schendelaar
11,365152,Eliano Reijnders
12,431253,Damian van der Haar
13,489992,Nick Fichtinger
14,490379,Anouar El Azzouzi
15,513251,Teun Gijselhart
16,515596,Kaj de Rooij
17,400823,Davy van den Berg
18,137327,Ryan Thomas
19,424502,Anselmo MacNulty
20,416971,Simon Graves
21,485376,Ibrahim Sadiq
22,499764,Seiya Maikuma
23,510581,Jayden Addai
24,497707,Dave Kwakman
25,67299,Jeroen Zoet
26,90802,Jordy Clasie
27,90834,Hobie Verhulst
28,383560,Sven Mijnans
29,408102,Peer Koopmeiners
30,415772,Zico Buurmeester
31,422737,Ernest Poku
32,432172,Denso Kasius
33,433950,Mexx Meerdink
34,434318,Maxim Dekker
35,444717,Lequincio Zeefuik
36,472183,Wouter Goes
37,484652,Ruben van Bommel
38,422248,Alexandre Penetra
39,444780,Mayckel Lahdo
40,470735,Rome-Jayden Owusu-Oduro
41,439447,Kristijan Belic
42,415341,David Møller Wolfe
43,384064,Troy Parrott
,ID,Name
0,328432,Siebe Horemans
1,402885,Anthony Descotte
2,411418,Matisse Didden
3,450214,Alonzo Engwanda
4,425341,Oscar Fraulo
5,403644,Victor Jensen
6,455842,Yoann Cathline
7,394998,Can Bozdogan
8,135954,Vasilios Barkas
9,370024,Kolbeinn Finnsson
10,422805,Souffian El Karouani
11,409462,Noah Ohio
12,400279,David Min
13,402852,Ole Romeny
14,70906,Nick Viergever
15,82401,Jens Toornstra
16,101605,Mike van der Hoorn
17,116684,Michael Brouwer
18,454336,Tom de Graaff
19,399952,Miguel Rodríguez
20,413783,Paxten Aaronson
21,444675,Taylor Booth
22,438303,Adrian Blake
23,531004,Raffael Behounek
24,448628,Rob Nizet
25,391257,Mickaël Tirpan
26,400487,Boris Lambert
27,420300,Cisse Sandra
28,443089,Kyan Vaesen
29,89358,Jeremy Bokila
30,135109,Thomas Didillon-Hödl
31,444729,Emilio Kehrer
32,422858,Nick Doodeman
33,425569,Ringo Meerveld
34,405831,Maarten Schut
35,298493,Patrick Joosten
36,379600,Connor van den Berg
37,379702,Jesse Bosch
38,382582,Tommy St. Jago
39,531003,Valentino Vermeulen
40,531005,Amine Lachkar
41,535802,Jens Mathijsen
42,455539,Amar Fatah
43,451513,Rúnar Sigurgeirsson
44,531013,Khaled Razak
,ID,Name
0,451676,Jari De Busser
1,530988,Mathis Suray
2,484492,Aske Adelgaard
3,484558,Jakob Breum
4,424578,Oliver Antman
5,288859,Gerrit Nauber
6,362691,Luca Plogmann
7,276442,Joris Kramer
8,382238,Bobby Adekanye
9,322159,Finn Stokkers
10,355961,Evert Linthorst
11,400173,Jamal Amofa
12,411691,Enric Llansana
13,422633,Mats Deijl
14,422781,Luca Everink
15,426002,Sven Jansen
16,436147,Milan Smit
17,444655,Julius Dirksen
18,444782,Pim Saathof
19,445056,Calvin Twigt
20,383616,Oliver Edvardsen
21,470692,Victor Edvardsen
22,460297,Benjamin Tahirovic
23,109807,Bertrand Traoré
24,402666,Josip Sutalo
25,449301,Christian Rasmussen
26,484494,Anton Gaaei
27,116207,Daniele Rugani
28,115479,Wout Weghorst
29,34550,Remko Pasveer
30,108860,Davy Klaassen
31,404568,Brian Brobbey
32,415781,Kian Fitz-Jim
33,422802,Jay Gorter
34,139299,Branco van den Boomen
35,328550,Owen Wijndal
36,400165,Devyne Rensch
37,401122,Kenneth Taylor
38,467715,Jorrel Hato
39,454337,Jaydon Banel
40,400320,Ahmetcan Kaplan
41,68659,Jordan Henderson
42,122294,Chuba Akpom
43,373154,Diant Ramaj
44,462099,Mika Godts
,ID,Name
0,22300,Lasse Schöne
1,430309,Brayann Pereira
2,499973,Argyris Darellas
3,487049,Koki Ogawa
4,444619,Stijn van Gassel
5,444741,Kas de Wit
6,422806,Dirk Proper
7,429380,Rijk Janse
8,77422,Bram Nuytinck
9,271086,Calvin Verdonk
10,301027,Thomas Ouwejan
11,389945,Sontje Hansen
12,279967,Iván Márquez
13,532237,Basar Önal
14,538340,Kento Shiogai
15,515755,Sami Ouaissa
16,404207,Lefteris Lyratzis
17,351532,Mees Hoedemakers
18,365712,Rober
19,450923,Brian De Keersmaecker
20,530989,Robin Mantel
21,534710,Luka Kulenovic
22,499929,Juho Talvitie
23,225522,Mario Engels
24,401250,Jannes Wieckhoff
25,404976,Suf Podgoreanu
26,495554,Lorenzo Milani
27,69789,Kelvin Leerdam
28,96581,Thomas Bruns
29,433912,Timo Jansink
30,444714,Damon Mirani
31,423949,Mimeirhel Benita
32,299511,Jordy Bruijn
33,312702,Justin Hoogma
34,349481,Jizz Hornkamp
35,364306,Daniël van Kaam
36,379686,Ruben Roosken
37,382581,Fabian de Keijzer
38,424540,Ivan Mesík
39,449309,Shiloh 't Zand
,ID,Name
0,255946,Dario Van den Buijs
1,450984,Ilias Takidine
2,469502,Chris Lokesa
3,320608,Alexander Jakobsen
4,446984,Daouda Weidmann
5,322182,Reuven Niemeijer
6,289015,Julian Lelieveld
7,31238,Aaron Meijers
8,141965,Jeroen Houwen
9,243708,Yanick van Osch
10,357080,Godfried Roemeratoe
11,369048,Richonell Margaret
12,380663,Patrick Vroegh
13,387172,Denilho Cleonise
14,389411,Yassin Oukili
15,403820,Juan Familia-Castillo
16,429270,Joey Kesting
17,433575,Liam van Gelderen
18,444674,Kevin Felida
19,303134,Oskar Zawada
20,353698,Roshon van Eijma
21,531000,Tim van de Loo
22,343347,Arno Verschueren
23,382494,Charles-Andreas Brym
24,379712,Saïd Bakari
25,513252,Shunsuke Mito
26,491398,Camiel Neghli
27,279173,Pelle Clement
28,19087,Jonathan de Guzmán
29,243916,Nick Olij
30,379764,Youri Schoonderwaldt
31,422872,Djevencio van der Kust
32,427851,Rick Meissen
33,444160,Mohamed Nassoh
34,444483,Mike Eerdhuijzen
35,444623,Julian Baas
36,449308,Mike Kleijn
37,451993,Boyd Reith
38,349199,Joshua Kitolano
39,276756,Tobias Lauritsen
40,457153,Teo Quintero
41,433577,Metinho
42,535931,Marvin Young
43,536875,Ayoub Oufkir
44,538000,Dylan Tevreden
,ID,Name
0,530976,Jonas Wendlinger
1,128564,Baptiste Guillaume
2,143815,Anas Tahiri
3,431023,Faïz Mattoir
4,429632,Álex Balboa
5,432217,Junior Kadile
6,450417,Logan Delaurier-Chaubet
7,404551,Ruben Providence
8,296323,Thomas Robinet
9,357398,Théo Barbet
10,409755,Vasilios Zagaritis
11,484527,Nordin Bakker
12,484531,Joey Jacobs
13,484540,Jochem Ritmeester van de Kamp
14,497336,Joël van der Wilt
15,379734,Hamdi Akujobi
16,137368,Damil Dankerlui
17,124380,Thom Haye
18,395381,Kornelius Hansen
19,396431,Ricardo Visus
20,321235,Àlex Carbonell
21,392651,Adi Nalic
22,108624,James Lawrence
23,425958,Alec Van Hoorenbeeck
24,90235,Lars Unnerstall
25,368289,Issam El Maach
26,402819,Mees Hilgers
27,37344,Ricky van Wolfswinkel
28,134722,Bas Kuipers
29,301423,Mitchell van Bergen
30,321910,Carel Eiting
31,322149,Michel Vlap
32,328269,Sam Lammers
33,361794,Sem Steijn
34,427577,Youri Regeer
35,405560,Daan Rots
36,406780,Max Bruns
37,422804,Bart van Rooij
38,436492,Sam Karssies
39,437387,Anass Salah-Eddine
40,475578,Mats Rots
41,475579,Gijs Besselink
42,478021,Juliën Mesbahi
43,428096,Gustaf Lagerbielke
44,457265,Sayfallah Ltaief
45,404777,Mathias Kjølø
,ID,Name
0,379701,Ramiz Zerrouki
1,515829,Anis Hadj Moussa
2,347863,Julián Carranza
3,436553,Igor Paixão
4,484570,Plamen Andreev
5,517344,Jeyland Mitchell
6,298710,Luka Ivanusec
7,530985,Chris-Kévin Nadje
8,121821,Timon Wellenreuther
9,519755,Ibrahim Osman
10,377288,Ayase Ueda
11,445061,Santiago Giménez
12,444719,Givairo Read
13,489979,Gjivai Zechiël
14,302709,Justin Bijlow
15,400059,Gijs Smal
16,411078,Quinten Timber
17,422921,Antoni Milambo
18,436114,Thomas Beelen
19,362779,Dávid Hancko
20,345527,Jordan Lotomba
21,371030,Hwang In-Beom
22,444264,Facundo González
23,404216,Leo Greiml
24,400523,Jan Van den Bergh
25,412176,Dominik Janosek
26,113783,Elías Már Ómarsson
27,211233,Enes Mahmutovic
28,244640,Clint Leemans
29,109117,Terence Kongolo
30,322152,Roy Kortsmit
31,348647,Boyd Lucassen
32,389479,Boy Kemper
33,400057,Casper Staring
34,437076,Matthew Garbett
35,320427,Fredrik Oldrup Jensen
36,423275,Kacper Kostorz
37,530990,Daniel Bielica
38,498420,Saná Fernandes
39,468119,Leo Sauer
40,399383,Martin Koscelník
41,484534,Manel Royo
42,429616,Adam Kaied
43,530991,Cherrion Valerius
44,530993,Lars Mol
45,531873,Max Balard
,ID,Name
0,365119,Ezequiel Bullaude
1,400545,Shawn Adewoye
2,534227,Luka Tunjic
3,228329,Samuel Bastien
4,120151,Alen Halilovic
5,343981,Ante Erceg
6,424369,Josip Mitrovic
7,421892,Loreintz Rosier
8,530987,Makan Aiko
9,527633,Tristan Schenkhuizen
10,409160,Syb van Ottele
11,400011,Jasper Dahlhaus
12,301457,Luuk Koopmans
13,97367,Mattijs Branderhorst
14,70598,Ivo Pinto
15,531510,Ryan Fosso
16,540209,Hasip Korkmazyürek
17,531569,Darijo Grujcic
18,525774,Ramazan Bayram
19,130304,Walter Benítez
20,427824,Johan Bakayoko
21,346767,Mauro Júnior
22,70524,Ivan Perisic
23,260809,Olivier Boscagli
24,404776,Ismael Saibari
25,400009,Couhaib Driouech
26,382556,Joey Veerman
27,354283,Noa Lang
28,232249,Rick Karsdorp
29,275012,Joël Drommel
30,322148,Guus Til
31,331555,Jerdy Schouten
32,345333,Armando Obispo
33,68585,Luuk de Jong
34,444164,Matteo Dams
35,462233,Niek Schiks
36,489985,Isaac Babadi
37,377466,Ricardo Pepi
38,397465,Malik Tillman
39,532295,Michael Bresser
40,444737,Ryan Flamingo
,ID,Name
0,426910,Ilias Sebaoui
1,535678,Jacob Trenskow
2,319396,Amara Condé
3,323531,Mats Köhlert
4,479298,Danilo Al Saed
5,363248,Ion Nicolaescu
6,379599,Ché Nunnely
7,387720,Denzel Hall
8,121834,Mickey van der Hart
9,497178,Espen van Ee
10,454333,Mateja Milovanovic
11,472399,Bernt Klaverboer
12,252239,Andries Noppert
13,536000,Dimitris Rallis
14,531002,Levi Smans
15,436168,Nikolai Hopland
16,497179,Oliver Braude
17,142376,Pawel Bochniewicz
18,327724,Simon Olsson
19,422634,Luuk Brouwers
20,436158,Daniel Karlsbakk
21,78353,Marvin Peersman
22,467771,Noam Emeran
23,388041,Brynjólfur Willumsson
24,405003,Thijs Oosting
25,434212,Dirk Baron
26,459078,Thom van Bergen
27,460696,Jorg Schreuders
28,379705,Etienne Vaessen
29,381718,Romano Postema
30,79967,Leandro Bacuna
31,97719,Joey Pelupessy
32,231013,Hidde Jurjus
33,484537,Stije Resink
34,517884,Wouter Prins
35,517927,Finn Stam
36,530978,Sven Bouland
37,321106,Johan Hove
38,444652,Rui Mendes
39,415927,Luciano Valente
40,415928,Thijmen Blokzijl
41,470783,Maxim Mariani
42,482883,Fofin Turay
,ID,Name
0,530976,Jonas Wendlinger
1,431023,Faïz Mattoir
2,429632,Álex Balboa
3,450417,Logan Delaurier-Chaubet
4,357398,Théo Barbet
5,409755,Vasilios Zagaritis
6,363872,Christopher Mamengi
7,379734,Hamdi Akujobi
8,530977,Jay Kuiper
9,484527,Nordin Bakker
10,484531,Joey Jacobs
11,484533,Jaden Pinas
12,484537,Stije Resink
13,484540,Jochem Ritmeester van de Kamp
14,484542,Jeffry Puriël
15,497336,Joël van der Wilt
16,395381,Kornelius Hansen
17,392651,Adi Nalic
18,535836,Emanuel Poku
19,536748,Marley Dors
20,130304,Walter Benítez
21,260809,Olivier Boscagli
22,318511,Hirving Lozano
23,322148,Guus Til
24,354283,Noa Lang
25,68585,Luuk de Jong
26,275012,Joël Drommel
27,382556,Joey Veerman
28,400009,Couhaib Driouech
29,444163,Emmanuel van de Blaak
30,444164,Matteo Dams
31,462233,Niek Schiks
32,481080,Tygo Land
33,489985,Isaac Babadi
34,403097,Fredrik Oppegård
35,377466,Ricardo Pepi
36,386631,Richard Ledezma
37,397465,Malik Tillman
38,444737,Ryan Flamingo
39,509874,Jesper Uneken
40,532295,Michael Bresser
,ID,Name
0,404216,Leo Greiml
1,400523,Jan Van den Bergh
2,412176,Dominik Janosek
3,113783,Elías Már Ómarsson
4,211233,Enes Mahmutovic
5,322152,Roy Kortsmit
6,348647,Boyd Lucassen
7,389479,Boy Kemper
8,400057,Casper Staring
9,408489,Tein Troost
10,429373,Roy Kuijpers
11,437076,Matthew Garbett
12,423275,Kacper Kostorz
13,530990,Daniel Bielica
14,498420,Saná Fernandes
15,399383,Martin Koscelník
16,484534,Manel Royo
17,429616,Adam Kaied
18,514538,Raul Paula
19,530991,Cherrion Valerius
20,530993,Lars Mol
21,531873,Max Balard
22,328432,Siebe Horemans
23,402885,Anthony Descotte
24,411418,Matisse Didden
25,450214,Alonzo Engwanda
26,403644,Victor Jensen
27,455842,Yoann Cathline
28,394998,Can Bozdogan
29,135954,Vasilios Barkas
30,370024,Kolbeinn Finnsson
31,429514,Zidane Iqbal
32,422805,Souffian El Karouani
33,454336,Tom de Graaff
34,409462,Noah Ohio
35,400279,David Min
36,402852,Ole Romeny
37,70906,Nick Viergever
38,82401,Jens Toornstra
39,101605,Mike van der Hoorn
40,116684,Michael Brouwer
41,399952,Miguel Rodríguez
42,413783,Paxten Aaronson
43,438303,Adrian Blake
,ID,Name
0,22300,Lasse Schöne
1,430309,Brayann Pereira
2,499973,Argyrios Darelas
3,487049,Koki Ogawa
4,497708,Kodai Sano
5,506727,D'Leanu Arts
6,444619,Stijn van Gassel
7,444741,Kas de Wit
8,301027,Thomas Ouwejan
9,77422,Bram Nuytinck
10,271086,Calvin Verdonk
11,389945,Sontje Hansen
12,422806,Dirk Proper
13,422814,Robin Roefs
14,429380,Rijk Janse
15,279967,Iván Márquez
16,532237,Basar Önal
17,351532,Mees Hoedemakers
18,365712,Rober
19,399855,Dylan Mbayo
20,400278,Thierry Lutonda
21,399311,Filip Krastev
22,333527,Odysseus Velanas
23,333781,Dylan Vente
24,352844,Thomas Buitink
25,20831,Kenneth Vermeer
26,362467,Jasper Schendelaar
27,365152,Eliano Reijnders
28,400823,Davy van den Berg
29,431253,Damian van der Haar
30,489992,Nick Fichtinger
31,489995,Mohamed Oukhattou
32,490379,Anouar El Azzouzi
33,513251,Teun Gijselhart
34,515596,Kaj de Rooij
35,317693,Mike Hauptmeijer
36,137327,Ryan Thomas
37,424502,Anselmo MacNulty
38,354027,Anthony Fontana
39,416971,Simon Graves
,ID,Name
0,78353,Marvin Peersman
1,467771,Noam Emeran
2,394980,Marco Rente
3,388041,Brynjólfur Willumsson
4,405003,Thijs Oosting
5,79967,Leandro Bacuna
6,97719,Joey Pelupessy
7,231013,Hidde Jurjus
8,517884,Wouter Prins
9,517927,Finn Stam
10,530978,Sven Bouland
11,379705,Etienne Vaessen
12,381718,Romano Postema
13,434212,Dirk Baron
14,459078,Thom van Bergen
15,460696,Jorg Schreuders
16,321106,Johan Hove
17,444652,Rui Mendes
18,415926,Tika de Jonge
19,415927,Luciano Valente
20,415928,Thijmen Blokzijl
21,485376,Ibrahim Sadiq
22,499764,Seiya Maikuma
23,510581,Jayden Addai
24,472183,Wouter Goes
25,484652,Ruben van Bommel
26,90802,Jordy Clasie
27,90834,Hobie Verhulst
28,133959,Riechedly Bazoer
29,383560,Sven Mijnans
30,408102,Peer Koopmeiners
31,432172,Denso Kasius
32,433950,Mexx Meerdink
33,438484,Myron van Brederode
34,415772,Zico Buurmeester
35,444717,Lequincio Zeefuik
36,470734,Daniël Deen
37,422248,Alexandre Penetra
38,415341,David Møller Wolfe
39,470735,Rome-Jayden Owusu-Oduro
40,439447,Kristijan Belic
41,384064,Troy Parrott
42,513559,Kees Smit
,ID,Name
0,404077,Thibo Baeten
1,451676,Jari De Busser
2,530988,Mathis Suray
3,484492,Aske Adelgaard
4,484558,Jakob Breum
5,424578,Oliver Antman
6,288859,Gerrit Nauber
7,362691,Luca Plogmann
8,382238,Bobby Adekanye
9,400173,Jamal Amofa
10,322159,Finn Stokkers
11,355961,Evert Linthorst
12,411691,Enric Llansana
13,422633,Mats Deijl
14,422781,Luca Everink
15,426002,Sven Jansen
16,444782,Pim Saathof
17,444783,Robbin Weijenberg
18,445055,Dean James
19,445056,Calvin Twigt
20,276442,Joris Kramer
21,470692,Victor Edvardsen
22,444349,Søren Tengstedt
23,255946,Dario Van den Buijs
24,469502,Chris Lokesa
25,320608,Alexander Jakobsen
26,446984,Daouda Weidmann
27,289015,Julian Lelieveld
28,31238,Aaron Meijers
29,141965,Jeroen Houwen
30,243708,Yanick van Osch
31,357080,Godfried Roemeratoe
32,369048,Richonell Margaret
33,380663,Patrick Vroegh
34,387172,Denilho Cleonise
35,389411,Yassin Oukili
36,391284,Richard van der Venne
37,403820,Juan Familia-Castillo
38,429270,Joey Kesting
39,433575,Liam van Gelderen
40,322182,Reuven Niemeijer
41,353698,Roshon van Eijma
42,531000,Tim van de Loo
,ID,Name
0,401137,Bryan Limbombe
1,450923,Brian De Keersmaecker
2,530989,Robin Mantel
3,499929,Juho Talvitie
4,401250,Jannes Wieckhoff
5,225522,Mario Engels
6,404976,Suf Podgoreanu
7,495554,Lorenzo Milani
8,69789,Kelvin Leerdam
9,96581,Thomas Bruns
10,433912,Timo Jansink
11,433913,Sem Scheperman
12,444714,Damon Mirani
13,423949,Mimeirhel Benita
14,299511,Jordy Bruijn
15,364306,Daniël van Kaam
16,379686,Ruben Roosken
17,382581,Fabian de Keijzer
18,424540,Ivan Mesík
19,449309,Shiloh 't Zand
20,527632,Jop Tijink
21,535937,Giandro Sambo
22,535938,Tiago Codinha
23,531004,Raffael Behounek
24,448628,Rob Nizet
25,420300,Cisse Sandra
26,391257,Mickaël Tirpan
27,443089,Kyan Vaesen
28,89358,Jeremy Bokila
29,135109,Thomas Didillon-Hödl
30,444729,Emilio Kehrer
31,405831,Maarten Schut
32,422858,Nick Doodeman
33,425569,Ringo Meerveld
34,432117,Max de Waal
35,298493,Patrick Joosten
36,379600,Connor van den Berg
37,379702,Jesse Bosch
38,382582,Tommy St. Jago
39,531005,Amine Lachkar
40,535802,Jens Mathijsen
41,531003,Valentino Vermeulen
42,535803,Per Van Loon
43,531013,Khaled Razak
44,451513,Rúnar Sigurgeirsson
,ID,Name
0,343347,Arno Verschueren
1,382494,Charles-Andreas Brym
2,379712,Saïd Bakari
3,513252,Shunsuke Mito
4,444160,Mohamed Nassoh
5,444483,Mike Eerdhuijzen
6,444623,Julian Baas
7,449308,Mike Kleijn
8,451993,Boyd Reith
9,491398,Camiel Neghli
10,506930,Hamza El Dahri
11,422872,Djevencio van der Kust
12,427851,Rick Meissen
13,19087,Jonathan de Guzmán
14,243916,Nick Olij
15,279173,Pelle Clement
16,379764,Youri Schoonderwaldt
17,276756,Tobias Lauritsen
18,349199,Joshua Kitolano
19,433577,Metinho
20,535931,Marvin Young
21,536875,Ayoub Oufkir
22,538000,Dylan Tevreden
23,379701,Ramiz Zerrouki
24,515829,Anis Hadj Moussa
25,347863,Julián Carranza
26,436553,Igor Paixão
27,517344,Jeyland Mitchell
28,298710,Luka Ivanusec
29,404200,Ondrej Lingr
30,530985,Chris-Kévin Nadje
31,121821,Timon Wellenreuther
32,377288,Ayase Ueda
33,445061,Santiago Giménez
34,450767,Mikki van Sas
35,489979,Gjivai Zechiël
36,444719,Givairo Read
37,302709,Justin Bijlow
38,328987,Calvin Stengs
39,345441,Lutsharel Geertruida
40,411078,Quinten Timber
41,412907,Neraysho Kasanwirjo
42,436114,Thomas Beelen
43,400059,Gijs Smal
44,362779,Dávid Hancko
45,532292,Jan Plug
,ID,Name
0,530976,Jonas Wendlinger
1,143815,Anas Tahiri
2,431023,Faïz Mattoir
3,432217,Junior Kadile
4,450417,Logan Delaurier-Chaubet
5,404551,Ruben Providence
6,296323,Thomas Robinet
7,357398,Théo Barbet
8,409755,Vasilios Zagaritis
9,484527,Nordin Bakker
10,484531,Joey Jacobs
11,484540,Jochem Ritmeester van de Kamp
12,497336,Joël van der Wilt
13,363872,Christopher Mamengi
14,379734,Hamdi Akujobi
15,124380,Thom Haye
16,137368,Damil Dankerlui
17,395381,Kornelius Hansen
18,396431,Ricardo Visus
19,321235,Àlex Carbonell
20,392651,Adi Nalic
21,22300,Lasse Schöne
22,430309,Brayann Pereira
23,499973,Argyris Darellas
24,487049,Koki Ogawa
25,497708,Kodai Sano
26,444619,Stijn van Gassel
27,389945,Sontje Hansen
28,422814,Robin Roefs
29,429380,Rijk Janse
30,77422,Bram Nuytinck
31,271086,Calvin Verdonk
32,301027,Thomas Ouwejan
33,343314,Vito van Crooij
34,279967,Iván Márquez
35,532237,Basar Önal
36,538340,Kento Shiogai
37,515755,Sami Ouaissa
38,351532,Mees Hoedemakers
39,365712,Rober
40,404207,Lefteris Lyratzis
,ID,Name
0,365119,Ezequiel Bullaude
1,400545,Shawn Adewoye
2,534227,Luka Tunjic
3,396058,Rodrigo Guth
4,343981,Ante Erceg
5,424369,Josip Mitrovic
6,421892,Loreintz Rosier
7,530987,Makan Aiko
8,409160,Syb van Ottele
9,400011,Jasper Dahlhaus
10,97367,Mattijs Branderhorst
11,115574,Mitchell Dijks
12,290832,Alessio da Cruz
13,301457,Luuk Koopmans
14,70598,Ivo Pinto
15,455568,Úmaro Embaló
16,140902,Kristoffer Peterson
17,531510,Ryan Fosso
18,531569,Darijo Grujcic
19,525774,Ramazan Bayram
20,78353,Marvin Peersman
21,394980,Marco Rente
22,388041,Brynjólfur Willumsson
23,379705,Etienne Vaessen
24,381718,Romano Postema
25,434212,Dirk Baron
26,459078,Thom van Bergen
27,460696,Jorg Schreuders
28,405003,Thijs Oosting
29,79967,Leandro Bacuna
30,97719,Joey Pelupessy
31,231013,Hidde Jurjus
32,484537,Stije Resink
33,517884,Wouter Prins
34,517927,Finn Stam
35,321106,Johan Hove
36,444652,Rui Mendes
37,425956,Alex Mortensen
38,470783,Maxim Mariani
39,415926,Tika de Jonge
40,415927,Luciano Valente
41,415928,Thijmen Blokzijl
,ID,Name
0,404216,Leo Greiml
1,400523,Jan Van den Bergh
2,412176,Dominik Janosek
3,113783,Elías Már Ómarsson
4,211233,Enes Mahmutovic
5,244640,Clint Leemans
6,322152,Roy Kortsmit
7,348647,Boyd Lucassen
8,389479,Boy Kemper
9,400057,Casper Staring
10,429373,Roy Kuijpers
11,109117,Terence Kongolo
12,408489,Tein Troost
13,437076,Matthew Garbett
14,320427,Fredrik Oldrup Jensen
15,423275,Kacper Kostorz
16,530990,Daniel Bielica
17,468119,Leo Sauer
18,484534,Manel Royo
19,429616,Adam Kaied
20,514538,Raul Paula
21,530993,Lars Mol
22,531873,Max Balard
23,255946,Dario Van den Buijs
24,469502,Chris Lokesa
25,446984,Daouda Weidmann
26,141965,Jeroen Houwen
27,243708,Yanick van Osch
28,357080,Godfried Roemeratoe
29,361778,Silvester van der Water
30,369048,Richonell Margaret
31,369107,Mohamed Ihattaren
32,387172,Denilho Cleonise
33,389411,Yassin Oukili
34,391284,Richard van der Venne
35,400276,Luuk Wouters
36,403820,Juan Familia-Castillo
37,429270,Joey Kesting
38,433575,Liam van Gelderen
39,444674,Kevin Felida
40,289015,Julian Lelieveld
41,322182,Reuven Niemeijer
42,303134,Oskar Zawada
43,353698,Roshon van Eijma
44,531000,Tim van de Loo
45,538759,Faissal Al Mazyani
,ID,Name
0,130304,Walter Benítez
1,427824,Johan Bakayoko
2,346767,Mauro Júnior
3,70524,Ivan Perisic
4,260809,Olivier Boscagli
5,404776,Ismael Saibari
6,400009,Couhaib Driouech
7,444164,Matteo Dams
8,354283,Noa Lang
9,275012,Joël Drommel
10,322148,Guus Til
11,345333,Armando Obispo
12,68585,Luuk de Jong
13,232249,Rick Karsdorp
14,462233,Niek Schiks
15,489985,Isaac Babadi
16,377466,Ricardo Pepi
17,386631,Richard Ledezma
18,397465,Malik Tillman
19,444737,Ryan Flamingo
20,399855,Dylan Mbayo
21,400278,Thierry Lutonda
22,399311,Filip Krastev
23,296684,Jamiro Monteiro
24,259930,Younes Namli
25,391924,Braydon Manu
26,333527,Odysseus Velanas
27,333781,Dylan Vente
28,352844,Thomas Buitink
29,362467,Jasper Schendelaar
30,365152,Eliano Reijnders
31,20831,Kenneth Vermeer
32,317693,Mike Hauptmeijer
33,322157,Sherel Floranus
34,400823,Davy van den Berg
35,431253,Damian van der Haar
36,454339,Olivier Aertssen
37,489992,Nick Fichtinger
38,490379,Anouar El Azzouzi
39,513251,Teun Gijselhart
40,515596,Kaj de Rooij
41,137327,Ryan Thomas
42,424502,Anselmo MacNulty
,ID,Name
0,426910,Ilias Sebaoui
1,535678,Jacob Trenskow
2,319396,Amara Condé
3,323531,Mats Köhlert
4,479298,Danilo Al Saed
5,363248,Ion Nicolaescu
6,379599,Ché Nunnely
7,380731,Sam Kersten
8,387720,Denzel Hall
9,252239,Andries Noppert
10,296543,Jan Bekkema
11,497178,Espen van Ee
12,454333,Mateja Milovanovic
13,472399,Bernt Klaverboer
14,536000,Dimitris Rallis
15,531002,Levi Smans
16,497179,Oliver Braude
17,436168,Nikolai Hopland
18,142376,Pawel Bochniewicz
19,327724,Simon Olsson
20,422634,Luuk Brouwers
21,436158,Daniel Karlsbakk
22,536002,Isaiah Ahmed
23,343347,Arno Verschueren
24,416803,Kayky
25,382494,Charles-Andreas Brym
26,379712,Saïd Bakari
27,513252,Shunsuke Mito
28,243916,Nick Olij
29,279173,Pelle Clement
30,422872,Djevencio van der Kust
31,427851,Rick Meissen
32,444160,Mohamed Nassoh
33,444623,Julian Baas
34,449308,Mike Kleijn
35,451993,Boyd Reith
36,379764,Youri Schoonderwaldt
37,491398,Camiel Neghli
38,503818,Max de Ligt
39,349199,Joshua Kitolano
40,276756,Tobias Lauritsen
41,489319,Kaylen Reitmaier
42,433577,Metinho
43,535931,Marvin Young
,ID,Name
0,499764,Seiya Maikuma
1,510581,Jayden Addai
2,408102,Peer Koopmeiners
3,415670,Jorn Berkhout
4,67299,Jeroen Zoet
5,90802,Jordy Clasie
6,90834,Hobie Verhulst
7,383560,Sven Mijnans
8,422737,Ernest Poku
9,422867,Mees de Wit
10,432172,Denso Kasius
11,433950,Mexx Meerdink
12,497707,Dave Kwakman
13,422248,Alexandre Penetra
14,444780,Mayckel Lahdo
15,470735,Rome-Jayden Owusu-Oduro
16,525739,Enoch Mastoras
17,544622,Ro-Zangelo Daal
18,544623,Elijah Dijkstra
19,439447,Kristijan Belic
20,384064,Troy Parrott
21,451676,Jari De Busser
22,530988,Mathis Suray
23,484492,Aske Adelgaard
24,484558,Jakob Breum
25,424578,Oliver Antman
26,362691,Luca Plogmann
27,288859,Gerrit Nauber
28,322159,Finn Stokkers
29,355961,Evert Linthorst
30,276442,Joris Kramer
31,400173,Jamal Amofa
32,411691,Enric Llansana
33,422633,Mats Deijl
34,422781,Luca Everink
35,382238,Bobby Adekanye
36,426002,Sven Jansen
37,436147,Milan Smit
38,444655,Julius Dirksen
39,444783,Robbin Weijenberg
40,445055,Dean James
41,445056,Calvin Twigt
42,383616,Oliver Edvardsen
43,470692,Victor Edvardsen
,ID,Name
0,460297,Benjamin Tahirovic
1,109807,Bertrand Traoré
2,402666,Josip Sutalo
3,449301,Christian Rasmussen
4,484494,Anton Gaaei
5,116207,Daniele Rugani
6,139299,Branco van den Boomen
7,328550,Owen Wijndal
8,115479,Wout Weghorst
9,34550,Remko Pasveer
10,404568,Brian Brobbey
11,415781,Kian Fitz-Jim
12,422801,Youri Baas
13,422802,Jay Gorter
14,400165,Devyne Rensch
15,108860,Davy Klaassen
16,401122,Kenneth Taylor
17,467715,Jorrel Hato
18,400320,Ahmetcan Kaplan
19,68659,Jordan Henderson
20,122294,Chuba Akpom
21,373154,Diant Ramaj
22,462099,Mika Godts
23,531004,Raffael Behounek
24,391257,Mickaël Tirpan
25,400487,Boris Lambert
26,420300,Cisse Sandra
27,443089,Kyan Vaesen
28,448628,Rob Nizet
29,89358,Jeremy Bokila
30,135109,Thomas Didillon-Hödl
31,444729,Emilio Kehrer
32,422858,Nick Doodeman
33,425569,Ringo Meerveld
34,405831,Maarten Schut
35,298493,Patrick Joosten
36,379600,Connor van den Berg
37,379702,Jesse Bosch
38,382582,Tommy St. Jago
39,531003,Valentino Vermeulen
40,531005,Amine Lachkar
41,535802,Jens Mathijsen
42,455539,Amar Fatah
43,451513,Rúnar Sigurgeirsson
44,535803,Per van Loon
45,538760,Miodrag Pivas
,ID,Name
0,328432,Siebe Horemans
1,402885,Anthony Descotte
2,411418,Matisse Didden
3,425341,Oscar Fraulo
4,416311,Niklas Vesterlund
5,403644,Victor Jensen
6,455842,Yoann Cathline
7,394998,Can Bozdogan
8,135954,Vasilios Barkas
9,370024,Kolbeinn Finnsson
10,422805,Souffian El Karouani
11,409462,Noah Ohio
12,400279,David Min
13,402852,Ole Romeny
14,70906,Nick Viergever
15,82401,Jens Toornstra
16,101605,Mike van der Hoorn
17,116684,Michael Brouwer
18,454336,Tom de Graaff
19,399952,Miguel Rodríguez
20,413783,Paxten Aaronson
21,444675,Taylor Booth
22,438303,Adrian Blake
23,379701,Ramiz Zerrouki
24,515829,Anis Hadj Moussa
25,347863,Julián Carranza
26,384574,Gernot Trauner
27,436553,Igor Paixão
28,484570,Plamen Andreev
29,517344,Jeyland Mitchell
30,298710,Luka Ivanusec
31,530985,Chris-Kévin Nadje
32,121821,Timon Wellenreuther
33,519755,Ibrahim Osman
34,302709,Justin Bijlow
35,400059,Gijs Smal
36,411078,Quinten Timber
37,422921,Antoni Milambo
38,436114,Thomas Beelen
39,444719,Givairo Read
40,409730,Hugo Bueno
41,362779,Dávid Hancko
42,371030,Hwang In-Beom
43,444264,Facundo González
44,534893,Aymen Sliti
,ID,Name
0,425958,Alec Van Hoorenbeeck
1,90235,Lars Unnerstall
2,368289,Issam El Maach
3,402819,Mees Hilgers
4,405560,Daan Rots
5,406780,Max Bruns
6,422804,Bart van Rooij
7,134722,Bas Kuipers
8,321910,Carel Eiting
9,322149,Michel Vlap
10,328269,Sam Lammers
11,361794,Sem Steijn
12,427577,Youri Regeer
13,437387,Anass Salah-Eddine
14,475578,Mats Rots
15,475579,Gijs Besselink
16,478021,Juliën Mesbahi
17,494032,Harrie Kuster
18,34545,Przemyslaw Tyton
19,428096,Gustaf Lagerbielke
20,457265,Sayfallah Ltaief
21,542879,Owen Panneflek
22,404777,Mathias Kjølø
23,530989,Robin Mantel
24,534710,Luka Kulenovic
25,370314,Jan Zamburek
26,499929,Juho Talvitie
27,225522,Mario Engels
28,401250,Jannes Wieckhoff
29,404976,Suf Podgoreanu
30,495554,Lorenzo Milani
31,423949,Mimeirhel Benita
32,433912,Timo Jansink
33,444714,Damon Mirani
34,484547,Diego van Oorschot
35,299511,Jordy Bruijn
36,312702,Justin Hoogma
37,349481,Jizz Hornkamp
38,364306,Daniël van Kaam
39,379686,Ruben Roosken
40,382581,Fabian de Keijzer
41,69789,Kelvin Leerdam
42,96581,Thomas Bruns
43,424540,Ivan Mesík
44,449309,Shiloh 't Zand
45,527632,Jop Tijink
,ID,Name
0,530989,Robin Mantel
1,450923,Brian De Keersmaecker
2,534710,Luka Kulenovic
3,499929,Juho Talvitie
4,225522,Mario Engels
5,401250,Jannes Wieckhoff
6,404976,Suf Podgoreanu
7,495554,Lorenzo Milani
8,423949,Mimeirhel Benita
9,299511,Jordy Bruijn
10,312702,Justin Hoogma
11,349481,Jizz Hornkamp
12,364306,Daniël van Kaam
13,379686,Ruben Roosken
14,382581,Fabian de Keijzer
15,69789,Kelvin Leerdam
16,96581,Thomas Bruns
17,433912,Timo Jansink
18,444714,Damon Mirani
19,424540,Ivan Mesík
20,449309,Shiloh 't Zand
21,426910,Ilias Sebaoui
22,535678,Jacob Trenskow
23,319396,Amara Condé
24,323531,Mats Köhlert
25,252239,Andries Noppert
26,379599,Ché Nunnely
27,380731,Sam Kersten
28,387720,Denzel Hall
29,454333,Mateja Milovanovic
30,472399,Bernt Klaverboer
31,497178,Espen van Ee
32,121834,Mickey van der Hart
33,536000,Dimitris Rallis
34,531002,Levi Smans
35,436168,Nikolai Hopland
36,497179,Oliver Braude
37,142376,Pawel Bochniewicz
38,327724,Simon Olsson
39,406536,Hussein Ali
40,422634,Luuk Brouwers
41,436158,Daniel Karlsbakk
42,536002,Isaiah Ahmed
,ID,Name
0,22300,Lasse Schöne
1,430309,Brayann Pereira
2,499973,Argyris Darellas
3,487049,Koki Ogawa
4,444619,Stijn van Gassel
5,422806,Dirk Proper
6,422814,Robin Roefs
7,429380,Rijk Janse
8,77422,Bram Nuytinck
9,271086,Calvin Verdonk
10,301027,Thomas Ouwejan
11,389945,Sontje Hansen
12,279967,Iván Márquez
13,532237,Basar Önal
14,538340,Kento Shiogai
15,515755,Sami Ouaissa
16,404207,Lefteris Lyratzis
17,351532,Mees Hoedemakers
18,365712,Rober
19,379701,Ramiz Zerrouki
20,515829,Anis Hadj Moussa
21,347863,Julián Carranza
22,384574,Gernot Trauner
23,436553,Igor Paixão
24,484570,Plamen Andreev
25,298710,Luka Ivanusec
26,530985,Chris-Kévin Nadje
27,121821,Timon Wellenreuther
28,519755,Ibrahim Osman
29,377288,Ayase Ueda
30,444719,Givairo Read
31,411078,Quinten Timber
32,422921,Antoni Milambo
33,436114,Thomas Beelen
34,302709,Justin Bijlow
35,400059,Gijs Smal
36,489979,Gjivai Zechiël
37,409730,Hugo Bueno
38,362779,Dávid Hancko
39,345527,Jordan Lotomba
40,371030,Hwang In-Beom
41,444264,Facundo González
,ID,Name
0,343347,Arno Verschueren
1,382494,Charles-Andreas Brym
2,379712,Saïd Bakari
3,513252,Shunsuke Mito
4,379764,Youri Schoonderwaldt
5,279173,Pelle Clement
6,491398,Camiel Neghli
7,444160,Mohamed Nassoh
8,444483,Mike Eerdhuijzen
9,444623,Julian Baas
10,449308,Mike Kleijn
11,451993,Boyd Reith
12,422872,Djevencio van der Kust
13,427851,Rick Meissen
14,19087,Jonathan de Guzmán
15,243916,Nick Olij
16,276756,Tobias Lauritsen
17,349199,Joshua Kitolano
18,457153,Teo Quintero
19,489319,Kaylen Reitmaier
20,433577,Metinho
21,535931,Marvin Young
22,365119,Ezequiel Bullaude
23,400545,Shawn Adewoye
24,534227,Luka Tunjic
25,396058,Rodrigo Guth
26,228329,Samuel Bastien
27,120151,Alen Halilovic
28,343981,Ante Erceg
29,424369,Josip Mitrovic
30,421892,Loreintz Rosier
31,530987,Makan Aiko
32,97367,Mattijs Branderhorst
33,115574,Mitchell Dijks
34,301457,Luuk Koopmans
35,400011,Jasper Dahlhaus
36,409160,Syb van Ottele
37,527633,Tristan Schenkhuizen
38,70598,Ivo Pinto
39,531510,Ryan Fosso
40,525774,Ramazan Bayram
41,531569,Darijo Grujcic
,ID,Name
0,531004,Raffael Behounek
1,443089,Kyan Vaesen
2,448628,Rob Nizet
3,391257,Mickaël Tirpan
4,400487,Boris Lambert
5,420300,Cisse Sandra
6,89358,Jeremy Bokila
7,135109,Thomas Didillon-Hödl
8,444729,Emilio Kehrer
9,535802,Jens Mathijsen
10,531005,Amine Lachkar
11,531003,Valentino Vermeulen
12,298493,Patrick Joosten
13,379600,Connor van den Berg
14,379702,Jesse Bosch
15,382582,Tommy St. Jago
16,422858,Nick Doodeman
17,425569,Ringo Meerveld
18,455539,Amar Fatah
19,535803,Per van Loon
20,538760,Miodrag Pivas
21,531013,Khaled Razak
22,451513,Rúnar Sigurgeirsson
23,130304,Walter Benítez
24,427824,Johan Bakayoko
25,346767,Mauro Júnior
26,70524,Ivan Perisic
27,260809,Olivier Boscagli
28,404776,Ismael Saibari
29,400009,Couhaib Driouech
30,382556,Joey Veerman
31,354283,Noa Lang
32,232249,Rick Karsdorp
33,275012,Joël Drommel
34,322148,Guus Til
35,331555,Jerdy Schouten
36,345333,Armando Obispo
37,68585,Luuk de Jong
38,444164,Matteo Dams
39,462233,Niek Schiks
40,481080,Tygo Land
41,489985,Isaac Babadi
42,377466,Ricardo Pepi
43,397465,Malik Tillman
44,465011,Adamo Nagalo
45,444737,Ryan Flamingo
,ID,Name
0,499764,Seiya Maikuma
1,510581,Jayden Addai
2,444717,Lequincio Zeefuik
3,422737,Ernest Poku
4,422867,Mees de Wit
5,432172,Denso Kasius
6,434318,Maxim Dekker
7,67299,Jeroen Zoet
8,90802,Jordy Clasie
9,90810,Bruno Martins Indi
10,90834,Hobie Verhulst
11,383560,Sven Mijnans
12,408102,Peer Koopmeiners
13,415772,Zico Buurmeester
14,484652,Ruben van Bommel
15,422248,Alexandre Penetra
16,444780,Mayckel Lahdo
17,470735,Rome-Jayden Owusu-Oduro
18,513559,Kees Smit
19,439447,Kristijan Belic
20,415341,David Møller Wolfe
21,384064,Troy Parrott
22,328432,Siebe Horemans
23,402885,Anthony Descotte
24,411418,Matisse Didden
25,403644,Victor Jensen
26,425341,Oscar Fraulo
27,455842,Yoann Cathline
28,394998,Can Bozdogan
29,135954,Vasilios Barkas
30,370024,Kolbeinn Finnsson
31,422805,Souffian El Karouani
32,512213,Joshua Mukeh
33,454336,Tom de Graaff
34,70906,Nick Viergever
35,82401,Jens Toornstra
36,101605,Mike van der Hoorn
37,116684,Michael Brouwer
38,400279,David Min
39,402852,Ole Romeny
40,409462,Noah Ohio
41,399952,Miguel Rodríguez
42,413783,Paxten Aaronson
43,444675,Taylor Booth
44,438303,Adrian Blake
,ID,Name
0,467771,Noam Emeran
1,79967,Leandro Bacuna
2,97719,Joey Pelupessy
3,231013,Hidde Jurjus
4,379705,Etienne Vaessen
5,381718,Romano Postema
6,405003,Thijs Oosting
7,434212,Dirk Baron
8,459078,Thom van Bergen
9,460696,Jorg Schreuders
10,484537,Stije Resink
11,517884,Wouter Prins
12,517927,Finn Stam
13,530978,Sven Bouland
14,321106,Johan Hove
15,444652,Rui Mendes
16,470783,Maxim Mariani
17,482883,Fofin Turay
18,415927,Luciano Valente
19,415928,Thijmen Blokzijl
20,451676,Jari De Busser
21,530988,Mathis Suray
22,484492,Aske Adelgaard
23,484558,Jakob Breum
24,424578,Oliver Antman
25,288859,Gerrit Nauber
26,362691,Luca Plogmann
27,382238,Bobby Adekanye
28,411691,Enric Llansana
29,422633,Mats Deijl
30,422781,Luca Everink
31,322159,Finn Stokkers
32,355961,Evert Linthorst
33,426002,Sven Jansen
34,436147,Milan Smit
35,444655,Julius Dirksen
36,444782,Pim Saathof
37,445056,Calvin Twigt
38,276442,Joris Kramer
39,383616,Oliver Edvardsen
40,470692,Victor Edvardsen
41,444349,Søren Tengstedt
,ID,Name
0,399855,Dylan Mbayo
1,400278,Thierry Lutonda
2,399311,Filip Krastev
3,296684,Jamiro Monteiro
4,259930,Younes Namli
5,333527,Odysseus Velanas
6,333781,Dylan Vente
7,352844,Thomas Buitink
8,362467,Jasper Schendelaar
9,365152,Eliano Reijnders
10,317693,Mike Hauptmeijer
11,322157,Sherel Floranus
12,20831,Kenneth Vermeer
13,400823,Davy van den Berg
14,431253,Damian van der Haar
15,489992,Nick Fichtinger
16,489995,Mohamed Oukhattou
17,490379,Anouar El Azzouzi
18,515596,Kaj de Rooij
19,137327,Ryan Thomas
20,424502,Anselmo MacNulty
21,416971,Simon Graves
22,530976,Jonas Wendlinger
23,128564,Baptiste Guillaume
24,143815,Anas Tahiri
25,431023,Faïz Mattoir
26,429632,Álex Balboa
27,404551,Ruben Providence
28,296323,Thomas Robinet
29,432217,Junior Kadile
30,450417,Logan Delaurier-Chaubet
31,357398,Théo Barbet
32,409755,Vasilios Zagaritis
33,379734,Hamdi Akujobi
34,484527,Nordin Bakker
35,484531,Joey Jacobs
36,484540,Jochem Ritmeester van de Kamp
37,497336,Joël van der Wilt
38,137368,Damil Dankerlui
39,124380,Thom Haye
40,395381,Kornelius Hansen
41,396431,Ricardo Visus
42,321235,Àlex Carbonell
43,392651,Adi Nalic
44,108624,James Lawrence
,ID,Name
0,255946,Dario Van den Buijs
1,450984,Ilias Takidine
2,469502,Chris Lokesa
3,320608,Alexander Jakobsen
4,446984,Daouda Weidmann
5,322182,Reuven Niemeijer
6,369048,Richonell Margaret
7,369107,Mohamed Ihattaren
8,380663,Patrick Vroegh
9,387172,Denilho Cleonise
10,389411,Yassin Oukili
11,400276,Luuk Wouters
12,403820,Juan Familia-Castillo
13,429270,Joey Kesting
14,433575,Liam van Gelderen
15,444674,Kevin Felida
16,289015,Julian Lelieveld
17,31238,Aaron Meijers
18,141965,Jeroen Houwen
19,243708,Yanick van Osch
20,303134,Oskar Zawada
21,531000,Tim van de Loo
22,460297,Benjamin Tahirovic
23,109807,Bertrand Traoré
24,402666,Josip Sutalo
25,449301,Christian Rasmussen
26,424248,Kristian Hlynsson
27,116207,Daniele Rugani
28,108860,Davy Klaassen
29,139299,Branco van den Boomen
30,328550,Owen Wijndal
31,400165,Devyne Rensch
32,401122,Kenneth Taylor
33,454337,Jaydon Banel
34,404568,Brian Brobbey
35,415781,Kian Fitz-Jim
36,422801,Youri Baas
37,422802,Jay Gorter
38,34550,Remko Pasveer
39,467715,Jorrel Hato
40,400320,Ahmetcan Kaplan
41,122294,Chuba Akpom
42,68659,Jordan Henderson
43,373154,Diant Ramaj
44,462099,Mika Godts
,ID,Name
0,425958,Alec Van Hoorenbeeck
1,90235,Lars Unnerstall
2,368289,Issam El Maach
3,402819,Mees Hilgers
4,37344,Ricky van Wolfswinkel
5,134722,Bas Kuipers
6,301423,Mitchell van Bergen
7,321910,Carel Eiting
8,322149,Michel Vlap
9,328269,Sam Lammers
10,361794,Sem Steijn
11,427577,Youri Regeer
12,406780,Max Bruns
13,422804,Bart van Rooij
14,475578,Mats Rots
15,475579,Gijs Besselink
16,478021,Juliën Mesbahi
17,494032,Harrie Kuster
18,437387,Anass Salah-Eddine
19,34545,Przemyslaw Tyton
20,428096,Gustaf Lagerbielke
21,457265,Sayfallah Ltaief
22,404777,Mathias Kjølø
23,404216,Leo Greiml
24,400523,Jan Van den Bergh
25,412176,Dominik Janosek
26,113783,Elías Már Ómarsson
27,211233,Enes Mahmutovic
28,109117,Terence Kongolo
29,244640,Clint Leemans
30,322152,Roy Kortsmit
31,348647,Boyd Lucassen
32,389479,Boy Kemper
33,400057,Casper Staring
34,429373,Roy Kuijpers
35,408489,Tein Troost
36,437076,Matthew Garbett
37,320427,Fredrik Oldrup Jensen
38,423275,Kacper Kostorz
39,530990,Daniel Bielica
40,498420,Saná Fernandes
41,468119,Leo Sauer
42,484534,Manel Royo
43,429616,Adam Kaied
44,530991,Cherrion Valerius
45,531873,Max Balard
,ID,Name
0,255946,Dario Van den Buijs
1,450984,Ilias Takidine
2,469502,Chris Lokesa
3,320608,Alexander Jakobsen
4,446984,Daouda Weidmann
5,322182,Reuven Niemeijer
6,289015,Julian Lelieveld
7,31238,Aaron Meijers
8,40342,Michiel Kramer
9,141965,Jeroen Houwen
10,243708,Yanick van Osch
11,357080,Godfried Roemeratoe
12,369048,Richonell Margaret
13,380663,Patrick Vroegh
14,387172,Denilho Cleonise
15,403820,Juan Familia-Castillo
16,429270,Joey Kesting
17,433575,Liam van Gelderen
18,531000,Tim van de Loo
19,353698,Roshon van Eijma
20,485376,Ibrahim Sadiq
21,499764,Seiya Maikuma
22,510581,Jayden Addai
23,470734,Daniël Deen
24,472183,Wouter Goes
25,484652,Ruben van Bommel
26,408102,Peer Koopmeiners
27,415772,Zico Buurmeester
28,432172,Denso Kasius
29,433950,Mexx Meerdink
30,90802,Jordy Clasie
31,90834,Hobie Verhulst
32,133959,Riechedly Bazoer
33,383560,Sven Mijnans
34,422248,Alexandre Penetra
35,439447,Kristijan Belic
36,415341,David Møller Wolfe
37,470735,Rome-Jayden Owusu-Oduro
38,513559,Kees Smit
39,384064,Troy Parrott
,ID,Name
0,530976,Jonas Wendlinger
1,128564,Baptiste Guillaume
2,431023,Faïz Mattoir
3,429632,Álex Balboa
4,404551,Ruben Providence
5,432217,Junior Kadile
6,450417,Logan Delaurier-Chaubet
7,296323,Thomas Robinet
8,357398,Théo Barbet
9,409755,Vasilios Zagaritis
10,363872,Christopher Mamengi
11,379734,Hamdi Akujobi
12,137368,Damil Dankerlui
13,484527,Nordin Bakker
14,484531,Joey Jacobs
15,484538,Guus Beaumont
16,484540,Jochem Ritmeester van de Kamp
17,497336,Joël van der Wilt
18,395381,Kornelius Hansen
19,396431,Ricardo Visus
20,392651,Adi Nalic
21,108624,James Lawrence
22,78353,Marvin Peersman
23,467771,Noam Emeran
24,394980,Marco Rente
25,388041,Brynjólfur Willumsson
26,517884,Wouter Prins
27,517927,Finn Stam
28,459078,Thom van Bergen
29,460696,Jorg Schreuders
30,79967,Leandro Bacuna
31,97719,Joey Pelupessy
32,231013,Hidde Jurjus
33,405003,Thijs Oosting
34,379705,Etienne Vaessen
35,381718,Romano Postema
36,434212,Dirk Baron
37,321106,Johan Hove
38,444652,Rui Mendes
39,415926,Tika de Jonge
40,415927,Luciano Valente
41,415928,Thijmen Blokzijl
42,482883,Fofin Turay
,ID,Name
0,400545,Shawn Adewoye
1,436591,Milan Robberechts
2,534227,Luka Tunjic
3,396058,Rodrigo Guth
4,228329,Samuel Bastien
5,343981,Ante Erceg
6,120151,Alen Halilovic
7,424369,Josip Mitrovic
8,530987,Makan Aiko
9,421892,Loreintz Rosier
10,400011,Jasper Dahlhaus
11,409160,Syb van Ottele
12,97367,Mattijs Branderhorst
13,115574,Mitchell Dijks
14,301457,Luuk Koopmans
15,70598,Ivo Pinto
16,140902,Kristoffer Peterson
17,531510,Ryan Fosso
18,531569,Darijo Grujcic
19,525774,Ramazan Bayram
20,22300,Lasse Schöne
21,430309,Brayann Pereira
22,499973,Argyrios Darelas
23,487049,Koki Ogawa
24,497708,Kodai Sano
25,444619,Stijn van Gassel
26,444741,Kas de Wit
27,389945,Sontje Hansen
28,422806,Dirk Proper
29,422814,Robin Roefs
30,429380,Rijk Janse
31,301027,Thomas Ouwejan
32,77422,Bram Nuytinck
33,271086,Calvin Verdonk
34,506727,D'Leanu Arts
35,279967,Iván Márquez
36,532237,Basar Önal
37,515755,Sami Ouaissa
38,351532,Mees Hoedemakers
39,365712,Rober
,ID,Name
0,426910,Ilias Sebaoui
1,535678,Jacob Trenskow
2,323531,Mats Köhlert
3,479298,Danilo Al Saed
4,363248,Ion Nicolaescu
5,379599,Ché Nunnely
6,380731,Sam Kersten
7,387720,Denzel Hall
8,121834,Mickey van der Hart
9,252239,Andries Noppert
10,296543,Jan Bekkema
11,536000,Dimitris Rallis
12,536001,Ties Oostra
13,497178,Espen van Ee
14,531002,Levi Smans
15,497179,Oliver Braude
16,142376,Pawel Bochniewicz
17,406536,Hussein Ali
18,327724,Simon Olsson
19,436158,Daniel Karlsbakk
20,536002,Isaiah Ahmed
21,422634,Luuk Brouwers
22,404216,Leo Greiml
23,400523,Jan Van den Bergh
24,412176,Dominik Janosek
25,113783,Elías Már Ómarsson
26,211233,Enes Mahmutovic
27,322152,Roy Kortsmit
28,348647,Boyd Lucassen
29,389479,Boy Kemper
30,400057,Casper Staring
31,408489,Tein Troost
32,429373,Roy Kuijpers
33,437076,Matthew Garbett
34,423275,Kacper Kostorz
35,530990,Daniel Bielica
36,498420,Saná Fernandes
37,468119,Leo Sauer
38,399383,Martin Koscelník
39,484534,Manel Royo
40,429616,Adam Kaied
41,514538,Raul Paula
42,530991,Cherrion Valerius
43,531873,Max Balard
,ID,Name
0,531004,Raffael Behounek
1,443089,Kyan Vaesen
2,448628,Rob Nizet
3,391257,Mickaël Tirpan
4,400487,Boris Lambert
5,420300,Cisse Sandra
6,89358,Jeremy Bokila
7,135109,Thomas Didillon-Hödl
8,444729,Emilio Kehrer
9,531005,Amine Lachkar
10,531003,Valentino Vermeulen
11,298493,Patrick Joosten
12,379600,Connor van den Berg
13,379702,Jesse Bosch
14,382582,Tommy St. Jago
15,422858,Nick Doodeman
16,425569,Ringo Meerveld
17,405831,Maarten Schut
18,535802,Jens Mathijsen
19,455539,Amar Fatah
20,531013,Khaled Razak
21,451513,Rúnar Sigurgeirsson
22,535803,Per van Loon
23,343347,Arno Verschueren
24,382494,Charles-Andreas Brym
25,379712,Saïd Bakari
26,513252,Shunsuke Mito
27,279173,Pelle Clement
28,379764,Youri Schoonderwaldt
29,19087,Jonathan de Guzmán
30,243916,Nick Olij
31,422872,Djevencio van der Kust
32,427851,Rick Meissen
33,444160,Mohamed Nassoh
34,444483,Mike Eerdhuijzen
35,444623,Julian Baas
36,449308,Mike Kleijn
37,451993,Boyd Reith
38,491398,Camiel Neghli
39,506930,Hamza El Dahri
40,276756,Tobias Lauritsen
41,349199,Joshua Kitolano
42,433577,Metinho
43,535931,Marvin Young
44,536875,Ayoub Oufkir
45,538000,Dylan Tevreden
