,ID,Name
0,143815,Anas Tahiri
1,323531,Mats Köhlert
2,363248,Ion Nicolaescu
3,252239,Andries Noppert
4,124274,Sven van Beek
5,379599,Ché Nunnely
6,409160,Syb van Ottele
7,422643,Djenahro Nunumete
8,472399,Bernt Klaverboer
9,497178,Espen van Ee
10,387720,Denzel Hall
11,121834,Mickey van der Hart
12,124380,Thom Haye
13,238897,Pelle van Amersfoort
14,366886,Osame Sahraoui
15,497179,Oliver Braude
16,406536,Hussein Ali
17,327724,Simon Olsson
18,430295,Charlie Webster
19,399620,Patrik Wålemark
20,422634,Luuk Brouwers
21,436158,Daniel Karlsbakk
22,76336,Samuel Sahin-Radlinger
23,453492,Milan Corryn
24,438662,Yann Kitala
25,455842,Yoann Cathline
26,373555,Loïc Mbe Soh
27,296323,Thomas Robinet
28,357398,Théo Barbet
29,408102,Peer Koopmeiners
30,322157,Sherel Floranus
31,484527,Nordin Bakker
32,484531,Joey Jacobs
33,303815,Damian van Bruggen
34,484540,Jochem Ritmeester van de Kamp
35,497336,Joël van der Wilt
36,484536,Lance Duijvestijn
37,42947,Rajiv van La Parra
38,484539,Marcelencio Esajas
39,484537,Stije Resink
40,484534,Manel Royo
41,122130,Álvaro Peña
42,402120,Pascu
43,395381,Kornelius Normann Hansen
44,451208,Bradly van Hoeven
