,ID,Name
0,456590,Garang Kuol
1,446987,Axel Guessand
2,259530,Robin Maulun
3,436119,Mio Backhaus
4,409052,Benaissa Benamar
5,498896,Milan de Haan
6,504312,Bram van Driel
7,444713,Brian Plat
8,444714,Damon Mirani
9,148512,Bilal Ould-Chikh
10,240878,Robert Mühren
11,444720,Barry Lauwers
12,445057,Achraf Douiri
13,460498,Déron Payne
14,498822,Zach Booth
15,460178,Darius Johnson
16,445058,Josh Flint
17,383604,George Cox
18,444718,Kayne van Oevelen
19,455668,Vivaldo Semedo
20,497066,Quincy Hoeve
21,514507,Mika van der Horst
22,516436,Safouane Karim
23,22300,Lasse Schöne
24,430309,Brayann Pereira
25,487049,Koki Ogawa
26,497708,Kodai Sano
27,418540,Yvandro Borges Sanches
28,348644,Sylla Sow
29,422801,Youri Baas
30,422804,Bart van Rooij
31,422814,Robin Roefs
32,429380,Rijk Janse
33,37502,Tjaronn Chery
34,90811,Jasper Cillessen
35,271086,Calvin Verdonk
36,321959,Philippe Sandler
37,506727,D'Leanu Arts
38,431307,Nils Rossen
39,389945,Sontje Hansen
40,335725,Lars Olden Larsen
41,351532,Mees Hoedemakers
42,365712,Rober
