,ID,Name
0,422807,Magnus Mattsson
1,22300,Lasse Schöne
2,424808,Mathias Ross
3,487049,Koki Ogawa
4,497708,Kodai Sano
5,429380,Rijk Janse
6,389945,Sontje Hansen
7,422806,Dirk Proper
8,34323,Bas Dost
9,422814,Robin Roefs
10,77422,Bram Nuytinck
11,271086,Calvin Verdonk
12,321959,Philippe Sandler
13,422804,Bart van Rooij
14,335725,Lars Olden Larsen
15,497049,Luc Netten
16,351532,Mees Hoedemakers
17,365712,Rober
18,431307,Nils Rossen
19,409126,Dominik Oroz
20,89947,Nicolas Isimat-Mirin
21,285933,Markus Schubert
22,313385,Carlens Arcus
23,414485,Giovanni van Zwam
24,497068,Jordi Altena
25,437426,Miliano Jonathans
26,422909,Ramon Hendriks
27,85470,Marco van Ginkel
28,379707,Melle Meulensteen
29,429928,Gyan de Regt
30,472130,Saïd Hamulic
31,400281,Million Manhoef
32,401021,Enzo Cornelisse
33,412349,Kacper Kozlowski
34,322776,Michael Pinto
35,363704,Toni Domgjoni
36,497067,Mats Egbring
37,498903,Tom Bramel
38,67114,Eloy Room
