,ID,Name
0,450923,Brian De Keersmaecker
1,401137,Bryan Limbombe
2,349202,Anas Ouahim
3,401250,Jannes Wieckhoff
4,422763,Sven Sonnenberg
5,225522,Mario Engels
6,422866,Abed Nankishi
7,67063,Marko Vejinovic
8,433913,Sem Scheperman
9,379686,Ruben Roosken
10,380635,Robin Jalving
11,484547,Diego van Oorschot
12,96581,Thomas Bruns
13,414250,Mohamed Sankoh
14,116684,Michael Brouwer
15,94885,Jetro Willems
16,379728,Navajo Bakboord
17,312702,Justin Hoogma
18,334533,Emil Hansson
19,382581,Fabian de Keijzer
20,484545,Stijn Bultman
21,402055,Sava-Arangel Cestic
22,484548,Lasse Wehmeyer
23,259930,Younes Namli
24,104906,Thomas Lam
25,84195,Lennart Thy
26,484551,Luis Görlich
27,333527,Odysseus Velanas
28,82029,Apostolos Vellios
29,20831,Kenneth Vermeer
30,489992,Nick Fichtinger
31,490379,Anouar El Azzouzi
32,415772,Zico Buurmeester
33,351310,Ferdy Druijf
34,379596,Dean Huiberts
35,380731,Sam Kersten
36,400823,Davy van den Berg
37,362467,Jasper Schendelaar
38,365152,Eliano Reijnders
39,317693,Mike Hauptmeijer
40,34108,Bram van Polen
41,424502,Anselmo MacNulty
42,423109,Nico Serrano
43,354027,Anthony Fontana
44,431253,Damian van der Haar
