,ID,Name
0,81523,Mathew Ryan
1,362553,Jens Odgaard
2,485376,Ibrahim Sadiq
3,330514,Vangelis Pavlidis
4,379783,Yukinari Sugawara
5,472183,Wouter Goes
6,353695,Dani de Wit
7,383560,Sven Mijnans
8,438484,Myron van Brederode
9,90802,Jordy Clasie
10,90834,Hobie Verhulst
11,470734,Daniël Deen
12,434318,Maxim Dekker
13,422737,Ernest Poku
14,484652,Ruben van Bommel
15,363875,Kenzo Goudmijn
16,432172,Denso Kasius
17,408824,Tiago Dantas
18,422248,Alexandre Penetra
19,444780,Mayckel Lahdo
20,334726,Djordje Mihailovic
21,470735,Rome-Jayden Owusu-Oduro
22,415341,David Møller Wolfe
23,399960,Siemen Voet
24,396058,Rodrigo Guth
25,120151,Alen Halilovic
26,401043,Ivor Pandur
27,413273,Remy Vita
28,421892,Loreintz Rosier
29,430765,Sadik Fofana
30,294844,Arianit Ferati
31,79755,Dimitrios Siovas
32,115574,Mitchell Dijks
33,423863,Tijjani Noslin
34,328549,Deroy Duarte
35,355134,Kaj Sierhuis
36,422635,Ragnar Oratmangoen
37,456703,Iman Griffith
38,301457,Luuk Koopmans
39,400056,Nathangelo Markelo
40,70598,Ivo Pinto
41,407117,Marko Lazetic
42,344201,Iñigo Córdoba
43,107077,Oguzhan Özyakup
44,368266,Tom Hendriks
45,487102,Menaour Belkheir
