,ID,Name
0,328432,Siebe Horemans
1,373556,Arthur Zagré
2,320000,Adrian Fein
3,308754,Lazaros Lamprou
4,410324,Ian Smeulers
5,444624,Serano Seymor
6,139666,Norbert Alblas
7,444620,Redouan El Yaakoubi
8,123554,Sven Nieuwpoort
9,444623,Julian Baas
10,400009,Couhaib Driouech
11,454518,Derensili Sanches Fernandes
12,423949,Mimeirhel Benita
13,444625,Pascal Kuiper
14,415781,Kian Fitz-Jim
15,444619,Stijn van Gassel
16,445053,Nikolas Agrafiotis
17,429615,Casper Widell
18,485370,Oscar Uddenäs
19,494671,Richie Omorowa
20,384064,Troy Parrott
21,420300,Cisse Sandra
22,382494,Charles-Andreas Brym
23,379712,Saïd Bakari
24,422872,Djevencio van der Kust
25,404192,Tijs Velthuis
26,19087,Jonathan de Guzmán
27,279173,Pelle Clement
28,243916,Nick Olij
29,44145,Bart Vriends
30,285951,Delano van Crooij
31,229520,Django Warmerdam
32,379764,Youri Schoonderwaldt
33,427851,Rick Meissen
34,491398,Camiel Neghli
35,460754,Dylan van Wageningen
36,276756,Tobias Lauritsen
37,349199,Joshua Kitolano
38,486947,Augustin Anello
39,433577,Metinho
40,504367,Jesse Bal
