,ID,Name
0,343347,Arno Verschueren
1,382494,Charles-Andreas Brym
2,379712,Saïd Bakari
3,444484,Koki Saito
4,379764,Youri Schoonderwaldt
5,404192,Tijs Velthuis
6,422872,Djevencio van der Kust
7,279173,Pelle Clement
8,285951,Delano van Crooij
9,19087,Jonathan de Guzmán
10,44145,Bart Vriends
11,229520,Django Warmerdam
12,243916,Nick Olij
13,491398,Camiel Neghli
14,427851,Rick Meissen
15,276756,Tobias Lauritsen
16,349199,Joshua Kitolano
17,427118,Pedro Alemañ
18,485935,Sergi Rosanas
19,486947,Augustin Anello
20,497203,Mehmet Yüksel
21,422807,Magnus Mattsson
22,424808,Mathias Ross
23,430309,Brayann Pereira
24,487049,Koki Ogawa
25,429380,Rijk Janse
26,422814,Robin Roefs
27,389945,Sontje Hansen
28,422801,Youri Baas
29,422806,Dirk Proper
30,34323,Bas Dost
31,77422,Bram Nuytinck
32,90811,Jasper Cillessen
33,271086,Calvin Verdonk
34,321959,Philippe Sandler
35,335725,Lars Olden Larsen
36,367813,Pedro Marques
37,365712,Rober
38,431307,Nils Rossen
39,497049,Luc Netten
