,ID,Name
0,515829,Anis Hadj Moussa
1,409126,Dominik Oroz
2,486769,Amine Boutrah
3,89947,Nicolas Isimat-Mirin
4,285933,Markus Schubert
5,313385,Carlens Arcus
6,85470,Marco van Ginkel
7,352844,Thomas Buitink
8,379707,Melle Meulensteen
9,401021,Enzo Cornelisse
10,414485,Giovanni van Zwam
11,422909,Ramon Hendriks
12,429928,Gyan de Regt
13,444159,Mathijs Tielemans
14,510533,Andy Visser
15,412349,Kacper Kozlowski
16,322776,Michael Pinto
17,484842,Adrian Mazilu
18,446949,Joel Voelkerling Persson
19,363704,Toni Domgjoni
20,413783,Paxten Aaronson
21,67114,Eloy Room
22,498903,Tom Bramel
23,343347,Arno Verschueren
24,382494,Charles-Andreas Brym
25,379712,Saïd Bakari
26,444484,Koki Saito
27,513252,Shunsuke Mito
28,491398,Camiel Neghli
29,506930,Hamza El Dahri
30,19087,Jonathan de Guzmán
31,44145,Bart Vriends
32,243916,Nick Olij
33,379764,Youri Schoonderwaldt
34,279173,Pelle Clement
35,444483,Mike Eerdhuijzen
36,404192,Tijs Velthuis
37,422872,Djevencio van der Kust
38,427851,Rick Meissen
39,276756,Tobias Lauritsen
40,485935,Sergi Rosanas
41,433577,Metinho
42,489319,Kaylen Reitmaier
43,475142,Rayvien Rosario
