,ID,Name
0,328432,Siebe Horemans
1,420300,Cisse Sandra
2,308754,Lazaros Lamprou
3,423949,Mimeirhel Benita
4,512230,Siem de Moes
5,363875,Kenzo Goudmijn
6,400009,Couhaib Driouech
7,100608,Mike van Duinen
8,123554,Sven Nieuwpoort
9,444619,Stijn van Gassel
10,444623,Julian Baas
11,444625,Pascal Kuiper
12,444738,Noah Naujoks
13,454518,Derensili Sanches Fernandes
14,484536,Lance Duijvestijn
15,485370,Oscar Uddenäs
16,494671,Richie Omorowa
17,429615,Casper Widell
18,518424,Jeremy Udenhout
19,130304,Walter Benítez
20,427824,Johan Bakayoko
21,346767,Mauro Júnior
22,98101,André Ramalho
23,260809,Olivier Boscagli
24,369970,Armel Bella-Kotchap
25,26916,Boy Waterman
26,68585,Luuk de Jong
27,78221,Patrick van Aanholt
28,275012,Joël Drommel
29,322148,Guus Til
30,345333,Armando Obispo
31,361839,Jordan Teze
32,481080,Tygo Land
33,489985,Isaac Babadi
34,382556,Joey Veerman
35,404225,Shurandy Sambo
36,386631,Richard Ledezma
37,397465,Malik Tillman
38,377466,Ricardo Pepi
39,379205,Sergiño Dest
