,ID,Name
0,487102,Mouhamed Belkheir
1,399960,Siemen Voet
2,396058,Rodrigo Guth
3,120151,Alen Halilovic
4,413273,Remy Vita
5,421892,Loreintz Rosier
6,430765,Sadik Fofana
7,79755,Dimitrios Siovas
8,456703,Iman Griffith
9,115574,Mitchell Dijks
10,290832,Alessio da Cruz
11,298805,Michael Verrips
12,301457,Luuk Koopmans
13,328549,Deroy Duarte
14,422635,Ragnar Oratmangoen
15,400056,Nathangelo Markelo
16,355134,Kaj Sierhuis
17,70598,Ivo Pinto
18,344201,Iñigo Córdoba
19,140902,Kristoffer Peterson
20,107077,Oguzhan Özyakup
21,368266,Tom Hendriks
22,410088,Jayden Braaf
23,424808,Mathias Ross
24,430309,Brayann Pereira
25,487049,Koki Ogawa
26,497708,Kodai Sano
27,418540,Yvandro Borges Sanches
28,422801,Youri Baas
29,422814,Robin Roefs
30,389945,Sontje Hansen
31,431307,Nils Rossen
32,429380,Rijk Janse
33,348644,Sylla Sow
34,37502,Tjaronn Chery
35,77422,Bram Nuytinck
36,90811,Jasper Cillessen
37,271086,Calvin Verdonk
38,321959,Philippe Sandler
39,335725,Lars Olden Larsen
40,351532,Mees Hoedemakers
41,365712,Rober
