,ID,Name
0,487102,Mouhamed Belkheir
1,436591,Milan Robberechts
2,399960,Siemen Voet
3,401043,Ivor Pandur
4,120151,Alen Halilovic
5,413273,Remy Vita
6,430765,Sadik Fofana
7,294844,Arianit Ferati
8,456703,Iman Griffith
9,400056,Nathangelo Markelo
10,301457,Luuk Koopmans
11,328549,Deroy Duarte
12,423863,Tijjani Noslin
13,355134,Kaj Sierhuis
14,422635,Ragnar Oratmangoen
15,115574,Mitchell Dijks
16,70598,Ivo Pinto
17,407117,Marko Lazetic
18,344201,Iñigo Córdoba
19,368266,Tom Hendriks
20,409126,Dominik Oroz
21,89947,Nicolas Isimat-Mirin
22,486769,Amine Boutrah
23,285933,Markus Schubert
24,313385,Carlens Arcus
25,401021,Enzo Cornelisse
26,414485,Giovanni van Zwam
27,472130,Saïd Hamulic
28,444159,Mathijs Tielemans
29,400281,Million Manhoef
30,422909,Ramon Hendriks
31,379707,Melle Meulensteen
32,85470,Marco van Ginkel
33,429928,Gyan de Regt
34,497068,Jordi Altena
35,446949,Joel Voelkerling Persson
36,363704,Toni Domgjoni
37,67114,Eloy Room
38,497067,Mats Egbring
39,510867,Kaya Symons
40,498903,Tom Bramel
41,510868,Naygiro Sambo
