,ID,Name
0,456590,Garang Kuol
1,345769,Oskar Buur
2,259530,Robin Maulun
3,436119,Mio Backhaus
4,409052,Benaissa Benamar
5,504312,Bram van Driel
6,444720,Barry Lauwers
7,445057,Achraf Douiri
8,444717,Lequincio Zeefuik
9,445056,Calvin Twigt
10,498896,Milan de Haan
11,444714,Damon Mirani
12,148512,Bilal Ould-Chikh
13,240878,Robert Mühren
14,444713,Brian Plat
15,425605,Xavier Mbuyamba
16,498822,Zach Booth
17,445058,Josh Flint
18,383604,George Cox
19,259930,Younes Namli
20,104906,Thomas Lam
21,484551,Luis Görlich
22,84195,Lennart Thy
23,82029,Apostolos Vellios
24,333527,Odysseus Velanas
25,362467,Jasper Schendelaar
26,380731,Sam Kersten
27,415772,Zico Buurmeester
28,365152,Eliano Reijnders
29,20831,Kenneth Vermeer
30,431253,Damian van der Haar
31,317693,Mike Hauptmeijer
32,34108,Bram van Polen
33,400823,Davy van den Berg
34,351310,Ferdy Druijf
35,490379,Anouar El Azzouzi
36,137327,Ryan Thomas
37,424502,Anselmo MacNulty
38,423109,Nico Serrano
39,354027,Anthony Fontana
