,ID,Name
0,450923,Brian De Keersmaecker
1,401137,Bryan Limbombe
2,422866,Abed Nankishi
3,225522,Mario Engels
4,349202,Anas Ouahim
5,401250,Jannes Wieckhoff
6,422763,Sven Sonnenberg
7,484548,Lasse Wehmeyer
8,450983,Antonio Satriano
9,382581,Fabian de Keijzer
10,96581,Thomas Bruns
11,369408,Sylian Mokono
12,94885,Jetro Willems
13,67063,Marko Vejinovic
14,379686,Ruben Roosken
15,312702,Justin Hoogma
16,414250,Mohamed Sankoh
17,484545,Stijn Bultman
18,380635,Robin Jalving
19,433913,Sem Scheperman
20,116684,Michael Brouwer
21,334533,Emil Hansson
22,402055,Sava-Arangel Cestic
23,382494,Charles-Andreas Brym
24,379712,Saïd Bakari
25,243916,Nick Olij
26,44145,Bart Vriends
27,422872,Djevencio van der Kust
28,404192,Tijs Velthuis
29,19087,Jonathan de Guzmán
30,491398,Camiel Neghli
31,506930,Hamza El Dahri
32,229520,Django Warmerdam
33,504367,Jesse Bal
34,444483,Mike Eerdhuijzen
35,379764,Youri Schoonderwaldt
36,427851,Rick Meissen
37,349199,Joshua Kitolano
38,276756,Tobias Lauritsen
39,427118,Pedro Alemañ
40,485935,Sergi Rosanas
41,486947,Augustin Anello
42,489319,Kaylen Reitmaier
43,510870,Jorn Triep
44,433577,Metinho
