,ID,Name
0,469502,Chris Lokesa
1,400278,Thierry Lutonda
2,255946,Dario Van den Buijs
3,400545,Shawn Adewoye
4,127137,Zakaria Bakkali
5,446984,Daouda Weidmann
6,401542,Raz Meir
7,322182,Reuven Niemeijer
8,379706,Juriën Gaari
9,40342,Michiel Kramer
10,387172,Denilho Cleonise
11,389411,Yassin Oukili
12,380663,Patrick Vroegh
13,432167,Mark Spenkelink
14,444674,Kevin Felida
15,379705,Etienne Vaessen
16,289015,Julian Lelieveld
17,31238,Aaron Meijers
18,357080,Godfried Roemeratoe
19,400279,David Min
20,141965,Jeroen Houwen
21,383865,Filip Stevanovic
22,420300,Cisse Sandra
23,328432,Siebe Horemans
24,373556,Arthur Zagré
25,308754,Lazaros Lamprou
26,123554,Sven Nieuwpoort
27,444623,Julian Baas
28,444620,Redouan El Yaakoubi
29,400009,Couhaib Driouech
30,410324,Ian Smeulers
31,139666,Norbert Alblas
32,444619,Stijn van Gassel
33,444738,Noah Naujoks
34,445053,Nikolas Agrafiotis
35,485370,Oscar Uddenäs
36,429615,Casper Widell
37,494671,Richie Omorowa
38,384064,Troy Parrott
