,ID,Name
0,76336,Samuel Sahin-Radlinger
1,453492,Milan Corryn
2,431023,Faïz Mattoir
3,438662,Yann Kitala
4,296323,Thomas Robinet
5,373555,Loïc Mbe Soh
6,357398,Théo Barbet
7,455842,Yoann Cathline
8,379734,Hamdi Akujobi
9,484540,Jochem Ritmeester van de Kamp
10,408102,Peer Koopmeiners
11,42947,Rajiv van La Parra
12,484537,Stije Resink
13,484527,Nordin Bakker
14,303815,Damian van Bruggen
15,484531,Joey Jacobs
16,475450,Jason van Duiven
17,426506,Stijn Keller
18,122130,Álvaro Peña
19,395381,Kornelius Normann Hansen
20,402120,Pascu
21,328432,Siebe Horemans
22,420300,Cisse Sandra
23,373556,Arthur Zagré
24,327903,Kik Pierie
25,454518,Derensili Sanches Fernandes
26,400009,Couhaib Driouech
27,444624,Serano Seymor
28,423949,Mimeirhel Benita
29,444623,Julian Baas
30,363875,Kenzo Goudmijn
31,444619,Stijn van Gassel
32,444620,Redouan El Yaakoubi
33,100608,Mike van Duinen
34,444738,Noah Naujoks
35,139666,Norbert Alblas
36,512230,Siem de Moes
37,429615,Casper Widell
38,485370,Oscar Uddenäs
39,494671,Richie Omorowa
40,514475,Cedric Hatenboer
41,384064,Troy Parrott
