,ID,Name
0,515829,Anis Hadj Moussa
1,409126,Dominik Oroz
2,486769,Amine Boutrah
3,285933,Markus Schubert
4,313385,Carlens Arcus
5,85470,Marco van Ginkel
6,352844,Thomas Buitink
7,379707,Melle Meulensteen
8,401021,Enzo Cornelisse
9,414485,Giovanni van Zwam
10,422909,Ramon Hendriks
11,429928,Gyan de Regt
12,433950,Mexx Meerdink
13,444159,Mathijs Tielemans
14,412349,Kacper Kozlowski
15,322776,Michael Pinto
16,484842,Adrian Mazilu
17,446949,Joel Voelkerling Persson
18,363704,Toni Domgjoni
19,413783,Paxten Aaronson
20,498903,Tom Bramel
21,67114,Eloy Room
22,425958,Alec Van Hoorenbeeck
23,361838,Michal Sadílek
24,307362,Alfons Sampsted
25,368289,Issam El Maach
26,484544,Younes Taha
27,427577,Youri Regeer
28,436492,Sam Karssies
29,437387,Anass Salah-Eddine
30,445046,Naci Ünüvar
31,475579,Gijs Besselink
32,400059,Gijs Smal
33,402819,Mees Hilgers
34,405560,Daan Rots
35,406780,Max Bruns
36,322149,Michel Vlap
37,357081,Myron Boadu
38,361794,Sem Steijn
39,37344,Ricky van Wolfswinkel
40,108935,Robin Pröpper
41,119741,Joshua Brenet
42,301423,Mitchell van Bergen
43,34545,Przemyslaw Tyton
44,404777,Mathias Kjølø
