,ID,Name
0,343347,Arno Verschueren
1,382494,Charles-Andreas Brym
2,379712,Saïd Bakari
3,513252,Shunsuke Mito
4,444484,Koki Saito
5,279173,Pelle Clement
6,444483,Mike Eerdhuijzen
7,404192,Tijs Velthuis
8,422872,Djevencio van der Kust
9,427851,Rick Meissen
10,379764,Youri Schoonderwaldt
11,19087,Jonathan de Guzmán
12,229520,Django Warmerdam
13,243916,Nick Olij
14,506930,Hamza El Dahri
15,276756,Tobias Lauritsen
16,349199,Joshua Kitolano
17,485935,Sergi Rosanas
18,489319,Kaylen Reitmaier
19,433577,Metinho
20,475142,Rayvien Rosario
21,81523,Mathew Ryan
22,485376,Ibrahim Sadiq
23,330514,Vangelis Pavlidis
24,379783,Yukinari Sugawara
25,383560,Sven Mijnans
26,422737,Ernest Poku
27,422867,Mees de Wit
28,434318,Maxim Dekker
29,438484,Myron van Brederode
30,353695,Dani de Wit
31,90802,Jordy Clasie
32,90834,Hobie Verhulst
33,510581,Jayden Addai
34,444717,Lequincio Zeefuik
35,472183,Wouter Goes
36,484652,Ruben van Bommel
37,408824,Tiago Dantas
38,422248,Alexandre Penetra
39,415341,David Møller Wolfe
40,439447,Kristijan Belic
41,517927,Finn Stam
42,470735,Rome-Jayden Owusu-Oduro
