,ID,Name
0,404077,Thibo Baeten
1,444781,Xander Blomme
2,484558,Jakob Breum
3,288859,Gerrit Nauber
4,388033,Willum Willumsson
5,322159,Finn Stokkers
6,355961,Evert Linthorst
7,379703,Jeffrey de Lange
8,411691,Enric Llansana
9,422781,Luca Everink
10,426002,Sven Jansen
11,444782,Pim Saathof
12,445055,Dean James
13,34171,Erwin Mulder
14,134722,Bas Kuipers
15,276442,Joris Kramer
16,383616,Oliver Edvardsen
17,444349,Søren Tengstedt
18,255946,Dario Van den Buijs
19,127137,Zakaria Bakkali
20,400278,Thierry Lutonda
21,400545,Shawn Adewoye
22,450984,Ilias Takidine
23,469502,Chris Lokesa
24,31238,Aaron Meijers
25,40342,Michiel Kramer
26,80881,Jeffrey Bruma
27,432167,Mark Spenkelink
28,444674,Kevin Felida
29,400279,David Min
30,141965,Jeroen Houwen
31,387172,Denilho Cleonise
32,389411,Yassin Oukili
33,289015,Julian Lelieveld
34,322182,Reuven Niemeijer
35,357080,Godfried Roemeratoe
36,369048,Richonell Margaret
37,379705,Etienne Vaessen
38,379706,Juriën Gaari
39,380663,Patrick Vroegh
40,383865,Filip Stevanovic
