,ID,Name
0,460297,Benjamin Tahirovic
1,381530,Jakov Medic
2,402666,Josip Sutalo
3,484494,Anton Gaaei
4,389020,Georges Mikautadze
5,424248,Kristian Hlynsson
6,423955,Charlie Setford
7,467715,Jorrel Hato
8,422800,Ar'Jany Martha
9,89794,Steven Berghuis
10,139299,Branco van den Boomen
11,279425,Steven Bergwijn
12,401122,Kenneth Taylor
13,437387,Anass Salah-Eddine
14,34550,Remko Pasveer
15,454338,Tristan Gooijer
16,449303,Silvano Vos
17,122294,Chuba Akpom
18,462099,Mika Godts
19,391592,Gastón Ávila
20,373154,Diant Ramaj
21,404568,Brian Brobbey
22,456590,Garang Kuol
23,345769,Oskar Buur
24,436119,Mio Backhaus
25,409052,Benaissa Benamar
26,460498,Déron Payne
27,148512,Bilal Ould-Chikh
28,444714,Damon Mirani
29,445056,Calvin Twigt
30,498896,Milan de Haan
31,240878,Robert Mühren
32,444717,Lequincio Zeefuik
33,444715,Ibrahim El Kadiri
34,444720,Barry Lauwers
35,504312,Bram van Driel
36,445057,Achraf Douiri
37,498822,Zach Booth
38,445058,Josh Flint
39,383604,George Cox
40,460178,Darius Johnson
41,444718,Kayne van Oevelen
42,475042,Rob Tol
