,ID,Name
0,401137,Bryan Limbombe
1,450923,Brian De Keersmaecker
2,422763,Sven Sonnenberg
3,422866,Abed Nankishi
4,401250,Jannes Wieckhoff
5,225522,Mario Engels
6,349202,Anas Ouahim
7,414250,Mohamed Sankoh
8,484547,Diego van Oorschot
9,379686,Ruben Roosken
10,379728,Navajo Bakboord
11,380635,Robin Jalving
12,67063,Marko Vejinovic
13,94885,Jetro Willems
14,96581,Thomas Bruns
15,116684,Michael Brouwer
16,312702,Justin Hoogma
17,433913,Sem Scheperman
18,334533,Emil Hansson
19,402055,Sava-Arangel Cestic
20,450983,Antonio Satriano
21,484545,Stijn Bultman
22,382581,Fabian de Keijzer
23,328432,Siebe Horemans
24,373556,Arthur Zagre
25,308754,Lazaros Lamprou
26,123554,Sven Nieuwpoort
27,139666,Norbert Alblas
28,410324,Ian Smeulers
29,415781,Kian Fitz-Jim
30,444619,Stijn van Gassel
31,444620,Redouan El Yaakoubi
32,444623,Julian Baas
33,444624,Serano Seymor
34,444738,Noah Naujoks
35,423949,Mimeirhel Benita
36,454518,Derensili Sanches Fernandes
37,445053,Nikolas Agrafiotis
38,485370,Oscar Uddenäs
39,494671,Richie Omorowa
40,429615,Casper Widell
41,420300,Cisse Sandra
42,384064,Troy Parrott
