,ID,Name
0,469502,Chris Lokesa
1,400278,Thierry Lutonda
2,255946,Dario Van den Buijs
3,127137,Zakaria Bakkali
4,400545,Shawn Adewoye
5,446984,Daouda Weidmann
6,401542,Raz Meir
7,432167,Mark Spenkelink
8,444674,Kevin Felida
9,141965,Jeroen Houwen
10,31238,Aaron Meijers
11,40342,Michiel Kramer
12,80881,Jeffrey Bruma
13,289015,Julian Lelieveld
14,322182,Reuven Niemeijer
15,357080,Godfried Roemeratoe
16,369048,Richonell Margaret
17,379705,Etienne Vaessen
18,379706,Juriën Gaari
19,380663,Patrick Vroegh
20,387172,Denilho Cleonise
21,389411,Yassin Oukili
22,400279,David Min
23,130304,Walter Benítez
24,408059,Yorbe Vertessen
25,427824,Johan Bakayoko
26,98101,André Ramalho
27,260809,Olivier Boscagli
28,404776,Ismael Saibari
29,404225,Shurandy Sambo
30,382556,Joey Veerman
31,489985,Isaac Babadi
32,275012,Joël Drommel
33,322148,Guus Til
34,331555,Jerdy Schouten
35,354283,Noa Lang
36,26916,Boy Waterman
37,68585,Luuk de Jong
38,78221,Patrick van Aanholt
39,377466,Ricardo Pepi
40,379205,Sergiño Dest
41,397465,Malik Tillman
