,ID,Name
0,404077,Thibo Baeten
1,422636,Philippe Rommens
2,444781,Xander Blomme
3,484558,Jakob Breum
4,288859,Gerrit Nauber
5,388033,Willum Willumsson
6,400173,Jamal Amofa
7,34171,Erwin Mulder
8,134722,Bas Kuipers
9,276442,Joris Kramer
10,348644,Sylla Sow
11,355132,Rashaan Fernandes
12,355961,Evert Linthorst
13,379703,Jeffrey de Lange
14,444782,Pim Saathof
15,422781,Luca Everink
16,431651,Nando Verdoni
17,422633,Mats Deijl
18,470692,Victor Edvardsen
19,472963,Darío Serra
20,445055,Dean James
21,411691,Enric Llansana
22,383616,Oliver Edvardsen
23,143815,Anas Tahiri
24,323531,Mats Köhlert
25,363248,Ion Nicolaescu
26,379599,Ché Nunnely
27,387720,Denzel Hall
28,422643,Djenahro Nunumete
29,121834,Mickey van der Hart
30,238897,Pelle van Amersfoort
31,252239,Andries Noppert
32,296543,Jan Bekkema
33,409160,Syb van Ottele
34,366886,Osame Sahraoui
35,142376,Pawel Bochniewicz
36,327724,Simon Olsson
37,406536,Hussein Ali
38,430295,Charlie Webster
39,436158,Daniel Karlsbakk
40,475754,Roan van der Plaat
41,492109,Melle Witteveen
42,497178,Espen van Ee
43,497179,Oliver Braude
44,422634,Luuk Brouwers
