,ID,Name
0,296323,Thomas Robinet
1,357398,Théo Barbet
2,438662,Yann Kitala
3,455842,Yoann Cathline
4,484536,Lance Duijvestijn
5,484537,Stije Resink
6,484540,Jochem Ritmeester van de Kamp
7,484542,Jeffry Puriël
8,484527,Nordin Bakker
9,484531,Joey Jacobs
10,408102,Peer Koopmeiners
11,426506,Stijn Keller
12,363872,Christopher Mamengi
13,379734,Hamdi Akujobi
14,303815,Damian van Bruggen
15,322157,Sherel Floranus
16,42947,Rajiv van La Parra
17,122130,Álvaro Peña
18,484534,Manel Royo
19,497336,Joël van der Wilt
20,451208,Bradly van Hoeven
21,402120,Pascu
22,259930,Younes Namli
23,104906,Thomas Lam
24,84195,Lennart Thy
25,82029,Apostolos Vellios
26,333527,Odysseus Velanas
27,351310,Ferdy Druijf
28,362467,Jasper Schendelaar
29,365152,Eliano Reijnders
30,379596,Dean Huiberts
31,380731,Sam Kersten
32,400823,Davy van den Berg
33,415772,Zico Buurmeester
34,34108,Bram van Polen
35,317693,Mike Hauptmeijer
36,484550,Duke Verduin
37,490379,Anouar El Azzouzi
38,423109,Nico Serrano
39,424502,Anselmo MacNulty
40,431253,Damian van der Haar
41,494145,Divaio Bobson
42,498823,Christian Bos
43,489992,Nick Fichtinger
