,ID,Name
0,450923,Brian De Keersmaecker
1,401137,Bryan Limbombe
2,422763,Sven Sonnenberg
3,225522,Mario Engels
4,484548,Lasse Wehmeyer
5,299511,Jordy Bruijn
6,312702,Justin Hoogma
7,67063,Marko Vejinovic
8,69789,Kelvin Leerdam
9,94885,Jetro Willems
10,116684,Michael Brouwer
11,433912,Timo Jansink
12,433913,Sem Scheperman
13,349481,Jizz Hornkamp
14,379686,Ruben Roosken
15,379728,Navajo Bakboord
16,382581,Fabian de Keijzer
17,414250,Mohamed Sankoh
18,403097,Fredrik Oppegård
19,333365,Ajdin Hrustic
20,81523,Mathew Ryan
21,485376,Ibrahim Sadiq
22,330514,Vangelis Pavlidis
23,379783,Yukinari Sugawara
24,383560,Sven Mijnans
25,422737,Ernest Poku
26,422867,Mees de Wit
27,432172,Denso Kasius
28,434318,Maxim Dekker
29,438484,Myron van Brederode
30,353695,Dani de Wit
31,90802,Jordy Clasie
32,90834,Hobie Verhulst
33,133959,Riechedly Bazoer
34,497707,Dave Kwakman
35,510581,Jayden Addai
36,472183,Wouter Goes
37,484652,Ruben van Bommel
38,408824,Tiago Dantas
39,422248,Alexandre Penetra
40,415341,David Møller Wolfe
41,439447,Kristijan Belic
42,470735,Rome-Jayden Owusu-Oduro
