,ID,Name
0,362459,Othmane Boussaid
1,467757,Silas Andersen
2,403644,Victor Jensen
3,416311,Niklas Vesterlund
4,425341,Oscar Fraulo
5,394998,Can Bozdogan
6,135954,Vasilios Barkas
7,429514,Zidane Iqbal
8,422805,Souffian El Karouani
9,315574,Thijmen Nijhuis
10,328269,Sam Lammers
11,39726,Mark van der Maarel
12,70906,Nick Viergever
13,82401,Jens Toornstra
14,97367,Mattijs Branderhorst
15,101605,Mike van der Hoorn
16,512213,Joshua Mukeh
17,284451,Isac Lidberg
18,438303,Adrian Blake
19,444737,Ryan Flamingo
20,520952,Nazjir Held
21,473962,Lynden Edhart
22,399311,Filip Krastev
23,259930,Younes Namli
24,104906,Thomas Lam
25,84195,Lennart Thy
26,361777,Lennart Czyborra
27,82029,Apostolos Vellios
28,20831,Kenneth Vermeer
29,34108,Bram van Polen
30,361778,Silvester van der Water
31,362467,Jasper Schendelaar
32,365152,Eliano Reijnders
33,380731,Sam Kersten
34,317693,Mike Hauptmeijer
35,400823,Davy van den Berg
36,513251,Teun Gijselhart
37,431253,Damian van der Haar
38,489995,Mohamed Oukhattou
39,490379,Anouar El Azzouzi
40,424502,Anselmo MacNulty
41,354027,Anthony Fontana
42,494145,Divaio Bobson
