,ID,Name
0,143815,Anas Tahiri
1,399512,Loizos Loizou
2,323531,Mats Köhlert
3,363248,Ion Nicolaescu
4,409160,Syb van Ottele
5,422643,Djenahro Nunumete
6,444621,Nathan Tjoe-A-On
7,497178,Espen van Ee
8,379599,Ché Nunnely
9,387720,Denzel Hall
10,238897,Pelle van Amersfoort
11,252239,Andries Noppert
12,296543,Jan Bekkema
13,121834,Mickey van der Hart
14,124274,Sven van Beek
15,124380,Thom Haye
16,366886,Osame Sahraoui
17,497179,Oliver Braude
18,142376,Pawel Bochniewicz
19,327724,Simon Olsson
20,430295,Charlie Webster
21,436158,Daniel Karlsbakk
22,399620,Patrik Wålemark
23,425958,Alec Van Hoorenbeeck
24,361838,Michal Sadílek
25,90235,Lars Unnerstall
26,307362,Alfons Sampsted
27,368289,Issam El Maach
28,484544,Younes Taha
29,37344,Ricky van Wolfswinkel
30,108935,Robin Pröpper
31,301423,Mitchell van Bergen
32,405560,Daan Rots
33,406780,Max Bruns
34,427577,Youri Regeer
35,437387,Anass Salah-Eddine
36,445046,Naci Ünüvar
37,475578,Mats Rots
38,475579,Gijs Besselink
39,400059,Gijs Smal
40,402819,Mees Hilgers
41,321910,Carel Eiting
42,322149,Michel Vlap
43,361794,Sem Steijn
44,34545,Przemyslaw Tyton
45,404777,Mathias Kjølø
