,ID,Name
0,422636,Philippe Rommens
1,404077,Thibo Baeten
2,444781,Xander Blomme
3,484558,Jakob Breum
4,288859,Gerrit Nauber
5,388033,Willum Willumsson
6,355132,Rashaan Fernandes
7,445055,Dean James
8,355961,Evert Linthorst
9,348644,Sylla Sow
10,379703,Jeffrey de Lange
11,276442,Joris Kramer
12,400173,Jamal Amofa
13,422633,Mats Deijl
14,134722,Bas Kuipers
15,34171,Erwin Mulder
16,411691,Enric Llansana
17,426002,Sven Jansen
18,382238,Bobby Adekanye
19,422781,Luca Everink
20,383616,Oliver Edvardsen
21,470692,Victor Edvardsen
22,472963,Darío Serra
23,425958,Alec Van Hoorenbeeck
24,422782,Manfred Ugalde
25,361838,Michal Sadílek
26,90235,Lars Unnerstall
27,307362,Alfons Sampsted
28,368289,Issam El Maach
29,484544,Younes Taha
30,478021,Juliën Mesbahi
31,119741,Joshua Brenet
32,475578,Mats Rots
33,475579,Gijs Besselink
34,321910,Carel Eiting
35,301423,Mitchell van Bergen
36,361794,Sem Steijn
37,445046,Naci Ünüvar
38,427577,Youri Regeer
39,405560,Daan Rots
40,37344,Ricky van Wolfswinkel
41,406780,Max Bruns
42,400059,Gijs Smal
43,108935,Robin Pröpper
44,34545,Przemyslaw Tyton
45,404777,Mathias Kjølø
