,ID,Name
0,362459,Othmane Boussaid
1,403644,Victor Jensen
2,425341,Oscar Fraulo
3,394998,Can Bozdogan
4,135954,Vasilios Barkas
5,429514,Zidane Iqbal
6,83337,Zakaria Labyad
7,422805,Souffian El Karouani
8,97367,Mattijs Branderhorst
9,261082,Bart Ramselaar
10,39726,Mark van der Maarel
11,82401,Jens Toornstra
12,382593,Marouan Azarkan
13,411079,Calvin Raatsie
14,402852,Ole Romeny
15,70906,Nick Viergever
16,502428,Yannick Leliendal
17,256971,Hidde ter Avest
18,104982,Mats Seuntjens
19,397893,Hugo Novoa
20,284451,Isac Lidberg
21,444675,Taylor Booth
22,444737,Ryan Flamingo
23,81523,Mathew Ryan
24,362553,Jens Odgaard
25,330514,Vangelis Pavlidis
26,379783,Yukinari Sugawara
27,90810,Bruno Martins Indi
28,438484,Myron van Brederode
29,432172,Denso Kasius
30,434318,Maxim Dekker
31,472183,Wouter Goes
32,90834,Hobie Verhulst
33,422737,Ernest Poku
34,90802,Jordy Clasie
35,484652,Ruben van Bommel
36,433950,Mexx Meerdink
37,353695,Dani de Wit
38,363875,Kenzo Goudmijn
39,408824,Tiago Dantas
40,422248,Alexandre Penetra
41,334726,Djordje Mihailovic
42,470735,Rome-Jayden Owusu-Oduro
43,415341,David Møller Wolfe
44,510581,Jayden Addai
