,ID,Name
0,379701,Ramiz Zerrouki
1,384574,Gernot Trauner
2,436553,Igor Paixão
3,298710,Luka Ivanusec
4,404200,Ondrej Lingr
5,484175,Yankuba Minteh
6,121821,Timon Wellenreuther
7,68850,Kostas Lamprou
8,377288,Ayase Ueda
9,445061,Santiago Giménez
10,422921,Antoni Milambo
11,411078,Quinten Timber
12,302709,Justin Bijlow
13,345441,Lutsharel Geertruida
14,436114,Thomas Beelen
15,363083,Javairô Dilrosun
16,444739,Quilindschy Hartman
17,445059,Mats Wieffer
18,328987,Calvin Stengs
19,361695,Thomas van den Belt
20,468119,Leo Sauer
21,362779,Dávid Hancko
22,371042,Marcos López
23,130304,Walter Benítez
24,427824,Johan Bakayoko
25,408059,Yorbe Vertessen
26,98101,André Ramalho
27,346767,Mauro Júnior
28,260809,Olivier Boscagli
29,404776,Ismael Saibari
30,345333,Armando Obispo
31,78221,Patrick van Aanholt
32,68585,Luuk de Jong
33,331555,Jerdy Schouten
34,361839,Jordan Teze
35,322148,Guus Til
36,382556,Joey Veerman
37,26916,Boy Waterman
38,489985,Isaac Babadi
39,275012,Joël Drommel
40,377466,Ricardo Pepi
41,379205,Sergiño Dest
42,397465,Malik Tillman
