,ID,Name
0,424808,Mathias Ross
1,422807,Magnus Mattsson
2,22300,Lasse Schöne
3,487049,Koki Ogawa
4,497708,Kodai Sano
5,279429,Sai van Wermeskerken
6,422810,Elayis Tavsan
7,422801,Youri Baas
8,389945,Sontje Hansen
9,422806,Dirk Proper
10,90811,Jasper Cillessen
11,422804,Bart van Rooij
12,77422,Bram Nuytinck
13,271086,Calvin Verdonk
14,321959,Philippe Sandler
15,429380,Rijk Janse
16,422814,Robin Roefs
17,335725,Lars Olden Larsen
18,365712,Rober
19,351532,Mees Hoedemakers
20,125375,Gerónimo Rulli
21,460297,Benjamin Tahirovic
22,270829,Borna Sosa
23,402666,Josip Sutalo
24,381530,Jakov Medic
25,484494,Anton Gaaei
26,389020,Georges Mikautadze
27,424248,Kristian Hlynsson
28,279425,Steven Bergwijn
29,89794,Steven Berghuis
30,400165,Devyne Rensch
31,422800,Ar'Jany Martha
32,467715,Jorrel Hato
33,454336,Tom de Graaff
34,454337,Jaydon Banel
35,401122,Kenneth Taylor
36,437387,Anass Salah-Eddine
37,468850,Carlos Forbs
38,122294,Chuba Akpom
39,391592,Gastón Ávila
40,404568,Brian Brobbey
41,373154,Diant Ramaj
