,ID,Name
0,425958,Alec Van Hoorenbeeck
1,361838,Michal Sadílek
2,90235,Lars Unnerstall
3,307362,Alfons Sampsted
4,484544,Younes Taha
5,368289,Issam El Maach
6,437387,Anass Salah-Eddine
7,321910,Carel Eiting
8,475579,Gijs Besselink
9,301423,Mitchell van Bergen
10,357081,Myron Boadu
11,427577,Youri Regeer
12,108935,Robin Pröpper
13,402819,Mees Hilgers
14,119741,Joshua Brenet
15,400059,Gijs Smal
16,361794,Sem Steijn
17,405560,Daan Rots
18,322149,Michel Vlap
19,37344,Ricky van Wolfswinkel
20,445046,Naci Ünüvar
21,34545,Przemyslaw Tyton
22,404777,Mathias Kjølø
23,400278,Thierry Lutonda
24,400545,Shawn Adewoye
25,255946,Dario Van den Buijs
26,469502,Chris Lokesa
27,450984,Ilias Takidine
28,127137,Zakaria Bakkali
29,446984,Daouda Weidmann
30,379705,Etienne Vaessen
31,289015,Julian Lelieveld
32,322182,Reuven Niemeijer
33,444674,Kevin Felida
34,389411,Yassin Oukili
35,387172,Denilho Cleonise
36,141965,Jeroen Houwen
37,369048,Richonell Margaret
38,80881,Jeffrey Bruma
39,104982,Mats Seuntjens
40,380663,Patrick Vroegh
41,432167,Mark Spenkelink
42,400279,David Min
43,379706,Juriën Gaari
44,383865,Filip Stevanovic
