,ID,Name
0,487102,Mouhamed Belkheir
1,399960,Siemen Voet
2,396058,Rodrigo Guth
3,120151,Alen Halilovic
4,421892,Loreintz Rosier
5,430765,Sadik Fofana
6,294844,Arianit Ferati
7,79755,Dimitrios Siovas
8,115574,Mitchell Dijks
9,379762,Justin Lonwijk
10,298805,Michael Verrips
11,355134,Kaj Sierhuis
12,301457,Luuk Koopmans
13,290832,Alessio da Cruz
14,422635,Ragnar Oratmangoen
15,456703,Iman Griffith
16,400056,Nathangelo Markelo
17,70598,Ivo Pinto
18,344201,Iñigo Córdoba
19,140902,Kristoffer Peterson
20,107077,Oguzhan Özyakup
21,410088,Jayden Braaf
22,368266,Tom Hendriks
23,143815,Anas Tahiri
24,399512,Loizos Loizou
25,323531,Mats Köhlert
26,121834,Mickey van der Hart
27,124274,Sven van Beek
28,409160,Syb van Ottele
29,238897,Pelle van Amersfoort
30,379599,Ché Nunnely
31,296543,Jan Bekkema
32,444621,Nathan Tjoe-A-On
33,124380,Thom Haye
34,422643,Djenahro Nunumete
35,252239,Andries Noppert
36,497178,Espen van Ee
37,497179,Oliver Braude
38,366886,Osame Sahraoui
39,142376,Pawel Bochniewicz
40,406536,Hussein Ali Haidar
41,327724,Simon Olsson
42,430295,Charlie Webster
43,399620,Patrik Wålemark
44,422634,Luuk Brouwers
45,515896,Amir Ismaïl
