,ID,Name
0,424808,Mathias Ross
1,487049,Koki Ogawa
2,497708,Kodai Sano
3,418540,Yvandro Borges Sanches
4,506727,D'Leanu Arts
5,348644,Sylla Sow
6,429380,Rijk Janse
7,422814,Robin Roefs
8,389945,Sontje Hansen
9,422806,Dirk Proper
10,90811,Jasper Cillessen
11,77422,Bram Nuytinck
12,271086,Calvin Verdonk
13,321959,Philippe Sandler
14,422804,Bart van Rooij
15,37502,Tjaronn Chery
16,335725,Lars Olden Larsen
17,365712,Rober
18,351532,Mees Hoedemakers
19,450923,Brian De Keersmaecker
20,401137,Bryan Limbombe
21,349202,Anas Ouahim
22,225522,Mario Engels
23,401250,Jannes Wieckhoff
24,422763,Sven Sonnenberg
25,116684,Michael Brouwer
26,484545,Stijn Bultman
27,312702,Justin Hoogma
28,67063,Marko Vejinovic
29,299511,Jordy Bruijn
30,349481,Jizz Hornkamp
31,380635,Robin Jalving
32,414250,Mohamed Sankoh
33,94885,Jetro Willems
34,96581,Thomas Bruns
35,433913,Sem Scheperman
36,382581,Fabian de Keijzer
37,334533,Emil Hansson
38,403097,Fredrik Oppegård
39,333365,Ajdin Hrustic
