,ID,Name
0,125375,Gerónimo Rulli
1,460297,Benjamin Tahirovic
2,381530,Jakov Medic
3,270829,Borna Sosa
4,402666,Josip Sutalo
5,484494,Anton Gaaei
6,424248,Kristian Hlynsson
7,422802,Jay Gorter
8,422800,Ar'Jany Martha
9,415781,Kian Fitz-Jim
10,279425,Steven Bergwijn
11,401122,Kenneth Taylor
12,404568,Brian Brobbey
13,400165,Devyne Rensch
14,454338,Tristan Gooijer
15,467715,Jorrel Hato
16,89794,Steven Berghuis
17,454337,Jaydon Banel
18,468850,Carlos Forbs
19,400320,Ahmetcan Kaplan
20,68659,Jordan Henderson
21,122294,Chuba Akpom
22,373154,Diant Ramaj
23,130304,Walter Benítez
24,427824,Johan Bakayoko
25,346767,Mauro Júnior
26,98101,André Ramalho
27,260809,Olivier Boscagli
28,318511,Hirving Lozano
29,404776,Ismael Saibari
30,275012,Joël Drommel
31,345333,Armando Obispo
32,404225,Shurandy Sambo
33,68585,Luuk de Jong
34,26916,Boy Waterman
35,489985,Isaac Babadi
36,481080,Tygo Land
37,78221,Patrick van Aanholt
38,331555,Jerdy Schouten
39,361839,Jordan Teze
40,379205,Sergiño Dest
41,509874,Jesper Uneken
