,ID,Name
0,143815,Anas Tahiri
1,399512,Loizos Loizou
2,323531,Mats Köhlert
3,409160,Syb van Ottele
4,422643,Djenahro Nunumete
5,444621,Nathan Tjoe-A-On
6,379599,Ché Nunnely
7,387720,Denzel Hall
8,238897,Pelle van Amersfoort
9,252239,Andries Noppert
10,296543,Jan Bekkema
11,121834,Mickey van der Hart
12,124274,Sven van Beek
13,124380,Thom Haye
14,366886,Osame Sahraoui
15,497179,Oliver Braude
16,142376,Pawel Bochniewicz
17,406536,Hussein Ali Haidar
18,327724,Simon Olsson
19,430295,Charlie Webster
20,436158,Daniel Karlsbakk
21,422634,Luuk Brouwers
22,399620,Patrik Wålemark
23,399311,Filip Krastev
24,104906,Thomas Lam
25,84195,Lennart Thy
26,361777,Lennart Czyborra
27,82029,Apostolos Vellios
28,333527,Odysseus Velanas
29,431253,Damian van der Haar
30,484550,Duke Verduin
31,489995,Mohamed Oukhattou
32,490379,Anouar El Azzouzi
33,513251,Teun Gijselhart
34,317693,Mike Hauptmeijer
35,361778,Silvester van der Water
36,365152,Eliano Reijnders
37,380731,Sam Kersten
38,20831,Kenneth Vermeer
39,34108,Bram van Polen
40,424502,Anselmo MacNulty
41,354027,Anthony Fontana
