,ID,Name
0,450923,Brian De Keersmaecker
1,401137,Bryan Limbombe
2,422763,Sven Sonnenberg
3,401250,Jannes Wieckhoff
4,225522,Mario Engels
5,299511,Jordy Bruijn
6,312702,Justin Hoogma
7,69789,Kelvin Leerdam
8,94885,Jetro Willems
9,96581,Thomas Bruns
10,116684,Michael Brouwer
11,414250,Mohamed Sankoh
12,349481,Jizz Hornkamp
13,379686,Ruben Roosken
14,379728,Navajo Bakboord
15,382581,Fabian de Keijzer
16,433912,Timo Jansink
17,433913,Sem Scheperman
18,484545,Stijn Bultman
19,334533,Emil Hansson
20,403097,Fredrik Oppegård
21,333365,Ajdin Hrustic
22,76336,Samuel Sahin-Radlinger
23,453492,Milan Corryn
24,431023,Faïz Mattoir
25,438662,Yann Kitala
26,357398,Théo Barbet
27,296323,Thomas Robinet
28,455842,Yoann Cathline
29,42947,Rajiv van La Parra
30,303815,Damian van Bruggen
31,322157,Sherel Floranus
32,344124,Danny Post
33,379734,Hamdi Akujobi
34,475450,Jason van Duiven
35,484527,Nordin Bakker
36,484531,Joey Jacobs
37,484537,Stije Resink
38,484540,Jochem Ritmeester van de Kamp
39,497336,Joël van der Wilt
40,408102,Peer Koopmeiners
41,122130,Álvaro Peña
42,392651,Adi Nalic
43,395381,Kornelius Hansen
44,402120,Pascu
