,ID,Name
0,76336,Samuel Sahin-Radlinger
1,453492,Milan Corryn
2,431023,Faïz Mattoir
3,357398,Théo Barbet
4,455842,Yoann Cathline
5,296323,Thomas Robinet
6,373555,Loïc Mbe Soh
7,363872,Christopher Mamengi
8,42947,Rajiv van La Parra
9,408102,Peer Koopmeiners
10,379734,Hamdi Akujobi
11,303815,Damian van Bruggen
12,322157,Sherel Floranus
13,475450,Jason van Duiven
14,484527,Nordin Bakker
15,484531,Joey Jacobs
16,484537,Stije Resink
17,484540,Jochem Ritmeester van de Kamp
18,497336,Joël van der Wilt
19,122130,Álvaro Peña
20,392651,Adi Nalic
21,395381,Kornelius Hansen
22,402120,Pascu
23,143815,Anas Tahiri
24,399512,Loizos Loizou
25,323531,Mats Köhlert
26,363248,Ion Nicolaescu
27,379599,Ché Nunnely
28,238897,Pelle van Amersfoort
29,252239,Andries Noppert
30,296543,Jan Bekkema
31,121834,Mickey van der Hart
32,124274,Sven van Beek
33,124380,Thom Haye
34,409160,Syb van Ottele
35,422643,Djenahro Nunumete
36,497178,Espen van Ee
37,497179,Oliver Braude
38,366886,Osame Sahraoui
39,142376,Pawel Bochniewicz
40,327724,Simon Olsson
41,406536,Hussein Ali Haidar
42,430295,Charlie Webster
43,436158,Daniel Karlsbakk
44,422634,Luuk Brouwers
45,399620,Patrik Wålemark
