,ID,Name
0,125375,Gerónimo Rulli
1,460297,Benjamin Tahirovic
2,270829,Borna Sosa
3,381530,Jakov Medic
4,424248,Kristian Hlynsson
5,454338,Tristan Gooijer
6,454348,Julian Rijkhoff
7,467715,Jorrel Hato
8,401122,Kenneth Taylor
9,404568,Brian Brobbey
10,415781,Kian Fitz-Jim
11,422802,Jay Gorter
12,400165,Devyne Rensch
13,139299,Branco van den Boomen
14,408613,Sivert Mannsverk
15,468850,Carlos Forbs
16,400320,Ahmetcan Kaplan
17,68659,Jordan Henderson
18,122294,Chuba Akpom
19,373154,Diant Ramaj
20,362459,Othmane Boussaid
21,403644,Victor Jensen
22,416311,Niklas Vesterlund
23,425341,Oscar Fraulo
24,515595,Jeppe Okkels
25,394998,Can Bozdogan
26,135954,Vasilios Barkas
27,429514,Zidane Iqbal
28,422805,Souffian El Karouani
29,382593,Marouan Azarkan
30,256971,Hidde ter Avest
31,315574,Thijmen Nijhuis
32,328269,Sam Lammers
33,39726,Mark van der Maarel
34,70906,Nick Viergever
35,82401,Jens Toornstra
36,97367,Mattijs Branderhorst
37,101605,Mike van der Hoorn
38,482884,Jesse van de Haar
39,284451,Isac Lidberg
40,438303,Adrian Blake
41,444737,Ryan Flamingo
