,ID,Name
0,130304,Walter Benítez
1,427824,Johan Bakayoko
2,346767,Mauro Júnior
3,98101,André Ramalho
4,260809,Olivier Boscagli
5,369970,Armel Bella-Kotchap
6,318511,Hirving Lozano
7,322148,Guus Til
8,331555,Jerdy Schouten
9,345333,Armando Obispo
10,275012,Joël Drommel
11,26916,Boy Waterman
12,68585,Luuk de Jong
13,78221,Patrick van Aanholt
14,404225,Shurandy Sambo
15,361839,Jordan Teze
16,481080,Tygo Land
17,489985,Isaac Babadi
18,377466,Ricardo Pepi
19,379205,Sergiño Dest
20,397465,Malik Tillman
21,379701,Ramiz Zerrouki
22,436553,Igor Paixão
23,298710,Luka Ivanusec
24,484175,Yankuba Minteh
25,121821,Timon Wellenreuther
26,68850,Kostas Lamprou
27,377288,Ayase Ueda
28,445061,Santiago Giménez
29,297527,Bart Nieuwkoop
30,345441,Lutsharel Geertruida
31,444719,Givairo Read
32,444739,Quilindschy Hartman
33,445059,Mats Wieffer
34,411078,Quinten Timber
35,422921,Antoni Milambo
36,436114,Thomas Beelen
37,450767,Mikki van Sas
38,468119,Leo Sauer
39,362779,Dávid Hancko
40,371042,Marcos López
