,ID,Name
0,487102,Mouhamed Belkheir
1,399960,Siemen Voet
2,396058,Rodrigo Guth
3,120151,Alen Halilovic
4,413273,Remy Vita
5,421892,Loreintz Rosier
6,430765,Sadik Fofana
7,79755,Dimitrios Siovas
8,456703,Iman Griffith
9,115574,Mitchell Dijks
10,290832,Alessio da Cruz
11,301457,Luuk Koopmans
12,328549,Deroy Duarte
13,422635,Ragnar Oratmangoen
14,400056,Nathangelo Markelo
15,355134,Kaj Sierhuis
16,379762,Justin Lonwijk
17,70598,Ivo Pinto
18,344201,Iñigo Córdoba
19,140902,Kristoffer Peterson
20,368266,Tom Hendriks
21,410088,Jayden Braaf
22,525774,Ramazan Bayram
23,422636,Philippe Rommens
24,404077,Thibo Baeten
25,444781,Xander Blomme
26,484558,Jakob Breum
27,288859,Gerrit Nauber
28,388033,Willum Willumsson
29,400173,Jamal Amofa
30,34171,Erwin Mulder
31,134722,Bas Kuipers
32,276442,Joris Kramer
33,422781,Luca Everink
34,431651,Nando Verdoni
35,322159,Finn Stokkers
36,355961,Evert Linthorst
37,379703,Jeffrey de Lange
38,382238,Bobby Adekanye
39,445055,Dean James
40,411691,Enric Llansana
41,422633,Mats Deijl
42,383616,Oliver Edvardsen
43,470692,Victor Edvardsen
44,444349,Søren Tengstedt
