,ID,Name
0,399960,Siemen Voet
1,396058,Rodrigo Guth
2,120151,Alen Halilovic
3,413273,Remy Vita
4,421892,Loreintz Rosier
5,430765,Sadik Fofana
6,79755,Dimitrios Siovas
7,115574,Mitchell Dijks
8,290832,Alessio da Cruz
9,298805,Michael Verrips
10,301457,Luuk Koopmans
11,328549,Deroy Duarte
12,355134,Kaj Sierhuis
13,379762,Justin Lonwijk
14,400056,Nathangelo Markelo
15,456703,Iman Griffith
16,422635,Ragnar Oratmangoen
17,70598,Ivo Pinto
18,344201,Iñigo Córdoba
19,140902,Kristoffer Peterson
20,107077,Oguzhan Özyakup
21,368266,Tom Hendriks
22,410088,Jayden Braaf
23,328432,Siebe Horemans
24,420300,Cisse Sandra
25,373556,Arthur Zagré
26,100608,Mike van Duinen
27,123554,Sven Nieuwpoort
28,139666,Norbert Alblas
29,363875,Kenzo Goudmijn
30,444619,Stijn van Gassel
31,444620,Redouan El Yaakoubi
32,444623,Julian Baas
33,444625,Pascal Kuiper
34,444738,Noah Naujoks
35,454518,Derensili Sanches Fernandes
36,484536,Lance Duijvestijn
37,423949,Mimeirhel Benita
38,485370,Oscar Uddenäs
39,494671,Richie Omorowa
40,429615,Casper Widell
41,384064,Troy Parrott
