,ID,Name
0,456590,Garang Kuol
1,436119,Mio Backhaus
2,409052,Benaissa Benamar
3,148512,Bilal Ould-Chikh
4,444720,Barry Lauwers
5,445056,Calvin Twigt
6,460498,Déron Payne
7,444712,Billy van Duijl
8,444713,Brian Plat
9,444714,Damon Mirani
10,444715,Ibrahim El Kadiri
11,444716,Imran Nazih
12,444717,Lequincio Zeefuik
13,445058,Josh Flint
14,472272,Flip Klomp
15,496413,Ezechiel Fiemawhle
16,497066,Quincy Hoeve
17,498896,Milan de Haan
18,498897,Francisco Marizan
19,444718,Kayne van Oevelen
20,422782,Manfred Ugalde
21,361838,Michal Sadílek
22,90235,Lars Unnerstall
23,307362,Alfons Sampsted
24,368289,Issam El Maach
25,484544,Younes Taha
26,322149,Michel Vlap
27,361794,Sem Steijn
28,108935,Robin Pröpper
29,301423,Mitchell van Bergen
30,37344,Ricky van Wolfswinkel
31,405560,Daan Rots
32,406780,Max Bruns
33,427577,Youri Regeer
34,445046,Naci Ünüvar
35,475578,Mats Rots
36,34545,Przemyslaw Tyton
37,404777,Mathias Kjølø
38,475579,Gijs Besselink
39,478021,Juliën Mesbahi
40,425958,Alec van Hoorenbeeck
