,ID,Name
0,436591,Milan Robberechts
1,396058,Rodrigo Guth
2,401043,Ivor Pandur
3,120151,Alen Halilovic
4,413273,Remy Vita
5,421892,Loreintz Rosier
6,430765,Sadik Fofana
7,294844,Arianit Ferati
8,79755,Dimitrios Siovas
9,456703,Iman Griffith
10,115574,Mitchell Dijks
11,301457,Luuk Koopmans
12,328549,Deroy Duarte
13,422635,Ragnar Oratmangoen
14,423863,Tijjani Noslin
15,400056,Nathangelo Markelo
16,355134,Kaj Sierhuis
17,70598,Ivo Pinto
18,344201,Iñigo Córdoba
19,107077,Oguzhan Özyakup
20,487102,Menaour Belkheir
21,368266,Tom Hendriks
22,381530,Jakov Medic
23,402666,Josip Sutalo
24,389020,Georges Mikautadze
25,424248,Kristian Hlynsson
26,437387,Anass Salah-Eddine
27,449303,Silvano Vos
28,454339,Olivier Aertssen
29,400165,Devyne Rensch
30,401122,Kenneth Taylor
31,139299,Branco van den Boomen
32,422802,Jay Gorter
33,423955,Charlie Setford
34,468850,Carlos Forbs
35,122294,Chuba Akpom
36,373154,Diant Ramaj
37,391592,Gastón Ávila
38,404568,Brian Brobbey
39,460297,Benjamin Tahirovic
40,462099,Mika Godts
41,467715,Jorrel Hato
42,484494,Anton Gaaei
