,ID,Name
0,362459,Othmane Boussaid
1,425341,Oscar Fraulo
2,403644,Victor Jensen
3,375327,Modibo Sagnan
4,394998,Can Bozdogan
5,135954,Vasilios Barkas
6,429514,Zidane Iqbal
7,422805,Souffian El Karouani
8,83337,Zakaria Labyad
9,97367,Mattijs Branderhorst
10,101605,Mike van der Hoorn
11,104982,Mats Seuntjens
12,256971,Hidde ter Avest
13,261082,Bart Ramselaar
14,402852,Ole Romeny
15,411079,Calvin Raatsie
16,382593,Marouan Azarkan
17,39726,Mark van der Maarel
18,70906,Nick Viergever
19,82401,Jens Toornstra
20,284451,Isac Lidberg
21,444737,Ryan Flamingo
22,379701,Ramiz Zerrouki
23,384574,Gernot Trauner
24,436553,Igor Paixão
25,298710,Luka Ivanusec
26,404200,Ondrej Lingr
27,121821,Timon Wellenreuther
28,68850,Kostas Lamprou
29,133390,Alireza Jahanbakhsh
30,377288,Ayase Ueda
31,445061,Santiago Giménez
32,328987,Calvin Stengs
33,345441,Lutsharel Geertruida
34,361695,Thomas van den Belt
35,297527,Bart Nieuwkoop
36,444739,Quilindschy Hartman
37,445059,Mats Wieffer
38,411078,Quinten Timber
39,436114,Thomas Beelen
40,362779,Dávid Hancko
41,468119,Leo Sauer
42,371042,Marcos López
43,484175,Yankuba Minteh
44,489979,Gjivai Zechiël
