,ID,Name
0,409126,Dominik Oroz
1,89947,Nicolas Isimat-Mirin
2,486769,Amine Boutrah
3,285933,Markus Schubert
4,313385,Carlens Arcus
5,472130,Saïd Hamulic
6,85470,Marco van Ginkel
7,379707,Melle Meulensteen
8,400281,Million Manhoef
9,401021,Enzo Cornelisse
10,414485,Giovanni van Zwam
11,422909,Ramon Hendriks
12,437426,Miliano Jonathans
13,444159,Mathijs Tielemans
14,412349,Kacper Kozlowski
15,322776,Michael Pinto
16,446949,Joel Voelkerling Persson
17,497067,Mats Egbring
18,497068,Jordi Altena
19,498903,Tom Bramel
20,67114,Eloy Room
21,81523,Mathew Ryan
22,362553,Jens Odgaard
23,330514,Vangelis Pavlidis
24,379783,Yukinari Sugawara
25,383560,Sven Mijnans
26,363875,Kenzo Goudmijn
27,353695,Dani de Wit
28,90802,Jordy Clasie
29,90834,Hobie Verhulst
30,133959,Riechedly Bazoer
31,422737,Ernest Poku
32,422867,Mees de Wit
33,432172,Denso Kasius
34,434318,Maxim Dekker
35,438484,Myron van Brederode
36,470734,Daniël Deen
37,484652,Ruben van Bommel
38,408824,Tiago Dantas
39,422248,Alexandre Penetra
40,334726,Djordje Mihailovic
41,415341,David Møller Wolfe
