,ID,Name
0,456590,Garang Kuol
1,345769,Oskar Buur
2,259530,Robin Maulun
3,436119,Mio Backhaus
4,409052,Benaissa Benamar
5,444712,Billy van Duijl
6,444713,Brian Plat
7,444714,Damon Mirani
8,444715,Ibrahim El Kadiri
9,444716,Imran Nazih
10,240878,Robert Mühren
11,444720,Barry Lauwers
12,445056,Calvin Twigt
13,457258,Luke Le Roux
14,498822,Zach Booth
15,460178,Darius Johnson
16,445058,Josh Flint
17,383604,George Cox
18,444718,Kayne van Oevelen
19,455668,Vivaldo Semedo
20,497066,Quincy Hoeve
21,516436,Safouane Karim
22,379701,Ramiz Zerrouki
23,436553,Igor Paixão
24,404200,Ondrej Lingr
25,484175,Yankuba Minteh
26,121821,Timon Wellenreuther
27,68850,Kostas Lamprou
28,377288,Ayase Ueda
29,445061,Santiago Giménez
30,297527,Bart Nieuwkoop
31,328987,Calvin Stengs
32,345441,Lutsharel Geertruida
33,361695,Thomas van den Belt
34,450075,Jaden Slory
35,450767,Mikki van Sas
36,411078,Quinten Timber
37,436114,Thomas Beelen
38,444719,Givairo Read
39,445059,Mats Wieffer
40,468119,Leo Sauer
41,362779,Dávid Hancko
42,371042,Marcos López
