,ID,Name
0,125375,Gerónimo Rulli
1,460297,Benjamin Tahirovic
2,402666,Josip Sutalo
3,381530,Jakov Medic
4,484494,Anton Gaaei
5,424248,Kristian Hlynsson
6,449303,Silvano Vos
7,454338,Tristan Gooijer
8,454348,Julian Rijkhoff
9,400165,Devyne Rensch
10,34550,Remko Pasveer
11,401122,Kenneth Taylor
12,139299,Branco van den Boomen
13,279425,Steven Bergwijn
14,467715,Jorrel Hato
15,415781,Kian Fitz-Jim
16,408613,Sivert Mannsverk
17,468850,Carlos Forbs
18,400320,Ahmetcan Kaplan
19,373154,Diant Ramaj
20,462099,Mika Godts
21,404077,Thibo Baeten
22,444781,Xander Blomme
23,484558,Jakob Breum
24,288859,Gerrit Nauber
25,388033,Willum Willumsson
26,400173,Jamal Amofa
27,411691,Enric Llansana
28,422633,Mats Deijl
29,422781,Luca Everink
30,426002,Sven Jansen
31,322159,Finn Stokkers
32,355961,Evert Linthorst
33,379703,Jeffrey de Lange
34,382238,Bobby Adekanye
35,34171,Erwin Mulder
36,134722,Bas Kuipers
37,276442,Joris Kramer
38,444782,Pim Saathof
39,445055,Dean James
40,383616,Oliver Edvardsen
41,470692,Victor Edvardsen
42,444349,Søren Tengstedt
