,ID,Name
0,450984,Ilias Takidine
1,469502,Chris Lokesa
2,400278,Thierry Lutonda
3,255946,Dario Van den Buijs
4,127137,Zakaria Bakkali
5,400279,David Min
6,432167,Mark Spenkelink
7,444674,Kevin Felida
8,141965,Jeroen Houwen
9,387172,Denilho Cleonise
10,389411,Yassin Oukili
11,31238,Aaron Meijers
12,40342,Michiel Kramer
13,80881,Jeffrey Bruma
14,104982,Mats Seuntjens
15,289015,Julian Lelieveld
16,322182,Reuven Niemeijer
17,357080,Godfried Roemeratoe
18,369048,Richonell Margaret
19,379705,Etienne Vaessen
20,379706,Juriën Gaari
21,380663,Patrick Vroegh
22,383865,Filip Stevanovic
23,76336,Samuel Sahin-Radlinger
24,453492,Milan Corryn
25,431023,Faïz Mattoir
26,455842,Yoann Cathline
27,296323,Thomas Robinet
28,357398,Théo Barbet
29,373555,Loïc Mbe Soh
30,379734,Hamdi Akujobi
31,363872,Christopher Mamengi
32,303815,Damian van Bruggen
33,322157,Sherel Floranus
34,42947,Rajiv van La Parra
35,475450,Jason van Duiven
36,484531,Joey Jacobs
37,484537,Stije Resink
38,484540,Jochem Ritmeester van de Kamp
39,497336,Joël van der Wilt
40,132603,Agil Etemadi
41,408102,Peer Koopmeiners
42,122130,Álvaro Peña
43,392651,Adi Nalic
44,395381,Kornelius Hansen
45,402120,Pascu
