,ID,Name
0,81523,Mathew Ryan
1,485376,Ibrahim Sadiq
2,330514,Vangelis Pavlidis
3,438484,Myron van Brederode
4,510581,Jayden Addai
5,484652,Ruben van Bommel
6,90810,Bruno Martins Indi
7,444717,Lequincio Zeefuik
8,422737,Ernest Poku
9,472183,Wouter Goes
10,133959,Riechedly Bazoer
11,422867,Mees de Wit
12,449304,Tristan Kuijsten
13,90802,Jordy Clasie
14,353695,Dani de Wit
15,383560,Sven Mijnans
16,408824,Tiago Dantas
17,421842,Gonçalo Esteves
18,422248,Alexandre Penetra
19,444780,Mayckel Lahdo
20,470735,Rome-Jayden Owusu-Oduro
21,415341,David Møller Wolfe
22,439447,Kristijan Belic
23,379701,Ramiz Zerrouki
24,384574,Gernot Trauner
25,436553,Igor Paixão
26,298710,Luka Ivanusec
27,404200,Ondrej Lingr
28,484175,Yankuba Minteh
29,121821,Timon Wellenreuther
30,68850,Kostas Lamprou
31,445061,Santiago Giménez
32,328987,Calvin Stengs
33,422921,Antoni Milambo
34,436114,Thomas Beelen
35,345441,Lutsharel Geertruida
36,411078,Quinten Timber
37,445059,Mats Wieffer
38,302709,Justin Bijlow
39,444739,Quilindschy Hartman
40,297527,Bart Nieuwkoop
41,362779,Dávid Hancko
42,468119,Leo Sauer
43,371042,Marcos López
