,ID,Name
0,343347,Arno Verschueren
1,382494,Charles-Andreas Brym
2,379712,Saïd Bakari
3,444484,Koki Saito
4,513252,Shunsuke Mito
5,422872,Djevencio van der Kust
6,379764,Youri Schoonderwaldt
7,427851,Rick Meissen
8,19087,Jonathan de Guzmán
9,491398,Camiel Neghli
10,279173,Pelle Clement
11,444483,Mike Eerdhuijzen
12,44145,Bart Vriends
13,243916,Nick Olij
14,229520,Django Warmerdam
15,349199,Joshua Kitolano
16,276756,Tobias Lauritsen
17,489319,Kaylen Reitmaier
18,433577,Metinho
19,475142,Rayvien Rosario
20,399311,Filip Krastev
21,259930,Younes Namli
22,104906,Thomas Lam
23,84195,Lennart Thy
24,484551,Luis Görlich
25,361777,Lennart Czyborra
26,333527,Odysseus Velanas
27,82029,Apostolos Vellios
28,20831,Kenneth Vermeer
29,431253,Damian van der Haar
30,490379,Anouar El Azzouzi
31,362467,Jasper Schendelaar
32,380731,Sam Kersten
33,34108,Bram van Polen
34,365152,Eliano Reijnders
35,489992,Nick Fichtinger
36,400823,Davy van den Berg
37,361778,Silvester van der Water
38,513251,Teun Gijselhart
39,317693,Mike Hauptmeijer
40,424502,Anselmo MacNulty
41,354027,Anthony Fontana
42,515596,Kaj de Rooij
