,ID,Name
0,362459,Othmane Boussaid
1,425341,Oscar Fraulo
2,403644,Victor Jensen
3,346340,Tim Handwerker
4,394998,Can Bozdogan
5,135954,Vasilios Barkas
6,429514,Zidane Iqbal
7,83337,Zakaria Labyad
8,422805,Souffian El Karouani
9,328269,Sam Lammers
10,402852,Ole Romeny
11,39726,Mark van der Maarel
12,315574,Thijmen Nijhuis
13,97367,Mattijs Branderhorst
14,482884,Jesse van de Haar
15,70906,Nick Viergever
16,101605,Mike van der Hoorn
17,256971,Hidde ter Avest
18,82401,Jens Toornstra
19,444675,Taylor Booth
20,416311,Niklas Vesterlund
21,515595,Jeppe Okkels
22,444737,Ryan Flamingo
23,456590,Garang Kuol
24,345769,Oskar Buur
25,446987,Axel Guessand
26,259530,Robin Maulun
27,436119,Mio Backhaus
28,409052,Benaissa Benamar
29,445056,Calvin Twigt
30,498896,Milan de Haan
31,148512,Bilal Ould-Chikh
32,444714,Damon Mirani
33,504312,Bram van Driel
34,444720,Barry Lauwers
35,240878,Robert Mühren
36,445057,Achraf Douiri
37,457258,Luke Le Roux
38,498822,Zach Booth
39,383604,George Cox
40,445058,Josh Flint
41,460178,Darius Johnson
42,514507,Mika van der Horst
43,444718,Kayne van Oevelen
44,455668,Vivaldo Semedo
45,497066,Quincy Hoeve
