,ID,Name
0,409126,Dominik Oroz
1,486769,Amine Boutrah
2,89947,Nicolas Isimat-Mirin
3,285933,Markus Schubert
4,313385,Carlens Arcus
5,422909,Ramon Hendriks
6,510533,Andy Visser
7,401021,Enzo Cornelisse
8,429928,Gyan de Regt
9,400282,Daan Huisman
10,414485,Giovanni van Zwam
11,352844,Thomas Buitink
12,85470,Marco van Ginkel
13,433950,Mexx Meerdink
14,412349,Kacper Kozlowski
15,322776,Michael Pinto
16,484842,Adrian Mazilu
17,446949,Joel Voelkerling Persson
18,363704,Toni Domgjoni
19,515829,Anis Hadj Moussa
20,498903,Tom Bramel
21,67114,Eloy Room
22,444781,Xander Blomme
23,404077,Thibo Baeten
24,484558,Jakob Breum
25,288859,Gerrit Nauber
26,388033,Willum Willumsson
27,444782,Pim Saathof
28,379703,Jeffrey de Lange
29,445055,Dean James
30,422633,Mats Deijl
31,400173,Jamal Amofa
32,276442,Joris Kramer
33,382238,Bobby Adekanye
34,355961,Evert Linthorst
35,34171,Erwin Mulder
36,322159,Finn Stokkers
37,422781,Luca Everink
38,431651,Nando Verdoni
39,383616,Oliver Edvardsen
40,470692,Victor Edvardsen
41,444349,Søren Tengstedt
