,ID,Name
0,403495,Melih Ibrahimoglu
1,450923,Brian De Keersmaecker
2,401137,Bryan Limbombe
3,401250,Jannes Wieckhoff
4,349202,Anas Ouahim
5,484548,Lasse Wehmeyer
6,422763,Sven Sonnenberg
7,225522,Mario Engels
8,450983,Antonio Satriano
9,116684,Michael Brouwer
10,380635,Robin Jalving
11,484545,Stijn Bultman
12,94885,Jetro Willems
13,67063,Marko Vejinovic
14,96581,Thomas Bruns
15,382581,Fabian de Keijzer
16,414250,Mohamed Sankoh
17,433913,Sem Scheperman
18,312702,Justin Hoogma
19,379728,Navajo Bakboord
20,379686,Ruben Roosken
21,334533,Emil Hansson
22,402055,Sava-Arangel Cestic
23,130304,Walter Benítez
24,408059,Yorbe Vertessen
25,427824,Johan Bakayoko
26,98101,André Ramalho
27,260809,Olivier Boscagli
28,318511,Hirving Lozano
29,404776,Ismael Saibari
30,78221,Patrick van Aanholt
31,404225,Shurandy Sambo
32,26916,Boy Waterman
33,331555,Jerdy Schouten
34,322148,Guus Til
35,68585,Luuk de Jong
36,489985,Isaac Babadi
37,475450,Jason van Duiven
38,481080,Tygo Land
39,275012,Joël Drommel
40,382556,Joey Veerman
41,361839,Jordan Teze
42,377466,Ricardo Pepi
43,397465,Malik Tillman
44,379205,Sergiño Dest
