,ID,Name
0,127137,Zakaria Bakkali
1,400545,Shawn Adewoye
2,400278,Thierry Lutonda
3,469502,Chris Lokesa
4,446984,Daouda Weidmann
5,401542,Raz Meir
6,80881,Jeffrey Bruma
7,432167,Mark Spenkelink
8,31238,Aaron Meijers
9,379706,Juriën Gaari
10,380663,Patrick Vroegh
11,429270,Joey Kesting
12,289015,Julian Lelieveld
13,357080,Godfried Roemeratoe
14,389411,Yassin Oukili
15,387172,Denilho Cleonise
16,40342,Michiel Kramer
17,400279,David Min
18,383865,Filip Stevanovic
19,379701,Ramiz Zerrouki
20,436553,Igor Paixão
21,298710,Luka Ivanusec
22,404200,Ondrej Lingr
23,121821,Timon Wellenreuther
24,68850,Kostas Lamprou
25,133390,Alireza Jahanbakhsh
26,377288,Ayase Ueda
27,445061,Santiago Giménez
28,361695,Thomas van den Belt
29,422921,Antoni Milambo
30,297527,Bart Nieuwkoop
31,345441,Lutsharel Geertruida
32,444739,Quilindschy Hartman
33,328987,Calvin Stengs
34,436114,Thomas Beelen
35,363083,Javairô Dilrosun
36,302709,Justin Bijlow
37,411078,Quinten Timber
38,362779,Dávid Hancko
39,468119,Leo Sauer
40,371042,Marcos López
