,ID,Name
0,422636,Philippe Rommens
1,404077,Thibo Baeten
2,484558,Jakob Breum
3,288859,Gerrit Nauber
4,431319,Aventis Aventisian
5,388033,Willum Willumsson
6,379703,Jeffrey de Lange
7,422633,Mats Deijl
8,400173,Jamal Amofa
9,34171,Erwin Mulder
10,355132,Rashaan Fernandes
11,431651,Nando Verdoni
12,355961,Evert Linthorst
13,382238,Bobby Adekanye
14,348644,Sylla Sow
15,411691,Enric Llansana
16,444782,Pim Saathof
17,134722,Bas Kuipers
18,276442,Joris Kramer
19,383616,Oliver Edvardsen
20,470692,Victor Edvardsen
21,472963,Darío Serra
22,409126,Dominik Oroz
23,89947,Nicolas Isimat-Mirin
24,486769,Amine Boutrah
25,285933,Markus Schubert
26,313385,Carlens Arcus
27,422909,Ramon Hendriks
28,379707,Melle Meulensteen
29,400281,Million Manhoef
30,429928,Gyan de Regt
31,414485,Giovanni van Zwam
32,401021,Enzo Cornelisse
33,444159,Mathijs Tielemans
34,85470,Marco van Ginkel
35,472130,Saïd Hamulic
36,412349,Kacper Kozlowski
37,322776,Michael Pinto
38,446949,Joel Voelkerling Persson
39,363704,Toni Domgjoni
40,498903,Tom Bramel
41,497067,Mats Egbring
42,67114,Eloy Room
