,ID,Name
0,328432,Siebe Horemans
1,420300,Cisse Sandra
2,373556,Arthur Zagré
3,308754,Lazaros Lamprou
4,444738,Noah Naujoks
5,454518,Derensili Sanches Fernandes
6,400009,Couhaib Driouech
7,415781,Kian Fitz-Jim
8,444623,Julian Baas
9,139666,Norbert Alblas
10,423949,Mimeirhel Benita
11,123554,Sven Nieuwpoort
12,410324,Ian Smeulers
13,444619,Stijn van Gassel
14,445053,Nikolas Agrafiotis
15,485370,Oscar Uddenäs
16,494671,Richie Omorowa
17,429615,Casper Widell
18,384064,Troy Parrott
19,81523,Mathew Ryan
20,362553,Jens Odgaard
21,485376,Ibrahim Sadiq
22,330514,Vangelis Pavlidis
23,379783,Yukinari Sugawara
24,383560,Sven Mijnans
25,353695,Dani de Wit
26,363875,Kenzo Goudmijn
27,432172,Denso Kasius
28,90834,Hobie Verhulst
29,422737,Ernest Poku
30,472183,Wouter Goes
31,90802,Jordy Clasie
32,484652,Ruben van Bommel
33,133959,Riechedly Bazoer
34,90810,Bruno Martins Indi
35,438484,Myron van Brederode
36,408824,Tiago Dantas
37,422248,Alexandre Penetra
38,444780,Mayckel Lahdo
39,334726,Djordje Mihailovic
40,470735,Rome-Jayden Owusu-Oduro
41,415341,David Møller Wolfe
