,ID,Name
0,362459,Othmane Boussaid
1,403644,Victor Jensen
2,416311,Niklas Vesterlund
3,425341,Oscar Fraulo
4,443654,Andreas Dithmer
5,515595,Jeppe Okkels
6,394998,Can Bozdogan
7,135954,Vasilios Barkas
8,429514,Zidane Iqbal
9,422805,Souffian El Karouani
10,328269,Sam Lammers
11,512213,Joshua Mukeh
12,256971,Hidde ter Avest
13,402852,Ole Romeny
14,39726,Mark van der Maarel
15,70906,Nick Viergever
16,82401,Jens Toornstra
17,97367,Mattijs Branderhorst
18,284451,Isac Lidberg
19,444675,Taylor Booth
20,438303,Adrian Blake
21,444737,Ryan Flamingo
22,520952,Nazjir Held
23,515829,Anis Hadj Moussa
24,409126,Dominik Oroz
25,486769,Amine Boutrah
26,285933,Markus Schubert
27,313385,Carlens Arcus
28,352844,Thomas Buitink
29,379707,Melle Meulensteen
30,400282,Daan Huisman
31,401021,Enzo Cornelisse
32,422909,Ramon Hendriks
33,429928,Gyan de Regt
34,444159,Mathijs Tielemans
35,85470,Marco van Ginkel
36,412349,Kacper Kozlowski
37,322776,Michael Pinto
38,484842,Adrian Mazilu
39,363704,Toni Domgjoni
40,413783,Paxten Aaronson
41,498903,Tom Bramel
42,67114,Eloy Room
