,ID,Name
0,379701,Ramiz Zerrouki
1,384574,Gernot Trauner
2,436553,Igor Paixão
3,298710,Luka Ivanusec
4,404200,Ondrej Lingr
5,484175,Yankuba Minteh
6,121821,Timon Wellenreuther
7,68850,Kostas Lamprou
8,133390,Alireza Jahanbakhsh
9,377288,Ayase Ueda
10,445061,Santiago Giménez
11,444719,Givairo Read
12,411078,Quinten Timber
13,436114,Thomas Beelen
14,302709,Justin Bijlow
15,328987,Calvin Stengs
16,345441,Lutsharel Geertruida
17,361695,Thomas van den Belt
18,362779,Dávid Hancko
19,468119,Leo Sauer
20,371042,Marcos López
21,399311,Filip Krastev
22,84195,Lennart Thy
23,333527,Odysseus Velanas
24,82029,Apostolos Vellios
25,317693,Mike Hauptmeijer
26,20831,Kenneth Vermeer
27,34108,Bram van Polen
28,361778,Silvester van der Water
29,362467,Jasper Schendelaar
30,365152,Eliano Reijnders
31,380731,Sam Kersten
32,400823,Davy van den Berg
33,415772,Zico Buurmeester
34,431253,Damian van der Haar
35,489995,Mohamed Oukhattou
36,490379,Anouar El Azzouzi
37,513251,Teun Gijselhart
38,424502,Anselmo MacNulty
39,354027,Anthony Fontana
40,494145,Divaio Bobson
