,ID,Name
0,345769,Oskar Buur
1,446987,Axel Guessand
2,436119,Mio Backhaus
3,409052,Benaissa Benamar
4,498896,Milan de Haan
5,444713,Brian Plat
6,444714,Damon Mirani
7,444716,Imran Nazih
8,444720,Barry Lauwers
9,445056,Calvin Twigt
10,445057,Achraf Douiri
11,460498,Déron Payne
12,457258,Luke Le Roux
13,498822,Zach Booth
14,460178,Darius Johnson
15,383604,George Cox
16,445058,Josh Flint
17,444718,Kayne van Oevelen
18,455668,Vivaldo Semedo
19,497066,Quincy Hoeve
20,516436,Safouane Karim
21,523278,Myron Mau-Asam
22,525582,Caner Demircioglu
23,125375,Gerónimo Rulli
24,270829,Borna Sosa
25,381530,Jakov Medic
26,402666,Josip Sutalo
27,484494,Anton Gaaei
28,34550,Remko Pasveer
29,400165,Devyne Rensch
30,139299,Branco van den Boomen
31,89794,Steven Berghuis
32,404568,Brian Brobbey
33,401122,Kenneth Taylor
34,467715,Jorrel Hato
35,415781,Kian Fitz-Jim
36,422802,Jay Gorter
37,449303,Silvano Vos
38,454348,Julian Rijkhoff
39,408613,Sivert Mannsverk
40,400320,Ahmetcan Kaplan
41,68659,Jordan Henderson
42,122294,Chuba Akpom
43,462099,Mika Godts
