,ID,Name
0,130304,Walter Benítez
1,427824,Johan Bakayoko
2,346767,Mauro Júnior
3,98101,André Ramalho
4,260809,Olivier Boscagli
5,369970,Armel Bella-Kotchap
6,318511,Hirving Lozano
7,404776,Ismael Saibari
8,481080,Tygo Land
9,322148,Guus Til
10,331555,Jerdy Schouten
11,345333,Armando Obispo
12,275012,Joël Drommel
13,26916,Boy Waterman
14,68585,Luuk de Jong
15,78221,Patrick van Aanholt
16,361839,Jordan Teze
17,404225,Shurandy Sambo
18,382556,Joey Veerman
19,386631,Richard Ledezma
20,397465,Malik Tillman
21,377466,Ricardo Pepi
22,382494,Charles-Andreas Brym
23,379712,Saïd Bakari
24,444484,Koki Saito
25,513252,Shunsuke Mito
26,279173,Pelle Clement
27,379764,Youri Schoonderwaldt
28,19087,Jonathan de Guzmán
29,44145,Bart Vriends
30,243916,Nick Olij
31,444483,Mike Eerdhuijzen
32,491398,Camiel Neghli
33,404192,Tijs Velthuis
34,422872,Djevencio van der Kust
35,427851,Rick Meissen
36,276756,Tobias Lauritsen
37,485935,Sergi Rosanas
38,489319,Kaylen Reitmaier
39,433577,Metinho
