,ID,Name
0,81523,Mathew Ryan
1,485376,Ibrahim Sadiq
2,330514,Vangelis Pavlidis
3,379783,Yukinari Sugawara
4,383560,Sven Mijnans
5,353695,Dani de Wit
6,90834,Hobie Verhulst
7,133959,Riechedly Bazoer
8,510581,Jayden Addai
9,472183,Wouter Goes
10,484652,Ruben van Bommel
11,422737,Ernest Poku
12,422867,Mees de Wit
13,432172,Denso Kasius
14,434318,Maxim Dekker
15,438484,Myron van Brederode
16,422248,Alexandre Penetra
17,408824,Tiago Dantas
18,415341,David Møller Wolfe
19,439447,Kristijan Belic
20,470735,Rome-Jayden Owusu-Oduro
21,513559,Kees Smit
22,425958,Alec Van Hoorenbeeck
23,361838,Michal Sadílek
24,90235,Lars Unnerstall
25,307362,Alfons Sampsted
26,368289,Issam El Maach
27,484544,Younes Taha
28,37344,Ricky van Wolfswinkel
29,405560,Daan Rots
30,406780,Max Bruns
31,400059,Gijs Smal
32,402819,Mees Hilgers
33,427577,Youri Regeer
34,437387,Anass Salah-Eddine
35,445046,Naci Ünüvar
36,475578,Mats Rots
37,475579,Gijs Besselink
38,321910,Carel Eiting
39,357081,Myron Boadu
40,361794,Sem Steijn
41,108935,Robin Pröpper
42,301423,Mitchell van Bergen
43,34545,Przemyslaw Tyton
44,404777,Mathias Kjølø
