,ID,Name
0,401137,Bryan Limbombe
1,450923,Brian De Keersmaecker
2,484548,Lasse Wehmeyer
3,401250,Jannes Wieckhoff
4,225522,Mario Engels
5,299511,Jordy Bruijn
6,312702,Justin Hoogma
7,67063,Marko Vejinovic
8,69789,Kelvin Leerdam
9,94885,Jetro Willems
10,116684,Michael Brouwer
11,414250,Mohamed Sankoh
12,433912,Timo Jansink
13,433913,Sem Scheperman
14,349481,Jizz Hornkamp
15,379686,Ruben Roosken
16,379728,Navajo Bakboord
17,382581,Fabian de Keijzer
18,484547,Diego van Oorschot
19,403097,Fredrik Oppegård
20,333365,Ajdin Hrustic
21,127137,Zakaria Bakkali
22,255946,Dario Van den Buijs
23,400278,Thierry Lutonda
24,400545,Shawn Adewoye
25,450984,Ilias Takidine
26,469502,Chris Lokesa
27,31238,Aaron Meijers
28,40342,Michiel Kramer
29,80881,Jeffrey Bruma
30,104982,Mats Seuntjens
31,141965,Jeroen Houwen
32,289015,Julian Lelieveld
33,322182,Reuven Niemeijer
34,357080,Godfried Roemeratoe
35,369048,Richonell Margaret
36,379705,Etienne Vaessen
37,379706,Juriën Gaari
38,380663,Patrick Vroegh
39,387172,Denilho Cleonise
40,389411,Yassin Oukili
41,432167,Mark Spenkelink
42,444674,Kevin Felida
43,400279,David Min
