,ID,Name
0,424808,Mathias Ross
1,422807,Magnus Mattsson
2,22300,Lasse Schöne
3,487049,Koki Ogawa
4,497708,Kodai Sano
5,279429,Sai van Wermeskerken
6,389945,Sontje Hansen
7,429380,Rijk Janse
8,422814,Robin Roefs
9,422801,Youri Baas
10,422806,Dirk Proper
11,422810,Elayis Tavsan
12,90811,Jasper Cillessen
13,422804,Bart van Rooij
14,77422,Bram Nuytinck
15,271086,Calvin Verdonk
16,335725,Lars Olden Larsen
17,365712,Rober
18,351532,Mees Hoedemakers
19,456590,Garang Kuol
20,345769,Oskar Buur
21,436119,Mio Backhaus
22,409052,Benaissa Benamar
23,445056,Calvin Twigt
24,498896,Milan de Haan
25,444714,Damon Mirani
26,148512,Bilal Ould-Chikh
27,240878,Robert Mühren
28,444720,Barry Lauwers
29,504312,Bram van Driel
30,444715,Ibrahim El Kadiri
31,460498,Déron Payne
32,445057,Achraf Douiri
33,444717,Lequincio Zeefuik
34,498822,Zach Booth
35,460178,Darius Johnson
36,383604,George Cox
37,445058,Josh Flint
38,444718,Kayne van Oevelen
39,475042,Rob Tol
40,497066,Quincy Hoeve
