,ID,Name
0,343347,Arno Verschueren
1,382494,Charles-Andreas Brym
2,379712,Saïd Bakari
3,460754,Dylan van Wageningen
4,506930,Hamza El Dahri
5,229520,Django Warmerdam
6,19087,Jonathan de Guzmán
7,491398,Camiel Neghli
8,243916,Nick Olij
9,422872,Djevencio van der Kust
10,404192,Tijs Velthuis
11,44145,Bart Vriends
12,379764,Youri Schoonderwaldt
13,427851,Rick Meissen
14,497203,Mehmet Yüksel
15,279173,Pelle Clement
16,285951,Delano van Crooij
17,276756,Tobias Lauritsen
18,349199,Joshua Kitolano
19,486947,Augustin Anello
20,433577,Metinho
21,76336,Samuel Sahin-Radlinger
22,438662,Yann Kitala
23,373555,Loïc Mbe Soh
24,296323,Thomas Robinet
25,455842,Yoann Cathline
26,344124,Danny Post
27,484542,Jeffry Puriël
28,426506,Stijn Keller
29,408102,Peer Koopmeiners
30,42947,Rajiv van La Parra
31,484527,Nordin Bakker
32,484540,Jochem Ritmeester van de Kamp
33,484531,Joey Jacobs
34,484537,Stije Resink
35,303815,Damian van Bruggen
36,363872,Christopher Mamengi
37,484539,Marcelencio Esajas
38,484536,Lance Duijvestijn
39,122130,Álvaro Peña
40,484534,Manel Royo
41,395381,Kornelius Normann Hansen
42,451208,Bradly van Hoeven
43,402120,Pascu
