,ID,Name
0,259930,Younes Namli
1,104906,Thomas Lam
2,484551,Luis Görlich
3,333527,Odysseus Velanas
4,82029,Apostolos Vellios
5,365152,Eliano Reijnders
6,317693,Mike Hauptmeijer
7,20831,Kenneth Vermeer
8,490379,Anouar El Azzouzi
9,379596,Dean Huiberts
10,362467,Jasper Schendelaar
11,351310,Ferdy Druijf
12,431253,Damian van der Haar
13,34108,Bram van Polen
14,380731,Sam Kersten
15,400823,Davy van den Berg
16,415772,Zico Buurmeester
17,137327,Ryan Thomas
18,424502,Anselmo MacNulty
19,423109,Nico Serrano
20,354027,Anthony Fontana
21,487102,Mouhamed Belkheir
22,436591,Milan Robberechts
23,399960,Siemen Voet
24,396058,Rodrigo Guth
25,120151,Alen Halilovic
26,401043,Ivor Pandur
27,413273,Remy Vita
28,421892,Loreintz Rosier
29,430765,Sadik Fofana
30,294844,Arianit Ferati
31,79755,Dimitrios Siovas
32,115574,Mitchell Dijks
33,328549,Deroy Duarte
34,422635,Ragnar Oratmangoen
35,301457,Luuk Koopmans
36,456703,Iman Griffith
37,355134,Kaj Sierhuis
38,400056,Nathangelo Markelo
39,70598,Ivo Pinto
40,407117,Marko Lazetic
41,368266,Tom Hendriks
