,ID,Name
0,460297,Benjamin Tahirovic
1,381530,Jakov Medic
2,402666,Josip Sutalo
3,270829,Borna Sosa
4,484494,Anton Gaaei
5,389020,Georges Mikautadze
6,424248,Kristian Hlynsson
7,139299,Branco van den Boomen
8,279425,Steven Bergwijn
9,401122,Kenneth Taylor
10,422800,Ar'Jany Martha
11,467715,Jorrel Hato
12,89794,Steven Berghuis
13,423955,Charlie Setford
14,34550,Remko Pasveer
15,449303,Silvano Vos
16,400165,Devyne Rensch
17,468850,Carlos Forbs
18,122294,Chuba Akpom
19,462099,Mika Godts
20,373154,Diant Ramaj
21,404568,Brian Brobbey
22,391592,Gastón Ávila
23,143815,Anas Tahiri
24,323531,Mats Köhlert
25,124380,Thom Haye
26,379599,Ché Nunnely
27,238897,Pelle van Amersfoort
28,409160,Syb van Ottele
29,252239,Andries Noppert
30,124274,Sven van Beek
31,497178,Espen van Ee
32,296543,Jan Bekkema
33,121834,Mickey van der Hart
34,387720,Denzel Hall
35,422643,Djenahro Nunumete
36,492109,Melle Witteveen
37,497179,Oliver Braude
38,366886,Osame Sahraoui
39,142376,Pawel Bochniewicz
40,327724,Simon Olsson
41,406536,Hussein Ali
42,430295,Charlie Webster
43,436158,Daniel Karlsbakk
44,422634,Luuk Brouwers
