,ID,Name
0,425341,Oscar Fraulo
1,403644,Victor Jensen
2,375327,Modibo Sagnan
3,135954,Vasilios Barkas
4,422805,Souffian El Karouani
5,83337,Zakaria Labyad
6,97367,Mattijs Branderhorst
7,101605,Mike van der Hoorn
8,411079,Calvin Raatsie
9,70906,Nick Viergever
10,39726,Mark van der Maarel
11,256971,Hidde ter Avest
12,502428,Yannick Leliendal
13,82401,Jens Toornstra
14,104982,Mats Seuntjens
15,261082,Bart Ramselaar
16,382593,Marouan Azarkan
17,397893,Hugo Novoa
18,284451,Isac Lidberg
19,444675,Taylor Booth
20,444737,Ryan Flamingo
21,425958,Alec Van Hoorenbeeck
22,422782,Manfred Ugalde
23,361838,Michal Sadílek
24,90235,Lars Unnerstall
25,307362,Alfons Sampsted
26,368289,Issam El Maach
27,484544,Younes Taha
28,478021,Juliën Mesbahi
29,119741,Joshua Brenet
30,475578,Mats Rots
31,321910,Carel Eiting
32,475579,Gijs Besselink
33,301423,Mitchell van Bergen
34,402819,Mees Hilgers
35,400059,Gijs Smal
36,322149,Michel Vlap
37,427577,Youri Regeer
38,108935,Robin Pröpper
39,361794,Sem Steijn
40,405560,Daan Rots
41,37344,Ricky van Wolfswinkel
42,34545,Przemyslaw Tyton
43,404777,Mathias Kjølø
