,ID,Name
0,130304,Walter Benítez
1,427824,Johan Bakayoko
2,346767,Mauro Júnior
3,98101,André Ramalho
4,260809,Olivier Boscagli
5,369970,Armel Bella-Kotchap
6,404225,Shurandy Sambo
7,382556,Joey Veerman
8,481080,Tygo Land
9,489985,Isaac Babadi
10,275012,Joël Drommel
11,322148,Guus Til
12,331555,Jerdy Schouten
13,345333,Armando Obispo
14,361839,Jordan Teze
15,26916,Boy Waterman
16,68585,Luuk de Jong
17,78221,Patrick van Aanholt
18,386631,Richard Ledezma
19,397465,Malik Tillman
20,379205,Sergiño Dest
21,509874,Jesper Uneken
22,81523,Mathew Ryan
23,485376,Ibrahim Sadiq
24,330514,Vangelis Pavlidis
25,379783,Yukinari Sugawara
26,383560,Sven Mijnans
27,422737,Ernest Poku
28,422867,Mees de Wit
29,432172,Denso Kasius
30,434318,Maxim Dekker
31,438484,Myron van Brederode
32,353695,Dani de Wit
33,90802,Jordy Clasie
34,90834,Hobie Verhulst
35,133959,Riechedly Bazoer
36,497707,Dave Kwakman
37,510581,Jayden Addai
38,472183,Wouter Goes
39,484652,Ruben van Bommel
40,422248,Alexandre Penetra
41,408824,Tiago Dantas
42,415341,David Møller Wolfe
43,439447,Kristijan Belic
44,470735,Rome-Jayden Owusu-Oduro
