,ID,Name
0,399311,Filip Krastev
1,259930,Younes Namli
2,104906,Thomas Lam
3,84195,Lennart Thy
4,361777,Lennart Czyborra
5,82029,Apostolos Vellios
6,333527,Odysseus Velanas
7,317693,Mike Hauptmeijer
8,20831,Kenneth Vermeer
9,34108,Bram van Polen
10,361778,Silvester van der Water
11,362467,Jasper Schendelaar
12,365152,Eliano Reijnders
13,380731,Sam Kersten
14,431253,Damian van der Haar
15,489995,Mohamed Oukhattou
16,490379,Anouar El Azzouzi
17,513251,Teun Gijselhart
18,424502,Anselmo MacNulty
19,354027,Anthony Fontana
20,379787,Jacky Donkor
21,420300,Cisse Sandra
22,328432,Siebe Horemans
23,308754,Lazaros Lamprou
24,423949,Mimeirhel Benita
25,444619,Stijn van Gassel
26,444620,Redouan El Yaakoubi
27,444623,Julian Baas
28,444625,Pascal Kuiper
29,444738,Noah Naujoks
30,454518,Derensili Sanches Fernandes
31,484536,Lance Duijvestijn
32,100608,Mike van Duinen
33,123554,Sven Nieuwpoort
34,363875,Kenzo Goudmijn
35,512230,Siem de Moes
36,429615,Casper Widell
37,485370,Oscar Uddenäs
38,494671,Richie Omorowa
39,518424,Jeremy Udenhout
