,ID,Name
0,425958,Alec Van Hoorenbeeck
1,361838,Michal Sadílek
2,90235,Lars Unnerstall
3,307362,Alfons Sampsted
4,368289,Issam El Maach
5,484544,Younes Taha
6,515572,Lucas Vennegoor of Hesselink
7,405560,Daan Rots
8,406780,Max Bruns
9,400059,Gijs Smal
10,402819,Mees Hilgers
11,427577,Youri Regeer
12,437387,Anass Salah-Eddine
13,445046,Naci Ünüvar
14,475579,Gijs Besselink
15,321910,Carel Eiting
16,322149,Michel Vlap
17,361794,Sem Steijn
18,108935,Robin Pröpper
19,301423,Mitchell van Bergen
20,37344,Ricky van Wolfswinkel
21,34545,Przemyslaw Tyton
22,404777,Mathias Kjølø
23,399960,Siemen Voet
24,396058,Rodrigo Guth
25,120151,Alen Halilovic
26,413273,Remy Vita
27,421892,Loreintz Rosier
28,430765,Sadik Fofana
29,290832,Alessio da Cruz
30,298805,Michael Verrips
31,301457,Luuk Koopmans
32,328549,Deroy Duarte
33,355134,Kaj Sierhuis
34,115574,Mitchell Dijks
35,379762,Justin Lonwijk
36,456703,Iman Griffith
37,422635,Ragnar Oratmangoen
38,400056,Nathangelo Markelo
39,70598,Ivo Pinto
40,344201,Iñigo Córdoba
41,140902,Kristoffer Peterson
42,107077,Oguzhan Özyakup
43,368266,Tom Hendriks
44,410088,Jayden Braaf
