,ID,Name
0,343347,Arno Verschueren
1,382494,Charles-Andreas Brym
2,379712,Saïd Bakari
3,444484,Koki Saito
4,513252,Shunsuke Mito
5,491398,Camiel Neghli
6,506930,Hamza El Dahri
7,379764,Youri Schoonderwaldt
8,404192,Tijs Velthuis
9,422872,Djevencio van der Kust
10,427851,Rick Meissen
11,19087,Jonathan de Guzmán
12,44145,Bart Vriends
13,243916,Nick Olij
14,279173,Pelle Clement
15,444483,Mike Eerdhuijzen
16,433577,Metinho
17,475142,Rayvien Rosario
18,489319,Kaylen Reitmaier
19,515513,Jay den Haan
20,401137,Bryan Limbombe
21,225522,Mario Engels
22,422763,Sven Sonnenberg
23,484548,Lasse Wehmeyer
24,299511,Jordy Bruijn
25,312702,Justin Hoogma
26,67063,Marko Vejinovic
27,69789,Kelvin Leerdam
28,94885,Jetro Willems
29,96581,Thomas Bruns
30,116684,Michael Brouwer
31,414250,Mohamed Sankoh
32,349481,Jizz Hornkamp
33,379686,Ruben Roosken
34,379728,Navajo Bakboord
35,382581,Fabian de Keijzer
36,433912,Timo Jansink
37,433913,Sem Scheperman
38,484547,Diego van Oorschot
39,403097,Fredrik Oppegård
40,333365,Ajdin Hrustic
