,ID,Name
0,81523,Mathew Ryan
1,362553,Jens Odgaard
2,485376,Ibrahim Sadiq
3,330514,Vangelis Pavlidis
4,379783,Yukinari Sugawara
5,133959,Riechedly Bazoer
6,434318,Maxim Dekker
7,422737,Ernest Poku
8,472183,Wouter Goes
9,90810,Bruno Martins Indi
10,432172,Denso Kasius
11,438484,Myron van Brederode
12,90834,Hobie Verhulst
13,484652,Ruben van Bommel
14,363875,Kenzo Goudmijn
15,433950,Mexx Meerdink
16,353695,Dani de Wit
17,383560,Sven Mijnans
18,90802,Jordy Clasie
19,408824,Tiago Dantas
20,422248,Alexandre Penetra
21,444780,Mayckel Lahdo
22,334726,Djordje Mihailovic
23,422738,Sem Westerveld
24,415341,David Møller Wolfe
25,470735,Rome-Jayden Owusu-Oduro
26,424808,Mathias Ross
27,22300,Lasse Schöne
28,422807,Magnus Mattsson
29,487049,Koki Ogawa
30,497708,Kodai Sano
31,422810,Elayis Tavsan
32,321959,Philippe Sandler
33,34323,Bas Dost
34,422801,Youri Baas
35,90811,Jasper Cillessen
36,429380,Rijk Janse
37,422814,Robin Roefs
38,77422,Bram Nuytinck
39,506727,D'Leanu Arts
40,271086,Calvin Verdonk
41,279429,Sai van Wermeskerken
42,389945,Sontje Hansen
43,422806,Dirk Proper
44,335725,Lars Olden Larsen
45,351532,Mees Hoedemakers
46,497049,Luc Netten
47,365712,Rober
