,ID,Name
0,400545,Shawn Adewoye
1,127137,Zakaria Bakkali
2,400278,Thierry Lutonda
3,469502,Chris Lokesa
4,255946,Dario Van den Buijs
5,446984,Daouda Weidmann
6,401542,Raz Meir
7,389411,Yassin Oukili
8,380663,Patrick Vroegh
9,432167,Mark Spenkelink
10,80881,Jeffrey Bruma
11,400279,David Min
12,444674,Kevin Felida
13,141965,Jeroen Houwen
14,379706,Juriën Gaari
15,369048,Richonell Margaret
16,387172,Denilho Cleonise
17,40342,Michiel Kramer
18,379705,Etienne Vaessen
19,289015,Julian Lelieveld
20,31238,Aaron Meijers
21,322182,Reuven Niemeijer
22,357080,Godfried Roemeratoe
23,383865,Filip Stevanovic
24,125375,Gerónimo Rulli
25,460297,Benjamin Tahirovic
26,402666,Josip Sutalo
27,270829,Borna Sosa
28,381530,Jakov Medic
29,484494,Anton Gaaei
30,389020,Georges Mikautadze
31,424248,Kristian Hlynsson
32,422802,Jay Gorter
33,279425,Steven Bergwijn
34,454337,Jaydon Banel
35,449303,Silvano Vos
36,401122,Kenneth Taylor
37,89794,Steven Berghuis
38,437387,Anass Salah-Eddine
39,467715,Jorrel Hato
40,139299,Branco van den Boomen
41,431331,Amourricho van Axel Dongen
42,400165,Devyne Rensch
43,34550,Remko Pasveer
44,422800,Ar'Jany Martha
45,468850,Carlos Forbs
46,400320,Ahmetcan Kaplan
47,122294,Chuba Akpom
48,373154,Diant Ramaj
49,391592,Gastón Ávila
50,404568,Brian Brobbey
51,462099,Mika Godts
