,ID,Name
0,328432,Siebe Horemans
1,420300,Cisse Sandra
2,373556,Arthur Zagré
3,308754,Lazaros Lamprou
4,512230,Siem de Moes
5,423949,Mimeirhel Benita
6,363875,Kenzo Goudmijn
7,100608,Mike van Duinen
8,123554,Sven Nieuwpoort
9,444619,Stijn van Gassel
10,444620,Redouan El Yaakoubi
11,444623,Julian Baas
12,444625,Pascal Kuiper
13,444738,Noah Naujoks
14,454518,Derensili Sanches Fernandes
15,484536,Lance Duijvestijn
16,485370,Oscar Uddenäs
17,494671,Richie Omorowa
18,429615,Casper Widell
19,384064,Troy Parrott
20,22300,Lasse Schöne
21,424808,Mathias Ross
22,430309,Brayann Pereira
23,487049,Koki Ogawa
24,497708,Kodai Sano
25,506727,D'Leanu Arts
26,348644,Sylla Sow
27,37502,Tjaronn Chery
28,77422,Bram Nuytinck
29,271086,Calvin Verdonk
30,431307,Nils Rossen
31,429380,Rijk Janse
32,389945,Sontje Hansen
33,422801,Youri Baas
34,422806,Dirk Proper
35,422814,Robin Roefs
36,335725,Lars Olden Larsen
37,351532,Mees Hoedemakers
38,365712,Rober
