,ID,Name
0,456590,Garang Kuol
1,345769,Oskar Buur
2,436119,Mio Backhaus
3,444720,Barry Lauwers
4,444712,Billy van Duijl
5,444715,Ibrahim El Kadiri
6,460499,Joey Antonioli
7,445057,Achraf Douiri
8,444714,Damon Mirani
9,444713,Brian Plat
10,460498,Déron Payne
11,498896,Milan de Haan
12,445056,Calvin Twigt
13,444717,Lequincio Zeefuik
14,240878,Robert Mühren
15,148512,Bilal Ould-Chikh
16,498822,Zach Booth
17,460178,Darius Johnson
18,445058,Josh Flint
19,444718,Kayne van Oevelen
20,454409,Diego Gustavo
21,475042,Rob Tol
22,497066,Quincy Hoeve
23,362459,Othmane Boussaid
24,402885,Anthony Descotte
25,403644,Victor Jensen
26,425341,Oscar Fraulo
27,375327,Modibo Sagnan
28,394998,Can Bozdogan
29,135954,Vasilios Barkas
30,422805,Souffian El Karouani
31,83337,Zakaria Labyad
32,402852,Ole Romeny
33,411079,Calvin Raatsie
34,502428,Yannick Leliendal
35,382593,Marouan Azarkan
36,82401,Jens Toornstra
37,70906,Nick Viergever
38,39726,Mark van der Maarel
39,97367,Mattijs Branderhorst
40,104982,Mats Seuntjens
41,284451,Isac Lidberg
42,444675,Taylor Booth
43,444737,Ryan Flamingo
44,504849,Rickson van Hees
