,ID,Name
0,143815,Anas Tahiri
1,399512,Loizos Loizou
2,323531,Mats Köhlert
3,363248,Ion Nicolaescu
4,444621,Nathan Tjoe-A-On
5,497178,Espen van Ee
6,409160,Syb van Ottele
7,422643,Djenahro Nunumete
8,379599,Ché Nunnely
9,238897,Pelle van Amersfoort
10,252239,Andries Noppert
11,296543,Jan Bekkema
12,121834,Mickey van der Hart
13,124274,Sven van Beek
14,124380,Thom Haye
15,366886,Osame Sahraoui
16,497179,Oliver Braude
17,142376,Pawel Bochniewicz
18,327724,Simon Olsson
19,406536,Hussein Ali Haidar
20,430295,Charlie Webster
21,436158,Daniel Karlsbakk
22,399620,Patrik Wålemark
23,362459,Othmane Boussaid
24,403644,Victor Jensen
25,425341,Oscar Fraulo
26,443654,Andreas Dithmer
27,467757,Silas Andersen
28,394998,Can Bozdogan
29,135954,Vasilios Barkas
30,429514,Zidane Iqbal
31,422805,Souffian El Karouani
32,39726,Mark van der Maarel
33,70906,Nick Viergever
34,82401,Jens Toornstra
35,97367,Mattijs Branderhorst
36,101605,Mike van der Hoorn
37,512213,Joshua Mukeh
38,328269,Sam Lammers
39,284451,Isac Lidberg
40,438303,Adrian Blake
41,444737,Ryan Flamingo
42,520952,Nazjir Held
43,473962,Lynden Edhart
