,ID,Name
0,409126,Dominik Oroz
1,486769,Amine Boutrah
2,89947,Nicolas Isimat-Mirin
3,285933,Markus Schubert
4,313385,Carlens Arcus
5,510533,Andy Visser
6,85470,Marco van Ginkel
7,352844,Thomas Buitink
8,379707,Melle Meulensteen
9,400282,Daan Huisman
10,401021,Enzo Cornelisse
11,414485,Giovanni van Zwam
12,422909,Ramon Hendriks
13,429928,Gyan de Regt
14,444159,Mathijs Tielemans
15,412349,Kacper Kozlowski
16,322776,Michael Pinto
17,484842,Adrian Mazilu
18,446949,Joel Voelkerling Persson
19,363704,Toni Domgjoni
20,413783,Paxten Aaronson
21,67114,Eloy Room
22,498903,Tom Bramel
23,424808,Mathias Ross
24,430309,Brayann Pereira
25,487049,Koki Ogawa
26,497708,Kodai Sano
27,506727,D'Leanu Arts
28,429380,Rijk Janse
29,389945,Sontje Hansen
30,422801,Youri Baas
31,422814,Robin Roefs
32,348644,Sylla Sow
33,37502,Tjaronn Chery
34,77422,Bram Nuytinck
35,90811,Jasper Cillessen
36,321959,Philippe Sandler
37,431307,Nils Rossen
38,335725,Lars Olden Larsen
39,351532,Mees Hoedemakers
40,365712,Rober
41,522004,Thomas Reinders
