,ID,Name
0,404077,Thibo Baeten
1,444781,Xander Blomme
2,484558,Jakob Breum
3,288859,Gerrit Nauber
4,388033,Willum Willumsson
5,400173,Jamal Amofa
6,34171,Erwin Mulder
7,134722,Bas Kuipers
8,276442,Joris Kramer
9,322159,Finn Stokkers
10,355961,Evert Linthorst
11,379703,Jeffrey de Lange
12,382238,Bobby Adekanye
13,444782,Pim Saathof
14,445055,Dean James
15,411691,Enric Llansana
16,422633,Mats Deijl
17,422781,Luca Everink
18,431651,Nando Verdoni
19,383616,Oliver Edvardsen
20,470692,Victor Edvardsen
21,444349,Søren Tengstedt
22,76336,Samuel Sahin-Radlinger
23,453492,Milan Corryn
24,431023,Faïz Mattoir
25,296323,Thomas Robinet
26,455842,Yoann Cathline
27,373555,Loïc Mbe Soh
28,379734,Hamdi Akujobi
29,475450,Jason van Duiven
30,484531,Joey Jacobs
31,484537,Stije Resink
32,484540,Jochem Ritmeester van de Kamp
33,497336,Joël van der Wilt
34,303815,Damian van Bruggen
35,322157,Sherel Floranus
36,363872,Christopher Mamengi
37,42947,Rajiv van La Parra
38,132603,Agil Etemadi
39,408102,Peer Koopmeiners
40,122130,Álvaro Peña
41,392651,Adi Nalic
42,395381,Kornelius Hansen
43,402120,Pascu
