,ID,Name
0,345769,Oskar Buur
1,259530,Robin Maulun
2,436119,Mio Backhaus
3,409052,Benaissa Benamar
4,444712,Billy van Duijl
5,444713,Brian Plat
6,444714,Damon Mirani
7,444715,Ibrahim El Kadiri
8,444716,Imran Nazih
9,240878,Robert Mühren
10,444720,Barry Lauwers
11,445056,Calvin Twigt
12,457258,Luke Le Roux
13,498822,Zach Booth
14,460178,Darius Johnson
15,445058,Josh Flint
16,383604,George Cox
17,444718,Kayne van Oevelen
18,497066,Quincy Hoeve
19,516436,Safouane Karim
20,255946,Dario Van den Buijs
21,127137,Zakaria Bakkali
22,400278,Thierry Lutonda
23,400545,Shawn Adewoye
24,450984,Ilias Takidine
25,469502,Chris Lokesa
26,40342,Michiel Kramer
27,80881,Jeffrey Bruma
28,104982,Mats Seuntjens
29,432167,Mark Spenkelink
30,444674,Kevin Felida
31,400279,David Min
32,141965,Jeroen Houwen
33,387172,Denilho Cleonise
34,389411,Yassin Oukili
35,289015,Julian Lelieveld
36,322182,Reuven Niemeijer
37,357080,Godfried Roemeratoe
38,369048,Richonell Margaret
39,379705,Etienne Vaessen
40,379706,Juriën Gaari
41,380663,Patrick Vroegh
42,383865,Filip Stevanovic
