,ID,Name
0,379701,Ramiz Zerrouki
1,436553,Igor Paixão
2,298710,Luka Ivanusec
3,404200,Ondrej Lingr
4,484175,Yankuba Minteh
5,121821,Timon Wellenreuther
6,68850,Kostas Lamprou
7,133390,Alireza Jahanbakhsh
8,377288,Ayase Ueda
9,445061,Santiago Giménez
10,450767,Mikki van Sas
11,444719,Givairo Read
12,445059,Mats Wieffer
13,411078,Quinten Timber
14,422921,Antoni Milambo
15,436114,Thomas Beelen
16,297527,Bart Nieuwkoop
17,328987,Calvin Stengs
18,345441,Lutsharel Geertruida
19,361695,Thomas van den Belt
20,362779,Dávid Hancko
21,468119,Leo Sauer
22,371042,Marcos López
23,125375,Gerónimo Rulli
24,460297,Benjamin Tahirovic
25,381530,Jakov Medic
26,402666,Josip Sutalo
27,484494,Anton Gaaei
28,424248,Kristian Hlynsson
29,449303,Silvano Vos
30,454338,Tristan Gooijer
31,454348,Julian Rijkhoff
32,415781,Kian Fitz-Jim
33,423955,Charlie Setford
34,34550,Remko Pasveer
35,139299,Branco van den Boomen
36,279425,Steven Bergwijn
37,404568,Brian Brobbey
38,400165,Devyne Rensch
39,401122,Kenneth Taylor
40,467715,Jorrel Hato
41,408613,Sivert Mannsverk
42,468850,Carlos Forbs
43,400320,Ahmetcan Kaplan
44,122294,Chuba Akpom
45,462099,Mika Godts
