,ID,Name
0,379701,Ramiz Zerrouki
1,384574,Gernot Trauner
2,436553,Igor Paixão
3,298710,Luka Ivanusec
4,404200,Ondrej Lingr
5,484175,Yankuba Minteh
6,121821,Timon Wellenreuther
7,68850,Kostas Lamprou
8,377288,Ayase Ueda
9,445061,Santiago Giménez
10,422921,Antoni Milambo
11,436114,Thomas Beelen
12,363083,Javairô Dilrosun
13,489979,Gjivai Zechiël
14,361695,Thomas van den Belt
15,411078,Quinten Timber
16,445059,Mats Wieffer
17,302709,Justin Bijlow
18,345441,Lutsharel Geertruida
19,362779,Dávid Hancko
20,468119,Leo Sauer
21,371042,Marcos López
22,456590,Garang Kuol
23,345769,Oskar Buur
24,436119,Mio Backhaus
25,409052,Benaissa Benamar
26,444714,Damon Mirani
27,444720,Barry Lauwers
28,504312,Bram van Driel
29,445057,Achraf Douiri
30,444716,Imran Nazih
31,425605,Xavier Mbuyamba
32,444713,Brian Plat
33,445056,Calvin Twigt
34,148512,Bilal Ould-Chikh
35,444717,Lequincio Zeefuik
36,498896,Milan de Haan
37,240878,Robert Mühren
38,498822,Zach Booth
39,445058,Josh Flint
40,511113,Luc van Koeverden
41,475042,Rob Tol
42,444718,Kayne van Oevelen
43,497066,Quincy Hoeve
