,ID,Name
0,130304,Walter Benítez
1,408059,Yorbe Vertessen
2,427824,Johan Bakayoko
3,346767,Mauro Júnior
4,98101,André Ramalho
5,260809,Olivier Boscagli
6,404776,Ismael Saibari
7,382556,Joey Veerman
8,322148,Guus Til
9,78221,Patrick van Aanholt
10,404225,Shurandy Sambo
11,26916,Boy Waterman
12,489985,Isaac Babadi
13,275012,Joël Drommel
14,345333,Armando Obispo
15,68585,Luuk de Jong
16,377466,Ricardo Pepi
17,379205,Sergiño Dest
18,397465,Malik Tillman
19,143815,Anas Tahiri
20,323531,Mats Köhlert
21,363248,Ion Nicolaescu
22,252239,Andries Noppert
23,238897,Pelle van Amersfoort
24,387720,Denzel Hall
25,121834,Mickey van der Hart
26,409160,Syb van Ottele
27,124274,Sven van Beek
28,124380,Thom Haye
29,379599,Ché Nunnely
30,472399,Bernt Klaverboer
31,497178,Espen van Ee
32,422643,Djenahro Nunumete
33,366886,Osame Sahraoui
34,497179,Oliver Braude
35,327724,Simon Olsson
36,406536,Hussein Ali
37,430295,Charlie Webster
38,399620,Patrik Wålemark
39,436158,Daniel Karlsbakk
40,422634,Luuk Brouwers
