,ID,Name
0,409126,Dominik Oroz
1,89947,Nicolas Isimat-Mirin
2,285933,Markus Schubert
3,313385,Carlens Arcus
4,422909,Ramon Hendriks
5,379707,Melle Meulensteen
6,472130,Saïd Hamulic
7,429928,Gyan de Regt
8,400281,Million Manhoef
9,497068,Jordi Altena
10,414485,Giovanni van Zwam
11,85470,Marco van Ginkel
12,437426,Miliano Jonathans
13,401021,Enzo Cornelisse
14,412349,Kacper Kozlowski
15,322776,Michael Pinto
16,446949,Joel Voelkerling Persson
17,363704,Toni Domgjoni
18,498903,Tom Bramel
19,497067,Mats Egbring
20,67114,Eloy Room
21,328432,Siebe Horemans
22,373556,Arthur Zagré
23,308754,Lazaros Lamprou
24,444619,Stijn van Gassel
25,444620,Redouan El Yaakoubi
26,444624,Serano Seymor
27,444623,Julian Baas
28,400009,Couhaib Driouech
29,454518,Derensili Sanches Fernandes
30,139666,Norbert Alblas
31,423949,Mimeirhel Benita
32,410324,Ian Smeulers
33,415781,Kian Fitz-Jim
34,445053,Nikolas Agrafiotis
35,429615,Casper Widell
36,485370,Oscar Uddenäs
37,494671,Richie Omorowa
38,384064,Troy Parrott
39,420300,Cisse Sandra
