,ID,Name
0,76336,Samuel Sahin-Radlinger
1,296323,Thomas Robinet
2,455842,Yoann Cathline
3,373555,Loïc Mbe Soh
4,357398,Théo Barbet
5,438662,Yann Kitala
6,379734,Hamdi Akujobi
7,322157,Sherel Floranus
8,303815,Damian van Bruggen
9,42947,Rajiv van La Parra
10,484531,Joey Jacobs
11,363872,Christopher Mamengi
12,484540,Jochem Ritmeester van de Kamp
13,344124,Danny Post
14,484536,Lance Duijvestijn
15,497336,Joël van der Wilt
16,408102,Peer Koopmeiners
17,484537,Stije Resink
18,484527,Nordin Bakker
19,484534,Manel Royo
20,451208,Bradly van Hoeven
21,402120,Pascu
22,395381,Kornelius Normann Hansen
23,400545,Shawn Adewoye
24,127137,Zakaria Bakkali
25,255946,Dario Van den Buijs
26,450984,Ilias Takidine
27,469502,Chris Lokesa
28,446984,Daouda Weidmann
29,141965,Jeroen Houwen
30,289015,Julian Lelieveld
31,31238,Aaron Meijers
32,379706,Juriën Gaari
33,380663,Patrick Vroegh
34,432167,Mark Spenkelink
35,444674,Kevin Felida
36,387172,Denilho Cleonise
37,369048,Richonell Margaret
38,80881,Jeffrey Bruma
39,357080,Godfried Roemeratoe
40,389411,Yassin Oukili
41,400279,David Min
42,40342,Michiel Kramer
43,383865,Filip Stevanovic
