,ID,Name
0,143815,Anas Tahiri
1,323531,Mats Köhlert
2,363248,Ion Nicolaescu
3,124380,Thom Haye
4,387720,Denzel Hall
5,252239,Andries Noppert
6,124274,Sven van Beek
7,238897,Pelle van Amersfoort
8,492109,Melle Witteveen
9,296543,Jan Bekkema
10,409160,Syb van Ottele
11,121834,Mickey van der Hart
12,422643,Djenahro Nunumete
13,497179,Oliver Braude
14,366886,Osame Sahraoui
15,142376,Pawel Bochniewicz
16,327724,Simon Olsson
17,430295,Charlie Webster
18,475754,Roan van der Plaat
19,399620,Patrik Wålemark
20,422634,Luuk Brouwers
21,436158,Daniel Karlsbakk
22,22300,Lasse Schöne
23,422807,Magnus Mattsson
24,424808,Mathias Ross
25,497708,Kodai Sano
26,487049,Koki Ogawa
27,422814,Robin Roefs
28,77422,Bram Nuytinck
29,271086,Calvin Verdonk
30,321959,Philippe Sandler
31,422804,Bart van Rooij
32,389945,Sontje Hansen
33,422806,Dirk Proper
34,34323,Bas Dost
35,429380,Rijk Janse
36,335725,Lars Olden Larsen
37,497049,Luc Netten
38,351532,Mees Hoedemakers
39,431307,Nils Rossen
40,365712,Rober
