,ID,Name
0,422636,Philippe Rommens
1,404077,Thibo Baeten
2,484558,Jakob Breum
3,288859,Gerrit Nauber
4,388033,Willum Willumsson
5,355961,Evert Linthorst
6,400173,Jamal Amofa
7,382238,Bobby Adekanye
8,379703,Jeffrey de Lange
9,422633,Mats Deijl
10,431651,Nando Verdoni
11,355132,Rashaan Fernandes
12,444782,Pim Saathof
13,348644,Sylla Sow
14,445055,Dean James
15,34171,Erwin Mulder
16,134722,Bas Kuipers
17,383616,Oliver Edvardsen
18,470692,Victor Edvardsen
19,411691,Enric Llansana
20,472963,Darío Serra
21,450923,Brian De Keersmaecker
22,401137,Bryan Limbombe
23,349202,Anas Ouahim
24,422866,Abed Nankishi
25,422763,Sven Sonnenberg
26,225522,Mario Engels
27,401250,Jannes Wieckhoff
28,380635,Robin Jalving
29,414250,Mohamed Sankoh
30,484547,Diego van Oorschot
31,67063,Marko Vejinovic
32,116684,Michael Brouwer
33,312702,Justin Hoogma
34,379728,Navajo Bakboord
35,94885,Jetro Willems
36,379686,Ruben Roosken
37,433913,Sem Scheperman
38,334533,Emil Hansson
39,402055,Sava-Arangel Cestic
40,484548,Lasse Wehmeyer
41,382581,Fabian de Keijzer
42,484545,Stijn Bultman
43,450983,Antonio Satriano
