,ID,Name
0,425958,Alec Van Hoorenbeeck
1,422782,Manfred Ugalde
2,361838,Michal Sadílek
3,90235,Lars Unnerstall
4,307362,Alfons Sampsted
5,484544,Younes Taha
6,368289,Issam El Maach
7,445046,Naci Ünüvar
8,478021,Juliën Mesbahi
9,321910,Carel Eiting
10,475579,Gijs Besselink
11,301423,Mitchell van Bergen
12,322149,Michel Vlap
13,37344,Ricky van Wolfswinkel
14,406780,Max Bruns
15,119741,Joshua Brenet
16,400059,Gijs Smal
17,108935,Robin Pröpper
18,361794,Sem Steijn
19,427577,Youri Regeer
20,405560,Daan Rots
21,34545,Przemyslaw Tyton
22,404777,Mathias Kjølø
23,328432,Siebe Horemans
24,373556,Arthur Zagré
25,308754,Lazaros Lamprou
26,444619,Stijn van Gassel
27,444620,Redouan El Yaakoubi
28,123554,Sven Nieuwpoort
29,444623,Julian Baas
30,444738,Noah Naujoks
31,400009,Couhaib Driouech
32,139666,Norbert Alblas
33,410324,Ian Smeulers
34,423949,Mimeirhel Benita
35,454518,Derensili Sanches Fernandes
36,445053,Nikolas Agrafiotis
37,494671,Richie Omorowa
38,429615,Casper Widell
39,485370,Oscar Uddenäs
40,384064,Troy Parrott
