,ID,Name
0,404077,Thibo Baeten
1,444781,Xander Blomme
2,484558,Jakob Breum
3,288859,Gerrit Nauber
4,388033,Willum Willumsson
5,400173,Jamal Amofa
6,34171,Erwin Mulder
7,134722,Bas Kuipers
8,276442,Joris Kramer
9,322159,Finn Stokkers
10,355961,Evert Linthorst
11,379703,Jeffrey de Lange
12,382238,Bobby Adekanye
13,444782,Pim Saathof
14,445055,Dean James
15,411691,Enric Llansana
16,422633,Mats Deijl
17,422781,Luca Everink
18,426002,Sven Jansen
19,383616,Oliver Edvardsen
20,470692,Victor Edvardsen
21,444349,Søren Tengstedt
22,130304,Walter Benítez
23,427824,Johan Bakayoko
24,346767,Mauro Júnior
25,260809,Olivier Boscagli
26,369970,Armel Bella-Kotchap
27,318511,Hirving Lozano
28,322148,Guus Til
29,331555,Jerdy Schouten
30,345333,Armando Obispo
31,26916,Boy Waterman
32,68585,Luuk de Jong
33,78221,Patrick van Aanholt
34,275012,Joël Drommel
35,361839,Jordan Teze
36,481080,Tygo Land
37,489985,Isaac Babadi
38,404225,Shurandy Sambo
39,377466,Ricardo Pepi
40,379205,Sergiño Dest
41,397465,Malik Tillman
