,ID,Name
0,259930,Younes Namli
1,104906,Thomas Lam
2,484551,Luis Görlich
3,82029,Apostolos Vellios
4,333527,Odysseus Velanas
5,379596,Dean Huiberts
6,317693,Mike Hauptmeijer
7,400823,Davy van den Berg
8,431253,Damian van der Haar
9,362467,Jasper Schendelaar
10,365152,Eliano Reijnders
11,380731,Sam Kersten
12,415772,Zico Buurmeester
13,20831,Kenneth Vermeer
14,490379,Anouar El Azzouzi
15,489992,Nick Fichtinger
16,424502,Anselmo MacNulty
17,423109,Nico Serrano
18,354027,Anthony Fontana
19,489995,Mohamed Oukhattou
20,494145,Divaio Bobson
21,379701,Ramiz Zerrouki
22,436553,Igor Paixão
23,404200,Ondrej Lingr
24,121821,Timon Wellenreuther
25,68850,Kostas Lamprou
26,133390,Alireza Jahanbakhsh
27,377288,Ayase Ueda
28,445061,Santiago Giménez
29,445059,Mats Wieffer
30,411078,Quinten Timber
31,422921,Antoni Milambo
32,363083,Javairô Dilrosun
33,436114,Thomas Beelen
34,450767,Mikki van Sas
35,444739,Quilindschy Hartman
36,297527,Bart Nieuwkoop
37,345441,Lutsharel Geertruida
38,328987,Calvin Stengs
39,361695,Thomas van den Belt
40,468119,Leo Sauer
41,362779,Dávid Hancko
42,484175,Yankuba Minteh
43,371042,Marcos López
