,ID,Name
0,436591,Milan Robberechts
1,399960,Siemen Voet
2,396058,Rodrigo Guth
3,401043,Ivor Pandur
4,120151,Alen Halilovic
5,421892,Loreintz Rosier
6,413273,Remy Vita
7,430765,Sadik Fofana
8,294844,Arianit Ferati
9,79755,Dimitrios Siovas
10,301457,Luuk Koopmans
11,400056,Nathangelo Markelo
12,456703,Iman Griffith
13,422635,Ragnar Oratmangoen
14,355134,Kaj Sierhuis
15,423863,Tijjani Noslin
16,328549,Deroy Duarte
17,70598,Ivo Pinto
18,407117,Marko Lazetic
19,344201,Iñigo Córdoba
20,107077,Oguzhan Özyakup
21,505009,Boaz Broekmans
22,487102,Mouhamed Belkheir
23,422782,Manfred Ugalde
24,361838,Michal Sadílek
25,90235,Lars Unnerstall
26,307362,Alfons Sampsted
27,484544,Younes Taha
28,368289,Issam El Maach
29,321910,Carel Eiting
30,301423,Mitchell van Bergen
31,37344,Ricky van Wolfswinkel
32,475578,Mats Rots
33,361794,Sem Steijn
34,405560,Daan Rots
35,322149,Michel Vlap
36,427577,Youri Regeer
37,402819,Mees Hilgers
38,108935,Robin Pröpper
39,34545,Przemyslaw Tyton
40,425958,Alec Van Hoorenbeeck
41,475579,Gijs Besselink
42,478021,Juliën Mesbahi
43,404777,Mathias Kjølø
