,ID,Name
0,381530,Jakov Medic
1,270829,Borna Sosa
2,484494,Anton Gaaei
3,389020,Georges Mikautadze
4,424248,Kristian Hlynsson
5,34550,Remko Pasveer
6,454337,Jaydon Banel
7,139299,Branco van den Boomen
8,401122,Kenneth Taylor
9,449303,Silvano Vos
10,279425,Steven Bergwijn
11,422802,Jay Gorter
12,400165,Devyne Rensch
13,437387,Anass Salah-Eddine
14,468850,Carlos Forbs
15,122294,Chuba Akpom
16,462099,Mika Godts
17,460297,Benjamin Tahirovic
18,404568,Brian Brobbey
19,503171,Amourricho van Axel Dongen
20,373154,Diant Ramaj
21,391592,Gastón Ávila
22,467715,Jorrel Hato
23,81523,Mathew Ryan
24,362553,Jens Odgaard
25,485376,Ibrahim Sadiq
26,330514,Vangelis Pavlidis
27,379783,Yukinari Sugawara
28,383560,Sven Mijnans
29,438484,Myron van Brederode
30,90802,Jordy Clasie
31,363875,Kenzo Goudmijn
32,90810,Bruno Martins Indi
33,432172,Denso Kasius
34,90834,Hobie Verhulst
35,422737,Ernest Poku
36,472183,Wouter Goes
37,133959,Riechedly Bazoer
38,353695,Dani de Wit
39,484652,Ruben van Bommel
40,408824,Tiago Dantas
41,422248,Alexandre Penetra
42,444780,Mayckel Lahdo
43,334726,Djordje Mihailovic
44,415341,David Møller Wolfe
45,470735,Rome-Jayden Owusu-Oduro
