,ID,Name
0,343347,Arno Verschueren
1,382494,Charles-Andreas Brym
2,379712,Saïd Bakari
3,243916,Nick Olij
4,460754,Dylan van Wageningen
5,504367,Jesse Bal
6,229520,Django Warmerdam
7,422872,Djevencio van der Kust
8,404192,Tijs Velthuis
9,44145,Bart Vriends
10,279173,Pelle Clement
11,379764,Youri Schoonderwaldt
12,427851,Rick Meissen
13,19087,Jonathan de Guzmán
14,491398,Camiel Neghli
15,285951,Delano van Crooij
16,276756,Tobias Lauritsen
17,349199,Joshua Kitolano
18,427118,Pedro Alemañ
19,486947,Augustin Anello
20,433577,Metinho
21,130304,Walter Benítez
22,427824,Johan Bakayoko
23,408059,Yorbe Vertessen
24,98101,André Ramalho
25,260809,Olivier Boscagli
26,369970,Armel Bella-Kotchap
27,318511,Hirving Lozano
28,404776,Ismael Saibari
29,275012,Joël Drommel
30,331555,Jerdy Schouten
31,382556,Joey Veerman
32,361839,Jordan Teze
33,26916,Boy Waterman
34,404225,Shurandy Sambo
35,78221,Patrick van Aanholt
36,322148,Guus Til
37,354283,Noa Lang
38,68585,Luuk de Jong
39,377466,Ricardo Pepi
40,379205,Sergiño Dest
41,397465,Malik Tillman
