,ID,Name
0,259930,Younes Namli
1,104906,Thomas Lam
2,484551,Luis Görlich
3,84195,Lennart Thy
4,333527,Odysseus Velanas
5,82029,Apostolos Vellios
6,379596,Dean Huiberts
7,431253,Damian van der Haar
8,20831,Kenneth Vermeer
9,317693,Mike Hauptmeijer
10,34108,Bram van Polen
11,380731,Sam Kersten
12,351310,Ferdy Druijf
13,400823,Davy van den Berg
14,362467,Jasper Schendelaar
15,365152,Eliano Reijnders
16,415772,Zico Buurmeester
17,490379,Anouar El Azzouzi
18,137327,Ryan Thomas
19,423109,Nico Serrano
20,424502,Anselmo MacNulty
21,354027,Anthony Fontana
22,424808,Mathias Ross
23,22300,Lasse Schöne
24,422807,Magnus Mattsson
25,487049,Koki Ogawa
26,497708,Kodai Sano
27,422801,Youri Baas
28,422810,Elayis Tavsan
29,422814,Robin Roefs
30,271086,Calvin Verdonk
31,422804,Bart van Rooij
32,321959,Philippe Sandler
33,389945,Sontje Hansen
34,429380,Rijk Janse
35,90811,Jasper Cillessen
36,77422,Bram Nuytinck
37,422806,Dirk Proper
38,279429,Sai van Wermeskerken
39,335725,Lars Olden Larsen
40,351532,Mees Hoedemakers
41,365712,Rober
