,ID,Name
0,81523,Mathew Ryan
1,362553,Jens Odgaard
2,485376,Ibrahim Sadiq
3,330514,Vangelis Pavlidis
4,379783,Yukinari Sugawara
5,422737,Ernest Poku
6,90802,Jordy Clasie
7,484652,Ruben van Bommel
8,472183,Wouter Goes
9,363875,Kenzo Goudmijn
10,438484,Myron van Brederode
11,432172,Denso Kasius
12,434318,Maxim Dekker
13,90834,Hobie Verhulst
14,445049,Lewis Schouten
15,353695,Dani de Wit
16,433950,Mexx Meerdink
17,408824,Tiago Dantas
18,422248,Alexandre Penetra
19,334726,Djordje Mihailovic
20,415341,David Møller Wolfe
21,470735,Rome-Jayden Owusu-Oduro
22,510581,Jayden Addai
23,76336,Samuel Sahin-Radlinger
24,453492,Milan Corryn
25,296323,Thomas Robinet
26,373555,Loïc Mbe Soh
27,455842,Yoann Cathline
28,357398,Théo Barbet
29,438662,Yann Kitala
30,484527,Nordin Bakker
31,484531,Joey Jacobs
32,322157,Sherel Floranus
33,303815,Damian van Bruggen
34,42947,Rajiv van La Parra
35,408102,Peer Koopmeiners
36,484537,Stije Resink
37,484540,Jochem Ritmeester van de Kamp
38,497336,Joël van der Wilt
39,484536,Lance Duijvestijn
40,484534,Manel Royo
41,122130,Álvaro Peña
42,395381,Kornelius Normann Hansen
43,402120,Pascu
44,451208,Bradly van Hoeven
