,ID,Name
0,125375,Gerónimo Rulli
1,460297,Benjamin Tahirovic
2,381530,Jakov Medic
3,270829,Borna Sosa
4,402666,Josip Sutalo
5,389020,Georges Mikautadze
6,424248,Kristian Hlynsson
7,401122,Kenneth Taylor
8,89794,Steven Berghuis
9,454337,Jaydon Banel
10,454338,Tristan Gooijer
11,400165,Devyne Rensch
12,279425,Steven Bergwijn
13,467715,Jorrel Hato
14,422800,Ar'Jany Martha
15,454336,Tom de Graaff
16,437387,Anass Salah-Eddine
17,468850,Carlos Forbs
18,400320,Ahmetcan Kaplan
19,122294,Chuba Akpom
20,373154,Diant Ramaj
21,404568,Brian Brobbey
22,391592,Gastón Ávila
23,343347,Arno Verschueren
24,382494,Charles-Andreas Brym
25,379712,Saïd Bakari
26,243916,Nick Olij
27,404192,Tijs Velthuis
28,44145,Bart Vriends
29,491398,Camiel Neghli
30,427851,Rick Meissen
31,506930,Hamza El Dahri
32,422872,Djevencio van der Kust
33,379764,Youri Schoonderwaldt
34,229520,Django Warmerdam
35,504367,Jesse Bal
36,444483,Mike Eerdhuijzen
37,19087,Jonathan de Guzmán
38,349199,Joshua Kitolano
39,276756,Tobias Lauritsen
40,427118,Pedro Alemañ
41,485935,Sergi Rosanas
42,489319,Kaylen Reitmaier
43,475142,Rayvien Rosario
44,433577,Metinho
