,ID,Name
0,255946,Dario Van den Buijs
1,127137,Zakaria Bakkali
2,400278,Thierry Lutonda
3,450984,Ilias Takidine
4,469502,Chris Lokesa
5,400545,Shawn Adewoye
6,446984,Daouda Weidmann
7,432167,Mark Spenkelink
8,444674,Kevin Felida
9,400279,David Min
10,387172,Denilho Cleonise
11,389411,Yassin Oukili
12,141965,Jeroen Houwen
13,31238,Aaron Meijers
14,80881,Jeffrey Bruma
15,289015,Julian Lelieveld
16,322182,Reuven Niemeijer
17,369048,Richonell Margaret
18,379705,Etienne Vaessen
19,379706,Juriën Gaari
20,380663,Patrick Vroegh
21,383865,Filip Stevanovic
22,424808,Mathias Ross
23,430309,Brayann Pereira
24,487049,Koki Ogawa
25,497708,Kodai Sano
26,418540,Yvandro Borges Sanches
27,422801,Youri Baas
28,422804,Bart van Rooij
29,422806,Dirk Proper
30,422814,Robin Roefs
31,348644,Sylla Sow
32,37502,Tjaronn Chery
33,77422,Bram Nuytinck
34,90811,Jasper Cillessen
35,271086,Calvin Verdonk
36,321959,Philippe Sandler
37,389945,Sontje Hansen
38,429380,Rijk Janse
39,335725,Lars Olden Larsen
40,351532,Mees Hoedemakers
41,365712,Rober
