,ID,Name
0,400545,Shawn Adewoye
1,450984,Ilias Takidine
2,469502,Chris Lokesa
3,255946,Dario Van den Buijs
4,127137,Zakaria Bakkali
5,400278,Thierry Lutonda
6,446984,Daouda Weidmann
7,432167,Mark Spenkelink
8,444674,Kevin Felida
9,400279,David Min
10,387172,Denilho Cleonise
11,389411,Yassin Oukili
12,141965,Jeroen Houwen
13,31238,Aaron Meijers
14,40342,Michiel Kramer
15,80881,Jeffrey Bruma
16,289015,Julian Lelieveld
17,322182,Reuven Niemeijer
18,357080,Godfried Roemeratoe
19,369048,Richonell Margaret
20,379705,Etienne Vaessen
21,379706,Juriën Gaari
22,383865,Filip Stevanovic
23,515829,Anis Hadj Moussa
24,409126,Dominik Oroz
25,89947,Nicolas Isimat-Mirin
26,486769,Amine Boutrah
27,285933,Markus Schubert
28,313385,Carlens Arcus
29,85470,Marco van Ginkel
30,352844,Thomas Buitink
31,379707,Melle Meulensteen
32,401021,Enzo Cornelisse
33,414485,Giovanni van Zwam
34,422909,Ramon Hendriks
35,429928,Gyan de Regt
36,433950,Mexx Meerdink
37,444159,Mathijs Tielemans
38,412349,Kacper Kozlowski
39,322776,Michael Pinto
40,484842,Adrian Mazilu
41,446949,Joel Voelkerling Persson
42,363704,Toni Domgjoni
43,413783,Paxten Aaronson
44,67114,Eloy Room
45,498903,Tom Bramel
