,ID,Name
0,76336,Samuel Sahin-Radlinger
1,453492,Milan Corryn
2,431023,Faïz Mattoir
3,438662,Yann Kitala
4,357398,Théo Barbet
5,455842,Yoann Cathline
6,373555,Loïc Mbe Soh
7,363872,Christopher Mamengi
8,42947,Rajiv van La Parra
9,408102,Peer Koopmeiners
10,379734,Hamdi Akujobi
11,303815,Damian van Bruggen
12,322157,Sherel Floranus
13,344124,Danny Post
14,475450,Jason van Duiven
15,484527,Nordin Bakker
16,484531,Joey Jacobs
17,484537,Stije Resink
18,484540,Jochem Ritmeester van de Kamp
19,497336,Joël van der Wilt
20,122130,Álvaro Peña
21,392651,Adi Nalic
22,395381,Kornelius Hansen
23,362459,Othmane Boussaid
24,403644,Victor Jensen
25,416311,Niklas Vesterlund
26,425341,Oscar Fraulo
27,443654,Andreas Dithmer
28,394998,Can Bozdogan
29,135954,Vasilios Barkas
30,429514,Zidane Iqbal
31,422805,Souffian El Karouani
32,328269,Sam Lammers
33,382593,Marouan Azarkan
34,256971,Hidde ter Avest
35,39726,Mark van der Maarel
36,70906,Nick Viergever
37,82401,Jens Toornstra
38,97367,Mattijs Branderhorst
39,101605,Mike van der Hoorn
40,482884,Jesse van de Haar
41,512213,Joshua Mukeh
42,284451,Isac Lidberg
43,438303,Adrian Blake
44,444737,Ryan Flamingo
