,ID,Name
0,425958,Alec Van Hoorenbeeck
1,361838,Michal Sadílek
2,90235,Lars Unnerstall
3,307362,Alfons Sampsted
4,484544,Younes Taha
5,368289,Issam El Maach
6,400059,Gijs Smal
7,405560,Daan Rots
8,406780,Max Bruns
9,427577,Youri Regeer
10,437387,Anass Salah-Eddine
11,445046,Naci Ünüvar
12,475579,Gijs Besselink
13,478021,Juliën Mesbahi
14,322149,Michel Vlap
15,357081,Myron Boadu
16,361794,Sem Steijn
17,108935,Robin Pröpper
18,119741,Joshua Brenet
19,301423,Mitchell van Bergen
20,37344,Ricky van Wolfswinkel
21,34545,Przemyslaw Tyton
22,343347,Arno Verschueren
23,382494,Charles-Andreas Brym
24,379712,Saïd Bakari
25,444484,Koki Saito
26,513252,Shunsuke Mito
27,19087,Jonathan de Guzmán
28,229520,Django Warmerdam
29,243916,Nick Olij
30,379764,Youri Schoonderwaldt
31,279173,Pelle Clement
32,444483,Mike Eerdhuijzen
33,404192,Tijs Velthuis
34,422872,Djevencio van der Kust
35,427851,Rick Meissen
36,506930,Hamza El Dahri
37,276756,Tobias Lauritsen
38,485935,Sergi Rosanas
39,489319,Kaylen Reitmaier
40,433577,Metinho
41,475142,Rayvien Rosario
