,ID,Name
0,89947,Nicolas Isimat-Mirin
1,486769,Amine Boutrah
2,285933,Markus Schubert
3,414485,Giovanni van Zwam
4,422909,Ramon Hendriks
5,401021,Enzo Cornelisse
6,472130,Saïd Hamulic
7,444159,Mathijs Tielemans
8,400281,Million Manhoef
9,429928,Gyan de Regt
10,85470,Marco van Ginkel
11,497068,Jordi Altena
12,412349,Kacper Kozlowski
13,446949,Joel Voelkerling Persson
14,363704,Toni Domgjoni
15,510867,Kaya Symons
16,497067,Mats Egbring
17,498903,Tom Bramel
18,67114,Eloy Room
19,450923,Brian De Keersmaecker
20,401137,Bryan Limbombe
21,422763,Sven Sonnenberg
22,401250,Jannes Wieckhoff
23,225522,Mario Engels
24,349202,Anas Ouahim
25,484548,Lasse Wehmeyer
26,422866,Abed Nankishi
27,450983,Antonio Satriano
28,414250,Mohamed Sankoh
29,382581,Fabian de Keijzer
30,379686,Ruben Roosken
31,433913,Sem Scheperman
32,94885,Jetro Willems
33,96581,Thomas Bruns
34,67063,Marko Vejinovic
35,380635,Robin Jalving
36,484545,Stijn Bultman
37,369408,Sylian Mokono
38,116684,Michael Brouwer
39,312702,Justin Hoogma
40,334533,Emil Hansson
41,402055,Sava-Arangel Cestic
