,ID,Name
0,487102,Mouhamed Belkheir
1,436591,Milan Robberechts
2,399960,Siemen Voet
3,396058,Rodrigo Guth
4,401043,Ivor Pandur
5,120151,Alen Halilovic
6,421892,Loreintz Rosier
7,413273,Remy Vita
8,294844,Arianit Ferati
9,430765,Sadik Fofana
10,115574,Mitchell Dijks
11,423863,Tijjani Noslin
12,328549,Deroy Duarte
13,355134,Kaj Sierhuis
14,456703,Iman Griffith
15,422635,Ragnar Oratmangoen
16,400056,Nathangelo Markelo
17,301457,Luuk Koopmans
18,70598,Ivo Pinto
19,407117,Marko Lazetic
20,344201,Iñigo Córdoba
21,107077,Oguzhan Özyakup
22,368266,Tom Hendriks
23,400545,Shawn Adewoye
24,255946,Dario Van den Buijs
25,469502,Chris Lokesa
26,400278,Thierry Lutonda
27,127137,Zakaria Bakkali
28,446984,Daouda Weidmann
29,401542,Raz Meir
30,322182,Reuven Niemeijer
31,141965,Jeroen Houwen
32,380663,Patrick Vroegh
33,432167,Mark Spenkelink
34,444674,Kevin Felida
35,369048,Richonell Margaret
36,379706,Juriën Gaari
37,379705,Etienne Vaessen
38,40342,Michiel Kramer
39,389411,Yassin Oukili
40,387172,Denilho Cleonise
41,357080,Godfried Roemeratoe
42,31238,Aaron Meijers
43,289015,Julian Lelieveld
44,383865,Filip Stevanovic
