,ID,Name
0,422636,Philippe Rommens
1,404077,Thibo Baeten
2,444781,Xander Blomme
3,484558,Jakob Breum
4,288859,Gerrit Nauber
5,388033,Willum Willumsson
6,411691,Enric Llansana
7,348644,Sylla Sow
8,355132,Rashaan Fernandes
9,422781,Luca Everink
10,431651,Nando Verdoni
11,400173,Jamal Amofa
12,276442,Joris Kramer
13,422633,Mats Deijl
14,134722,Bas Kuipers
15,445055,Dean James
16,34171,Erwin Mulder
17,379703,Jeffrey de Lange
18,355961,Evert Linthorst
19,383616,Oliver Edvardsen
20,470692,Victor Edvardsen
21,472963,Darío Serra
22,362459,Othmane Boussaid
23,403644,Victor Jensen
24,425341,Oscar Fraulo
25,394998,Can Bozdogan
26,135954,Vasilios Barkas
27,429514,Zidane Iqbal
28,422805,Souffian El Karouani
29,83337,Zakaria Labyad
30,97367,Mattijs Branderhorst
31,261082,Bart Ramselaar
32,256971,Hidde ter Avest
33,70906,Nick Viergever
34,502428,Yannick Leliendal
35,39726,Mark van der Maarel
36,382593,Marouan Azarkan
37,82401,Jens Toornstra
38,104982,Mats Seuntjens
39,411079,Calvin Raatsie
40,402852,Ole Romeny
41,444675,Taylor Booth
42,511216,Wessel Kooy
43,444737,Ryan Flamingo
