,ID,Name
0,76336,Samuel Sahin-Radlinger
1,453492,Milan Corryn
2,431023,Faïz Mattoir
3,438662,Yann Kitala
4,455842,Yoann Cathline
5,296323,Thomas Robinet
6,357398,Théo Barbet
7,373555,Loïc Mbe Soh
8,42947,Rajiv van La Parra
9,379734,Hamdi Akujobi
10,303815,Damian van Bruggen
11,322157,Sherel Floranus
12,475450,Jason van Duiven
13,484527,Nordin Bakker
14,484531,Joey Jacobs
15,484537,Stije Resink
16,484540,Jochem Ritmeester van de Kamp
17,408102,Peer Koopmeiners
18,426506,Stijn Keller
19,122130,Álvaro Peña
20,395381,Kornelius Normann Hansen
21,402120,Pascu
22,81523,Mathew Ryan
23,330514,Vangelis Pavlidis
24,379783,Yukinari Sugawara
25,383560,Sven Mijnans
26,90802,Jordy Clasie
27,90810,Bruno Martins Indi
28,133959,Riechedly Bazoer
29,422737,Ernest Poku
30,422867,Mees de Wit
31,432172,Denso Kasius
32,434318,Maxim Dekker
33,438484,Myron van Brederode
34,444717,Lequincio Zeefuik
35,449304,Tristan Kuijsten
36,472183,Wouter Goes
37,484652,Ruben van Bommel
38,510581,Jayden Addai
39,422248,Alexandre Penetra
40,408824,Tiago Dantas
41,415341,David Møller Wolfe
42,470735,Rome-Jayden Owusu-Oduro
43,439447,Kristijan Belic
