,ID,Name
0,328432,Siebe Horemans
1,379787,Jacky Donkor
2,420300,Cisse Sandra
3,373556,Arthur Zagré
4,423949,Mimeirhel Benita
5,400009,Couhaib Driouech
6,363875,Kenzo Goudmijn
7,139666,Norbert Alblas
8,327903,Kik Pierie
9,444619,Stijn van Gassel
10,444620,Redouan El Yaakoubi
11,444624,Serano Seymor
12,444625,Pascal Kuiper
13,444738,Noah Naujoks
14,454518,Derensili Sanches Fernandes
15,484536,Lance Duijvestijn
16,429615,Casper Widell
17,485370,Oscar Uddenäs
18,494671,Richie Omorowa
19,384064,Troy Parrott
20,425958,Alec Van Hoorenbeeck
21,361838,Michal Sadílek
22,90235,Lars Unnerstall
23,307362,Alfons Sampsted
24,368289,Issam El Maach
25,484544,Younes Taha
26,405560,Daan Rots
27,406780,Max Bruns
28,427577,Youri Regeer
29,437387,Anass Salah-Eddine
30,445046,Naci Ünüvar
31,400059,Gijs Smal
32,402819,Mees Hilgers
33,321910,Carel Eiting
34,322149,Michel Vlap
35,357081,Myron Boadu
36,361794,Sem Steijn
37,108935,Robin Pröpper
38,119741,Joshua Brenet
39,301423,Mitchell van Bergen
40,37344,Ricky van Wolfswinkel
41,34545,Przemyslaw Tyton
42,404777,Mathias Kjølø
