,ID,Name
0,401137,Bryan Limbombe
1,450923,Brian De Keersmaecker
2,422763,Sven Sonnenberg
3,401250,Jannes Wieckhoff
4,349202,Anas Ouahim
5,225522,Mario Engels
6,433912,Timo Jansink
7,433913,Sem Scheperman
8,484545,Stijn Bultman
9,299511,Jordy Bruijn
10,312702,Justin Hoogma
11,67063,Marko Vejinovic
12,94885,Jetro Willems
13,96581,Thomas Bruns
14,116684,Michael Brouwer
15,349481,Jizz Hornkamp
16,379728,Navajo Bakboord
17,382581,Fabian de Keijzer
18,414250,Mohamed Sankoh
19,334533,Emil Hansson
20,403097,Fredrik Oppegård
21,333365,Ajdin Hrustic
22,409126,Dominik Oroz
23,89947,Nicolas Isimat-Mirin
24,486769,Amine Boutrah
25,285933,Markus Schubert
26,313385,Carlens Arcus
27,352844,Thomas Buitink
28,379707,Melle Meulensteen
29,401021,Enzo Cornelisse
30,414485,Giovanni van Zwam
31,422909,Ramon Hendriks
32,429928,Gyan de Regt
33,433950,Mexx Meerdink
34,510533,Andy Visser
35,85470,Marco van Ginkel
36,412349,Kacper Kozlowski
37,322776,Michael Pinto
38,484842,Adrian Mazilu
39,446949,Joel Voelkerling Persson
40,363704,Toni Domgjoni
41,413783,Paxten Aaronson
42,515829,Anis Hadj Moussa
43,498903,Tom Bramel
44,67114,Eloy Room
