,ID,Name
0,125375,Gerónimo Rulli
1,460297,Benjamin Tahirovic
2,402666,Josip Sutalo
3,270829,Borna Sosa
4,381530,Jakov Medic
5,484494,Anton Gaaei
6,424248,Kristian Hlynsson
7,454338,Tristan Gooijer
8,454348,Julian Rijkhoff
9,467715,Jorrel Hato
10,404568,Brian Brobbey
11,415781,Kian Fitz-Jim
12,422800,Ar'Jany Martha
13,139299,Branco van den Boomen
14,34550,Remko Pasveer
15,401122,Kenneth Taylor
16,408613,Sivert Mannsverk
17,468850,Carlos Forbs
18,400320,Ahmetcan Kaplan
19,68659,Jordan Henderson
20,122294,Chuba Akpom
21,373154,Diant Ramaj
22,399960,Siemen Voet
23,396058,Rodrigo Guth
24,120151,Alen Halilovic
25,413273,Remy Vita
26,421892,Loreintz Rosier
27,430765,Sadik Fofana
28,79755,Dimitrios Siovas
29,115574,Mitchell Dijks
30,379762,Justin Lonwijk
31,355134,Kaj Sierhuis
32,290832,Alessio da Cruz
33,298805,Michael Verrips
34,301457,Luuk Koopmans
35,328549,Deroy Duarte
36,456703,Iman Griffith
37,422635,Ragnar Oratmangoen
38,400056,Nathangelo Markelo
39,70598,Ivo Pinto
40,344201,Iñigo Córdoba
41,140902,Kristoffer Peterson
42,107077,Oguzhan Özyakup
43,368266,Tom Hendriks
44,410088,Jayden Braaf
