,ID,Name
0,399311,Filip Krastev
1,104906,Thomas Lam
2,84195,Lennart Thy
3,361777,Lennart Czyborra
4,82029,Apostolos Vellios
5,333527,Odysseus Velanas
6,400823,Davy van den Berg
7,431253,Damian van der Haar
8,484550,Duke Verduin
9,489995,Mohamed Oukhattou
10,490379,Anouar El Azzouzi
11,513251,Teun Gijselhart
12,515596,Kaj de Rooij
13,20831,Kenneth Vermeer
14,34108,Bram van Polen
15,361778,Silvester van der Water
16,362467,Jasper Schendelaar
17,365152,Eliano Reijnders
18,380731,Sam Kersten
19,424502,Anselmo MacNulty
20,354027,Anthony Fontana
21,456590,Garang Kuol
22,446987,Axel Guessand
23,259530,Robin Maulun
24,436119,Mio Backhaus
25,409052,Benaissa Benamar
26,444720,Barry Lauwers
27,445057,Achraf Douiri
28,444713,Brian Plat
29,444714,Damon Mirani
30,460498,Déron Payne
31,498896,Milan de Haan
32,504312,Bram van Driel
33,148512,Bilal Ould-Chikh
34,498822,Zach Booth
35,460178,Darius Johnson
36,445058,Josh Flint
37,444718,Kayne van Oevelen
38,455668,Vivaldo Semedo
39,516436,Safouane Karim
40,497066,Quincy Hoeve
