,ID,Name
0,379701,Ramiz Zerrouki
1,436553,Igor Paixão
2,298710,Luka Ivanusec
3,404200,Ondrej Lingr
4,484175,Yankuba Minteh
5,121821,Timon Wellenreuther
6,68850,Kostas Lamprou
7,377288,Ayase Ueda
8,445061,Santiago Giménez
9,450767,Mikki van Sas
10,444739,Quilindschy Hartman
11,445059,Mats Wieffer
12,411078,Quinten Timber
13,422921,Antoni Milambo
14,436114,Thomas Beelen
15,297527,Bart Nieuwkoop
16,345441,Lutsharel Geertruida
17,362779,Dávid Hancko
18,468119,Leo Sauer
19,371042,Marcos López
20,401137,Bryan Limbombe
21,450923,Brian De Keersmaecker
22,225522,Mario Engels
23,401250,Jannes Wieckhoff
24,422763,Sven Sonnenberg
25,433912,Timo Jansink
26,433913,Sem Scheperman
27,349481,Jizz Hornkamp
28,379686,Ruben Roosken
29,379728,Navajo Bakboord
30,382581,Fabian de Keijzer
31,299511,Jordy Bruijn
32,312702,Justin Hoogma
33,67063,Marko Vejinovic
34,69789,Kelvin Leerdam
35,94885,Jetro Willems
36,96581,Thomas Bruns
37,116684,Michael Brouwer
38,484545,Stijn Bultman
39,414250,Mohamed Sankoh
40,403097,Fredrik Oppegård
41,333365,Ajdin Hrustic
