,ID,Name
0,22300,Lasse Schöne
1,424808,Mathias Ross
2,430309,Brayann Pereira
3,487049,Koki Ogawa
4,497708,Kodai Sano
5,418540,Yvandro Borges Sanches
6,422801,Youri Baas
7,422804,Bart van Rooij
8,422814,Robin Roefs
9,37502,Tjaronn Chery
10,77422,Bram Nuytinck
11,90811,Jasper Cillessen
12,271086,Calvin Verdonk
13,321959,Philippe Sandler
14,429380,Rijk Janse
15,348644,Sylla Sow
16,431307,Nils Rossen
17,389945,Sontje Hansen
18,335725,Lars Olden Larsen
19,351532,Mees Hoedemakers
20,365712,Rober
21,143815,Anas Tahiri
22,399512,Loizos Loizou
23,323531,Mats Köhlert
24,121834,Mickey van der Hart
25,124274,Sven van Beek
26,124380,Thom Haye
27,238897,Pelle van Amersfoort
28,252239,Andries Noppert
29,296543,Jan Bekkema
30,409160,Syb van Ottele
31,422643,Djenahro Nunumete
32,379599,Ché Nunnely
33,444621,Nathan Tjoe-A-On
34,497179,Oliver Braude
35,366886,Osame Sahraoui
36,142376,Pawel Bochniewicz
37,327724,Simon Olsson
38,406536,Hussein Ali Haidar
39,430295,Charlie Webster
40,436158,Daniel Karlsbakk
41,399620,Patrik Wålemark
