,ID,Name
0,81523,Mathew Ryan
1,485376,Ibrahim Sadiq
2,330514,Vangelis Pavlidis
3,379783,Yukinari Sugawara
4,383560,Sven Mijnans
5,353695,Dani de Wit
6,90834,Hobie Verhulst
7,133959,Riechedly Bazoer
8,422737,Ernest Poku
9,422867,Mees de Wit
10,434318,Maxim Dekker
11,438484,Myron van Brederode
12,444717,Lequincio Zeefuik
13,472183,Wouter Goes
14,484652,Ruben van Bommel
15,497707,Dave Kwakman
16,510581,Jayden Addai
17,422248,Alexandre Penetra
18,408824,Tiago Dantas
19,513559,Kees Smit
20,415341,David Møller Wolfe
21,470735,Rome-Jayden Owusu-Oduro
22,439447,Kristijan Belic
23,328432,Siebe Horemans
24,379787,Jacky Donkor
25,420300,Cisse Sandra
26,363875,Kenzo Goudmijn
27,100608,Mike van Duinen
28,123554,Sven Nieuwpoort
29,139666,Norbert Alblas
30,444619,Stijn van Gassel
31,444623,Julian Baas
32,444625,Pascal Kuiper
33,444626,Raphaël Eyongo
34,444738,Noah Naujoks
35,454518,Derensili Sanches Fernandes
36,484536,Lance Duijvestijn
37,423949,Mimeirhel Benita
38,512230,Siem de Moes
39,485370,Oscar Uddenäs
40,494671,Richie Omorowa
41,429615,Casper Widell
42,518424,Jeremy Udenhout
