,ID,Name
0,487102,Mouhamed Belkheir
1,399960,Siemen Voet
2,436591,Milan Robberechts
3,396058,Rodrigo Guth
4,401043,Ivor Pandur
5,120151,Alen Halilovic
6,421892,Loreintz Rosier
7,413273,Remy Vita
8,294844,Arianit Ferati
9,430765,Sadik Fofana
10,79755,Dimitrios Siovas
11,355134,Kaj Sierhuis
12,328549,Deroy Duarte
13,115574,Mitchell Dijks
14,422635,Ragnar Oratmangoen
15,400056,Nathangelo Markelo
16,301457,Luuk Koopmans
17,456703,Iman Griffith
18,70598,Ivo Pinto
19,407117,Marko Lazetic
20,344201,Iñigo Córdoba
21,107077,Oguzhan Özyakup
22,368266,Tom Hendriks
23,450923,Brian De Keersmaecker
24,401137,Bryan Limbombe
25,484548,Lasse Wehmeyer
26,225522,Mario Engels
27,422763,Sven Sonnenberg
28,401250,Jannes Wieckhoff
29,349202,Anas Ouahim
30,450983,Antonio Satriano
31,382581,Fabian de Keijzer
32,369408,Sylian Mokono
33,67063,Marko Vejinovic
34,414250,Mohamed Sankoh
35,94885,Jetro Willems
36,380635,Robin Jalving
37,116684,Michael Brouwer
38,484545,Stijn Bultman
39,433913,Sem Scheperman
40,96581,Thomas Bruns
41,379686,Ruben Roosken
42,334533,Emil Hansson
43,402055,Sava-Arangel Cestic
