,ID,Name
0,456590,Garang Kuol
1,436119,Mio Backhaus
2,409052,Benaissa Benamar
3,425605,Xavier Mbuyamba
4,120549,Daryl van Mieghem
5,148512,Bilal Ould-Chikh
6,240878,Robert Mühren
7,444712,Billy van Duijl
8,444713,Brian Plat
9,444714,Damon Mirani
10,444715,Ibrahim El Kadiri
11,444720,Barry Lauwers
12,445056,Calvin Twigt
13,460498,Déron Payne
14,460178,Darius Johnson
15,444711,Derry Murkin
16,454409,Diego Gustavo
17,472272,Flip Klomp
18,496413,Ezechiel Fiemawhle
19,497066,Quincy Hoeve
20,444718,Kayne van Oevelen
21,409126,Dominik Oroz
22,89947,Nicolas Isimat-Mirin
23,384141,Romaric Yapi
24,486769,Amine Boutrah
25,226599,Maximilian Wittek
26,285933,Markus Schubert
27,313385,Carlens Arcus
28,379707,Melle Meulensteen
29,400281,Million Manhoef
30,400282,Daan Huisman
31,401021,Enzo Cornelisse
32,413209,Daan Reiziger
33,414485,Giovanni van Zwam
34,429928,Gyan de Regt
35,436060,Simon van Duivenbooden
36,437426,Miliano Jonathans
37,444159,Mathijs Tielemans
38,472130,Saïd Hamulic
39,85470,Marco van Ginkel
40,412349,Kacper Kozlowski
41,67114,Eloy Room
42,497067,Mats Egbring
43,497068,Jordi Altena
