,ID,Name
0,143815,Anas Tahiri
1,399512,Loizos Loizou
2,323531,Mats Köhlert
3,379599,Ché Nunnely
4,409160,Syb van Ottele
5,238897,Pelle van Amersfoort
6,252239,Andries Noppert
7,296543,Jan Bekkema
8,121834,Mickey van der Hart
9,124274,Sven van Beek
10,124380,Thom Haye
11,422643,Djenahro Nunumete
12,444621,Nathan Tjoe-A-On
13,497178,Espen van Ee
14,497179,Oliver Braude
15,366886,Osame Sahraoui
16,142376,Pawel Bochniewicz
17,406536,Hussein Ali Haidar
18,327724,Simon Olsson
19,430295,Charlie Webster
20,436158,Daniel Karlsbakk
21,422634,Luuk Brouwers
22,399620,Patrik Wålemark
23,125375,Gerónimo Rulli
24,460297,Benjamin Tahirovic
25,270829,Borna Sosa
26,381530,Jakov Medic
27,402666,Josip Sutalo
28,484494,Anton Gaaei
29,424248,Kristian Hlynsson
30,454337,Jaydon Banel
31,454338,Tristan Gooijer
32,401122,Kenneth Taylor
33,467715,Jorrel Hato
34,404568,Brian Brobbey
35,415781,Kian Fitz-Jim
36,422800,Ar'Jany Martha
37,34550,Remko Pasveer
38,89794,Steven Berghuis
39,468850,Carlos Forbs
40,400320,Ahmetcan Kaplan
41,122294,Chuba Akpom
42,68659,Jordan Henderson
43,373154,Diant Ramaj
