,ID,Name
0,362459,Othmane Boussaid
1,403644,Victor Jensen
2,425341,Oscar Fraulo
3,346340,Tim Handwerker
4,394998,Can Bozdogan
5,429514,Zidane Iqbal
6,83337,Zakaria Labyad
7,422805,Souffian El Karouani
8,449316,Devin Remie
9,482884,Jesse van de Haar
10,97367,Mattijs Branderhorst
11,101605,Mike van der Hoorn
12,256971,Hidde ter Avest
13,315574,Thijmen Nijhuis
14,328269,Sam Lammers
15,382593,Marouan Azarkan
16,39726,Mark van der Maarel
17,70906,Nick Viergever
18,82401,Jens Toornstra
19,444675,Taylor Booth
20,444737,Ryan Flamingo
21,416311,Niklas Vesterlund
22,515595,Jeppe Okkels
23,487102,Mouhamed Belkheir
24,399960,Siemen Voet
25,396058,Rodrigo Guth
26,120151,Alen Halilovic
27,294844,Arianit Ferati
28,430765,Sadik Fofana
29,79755,Dimitrios Siovas
30,298805,Michael Verrips
31,301457,Luuk Koopmans
32,328549,Deroy Duarte
33,115574,Mitchell Dijks
34,290832,Alessio da Cruz
35,355134,Kaj Sierhuis
36,456703,Iman Griffith
37,422635,Ragnar Oratmangoen
38,379762,Justin Lonwijk
39,400056,Nathangelo Markelo
40,70598,Ivo Pinto
41,344201,Iñigo Córdoba
42,140902,Kristoffer Peterson
43,107077,Oguzhan Özyakup
44,368266,Tom Hendriks
45,410088,Jayden Braaf
