,ID,Name
0,404077,Thibo Baeten
1,444781,Xander Blomme
2,484558,Jakob Breum
3,288859,Gerrit Nauber
4,400173,Jamal Amofa
5,322159,Finn Stokkers
6,355961,Evert Linthorst
7,379703,Jeffrey de Lange
8,382238,Bobby Adekanye
9,411691,Enric Llansana
10,422633,Mats Deijl
11,422781,Luca Everink
12,426002,Sven Jansen
13,34171,Erwin Mulder
14,134722,Bas Kuipers
15,276442,Joris Kramer
16,444783,Robbin Weijenberg
17,445055,Dean James
18,383616,Oliver Edvardsen
19,470692,Victor Edvardsen
20,444349,Søren Tengstedt
21,399311,Filip Krastev
22,259930,Younes Namli
23,104906,Thomas Lam
24,84195,Lennart Thy
25,361777,Lennart Czyborra
26,484551,Luis Görlich
27,82029,Apostolos Vellios
28,333527,Odysseus Velanas
29,317693,Mike Hauptmeijer
30,489992,Nick Fichtinger
31,490379,Anouar El Azzouzi
32,513251,Teun Gijselhart
33,361778,Silvester van der Water
34,362467,Jasper Schendelaar
35,365152,Eliano Reijnders
36,380731,Sam Kersten
37,20831,Kenneth Vermeer
38,34108,Bram van Polen
39,400823,Davy van den Berg
40,431253,Damian van der Haar
41,424502,Anselmo MacNulty
42,354027,Anthony Fontana
43,515596,Kaj de Rooij
