,ID,Name
0,456590,Garang Kuol
1,345769,Oskar Buur
2,259530,Robin Maulun
3,446987,Axel Guessand
4,436119,Mio Backhaus
5,409052,Benaissa Benamar
6,444714,Damon Mirani
7,148512,Bilal Ould-Chikh
8,240878,Robert Mühren
9,444720,Barry Lauwers
10,445057,Achraf Douiri
11,498896,Milan de Haan
12,504312,Bram van Driel
13,498822,Zach Booth
14,460178,Darius Johnson
15,445058,Josh Flint
16,383604,George Cox
17,444718,Kayne van Oevelen
18,455668,Vivaldo Semedo
19,511113,Luc van Koeverden
20,514507,Mika van der Horst
21,516436,Safouane Karim
22,497066,Quincy Hoeve
23,130304,Walter Benítez
24,427824,Johan Bakayoko
25,98101,André Ramalho
26,260809,Olivier Boscagli
27,318511,Hirving Lozano
28,404776,Ismael Saibari
29,404225,Shurandy Sambo
30,382556,Joey Veerman
31,331555,Jerdy Schouten
32,345333,Armando Obispo
33,361839,Jordan Teze
34,275012,Joël Drommel
35,26916,Boy Waterman
36,68585,Luuk de Jong
37,78221,Patrick van Aanholt
38,489985,Isaac Babadi
39,377466,Ricardo Pepi
40,379205,Sergiño Dest
41,397465,Malik Tillman
