,ID,Name
0,379701,Ramiz Zerrouki
1,436553,Igor Paixão
2,298710,Luka Ivanusec
3,404200,Ondrej Lingr
4,484175,Yankuba Minteh
5,121821,Timon Wellenreuther
6,68850,Kostas Lamprou
7,133390,Alireza Jahanbakhsh
8,377288,Ayase Ueda
9,297527,Bart Nieuwkoop
10,328987,Calvin Stengs
11,345441,Lutsharel Geertruida
12,422921,Antoni Milambo
13,436114,Thomas Beelen
14,444739,Quilindschy Hartman
15,445059,Mats Wieffer
16,450767,Mikki van Sas
17,362779,Dávid Hancko
18,371042,Marcos López
19,343347,Arno Verschueren
20,382494,Charles-Andreas Brym
21,379712,Saïd Bakari
22,444484,Koki Saito
23,513252,Shunsuke Mito
24,444483,Mike Eerdhuijzen
25,506930,Hamza El Dahri
26,481828,Dano Lourens
27,422872,Djevencio van der Kust
28,427851,Rick Meissen
29,19087,Jonathan de Guzmán
30,229520,Django Warmerdam
31,243916,Nick Olij
32,279173,Pelle Clement
33,379764,Youri Schoonderwaldt
34,349199,Joshua Kitolano
35,485935,Sergi Rosanas
36,489319,Kaylen Reitmaier
37,475142,Rayvien Rosario
38,433577,Metinho
39,516448,Aymane Bais
