,ID,Name
0,255946,Dario Van den Buijs
1,127137,Zakaria Bakkali
2,400278,Thierry Lutonda
3,469502,Chris Lokesa
4,446984,Daouda Weidmann
5,401542,Raz Meir
6,322182,Reuven Niemeijer
7,379705,Etienne Vaessen
8,141965,Jeroen Houwen
9,31238,Aaron Meijers
10,289015,Julian Lelieveld
11,379706,Juriën Gaari
12,357080,Godfried Roemeratoe
13,389411,Yassin Oukili
14,387172,Denilho Cleonise
15,432167,Mark Spenkelink
16,444674,Kevin Felida
17,400279,David Min
18,369048,Richonell Margaret
19,80881,Jeffrey Bruma
20,40342,Michiel Kramer
21,383865,Filip Stevanovic
22,422636,Philippe Rommens
23,404077,Thibo Baeten
24,484558,Jakob Breum
25,288859,Gerrit Nauber
26,388033,Willum Willumsson
27,444782,Pim Saathof
28,379703,Jeffrey de Lange
29,422633,Mats Deijl
30,276442,Joris Kramer
31,134722,Bas Kuipers
32,382238,Bobby Adekanye
33,411691,Enric Llansana
34,445055,Dean James
35,34171,Erwin Mulder
36,431651,Nando Verdoni
37,355132,Rashaan Fernandes
38,400173,Jamal Amofa
39,348644,Sylla Sow
40,355961,Evert Linthorst
41,383616,Oliver Edvardsen
42,470692,Victor Edvardsen
43,472963,Darío Serra
