,ID,Name
0,409126,Dominik Oroz
1,486769,Amine Boutrah
2,89947,Nicolas Isimat-Mirin
3,285933,Markus Schubert
4,313385,Carlens Arcus
5,414485,Giovanni van Zwam
6,422909,Ramon Hendriks
7,444159,Mathijs Tielemans
8,85470,Marco van Ginkel
9,379707,Melle Meulensteen
10,400281,Million Manhoef
11,429928,Gyan de Regt
12,472130,Saïd Hamulic
13,401021,Enzo Cornelisse
14,77429,Davy Pröpper
15,497068,Jordi Altena
16,412349,Kacper Kozlowski
17,322776,Michael Pinto
18,446949,Joel Voelkerling Persson
19,363704,Toni Domgjoni
20,67114,Eloy Room
21,497067,Mats Egbring
22,498903,Tom Bramel
23,143815,Anas Tahiri
24,323531,Mats Köhlert
25,363248,Ion Nicolaescu
26,124380,Thom Haye
27,238897,Pelle van Amersfoort
28,409160,Syb van Ottele
29,379599,Ché Nunnely
30,124274,Sven van Beek
31,252239,Andries Noppert
32,121834,Mickey van der Hart
33,422643,Djenahro Nunumete
34,472399,Bernt Klaverboer
35,492109,Melle Witteveen
36,497178,Espen van Ee
37,387720,Denzel Hall
38,497179,Oliver Braude
39,142376,Pawel Bochniewicz
40,327724,Simon Olsson
41,406536,Hussein Ali
42,430295,Charlie Webster
43,422634,Luuk Brouwers
44,436158,Daniel Karlsbakk
