,ID,Name
0,425958,Alec Van Hoorenbeeck
1,422782,Manfred Ugalde
2,90235,Lars Unnerstall
3,307362,Alfons Sampsted
4,368289,Issam El Maach
5,484544,Younes Taha
6,478021,Juliën Mesbahi
7,119741,Joshua Brenet
8,475578,Mats Rots
9,475579,Gijs Besselink
10,301423,Mitchell van Bergen
11,406780,Max Bruns
12,322149,Michel Vlap
13,402819,Mees Hilgers
14,108935,Robin Pröpper
15,400059,Gijs Smal
16,361794,Sem Steijn
17,427577,Youri Regeer
18,37344,Ricky van Wolfswinkel
19,321910,Carel Eiting
20,405560,Daan Rots
21,34545,Przemyslaw Tyton
22,404777,Mathias Kjølø
23,424808,Mathias Ross
24,22300,Lasse Schöne
25,422807,Magnus Mattsson
26,487049,Koki Ogawa
27,497708,Kodai Sano
28,389945,Sontje Hansen
29,279429,Sai van Wermeskerken
30,429380,Rijk Janse
31,422814,Robin Roefs
32,90811,Jasper Cillessen
33,77422,Bram Nuytinck
34,271086,Calvin Verdonk
35,422804,Bart van Rooij
36,422801,Youri Baas
37,422806,Dirk Proper
38,335725,Lars Olden Larsen
39,351532,Mees Hoedemakers
40,365712,Rober
