,ID,Name
0,125375,Gerónimo Rulli
1,381530,Jakov Medic
2,449301,Christian Rasmussen
3,400166,Mohammed Kudus
4,424248,Kristian Hlynsson
5,447643,Jorge Sánchez
6,437387,Anass Salah-Eddine
7,108860,Davy Klaassen
8,422802,Jay Gorter
9,449303,Silvano Vos
10,454339,Olivier Aertssen
11,401122,Kenneth Taylor
12,400165,Devyne Rensch
13,139299,Branco van den Boomen
14,279425,Steven Bergwijn
15,328550,Owen Wijndal
16,468850,Carlos Forbs
17,373154,Diant Ramaj
18,404568,Brian Brobbey
19,460297,Benjamin Tahirovic
20,462099,Mika Godts
21,467715,Jorrel Hato
22,401137,Bryan Limbombe
23,450923,Brian De Keersmaecker
24,225522,Mario Engels
25,349202,Anas Ouahim
26,422763,Sven Sonnenberg
27,422866,Abed Nankishi
28,401250,Jannes Wieckhoff
29,312702,Justin Hoogma
30,67063,Marko Vejinovic
31,94885,Jetro Willems
32,96581,Thomas Bruns
33,116684,Michael Brouwer
34,433912,Timo Jansink
35,433913,Sem Scheperman
36,349481,Jizz Hornkamp
37,379686,Ruben Roosken
38,379728,Navajo Bakboord
39,380635,Robin Jalving
40,484547,Diego van Oorschot
41,334533,Emil Hansson
42,402055,Sava-Arangel Cestic
43,450983,Antonio Satriano
44,484545,Stijn Bultman
