,ID,Name
0,143815,Anas Tahiri
1,323531,Mats Köhlert
2,363248,Ion Nicolaescu
3,252239,Andries Noppert
4,296543,Jan Bekkema
5,124380,Thom Haye
6,409160,Syb van Ottele
7,422643,Djenahro Nunumete
8,379599,Ché Nunnely
9,387720,Denzel Hall
10,366886,Osame Sahraoui
11,142376,Pawel Bochniewicz
12,327724,Simon Olsson
13,406536,Hussein Ali
14,430295,Charlie Webster
15,436158,Daniel Karlsbakk
16,472399,Bernt Klaverboer
17,475754,Roan van der Plaat
18,492109,Melle Witteveen
19,497178,Espen van Ee
20,497179,Oliver Braude
21,255946,Dario Van den Buijs
22,127137,Zakaria Bakkali
23,400278,Thierry Lutonda
24,400545,Shawn Adewoye
25,469502,Chris Lokesa
26,401542,Raz Meir
27,400279,David Min
28,141965,Jeroen Houwen
29,40342,Michiel Kramer
30,80881,Jeffrey Bruma
31,289015,Julian Lelieveld
32,357080,Godfried Roemeratoe
33,369048,Richonell Margaret
34,379705,Etienne Vaessen
35,379706,Juriën Gaari
36,380663,Patrick Vroegh
37,387172,Denilho Cleonise
38,400276,Luuk Wouters
39,432167,Mark Spenkelink
40,444674,Kevin Felida
