,ID,Name
0,130304,Walter Benítez
1,124021,Phillipp Mwene
2,408059,Yorbe Vertessen
3,427824,Johan Bakayoko
4,98101,André Ramalho
5,260809,Olivier Boscagli
6,404776,Ismael Saibari
7,404225,Shurandy Sambo
8,275012,Joël Drommel
9,322148,Guus Til
10,26916,Boy Waterman
11,68585,Luuk de Jong
12,78221,Patrick van Aanholt
13,481080,Tygo Land
14,489985,Isaac Babadi
15,354283,Noa Lang
16,361839,Jordan Teze
17,382556,Joey Veerman
18,397465,Malik Tillman
19,377466,Ricardo Pepi
20,328075,Ibrahim Sangaré
21,362459,Othmane Boussaid
22,402885,Anthony Descotte
23,403644,Victor Jensen
24,375327,Modibo Sagnan
25,394998,Can Bozdogan
26,135954,Vasilios Barkas
27,422873,Tasos Douvikas
28,484302,Ivar Jenner
29,83337,Zakaria Labyad
30,422805,Souffian El Karouani
31,411079,Calvin Raatsie
32,382582,Tommy St. Jago
33,382593,Marouan Azarkan
34,97367,Mattijs Branderhorst
35,101605,Mike van der Hoorn
36,104982,Mats Seuntjens
37,256971,Hidde ter Avest
38,39726,Mark van der Maarel
39,70906,Nick Viergever
40,82401,Jens Toornstra
41,444675,Taylor Booth
