,ID,Name
0,259930,Younes Namli
1,104906,Thomas Lam
2,84195,Lennart Thy
3,361777,Lennart Czyborra
4,82029,Apostolos Vellios
5,333527,Odysseus Velanas
6,408338,Daijiro Chirino
7,415772,Zico Buurmeester
8,362467,Jasper Schendelaar
9,365152,Eliano Reijnders
10,379596,Dean Huiberts
11,380731,Sam Kersten
12,400823,Davy van den Berg
13,351310,Ferdy Druijf
14,317693,Mike Hauptmeijer
15,33002,Bart van Hintum
16,34108,Bram van Polen
17,484550,Duke Verduin
18,423109,Nico Serrano
19,424502,Anselmo MacNulty
20,431253,Damian van der Haar
21,489992,Nick Fichtinger
22,494145,Divaio Bobson
23,343347,Arno Verschueren
24,382494,Charles-Andreas Brym
25,379712,Saïd Bakari
26,379764,Youri Schoonderwaldt
27,404192,Tijs Velthuis
28,411278,Jeremy van Mullem
29,422872,Djevencio van der Kust
30,19087,Jonathan de Guzmán
31,44145,Bart Vriends
32,229520,Django Warmerdam
33,243916,Nick Olij
34,279173,Pelle Clement
35,285951,Delano van Crooij
36,343314,Vito van Crooij
37,491398,Camiel Neghli
38,427851,Rick Meissen
39,460754,Dylan van Wageningen
40,276756,Tobias Lauritsen
41,349199,Joshua Kitolano
42,427118,Pedro Alemañ
43,486947,Augustin Anello
44,403844,Delano Vianello
45,497203,Mehmet Yüksel
