,ID,Name
0,328432,Siebe Horemans
1,379787,Jacky Donkor
2,420300,Cisse Sandra
3,373556,Arthur Zagré
4,308754,Lazaros Lamprou
5,423949,Mimeirhel Benita
6,512230,Siem de Moes
7,363875,Kenzo Goudmijn
8,100608,Mike van Duinen
9,123554,Sven Nieuwpoort
10,444619,Stijn van Gassel
11,444620,Redouan El Yaakoubi
12,444623,Julian Baas
13,444625,Pascal Kuiper
14,444738,Noah Naujoks
15,454518,Derensili Sanches Fernandes
16,484536,Lance Duijvestijn
17,485370,Oscar Uddenäs
18,494671,Richie Omorowa
19,429615,Casper Widell
20,384064,Troy Parrott
21,345769,Oskar Buur
22,259530,Robin Maulun
23,436119,Mio Backhaus
24,409052,Benaissa Benamar
25,240878,Robert Mühren
26,444712,Billy van Duijl
27,444713,Brian Plat
28,444714,Damon Mirani
29,444715,Ibrahim El Kadiri
30,444716,Imran Nazih
31,444720,Barry Lauwers
32,445056,Calvin Twigt
33,460498,Déron Payne
34,457258,Luke Le Roux
35,498822,Zach Booth
36,460178,Darius Johnson
37,383604,George Cox
38,445058,Josh Flint
39,455668,Vivaldo Semedo
40,444718,Kayne van Oevelen
41,497066,Quincy Hoeve
42,516436,Safouane Karim
43,523278,Myron Mau-Asam
