,ID,Name
0,255946,Dario Van den Buijs
1,400545,Shawn Adewoye
2,469502,Chris Lokesa
3,400278,Thierry Lutonda
4,127137,Zakaria Bakkali
5,450984,Ilias Takidine
6,446984,Daouda Weidmann
7,401542,Raz Meir
8,379705,Etienne Vaessen
9,387172,Denilho Cleonise
10,40342,Michiel Kramer
11,380663,Patrick Vroegh
12,432167,Mark Spenkelink
13,444674,Kevin Felida
14,400279,David Min
15,369048,Richonell Margaret
16,322182,Reuven Niemeijer
17,357080,Godfried Roemeratoe
18,31238,Aaron Meijers
19,289015,Julian Lelieveld
20,141965,Jeroen Houwen
21,383865,Filip Stevanovic
22,450923,Brian De Keersmaecker
23,401137,Bryan Limbombe
24,422763,Sven Sonnenberg
25,401250,Jannes Wieckhoff
26,225522,Mario Engels
27,422866,Abed Nankishi
28,67063,Marko Vejinovic
29,96581,Thomas Bruns
30,433913,Sem Scheperman
31,414250,Mohamed Sankoh
32,379728,Navajo Bakboord
33,379686,Ruben Roosken
34,349481,Jizz Hornkamp
35,312702,Justin Hoogma
36,94885,Jetro Willems
37,484545,Stijn Bultman
38,116684,Michael Brouwer
39,382581,Fabian de Keijzer
40,380635,Robin Jalving
41,334533,Emil Hansson
42,402055,Sava-Arangel Cestic
