,ID,Name
0,362459,Othmane Boussaid
1,515595,Jeppe Okkels
2,403644,Victor Jensen
3,416311,Niklas Vesterlund
4,425341,Oscar Fraulo
5,443654,Andreas Dithmer
6,394998,Can Bozdogan
7,135954,Vasilios Barkas
8,429514,Zidane Iqbal
9,422805,Souffian El Karouani
10,402852,Ole Romeny
11,256971,Hidde ter Avest
12,382593,Marouan Azarkan
13,39726,Mark van der Maarel
14,70906,Nick Viergever
15,82401,Jens Toornstra
16,97367,Mattijs Branderhorst
17,328269,Sam Lammers
18,512213,Joshua Mukeh
19,284451,Isac Lidberg
20,444675,Taylor Booth
21,438303,Adrian Blake
22,444737,Ryan Flamingo
23,382494,Charles-Andreas Brym
24,379712,Saïd Bakari
25,444484,Koki Saito
26,513252,Shunsuke Mito
27,279173,Pelle Clement
28,444483,Mike Eerdhuijzen
29,404192,Tijs Velthuis
30,422872,Djevencio van der Kust
31,427851,Rick Meissen
32,19087,Jonathan de Guzmán
33,44145,Bart Vriends
34,243916,Nick Olij
35,379764,Youri Schoonderwaldt
36,491398,Camiel Neghli
37,276756,Tobias Lauritsen
38,485935,Sergi Rosanas
39,489319,Kaylen Reitmaier
40,433577,Metinho
