,ID,Name
0,125375,Gerónimo Rulli
1,460297,Benjamin Tahirovic
2,381530,Jakov Medic
3,402666,Josip Sutalo
4,270829,Borna Sosa
5,484494,Anton Gaaei
6,401122,Kenneth Taylor
7,467715,Jorrel Hato
8,279425,Steven Bergwijn
9,139299,Branco van den Boomen
10,34550,Remko Pasveer
11,89794,Steven Berghuis
12,404568,Brian Brobbey
13,400165,Devyne Rensch
14,415781,Kian Fitz-Jim
15,422802,Jay Gorter
16,454348,Julian Rijkhoff
17,408613,Sivert Mannsverk
18,468850,Carlos Forbs
19,400320,Ahmetcan Kaplan
20,122294,Chuba Akpom
21,68659,Jordan Henderson
22,462099,Mika Godts
23,76336,Samuel Sahin-Radlinger
24,453492,Milan Corryn
25,431023,Faïz Mattoir
26,296323,Thomas Robinet
27,357398,Théo Barbet
28,373555,Loïc Mbe Soh
29,455842,Yoann Cathline
30,475450,Jason van Duiven
31,484527,Nordin Bakker
32,484531,Joey Jacobs
33,484537,Stije Resink
34,484540,Jochem Ritmeester van de Kamp
35,497336,Joël van der Wilt
36,379734,Hamdi Akujobi
37,363872,Christopher Mamengi
38,303815,Damian van Bruggen
39,322157,Sherel Floranus
40,344124,Danny Post
41,42947,Rajiv van La Parra
42,122130,Álvaro Peña
43,392651,Adi Nalic
44,395381,Kornelius Hansen
45,402120,Pascu
