,ID,Name
0,425958,Alec Van Hoorenbeeck
1,361838,Michal Sadílek
2,90235,Lars Unnerstall
3,307362,Alfons Sampsted
4,368289,Issam El Maach
5,484544,Younes Taha
6,405560,Daan Rots
7,406780,Max Bruns
8,400059,Gijs Smal
9,402819,Mees Hilgers
10,427577,Youri Regeer
11,437387,Anass Salah-Eddine
12,445046,Naci Ünüvar
13,475579,Gijs Besselink
14,321910,Carel Eiting
15,322149,Michel Vlap
16,357081,Myron Boadu
17,361794,Sem Steijn
18,108935,Robin Pröpper
19,301423,Mitchell van Bergen
20,37344,Ricky van Wolfswinkel
21,34545,Przemyslaw Tyton
22,404777,Mathias Kjølø
23,345769,Oskar Buur
24,446987,Axel Guessand
25,436119,Mio Backhaus
26,409052,Benaissa Benamar
27,240878,Robert Mühren
28,425605,Xavier Mbuyamba
29,444713,Brian Plat
30,444714,Damon Mirani
31,444716,Imran Nazih
32,444720,Barry Lauwers
33,445056,Calvin Twigt
34,445057,Achraf Douiri
35,498896,Milan de Haan
36,457258,Luke Le Roux
37,460178,Darius Johnson
38,445058,Josh Flint
39,383604,George Cox
40,444718,Kayne van Oevelen
41,497066,Quincy Hoeve
42,455668,Vivaldo Semedo
43,516436,Safouane Karim
44,525582,Caner Demircioglu
