,ID,Name
0,143815,Anas Tahiri
1,399512,Loizos Loizou
2,323531,Mats Köhlert
3,363248,Ion Nicolaescu
4,379599,Ché Nunnely
5,238897,Pelle van Amersfoort
6,252239,Andries Noppert
7,296543,Jan Bekkema
8,121834,Mickey van der Hart
9,124274,Sven van Beek
10,124380,Thom Haye
11,497178,Espen van Ee
12,409160,Syb van Ottele
13,422643,Djenahro Nunumete
14,497179,Oliver Braude
15,366886,Osame Sahraoui
16,142376,Pawel Bochniewicz
17,327724,Simon Olsson
18,406536,Hussein Ali Haidar
19,430295,Charlie Webster
20,436158,Daniel Karlsbakk
21,422634,Luuk Brouwers
22,399620,Patrik Wålemark
23,515829,Anis Hadj Moussa
24,409126,Dominik Oroz
25,486769,Amine Boutrah
26,285933,Markus Schubert
27,313385,Carlens Arcus
28,352844,Thomas Buitink
29,379707,Melle Meulensteen
30,400282,Daan Huisman
31,401021,Enzo Cornelisse
32,414485,Giovanni van Zwam
33,422909,Ramon Hendriks
34,429928,Gyan de Regt
35,85470,Marco van Ginkel
36,510533,Andy Visser
37,412349,Kacper Kozlowski
38,322776,Michael Pinto
39,484842,Adrian Mazilu
40,363704,Toni Domgjoni
41,413783,Paxten Aaronson
42,67114,Eloy Room
43,498903,Tom Bramel
