,ID,Name
0,328432,Siebe Horemans
1,420300,Cisse Sandra
2,373556,Arthur Zagré
3,308754,Lazaros Lamprou
4,400009,Couhaib Driouech
5,363875,Kenzo Goudmijn
6,100608,Mike van Duinen
7,123554,Sven Nieuwpoort
8,444619,Stijn van Gassel
9,444620,Redouan El Yaakoubi
10,444623,Julian Baas
11,444625,Pascal Kuiper
12,444738,Noah Naujoks
13,454518,Derensili Sanches Fernandes
14,484536,Lance Duijvestijn
15,512230,Siem de Moes
16,423949,Mimeirhel Benita
17,429615,Casper Widell
18,485370,Oscar Uddenäs
19,494671,Richie Omorowa
20,384064,Troy Parrott
21,401137,Bryan Limbombe
22,450923,Brian De Keersmaecker
23,401250,Jannes Wieckhoff
24,225522,Mario Engels
25,484548,Lasse Wehmeyer
26,299511,Jordy Bruijn
27,312702,Justin Hoogma
28,67063,Marko Vejinovic
29,69789,Kelvin Leerdam
30,94885,Jetro Willems
31,96581,Thomas Bruns
32,116684,Michael Brouwer
33,414250,Mohamed Sankoh
34,433912,Timo Jansink
35,433913,Sem Scheperman
36,379686,Ruben Roosken
37,379728,Navajo Bakboord
38,382581,Fabian de Keijzer
39,484547,Diego van Oorschot
40,403097,Fredrik Oppegård
41,333365,Ajdin Hrustic
