,ID,Name
0,255946,Dario Van den Buijs
1,127137,Zakaria Bakkali
2,400278,Thierry Lutonda
3,450984,Ilias Takidine
4,469502,Chris Lokesa
5,400545,Shawn Adewoye
6,446984,Daouda Weidmann
7,432167,Mark Spenkelink
8,444674,Kevin Felida
9,400279,David Min
10,141965,Jeroen Houwen
11,31238,Aaron Meijers
12,40342,Michiel Kramer
13,80881,Jeffrey Bruma
14,104982,Mats Seuntjens
15,289015,Julian Lelieveld
16,322182,Reuven Niemeijer
17,357080,Godfried Roemeratoe
18,369048,Richonell Margaret
19,379705,Etienne Vaessen
20,380663,Patrick Vroegh
21,387172,Denilho Cleonise
22,389411,Yassin Oukili
23,399311,Filip Krastev
24,259930,Younes Namli
25,104906,Thomas Lam
26,84195,Lennart Thy
27,361777,Lennart Czyborra
28,82029,Apostolos Vellios
29,333527,Odysseus Velanas
30,431253,Damian van der Haar
31,490379,Anouar El Azzouzi
32,513251,Teun Gijselhart
33,400823,Davy van den Berg
34,415772,Zico Buurmeester
35,20831,Kenneth Vermeer
36,34108,Bram van Polen
37,361778,Silvester van der Water
38,362467,Jasper Schendelaar
39,365152,Eliano Reijnders
40,380731,Sam Kersten
41,317693,Mike Hauptmeijer
42,424502,Anselmo MacNulty
43,354027,Anthony Fontana
