,ID,Name
0,22300,Lasse Schöne
1,424808,Mathias Ross
2,430309,Brayann Pereira
3,487049,Koki Ogawa
4,497708,Kodai Sano
5,506727,D'Leanu Arts
6,431307,Nils Rossen
7,429380,Rijk Janse
8,348644,Sylla Sow
9,37502,Tjaronn Chery
10,77422,Bram Nuytinck
11,90811,Jasper Cillessen
12,271086,Calvin Verdonk
13,389945,Sontje Hansen
14,422801,Youri Baas
15,422806,Dirk Proper
16,422814,Robin Roefs
17,335725,Lars Olden Larsen
18,351532,Mees Hoedemakers
19,365712,Rober
20,379701,Ramiz Zerrouki
21,384574,Gernot Trauner
22,436553,Igor Paixão
23,298710,Luka Ivanusec
24,404200,Ondrej Lingr
25,484175,Yankuba Minteh
26,121821,Timon Wellenreuther
27,133390,Alireza Jahanbakhsh
28,377288,Ayase Ueda
29,444719,Givairo Read
30,450767,Mikki van Sas
31,436114,Thomas Beelen
32,302709,Justin Bijlow
33,328987,Calvin Stengs
34,345441,Lutsharel Geertruida
35,361695,Thomas van den Belt
36,362779,Dávid Hancko
37,468119,Leo Sauer
38,371042,Marcos López
