,ID,Name
0,404077,Thibo Baeten
1,444781,Xander Blomme
2,484558,Jakob Breum
3,288859,Gerrit Nauber
4,388033,Willum Willumsson
5,400173,Jamal Amofa
6,34171,Erwin Mulder
7,134722,Bas Kuipers
8,276442,Joris Kramer
9,322159,Finn Stokkers
10,355961,Evert Linthorst
11,379703,Jeffrey de Lange
12,382238,Bobby Adekanye
13,444782,Pim Saathof
14,445055,Dean James
15,411691,Enric Llansana
16,422633,Mats Deijl
17,422781,Luca Everink
18,431651,Nando Verdoni
19,383616,Oliver Edvardsen
20,470692,Victor Edvardsen
21,444349,Søren Tengstedt
22,81523,Mathew Ryan
23,485376,Ibrahim Sadiq
24,330514,Vangelis Pavlidis
25,379783,Yukinari Sugawara
26,383560,Sven Mijnans
27,353695,Dani de Wit
28,90834,Hobie Verhulst
29,133959,Riechedly Bazoer
30,444717,Lequincio Zeefuik
31,445049,Lewis Schouten
32,422737,Ernest Poku
33,422867,Mees de Wit
34,432172,Denso Kasius
35,434318,Maxim Dekker
36,438484,Myron van Brederode
37,497707,Dave Kwakman
38,472183,Wouter Goes
39,484652,Ruben van Bommel
40,422248,Alexandre Penetra
41,408824,Tiago Dantas
42,415341,David Møller Wolfe
43,470735,Rome-Jayden Owusu-Oduro
44,439447,Kristijan Belic
