,ID,Name
0,487102,Mouhamed Belkheir
1,399960,Siemen Voet
2,396058,Rodrigo Guth
3,413273,Remy Vita
4,421892,Loreintz Rosier
5,430765,Sadik Fofana
6,79755,Dimitrios Siovas
7,456703,Iman Griffith
8,115574,Mitchell Dijks
9,379762,Justin Lonwijk
10,290832,Alessio da Cruz
11,301457,Luuk Koopmans
12,422635,Ragnar Oratmangoen
13,400056,Nathangelo Markelo
14,70598,Ivo Pinto
15,344201,Iñigo Córdoba
16,140902,Kristoffer Peterson
17,368266,Tom Hendriks
18,410088,Jayden Braaf
19,525774,Ramazan Bayram
20,525775,Daan Bisschops
21,527097,Sjors-Lowis Hermsen
22,130304,Walter Benítez
23,427824,Johan Bakayoko
24,98101,André Ramalho
25,346767,Mauro Júnior
26,260809,Olivier Boscagli
27,369970,Armel Bella-Kotchap
28,318511,Hirving Lozano
29,404776,Ismael Saibari
30,404225,Shurandy Sambo
31,382556,Joey Veerman
32,462233,Niek Schiks
33,322148,Guus Til
34,331555,Jerdy Schouten
35,345333,Armando Obispo
36,361839,Jordan Teze
37,68585,Luuk de Jong
38,78221,Patrick van Aanholt
39,275012,Joël Drommel
40,377466,Ricardo Pepi
41,386631,Richard Ledezma
42,397465,Malik Tillman
