,ID,Name
0,456590,Garang Kuol
1,345769,Oskar Buur
2,436119,Mio Backhaus
3,409052,Benaissa Benamar
4,498896,Milan de Haan
5,445056,Calvin Twigt
6,444714,Damon Mirani
7,240878,Robert Mühren
8,148512,Bilal Ould-Chikh
9,444717,Lequincio Zeefuik
10,444715,Ibrahim El Kadiri
11,444720,Barry Lauwers
12,445057,Achraf Douiri
13,460498,Déron Payne
14,504312,Bram van Driel
15,444713,Brian Plat
16,498822,Zach Booth
17,460178,Darius Johnson
18,383604,George Cox
19,445058,Josh Flint
20,444718,Kayne van Oevelen
21,497066,Quincy Hoeve
22,343347,Arno Verschueren
23,382494,Charles-Andreas Brym
24,379712,Saïd Bakari
25,422872,Djevencio van der Kust
26,404192,Tijs Velthuis
27,44145,Bart Vriends
28,243916,Nick Olij
29,506930,Hamza El Dahri
30,285951,Delano van Crooij
31,504367,Jesse Bal
32,229520,Django Warmerdam
33,379764,Youri Schoonderwaldt
34,427851,Rick Meissen
35,491398,Camiel Neghli
36,19087,Jonathan de Guzmán
37,460754,Dylan van Wageningen
38,276756,Tobias Lauritsen
39,349199,Joshua Kitolano
40,486947,Augustin Anello
41,433577,Metinho
