,ID,Name
0,362459,Othmane Boussaid
1,403644,Victor Jensen
2,425341,Oscar Fraulo
3,375327,Modibo Sagnan
4,394998,Can Bozdogan
5,135954,Vasilios Barkas
6,429514,Zidane Iqbal
7,83337,Zakaria Labyad
8,422805,Souffian El Karouani
9,104982,Mats Seuntjens
10,261082,Bart Ramselaar
11,97367,Mattijs Branderhorst
12,39726,Mark van der Maarel
13,70906,Nick Viergever
14,502428,Yannick Leliendal
15,101605,Mike van der Hoorn
16,256971,Hidde ter Avest
17,82401,Jens Toornstra
18,382593,Marouan Azarkan
19,397893,Hugo Novoa
20,284451,Isac Lidberg
21,444675,Taylor Booth
22,444737,Ryan Flamingo
23,328432,Siebe Horemans
24,420300,Cisse Sandra
25,373556,Arthur Zagré
26,308754,Lazaros Lamprou
27,444619,Stijn van Gassel
28,123554,Sven Nieuwpoort
29,400009,Couhaib Driouech
30,444623,Julian Baas
31,415781,Kian Fitz-Jim
32,139666,Norbert Alblas
33,444738,Noah Naujoks
34,454518,Derensili Sanches Fernandes
35,410324,Ian Smeulers
36,423949,Mimeirhel Benita
37,445053,Nikolas Agrafiotis
38,429615,Casper Widell
39,494671,Richie Omorowa
40,485370,Oscar Uddenäs
41,384064,Troy Parrott
