,ID,Name
0,130304,Walter Benítez
1,408059,Yorbe Vertessen
2,427824,Johan Bakayoko
3,98101,André Ramalho
4,260809,Olivier Boscagli
5,318511,Hirving Lozano
6,404776,Ismael Saibari
7,404225,Shurandy Sambo
8,26916,Boy Waterman
9,361839,Jordan Teze
10,322148,Guus Til
11,78221,Patrick van Aanholt
12,275012,Joël Drommel
13,68585,Luuk de Jong
14,331555,Jerdy Schouten
15,382556,Joey Veerman
16,379205,Sergiño Dest
17,397465,Malik Tillman
18,377466,Ricardo Pepi
19,259930,Younes Namli
20,104906,Thomas Lam
21,84195,Lennart Thy
22,484551,Luis Görlich
23,333527,Odysseus Velanas
24,82029,Apostolos Vellios
25,400823,Davy van den Berg
26,365152,Eliano Reijnders
27,34108,Bram van Polen
28,380731,Sam Kersten
29,415772,Zico Buurmeester
30,20831,Kenneth Vermeer
31,317693,Mike Hauptmeijer
32,379596,Dean Huiberts
33,490379,Anouar El Azzouzi
34,351310,Ferdy Druijf
35,362467,Jasper Schendelaar
36,137327,Ryan Thomas
37,423109,Nico Serrano
38,424502,Anselmo MacNulty
39,354027,Anthony Fontana
