,ID,Name
0,379701,Ramiz Zerrouki
1,384574,Gernot Trauner
2,436553,Igor Paixão
3,298710,Luka Ivanusec
4,404200,Ondrej Lingr
5,121821,Timon Wellenreuther
6,68850,Kostas Lamprou
7,133390,Alireza Jahanbakhsh
8,377288,Ayase Ueda
9,445061,Santiago Giménez
10,328987,Calvin Stengs
11,361695,Thomas van den Belt
12,444739,Quilindschy Hartman
13,345441,Lutsharel Geertruida
14,411078,Quinten Timber
15,445059,Mats Wieffer
16,302709,Justin Bijlow
17,422921,Antoni Milambo
18,436114,Thomas Beelen
19,363083,Javairô Dilrosun
20,468119,Leo Sauer
21,362779,Dávid Hancko
22,371042,Marcos López
23,81523,Mathew Ryan
24,362553,Jens Odgaard
25,485376,Ibrahim Sadiq
26,330514,Vangelis Pavlidis
27,379783,Yukinari Sugawara
28,133959,Riechedly Bazoer
29,353695,Dani de Wit
30,484652,Ruben van Bommel
31,433950,Mexx Meerdink
32,383560,Sven Mijnans
33,90802,Jordy Clasie
34,363875,Kenzo Goudmijn
35,438484,Myron van Brederode
36,90834,Hobie Verhulst
37,422737,Ernest Poku
38,472183,Wouter Goes
39,90810,Bruno Martins Indi
40,432172,Denso Kasius
41,408824,Tiago Dantas
42,422248,Alexandre Penetra
43,334726,Djordje Mihailovic
44,415341,David Møller Wolfe
45,470735,Rome-Jayden Owusu-Oduro
