,ID,Name
0,76336,Samuel Sahin-Radlinger
1,438662,Yann Kitala
2,373555,Loïc Mbe Soh
3,296323,Thomas Robinet
4,484540,Jochem Ritmeester van de Kamp
5,42947,Rajiv van La Parra
6,408102,Peer Koopmeiners
7,484537,Stije Resink
8,484527,Nordin Bakker
9,303815,Damian van Bruggen
10,484531,Joey Jacobs
11,484539,Marcelencio Esajas
12,484536,Lance Duijvestijn
13,344124,Danny Post
14,322157,Sherel Floranus
15,484542,Jeffry Puriël
16,363872,Christopher Mamengi
17,426506,Stijn Keller
18,484534,Manel Royo
19,122130,Álvaro Peña
20,395381,Kornelius Normann Hansen
21,402120,Pascu
22,451208,Bradly van Hoeven
23,460297,Benjamin Tahirovic
24,381530,Jakov Medic
25,270829,Borna Sosa
26,402666,Josip Sutalo
27,484494,Anton Gaaei
28,389020,Georges Mikautadze
29,424248,Kristian Hlynsson
30,89794,Steven Berghuis
31,401122,Kenneth Taylor
32,400165,Devyne Rensch
33,423955,Charlie Setford
34,422800,Ar'Jany Martha
35,34550,Remko Pasveer
36,454338,Tristan Gooijer
37,279425,Steven Bergwijn
38,467715,Jorrel Hato
39,468850,Carlos Forbs
40,122294,Chuba Akpom
41,373154,Diant Ramaj
42,404568,Brian Brobbey
43,391592,Gastón Ávila
44,462099,Mika Godts
