,ID,Name
0,22300,Lasse Schöne
1,422807,Magnus Mattsson
2,424808,Mathias Ross
3,430309,Brayann Pereira
4,487049,Koki Ogawa
5,475668,Daan Maas
6,429380,Rijk Janse
7,422810,Elayis Tavsan
8,422814,Robin Roefs
9,389945,Sontje Hansen
10,422801,Youri Baas
11,422804,Bart van Rooij
12,77422,Bram Nuytinck
13,90811,Jasper Cillessen
14,271086,Calvin Verdonk
15,335725,Lars Olden Larsen
16,367813,Pedro Marques
17,497050,Selim Sönmez
18,431307,Nils Rossen
19,351532,Mees Hoedemakers
20,365712,Rober
21,328432,Siebe Horemans
22,373556,Arthur Zagre
23,308754,Lazaros Lamprou
24,100608,Mike van Duinen
25,123554,Sven Nieuwpoort
26,139666,Norbert Alblas
27,454518,Derensili Sanches Fernandes
28,400009,Couhaib Driouech
29,422920,Lennard Hartjes
30,423949,Mimeirhel Benita
31,444619,Stijn van Gassel
32,444620,Redouan El Yaakoubi
33,444623,Julian Baas
34,444624,Serano Seymor
35,444625,Pascal Kuiper
36,444738,Noah Naujoks
37,445053,Nikolas Agrafiotis
38,429615,Casper Widell
39,485370,Oscar Uddenäs
40,494671,Richie Omorowa
