,ID,Name
0,76336,Samuel Sahin-Radlinger
1,453492,Milan Corryn
2,431023,Faïz Mattoir
3,296323,Thomas Robinet
4,455842,Yoann Cathline
5,357398,Théo Barbet
6,373555,Loïc Mbe Soh
7,303815,Damian van Bruggen
8,322157,Sherel Floranus
9,408102,Peer Koopmeiners
10,379734,Hamdi Akujobi
11,42947,Rajiv van La Parra
12,132603,Agil Etemadi
13,475450,Jason van Duiven
14,484527,Nordin Bakker
15,484531,Joey Jacobs
16,484537,Stije Resink
17,484540,Jochem Ritmeester van de Kamp
18,497336,Joël van der Wilt
19,122130,Álvaro Peña
20,392651,Adi Nalic
21,395381,Kornelius Hansen
22,402120,Pascu
23,343347,Arno Verschueren
24,382494,Charles-Andreas Brym
25,379712,Saïd Bakari
26,444484,Koki Saito
27,513252,Shunsuke Mito
28,491398,Camiel Neghli
29,506930,Hamza El Dahri
30,379764,Youri Schoonderwaldt
31,279173,Pelle Clement
32,444483,Mike Eerdhuijzen
33,404192,Tijs Velthuis
34,422872,Djevencio van der Kust
35,427851,Rick Meissen
36,19087,Jonathan de Guzmán
37,44145,Bart Vriends
38,243916,Nick Olij
39,276756,Tobias Lauritsen
40,485935,Sergi Rosanas
41,489319,Kaylen Reitmaier
42,475142,Rayvien Rosario
43,433577,Metinho
