,ID,Name
0,81523,Mathew Ryan
1,362553,Jens Odgaard
2,300755,Pantelis Hatzidiakos
3,330514,Vangelis Pavlidis
4,379783,Yukinari Sugawara
5,383560,Sven Mijnans
6,353695,Dani de Wit
7,470734,Daniël Deen
8,484652,Ruben van Bommel
9,363875,Kenzo Goudmijn
10,90802,Jordy Clasie
11,90834,Hobie Verhulst
12,133959,Riechedly Bazoer
13,422737,Ernest Poku
14,432172,Denso Kasius
15,422248,Alexandre Penetra
16,444780,Mayckel Lahdo
17,334726,Djordje Mihailovic
18,415341,David Møller Wolfe
19,404077,Thibo Baeten
20,422636,Philippe Rommens
21,444781,Xander Blomme
22,484558,Jakob Breum
23,288859,Gerrit Nauber
24,388033,Willum Willumsson
25,34171,Erwin Mulder
26,134722,Bas Kuipers
27,276442,Joris Kramer
28,400173,Jamal Amofa
29,348644,Sylla Sow
30,355961,Evert Linthorst
31,379703,Jeffrey de Lange
32,382238,Bobby Adekanye
33,444782,Pim Saathof
34,426002,Sven Jansen
35,422633,Mats Deijl
36,470692,Victor Edvardsen
37,383616,Oliver Edvardsen
38,472963,Darío Serra
39,445055,Dean James
40,411691,Enric Llansana
