,ID,Name
0,130304,Walter Benítez
1,427824,Johan Bakayoko
2,346767,Mauro Júnior
3,98101,André Ramalho
4,260809,Olivier Boscagli
5,369970,Armel Bella-Kotchap
6,318511,Hirving Lozano
7,322148,Guus Til
8,331555,Jerdy Schouten
9,345333,Armando Obispo
10,275012,Joël Drommel
11,26916,Boy Waterman
12,68585,Luuk de Jong
13,78221,Patrick van Aanholt
14,361839,Jordan Teze
15,404225,Shurandy Sambo
16,382556,Joey Veerman
17,481080,Tygo Land
18,397465,Malik Tillman
19,379205,Sergiño Dest
20,509874,Jesper Uneken
21,515829,Anis Hadj Moussa
22,409126,Dominik Oroz
23,89947,Nicolas Isimat-Mirin
24,486769,Amine Boutrah
25,285933,Markus Schubert
26,313385,Carlens Arcus
27,352844,Thomas Buitink
28,379707,Melle Meulensteen
29,400282,Daan Huisman
30,401021,Enzo Cornelisse
31,414485,Giovanni van Zwam
32,422909,Ramon Hendriks
33,429928,Gyan de Regt
34,444159,Mathijs Tielemans
35,510533,Andy Visser
36,412349,Kacper Kozlowski
37,322776,Michael Pinto
38,484842,Adrian Mazilu
39,446949,Joel Voelkerling Persson
40,363704,Toni Domgjoni
41,413783,Paxten Aaronson
42,498903,Tom Bramel
43,67114,Eloy Room
