,ID,Name
0,379701,Ramiz Zerrouki
1,436553,Igor Paixão
2,121821,Timon Wellenreuther
3,68850,Kostas Lamprou
4,133390,Alireza Jahanbakhsh
5,377288,Ayase Ueda
6,445061,Santiago Giménez
7,444739,Quilindschy Hartman
8,445059,Mats Wieffer
9,411078,Quinten Timber
10,422909,Ramon Hendriks
11,436114,Thomas Beelen
12,297527,Bart Nieuwkoop
13,302709,Justin Bijlow
14,328987,Calvin Stengs
15,345441,Lutsharel Geertruida
16,361695,Thomas van den Belt
17,363083,Javairô Dilrosun
18,357133,Marcus Pedersen
19,468119,Leo Sauer
20,362779,Dávid Hancko
21,484175,Yankuba Minteh
22,371042,Marcos López
23,436591,Milan Robberechts
24,396058,Rodrigo Guth
25,120151,Alen Halilovic
26,401043,Ivor Pandur
27,410086,Stipe Radic
28,413273,Remy Vita
29,421892,Loreintz Rosier
30,294844,Arianit Ferati
31,430765,Sadik Fofana
32,79755,Dimitrios Siovas
33,288873,Paul Gladon
34,115574,Mitchell Dijks
35,301457,Luuk Koopmans
36,328549,Deroy Duarte
37,423863,Tijjani Noslin
38,400056,Nathangelo Markelo
39,70598,Ivo Pinto
40,344201,Iñigo Córdoba
41,107077,Oguzhan Özyakup
42,368266,Tom Hendriks
43,437062,Tunahan Tasci
44,487102,Menaour Belkheir
