,ID,Name
0,92590,Anthony Limbombe
1,453492,Milan Corryn
2,296323,Thomas Robinet
3,357398,Théo Barbet
4,42947,Rajiv van La Parra
5,484536,Lance Duijvestijn
6,484537,Stije Resink
7,484539,Marcelencio Esajas
8,484540,Jochem Ritmeester van de Kamp
9,484542,Jeffry Puriël
10,379734,Hamdi Akujobi
11,391049,Thomas Poll
12,303815,Damian van Bruggen
13,322157,Sherel Floranus
14,344124,Danny Post
15,484527,Nordin Bakker
16,484531,Joey Jacobs
17,408102,Peer Koopmeiners
18,426506,Stijn Keller
19,122130,Álvaro Peña
20,484534,Manel Royo
21,402120,Pascu
22,497336,Joël van der Wilt
23,422782,Manfred Ugalde
24,361838,Michal Sadílek
25,90235,Lars Unnerstall
26,307362,Alfons Sampsted
27,368289,Issam El Maach
28,484544,Younes Taha
29,37344,Ricky van Wolfswinkel
30,427577,Youri Regeer
31,445046,Naci Ünüvar
32,475578,Mats Rots
33,402819,Mees Hilgers
34,322149,Michel Vlap
35,361794,Sem Steijn
36,405560,Daan Rots
37,406780,Max Bruns
38,108935,Robin Pröpper
39,119741,Joshua Brenet
40,34545,Przemyslaw Tyton
41,404777,Mathias Kjølø
42,475579,Gijs Besselink
43,478021,Juliën Mesbahi
