,ID,Name
0,81523,Mathew Ryan
1,485376,Ibrahim Sadiq
2,330514,Vangelis Pavlidis
3,379783,Yukinari Sugawara
4,383560,Sven Mijnans
5,90802,Jordy Clasie
6,90834,Hobie Verhulst
7,133959,Riechedly Bazoer
8,353695,Dani de Wit
9,472183,Wouter Goes
10,484652,Ruben van Bommel
11,422867,Mees de Wit
12,434318,Maxim Dekker
13,438484,Myron van Brederode
14,445049,Lewis Schouten
15,497707,Dave Kwakman
16,510581,Jayden Addai
17,422248,Alexandre Penetra
18,408824,Tiago Dantas
19,415341,David Møller Wolfe
20,470735,Rome-Jayden Owusu-Oduro
21,255946,Dario Van den Buijs
22,127137,Zakaria Bakkali
23,400278,Thierry Lutonda
24,400545,Shawn Adewoye
25,469502,Chris Lokesa
26,31238,Aaron Meijers
27,40342,Michiel Kramer
28,80881,Jeffrey Bruma
29,104982,Mats Seuntjens
30,141965,Jeroen Houwen
31,387172,Denilho Cleonise
32,389411,Yassin Oukili
33,289015,Julian Lelieveld
34,322182,Reuven Niemeijer
35,357080,Godfried Roemeratoe
36,369048,Richonell Margaret
37,379705,Etienne Vaessen
38,379706,Juriën Gaari
39,380663,Patrick Vroegh
40,432167,Mark Spenkelink
41,444674,Kevin Felida
42,400279,David Min
43,383865,Filip Stevanovic
