,ID,Name
0,425958,Alec Van Hoorenbeeck
1,422782,Manfred Ugalde
2,90235,Lars Unnerstall
3,307362,Alfons Sampsted
4,368289,Issam El Maach
5,484544,Younes Taha
6,475579,Gijs Besselink
7,301423,Mitchell van Bergen
8,361794,Sem Steijn
9,405560,Daan Rots
10,321910,Carel Eiting
11,445046,Naci Ünüvar
12,400059,Gijs Smal
13,402819,Mees Hilgers
14,108935,Robin Pröpper
15,119741,Joshua Brenet
16,322149,Michel Vlap
17,427577,Youri Regeer
18,37344,Ricky van Wolfswinkel
19,406780,Max Bruns
20,34545,Przemyslaw Tyton
21,404777,Mathias Kjølø
22,362553,Jens Odgaard
23,485376,Ibrahim Sadiq
24,330514,Vangelis Pavlidis
25,434318,Maxim Dekker
26,422737,Ernest Poku
27,472183,Wouter Goes
28,445049,Lewis Schouten
29,449304,Tristan Kuijsten
30,133959,Riechedly Bazoer
31,433950,Mexx Meerdink
32,510581,Jayden Addai
33,432172,Denso Kasius
34,90810,Bruno Martins Indi
35,438484,Myron van Brederode
36,90802,Jordy Clasie
37,353695,Dani de Wit
38,484652,Ruben van Bommel
39,422248,Alexandre Penetra
40,408824,Tiago Dantas
41,444780,Mayckel Lahdo
42,415341,David Møller Wolfe
43,512332,Kiyani Zeggen
44,470735,Rome-Jayden Owusu-Oduro
