,ID,Name
0,259930,Younes Namli
1,104906,Thomas Lam
2,484551,Luis Görlich
3,84195,Lennart Thy
4,333527,Odysseus Velanas
5,82029,Apostolos Vellios
6,365152,Eliano Reijnders
7,379596,Dean Huiberts
8,489995,Mohamed Oukhattou
9,513251,Teun Gijselhart
10,489992,Nick Fichtinger
11,317693,Mike Hauptmeijer
12,20831,Kenneth Vermeer
13,400823,Davy van den Berg
14,490379,Anouar El Azzouzi
15,351310,Ferdy Druijf
16,380731,Sam Kersten
17,431253,Damian van der Haar
18,362467,Jasper Schendelaar
19,34108,Bram van Polen
20,514471,Dylan Ruward
21,494145,Divaio Bobson
22,143815,Anas Tahiri
23,323531,Mats Köhlert
24,252239,Andries Noppert
25,124274,Sven van Beek
26,124380,Thom Haye
27,238897,Pelle van Amersfoort
28,409160,Syb van Ottele
29,422643,Djenahro Nunumete
30,497178,Espen van Ee
31,379599,Ché Nunnely
32,296543,Jan Bekkema
33,387720,Denzel Hall
34,121834,Mickey van der Hart
35,497179,Oliver Braude
36,366886,Osame Sahraoui
37,142376,Pawel Bochniewicz
38,327724,Simon Olsson
39,430295,Charlie Webster
40,436158,Daniel Karlsbakk
41,399620,Patrik Wålemark
42,422634,Luuk Brouwers
