,ID,Name
0,130304,Walter Benítez
1,427824,Johan Bakayoko
2,408059,Yorbe Vertessen
3,346767,Mauro Júnior
4,98101,André Ramalho
5,260809,Olivier Boscagli
6,354283,Noa Lang
7,68585,Luuk de Jong
8,361839,Jordan Teze
9,322148,Guus Til
10,382556,Joey Veerman
11,331555,Jerdy Schouten
12,345333,Armando Obispo
13,26916,Boy Waterman
14,404225,Shurandy Sambo
15,78221,Patrick van Aanholt
16,489985,Isaac Babadi
17,275012,Joël Drommel
18,481080,Tygo Land
19,379205,Sergiño Dest
20,397465,Malik Tillman
21,377466,Ricardo Pepi
22,328432,Siebe Horemans
23,373556,Arthur Zagré
24,308754,Lazaros Lamprou
25,423949,Mimeirhel Benita
26,444620,Redouan El Yaakoubi
27,400009,Couhaib Driouech
28,444738,Noah Naujoks
29,444623,Julian Baas
30,363875,Kenzo Goudmijn
31,139666,Norbert Alblas
32,512230,Siem de Moes
33,410324,Ian Smeulers
34,123554,Sven Nieuwpoort
35,444619,Stijn van Gassel
36,454518,Derensili Sanches Fernandes
37,445053,Nikolas Agrafiotis
38,485370,Oscar Uddenäs
39,514475,Cedric Hatenboer
40,384064,Troy Parrott
