,ID,Name
0,487102,Mouhamed Belkheir
1,436591,Milan Robberechts
2,399960,Siemen Voet
3,396058,Rodrigo Guth
4,120151,Alen Halilovic
5,421892,Loreintz Rosier
6,413273,Remy Vita
7,430765,Sadik Fofana
8,294844,Arianit Ferati
9,79755,Dimitrios Siovas
10,301457,Luuk Koopmans
11,298805,Michael Verrips
12,400056,Nathangelo Markelo
13,115574,Mitchell Dijks
14,422635,Ragnar Oratmangoen
15,355134,Kaj Sierhuis
16,456703,Iman Griffith
17,70598,Ivo Pinto
18,407117,Marko Lazetic
19,344201,Iñigo Córdoba
20,140902,Kristoffer Peterson
21,107077,Oguzhan Özyakup
22,368266,Tom Hendriks
23,343347,Arno Verschueren
24,382494,Charles-Andreas Brym
25,513252,Shunsuke Mito
26,19087,Jonathan de Guzmán
27,504367,Jesse Bal
28,279173,Pelle Clement
29,243916,Nick Olij
30,229520,Django Warmerdam
31,422872,Djevencio van der Kust
32,404192,Tijs Velthuis
33,427851,Rick Meissen
34,444483,Mike Eerdhuijzen
35,379764,Youri Schoonderwaldt
36,285951,Delano van Crooij
37,506930,Hamza El Dahri
38,349199,Joshua Kitolano
39,276756,Tobias Lauritsen
40,485935,Sergi Rosanas
41,475142,Rayvien Rosario
42,433577,Metinho
