,ID,Name
0,401137,Bryan Limbombe
1,450923,Brian De Keersmaecker
2,484548,Lasse Wehmeyer
3,422763,Sven Sonnenberg
4,225522,Mario Engels
5,414250,Mohamed Sankoh
6,299511,Jordy Bruijn
7,433912,Timo Jansink
8,433913,Sem Scheperman
9,484547,Diego van Oorschot
10,67063,Marko Vejinovic
11,69789,Kelvin Leerdam
12,94885,Jetro Willems
13,116684,Michael Brouwer
14,349481,Jizz Hornkamp
15,379686,Ruben Roosken
16,379728,Navajo Bakboord
17,382581,Fabian de Keijzer
18,403097,Fredrik Oppegård
19,333365,Ajdin Hrustic
20,143815,Anas Tahiri
21,399512,Loizos Loizou
22,323531,Mats Köhlert
23,363248,Ion Nicolaescu
24,379599,Ché Nunnely
25,121834,Mickey van der Hart
26,124274,Sven van Beek
27,124380,Thom Haye
28,238897,Pelle van Amersfoort
29,252239,Andries Noppert
30,296543,Jan Bekkema
31,409160,Syb van Ottele
32,422643,Djenahro Nunumete
33,444621,Nathan Tjoe-A-On
34,497178,Espen van Ee
35,142376,Pawel Bochniewicz
36,406536,Hussein Ali Haidar
37,327724,Simon Olsson
38,430295,Charlie Webster
39,422634,Luuk Brouwers
40,399620,Patrik Wålemark
