,ID,Name
0,487102,Mouhamed Belkheir
1,399960,Siemen Voet
2,120151,Alen Halilovic
3,413273,Remy Vita
4,421892,Loreintz Rosier
5,430765,Sadik Fofana
6,79755,Dimitrios Siovas
7,379762,Justin Lonwijk
8,456703,Iman Griffith
9,115574,Mitchell Dijks
10,290832,Alessio da Cruz
11,298805,Michael Verrips
12,301457,Luuk Koopmans
13,328549,Deroy Duarte
14,422635,Ragnar Oratmangoen
15,355134,Kaj Sierhuis
16,70598,Ivo Pinto
17,344201,Iñigo Córdoba
18,140902,Kristoffer Peterson
19,107077,Oguzhan Özyakup
20,368266,Tom Hendriks
21,410088,Jayden Braaf
22,379701,Ramiz Zerrouki
23,384574,Gernot Trauner
24,436553,Igor Paixão
25,298710,Luka Ivanusec
26,404200,Ondrej Lingr
27,484175,Yankuba Minteh
28,121821,Timon Wellenreuther
29,68850,Kostas Lamprou
30,133390,Alireza Jahanbakhsh
31,377288,Ayase Ueda
32,445061,Santiago Giménez
33,445059,Mats Wieffer
34,297527,Bart Nieuwkoop
35,411078,Quinten Timber
36,436114,Thomas Beelen
37,302709,Justin Bijlow
38,328987,Calvin Stengs
39,345441,Lutsharel Geertruida
40,361695,Thomas van den Belt
41,362779,Dávid Hancko
42,371042,Marcos López
