,ID,Name
0,424808,Mathias Ross
1,430309,Brayann Pereira
2,487049,Koki Ogawa
3,497708,Kodai Sano
4,506727,D'Leanu Arts
5,429380,Rijk Janse
6,348644,Sylla Sow
7,37502,Tjaronn Chery
8,77422,Bram Nuytinck
9,90811,Jasper Cillessen
10,271086,Calvin Verdonk
11,321959,Philippe Sandler
12,389945,Sontje Hansen
13,422801,Youri Baas
14,422806,Dirk Proper
15,422814,Robin Roefs
16,431307,Nils Rossen
17,335725,Lars Olden Larsen
18,351532,Mees Hoedemakers
19,365712,Rober
20,399311,Filip Krastev
21,259930,Younes Namli
22,104906,Thomas Lam
23,84195,Lennart Thy
24,361777,Lennart Czyborra
25,82029,Apostolos Vellios
26,333527,Odysseus Velanas
27,34108,Bram van Polen
28,317693,Mike Hauptmeijer
29,361778,Silvester van der Water
30,362467,Jasper Schendelaar
31,380731,Sam Kersten
32,431253,Damian van der Haar
33,484550,Duke Verduin
34,489995,Mohamed Oukhattou
35,490379,Anouar El Azzouzi
36,513251,Teun Gijselhart
37,424502,Anselmo MacNulty
38,354027,Anthony Fontana
