,ID,Name
0,125375,Gerónimo Rulli
1,460297,Benjamin Tahirovic
2,402666,Josip Sutalo
3,270829,Borna Sosa
4,381530,Jakov Medic
5,484494,Anton Gaaei
6,401122,Kenneth Taylor
7,467715,Jorrel Hato
8,400165,Devyne Rensch
9,279425,Steven Bergwijn
10,139299,Branco van den Boomen
11,34550,Remko Pasveer
12,404568,Brian Brobbey
13,415781,Kian Fitz-Jim
14,449303,Silvano Vos
15,454336,Tom de Graaff
16,454348,Julian Rijkhoff
17,408613,Sivert Mannsverk
18,468850,Carlos Forbs
19,400320,Ahmetcan Kaplan
20,122294,Chuba Akpom
21,462099,Mika Godts
22,425958,Alec Van Hoorenbeeck
23,90235,Lars Unnerstall
24,307362,Alfons Sampsted
25,368289,Issam El Maach
26,484544,Younes Taha
27,405560,Daan Rots
28,406780,Max Bruns
29,427577,Youri Regeer
30,437387,Anass Salah-Eddine
31,445046,Naci Ünüvar
32,475579,Gijs Besselink
33,400059,Gijs Smal
34,402819,Mees Hilgers
35,321910,Carel Eiting
36,322149,Michel Vlap
37,361794,Sem Steijn
38,108935,Robin Pröpper
39,301423,Mitchell van Bergen
40,37344,Ricky van Wolfswinkel
41,34545,Przemyslaw Tyton
42,404777,Mathias Kjølø
