,ID,Name
0,362459,Othmane Boussaid
1,402885,Anthony Descotte
2,403644,Victor Jensen
3,425341,Oscar Fraulo
4,394998,Can Bozdogan
5,135954,Vasilios Barkas
6,429514,Zidane Iqbal
7,422805,Souffian El Karouani
8,402852,Ole Romeny
9,256971,Hidde ter Avest
10,315574,Thijmen Nijhuis
11,328269,Sam Lammers
12,39726,Mark van der Maarel
13,70906,Nick Viergever
14,82401,Jens Toornstra
15,97367,Mattijs Branderhorst
16,512213,Joshua Mukeh
17,284451,Isac Lidberg
18,438303,Adrian Blake
19,444737,Ryan Flamingo
20,520952,Nazjir Held
21,404077,Thibo Baeten
22,444781,Xander Blomme
23,484558,Jakob Breum
24,288859,Gerrit Nauber
25,388033,Willum Willumsson
26,322159,Finn Stokkers
27,355961,Evert Linthorst
28,379703,Jeffrey de Lange
29,382238,Bobby Adekanye
30,34171,Erwin Mulder
31,134722,Bas Kuipers
32,276442,Joris Kramer
33,444782,Pim Saathof
34,445055,Dean James
35,411691,Enric Llansana
36,422633,Mats Deijl
37,422781,Luca Everink
38,426002,Sven Jansen
39,400173,Jamal Amofa
40,383616,Oliver Edvardsen
41,470692,Victor Edvardsen
42,444349,Søren Tengstedt
