,ID,Name
0,384574,Gernot Trauner
1,436553,Igor Paixão
2,298710,Luka Ivanusec
3,404200,Ondrej Lingr
4,121821,Timon Wellenreuther
5,68850,Kostas Lamprou
6,445061,Santiago Giménez
7,444739,Quilindschy Hartman
8,445059,Mats Wieffer
9,411078,Quinten Timber
10,422921,Antoni Milambo
11,436114,Thomas Beelen
12,297527,Bart Nieuwkoop
13,363083,Javairô Dilrosun
14,302709,Justin Bijlow
15,328987,Calvin Stengs
16,345441,Lutsharel Geertruida
17,361695,Thomas van den Belt
18,489979,Gjivai Zechiël
19,362779,Dávid Hancko
20,468119,Leo Sauer
21,371042,Marcos López
22,422807,Magnus Mattsson
23,424808,Mathias Ross
24,487049,Koki Ogawa
25,497708,Kodai Sano
26,418540,Yvandro Borges Sanches
27,422801,Youri Baas
28,422804,Bart van Rooij
29,422806,Dirk Proper
30,389945,Sontje Hansen
31,422814,Robin Roefs
32,77422,Bram Nuytinck
33,90811,Jasper Cillessen
34,271086,Calvin Verdonk
35,279429,Sai van Wermeskerken
36,321959,Philippe Sandler
37,429380,Rijk Janse
38,335725,Lars Olden Larsen
39,365712,Rober
