,ID,Name
0,456590,Garang Kuol
1,345769,Oskar Buur
2,436119,Mio Backhaus
3,409052,Benaissa Benamar
4,444714,Damon Mirani
5,425605,Xavier Mbuyamba
6,498896,Milan de Haan
7,445056,Calvin Twigt
8,240878,Robert Mühren
9,148512,Bilal Ould-Chikh
10,444717,Lequincio Zeefuik
11,444720,Barry Lauwers
12,445057,Achraf Douiri
13,444713,Brian Plat
14,504312,Bram van Driel
15,457258,Luke Le Roux
16,498822,Zach Booth
17,383604,George Cox
18,445058,Josh Flint
19,444718,Kayne van Oevelen
20,497066,Quincy Hoeve
21,514507,Mika van der Horst
22,76336,Samuel Sahin-Radlinger
23,453492,Milan Corryn
24,455842,Yoann Cathline
25,296323,Thomas Robinet
26,357398,Théo Barbet
27,438662,Yann Kitala
28,373555,Loïc Mbe Soh
29,484531,Joey Jacobs
30,484537,Stije Resink
31,408102,Peer Koopmeiners
32,322157,Sherel Floranus
33,42947,Rajiv van La Parra
34,344124,Danny Post
35,484539,Marcelencio Esajas
36,426506,Stijn Keller
37,379734,Hamdi Akujobi
38,484527,Nordin Bakker
39,303815,Damian van Bruggen
40,484540,Jochem Ritmeester van de Kamp
41,475450,Jason van Duiven
42,122130,Álvaro Peña
43,484534,Manel Royo
44,395381,Kornelius Normann Hansen
