,ID,Name
0,404077,Thibo Baeten
1,444781,Xander Blomme
2,422636,Philippe Rommens
3,484558,Jakob Breum
4,288859,Gerrit Nauber
5,388033,Willum Willumsson
6,355961,Evert Linthorst
7,400173,Jamal Amofa
8,382238,Bobby Adekanye
9,379703,Jeffrey de Lange
10,134722,Bas Kuipers
11,276442,Joris Kramer
12,422633,Mats Deijl
13,348644,Sylla Sow
14,411691,Enric Llansana
15,445055,Dean James
16,34171,Erwin Mulder
17,322159,Finn Stokkers
18,426002,Sven Jansen
19,422781,Luca Everink
20,444782,Pim Saathof
21,383616,Oliver Edvardsen
22,470692,Victor Edvardsen
23,125375,Gerónimo Rulli
24,460297,Benjamin Tahirovic
25,381530,Jakov Medic
26,270829,Borna Sosa
27,402666,Josip Sutalo
28,424248,Kristian Hlynsson
29,422802,Jay Gorter
30,422800,Ar'Jany Martha
31,415781,Kian Fitz-Jim
32,400165,Devyne Rensch
33,467715,Jorrel Hato
34,401122,Kenneth Taylor
35,89794,Steven Berghuis
36,279425,Steven Bergwijn
37,454338,Tristan Gooijer
38,467716,Gabriel Misehouy
39,454330,Julian Brandes
40,468850,Carlos Forbs
41,400320,Ahmetcan Kaplan
42,122294,Chuba Akpom
43,373154,Diant Ramaj
44,404568,Brian Brobbey
45,391592,Gastón Ávila
