,ID,Name
0,409126,Dominik Oroz
1,486769,Amine Boutrah
2,89947,Nicolas Isimat-Mirin
3,285933,Markus Schubert
4,85470,Marco van Ginkel
5,510533,Andy Visser
6,77429,Davy Pröpper
7,352844,Thomas Buitink
8,400281,Million Manhoef
9,444159,Mathijs Tielemans
10,401021,Enzo Cornelisse
11,422909,Ramon Hendriks
12,379707,Melle Meulensteen
13,429928,Gyan de Regt
14,414485,Giovanni van Zwam
15,412349,Kacper Kozlowski
16,322776,Michael Pinto
17,446949,Joel Voelkerling Persson
18,363704,Toni Domgjoni
19,497067,Mats Egbring
20,498903,Tom Bramel
21,67114,Eloy Room
22,362459,Othmane Boussaid
23,403644,Victor Jensen
24,467757,Silas Andersen
25,425341,Oscar Fraulo
26,375327,Modibo Sagnan
27,394998,Can Bozdogan
28,135954,Vasilios Barkas
29,422805,Souffian El Karouani
30,261082,Bart Ramselaar
31,328269,Sam Lammers
32,39726,Mark van der Maarel
33,82401,Jens Toornstra
34,70906,Nick Viergever
35,256971,Hidde ter Avest
36,402852,Ole Romeny
37,502428,Yannick Leliendal
38,97367,Mattijs Branderhorst
39,101605,Mike van der Hoorn
40,431330,Kevin Gadellaa
41,444675,Taylor Booth
42,438303,Adrian Blake
43,444737,Ryan Flamingo
