,ID,Name
0,422807,Magnus Mattsson
1,424808,Mathias Ross
2,22300,Lasse Schöne
3,497708,Kodai Sano
4,487049,Koki Ogawa
5,429380,Rijk Janse
6,279429,Sai van Wermeskerken
7,422814,Robin Roefs
8,422801,Youri Baas
9,90811,Jasper Cillessen
10,422804,Bart van Rooij
11,77422,Bram Nuytinck
12,271086,Calvin Verdonk
13,321959,Philippe Sandler
14,389945,Sontje Hansen
15,422806,Dirk Proper
16,422810,Elayis Tavsan
17,335725,Lars Olden Larsen
18,351532,Mees Hoedemakers
19,365712,Rober
20,487102,Mouhamed Belkheir
21,399960,Siemen Voet
22,436591,Milan Robberechts
23,396058,Rodrigo Guth
24,401043,Ivor Pandur
25,120151,Alen Halilovic
26,421892,Loreintz Rosier
27,413273,Remy Vita
28,430765,Sadik Fofana
29,294844,Arianit Ferati
30,79755,Dimitrios Siovas
31,328549,Deroy Duarte
32,423863,Tijjani Noslin
33,355134,Kaj Sierhuis
34,301457,Luuk Koopmans
35,422635,Ragnar Oratmangoen
36,456703,Iman Griffith
37,400056,Nathangelo Markelo
38,70598,Ivo Pinto
39,407117,Marko Lazetic
40,344201,Iñigo Córdoba
41,107077,Oguzhan Özyakup
42,368266,Tom Hendriks
