,ID,Name
0,401137,Bryan Limbombe
1,450923,Brian De Keersmaecker
2,422763,Sven Sonnenberg
3,225522,Mario Engels
4,433913,Sem Scheperman
5,484545,Stijn Bultman
6,299511,Jordy Bruijn
7,312702,Justin Hoogma
8,67063,Marko Vejinovic
9,69789,Kelvin Leerdam
10,94885,Jetro Willems
11,96581,Thomas Bruns
12,116684,Michael Brouwer
13,414250,Mohamed Sankoh
14,349481,Jizz Hornkamp
15,379686,Ruben Roosken
16,379728,Navajo Bakboord
17,380635,Robin Jalving
18,382581,Fabian de Keijzer
19,334533,Emil Hansson
20,403097,Fredrik Oppegård
21,333365,Ajdin Hrustic
22,404077,Thibo Baeten
23,444781,Xander Blomme
24,484558,Jakob Breum
25,288859,Gerrit Nauber
26,388033,Willum Willumsson
27,400173,Jamal Amofa
28,411691,Enric Llansana
29,422633,Mats Deijl
30,422781,Luca Everink
31,431651,Nando Verdoni
32,322159,Finn Stokkers
33,355961,Evert Linthorst
34,379703,Jeffrey de Lange
35,382238,Bobby Adekanye
36,34171,Erwin Mulder
37,134722,Bas Kuipers
38,276442,Joris Kramer
39,444782,Pim Saathof
40,445055,Dean James
41,383616,Oliver Edvardsen
42,470692,Victor Edvardsen
43,444349,Søren Tengstedt
