,ID,Name
0,328432,Siebe Horemans
1,308754,Lazaros Lamprou
2,139666,Norbert Alblas
3,444619,Stijn van Gassel
4,444620,Redouan El Yaakoubi
5,410324,Ian Smeulers
6,123554,Sven Nieuwpoort
7,400009,Couhaib Driouech
8,444738,Noah Naujoks
9,444623,Julian Baas
10,423949,Mimeirhel Benita
11,100608,Mike van Duinen
12,454518,Derensili Sanches Fernandes
13,415781,Kian Fitz-Jim
14,444625,Pascal Kuiper
15,445053,Nikolas Agrafiotis
16,485370,Oscar Uddenäs
17,494671,Richie Omorowa
18,429615,Casper Widell
19,512230,Siem de Moes
20,384064,Troy Parrott
21,422636,Philippe Rommens
22,404077,Thibo Baeten
23,444781,Xander Blomme
24,484558,Jakob Breum
25,288859,Gerrit Nauber
26,388033,Willum Willumsson
27,348644,Sylla Sow
28,445055,Dean James
29,34171,Erwin Mulder
30,355132,Rashaan Fernandes
31,426002,Sven Jansen
32,422781,Luca Everink
33,379703,Jeffrey de Lange
34,134722,Bas Kuipers
35,400173,Jamal Amofa
36,276442,Joris Kramer
37,422633,Mats Deijl
38,411691,Enric Llansana
39,355961,Evert Linthorst
40,383616,Oliver Edvardsen
41,470692,Victor Edvardsen
42,472963,Darío Serra
