,ID,Name
0,143815,Anas Tahiri
1,323531,Mats Köhlert
2,363248,Ion Nicolaescu
3,422643,Djenahro Nunumete
4,497178,Espen van Ee
5,296543,Jan Bekkema
6,409160,Syb van Ottele
7,379599,Ché Nunnely
8,238897,Pelle van Amersfoort
9,252239,Andries Noppert
10,124274,Sven van Beek
11,121834,Mickey van der Hart
12,387720,Denzel Hall
13,124380,Thom Haye
14,366886,Osame Sahraoui
15,497179,Oliver Braude
16,142376,Pawel Bochniewicz
17,406536,Hussein Ali
18,327724,Simon Olsson
19,430295,Charlie Webster
20,399620,Patrik Wålemark
21,436158,Daniel Karlsbakk
22,422634,Luuk Brouwers
23,456590,Garang Kuol
24,345769,Oskar Buur
25,259530,Robin Maulun
26,436119,Mio Backhaus
27,444714,Damon Mirani
28,504312,Bram van Driel
29,498896,Milan de Haan
30,444717,Lequincio Zeefuik
31,444720,Barry Lauwers
32,444715,Ibrahim El Kadiri
33,444716,Imran Nazih
34,444712,Billy van Duijl
35,445057,Achraf Douiri
36,425605,Xavier Mbuyamba
37,148512,Bilal Ould-Chikh
38,444713,Brian Plat
39,457258,Luke Le Roux
40,498822,Zach Booth
41,383604,George Cox
42,445058,Josh Flint
43,497066,Quincy Hoeve
44,444718,Kayne van Oevelen
45,475042,Rob Tol
