,ID,Name
0,362459,Othmane Boussaid
1,403644,Victor Jensen
2,425341,Oscar Fraulo
3,394998,Can Bozdogan
4,135954,Vasilios Barkas
5,429514,Zidane Iqbal
6,422805,Souffian El Karouani
7,256971,Hidde ter Avest
8,70906,Nick Viergever
9,502428,Yannick Leliendal
10,382593,Marouan Azarkan
11,39726,Mark van der Maarel
12,82401,Jens Toornstra
13,97367,Mattijs Branderhorst
14,411079,Calvin Raatsie
15,261082,Bart Ramselaar
16,402852,Ole Romeny
17,104982,Mats Seuntjens
18,444675,Taylor Booth
19,512213,Joshua Mukeh
20,444737,Ryan Flamingo
21,504849,Rickson van Hees
22,255946,Dario Van den Buijs
23,400278,Thierry Lutonda
24,400545,Shawn Adewoye
25,469502,Chris Lokesa
26,127137,Zakaria Bakkali
27,446984,Daouda Weidmann
28,401542,Raz Meir
29,31238,Aaron Meijers
30,379706,Juriën Gaari
31,379705,Etienne Vaessen
32,289015,Julian Lelieveld
33,380663,Patrick Vroegh
34,432167,Mark Spenkelink
35,444674,Kevin Felida
36,400279,David Min
37,369048,Richonell Margaret
38,141965,Jeroen Houwen
39,357080,Godfried Roemeratoe
40,322182,Reuven Niemeijer
41,389411,Yassin Oukili
42,387172,Denilho Cleonise
43,40342,Michiel Kramer
44,383865,Filip Stevanovic
