,ID,Name
0,130304,Walter Benítez
1,98101,André Ramalho
2,346767,Mauro Júnior
3,260809,Olivier Boscagli
4,318511,Hirving Lozano
5,404776,Ismael Saibari
6,361839,Jordan Teze
7,489985,Isaac Babadi
8,331555,Jerdy Schouten
9,68585,Luuk de Jong
10,78221,Patrick van Aanholt
11,275012,Joël Drommel
12,345333,Armando Obispo
13,404225,Shurandy Sambo
14,26916,Boy Waterman
15,382556,Joey Veerman
16,377466,Ricardo Pepi
17,379205,Sergiño Dest
18,397465,Malik Tillman
19,401137,Bryan Limbombe
20,450923,Brian De Keersmaecker
21,401250,Jannes Wieckhoff
22,422763,Sven Sonnenberg
23,349202,Anas Ouahim
24,225522,Mario Engels
25,312702,Justin Hoogma
26,116684,Michael Brouwer
27,484545,Stijn Bultman
28,379728,Navajo Bakboord
29,94885,Jetro Willems
30,67063,Marko Vejinovic
31,382581,Fabian de Keijzer
32,433913,Sem Scheperman
33,414250,Mohamed Sankoh
34,380635,Robin Jalving
35,96581,Thomas Bruns
36,379686,Ruben Roosken
37,299511,Jordy Bruijn
38,349481,Jizz Hornkamp
39,403097,Fredrik Oppegård
40,334533,Emil Hansson
41,333365,Ajdin Hrustic
