,ID,Name
0,328432,Siebe Horemans
1,420300,Cisse Sandra
2,308754,Lazaros Lamprou
3,423949,Mimeirhel Benita
4,512230,Siem de Moes
5,363875,Kenzo Goudmijn
6,400009,Couhaib Driouech
7,100608,Mike van Duinen
8,123554,Sven Nieuwpoort
9,139666,Norbert Alblas
10,444619,Stijn van Gassel
11,444623,Julian Baas
12,444738,Noah Naujoks
13,454518,Derensili Sanches Fernandes
14,484536,Lance Duijvestijn
15,485370,Oscar Uddenäs
16,494671,Richie Omorowa
17,429615,Casper Widell
18,518424,Jeremy Udenhout
19,255946,Dario Van den Buijs
20,400278,Thierry Lutonda
21,400545,Shawn Adewoye
22,450984,Ilias Takidine
23,469502,Chris Lokesa
24,446984,Daouda Weidmann
25,389411,Yassin Oukili
26,400279,David Min
27,432167,Mark Spenkelink
28,444674,Kevin Felida
29,289015,Julian Lelieveld
30,322182,Reuven Niemeijer
31,357080,Godfried Roemeratoe
32,369048,Richonell Margaret
33,379705,Etienne Vaessen
34,379706,Juriën Gaari
35,380663,Patrick Vroegh
36,31238,Aaron Meijers
37,40342,Michiel Kramer
38,80881,Jeffrey Bruma
39,104982,Mats Seuntjens
40,141965,Jeroen Houwen
41,383865,Filip Stevanovic
