,ID,Name
0,515829,Anis Hadj Moussa
1,409126,Dominik Oroz
2,89947,Nicolas Isimat-Mirin
3,486769,Amine Boutrah
4,285933,Markus Schubert
5,313385,Carlens Arcus
6,85470,Marco van Ginkel
7,352844,Thomas Buitink
8,400282,Daan Huisman
9,401021,Enzo Cornelisse
10,414485,Giovanni van Zwam
11,422909,Ramon Hendriks
12,429928,Gyan de Regt
13,433950,Mexx Meerdink
14,444159,Mathijs Tielemans
15,412349,Kacper Kozlowski
16,322776,Michael Pinto
17,484842,Adrian Mazilu
18,446949,Joel Voelkerling Persson
19,363704,Toni Domgjoni
20,413783,Paxten Aaronson
21,67114,Eloy Room
22,498903,Tom Bramel
23,76336,Samuel Sahin-Radlinger
24,453492,Milan Corryn
25,455842,Yoann Cathline
26,357398,Théo Barbet
27,438662,Yann Kitala
28,296323,Thomas Robinet
29,373555,Loïc Mbe Soh
30,379734,Hamdi Akujobi
31,303815,Damian van Bruggen
32,322157,Sherel Floranus
33,344124,Danny Post
34,42947,Rajiv van La Parra
35,132603,Agil Etemadi
36,408102,Peer Koopmeiners
37,363872,Christopher Mamengi
38,475450,Jason van Duiven
39,484531,Joey Jacobs
40,484537,Stije Resink
41,484540,Jochem Ritmeester van de Kamp
42,497336,Joël van der Wilt
43,122130,Álvaro Peña
44,392651,Adi Nalic
45,395381,Kornelius Hansen
