,ID,Name
0,399960,Siemen Voet
1,396058,Rodrigo Guth
2,120151,Alen Halilovic
3,413273,Remy Vita
4,421892,Loreintz Rosier
5,430765,Sadik Fofana
6,79755,Dimitrios Siovas
7,115574,Mitchell Dijks
8,290832,Alessio da Cruz
9,298805,Michael Verrips
10,301457,Luuk Koopmans
11,328549,Deroy Duarte
12,355134,Kaj Sierhuis
13,379762,Justin Lonwijk
14,400056,Nathangelo Markelo
15,422635,Ragnar Oratmangoen
16,456703,Iman Griffith
17,70598,Ivo Pinto
18,344201,Iñigo Córdoba
19,140902,Kristoffer Peterson
20,107077,Oguzhan Özyakup
21,368266,Tom Hendriks
22,410088,Jayden Braaf
23,399311,Filip Krastev
24,104906,Thomas Lam
25,84195,Lennart Thy
26,361777,Lennart Czyborra
27,333527,Odysseus Velanas
28,82029,Apostolos Vellios
29,20831,Kenneth Vermeer
30,34108,Bram van Polen
31,400823,Davy van den Berg
32,361778,Silvester van der Water
33,362467,Jasper Schendelaar
34,365152,Eliano Reijnders
35,380731,Sam Kersten
36,431253,Damian van der Haar
37,484550,Duke Verduin
38,490379,Anouar El Azzouzi
39,513251,Teun Gijselhart
40,515596,Kaj de Rooij
41,424502,Anselmo MacNulty
42,354027,Anthony Fontana
