,ID,Name
0,409126,Dominik Oroz
1,486769,Amine Boutrah
2,89947,Nicolas Isimat-Mirin
3,285933,Markus Schubert
4,313385,Carlens Arcus
5,85470,Marco van Ginkel
6,379707,Melle Meulensteen
7,400281,Million Manhoef
8,401021,Enzo Cornelisse
9,497068,Jordi Altena
10,414485,Giovanni van Zwam
11,422764,Fodé Fofana
12,422909,Ramon Hendriks
13,429928,Gyan de Regt
14,437426,Miliano Jonathans
15,444159,Mathijs Tielemans
16,472130,Saïd Hamulic
17,412349,Kacper Kozlowski
18,322776,Michael Pinto
19,67114,Eloy Room
20,498903,Tom Bramel
21,255946,Dario Van den Buijs
22,127137,Zakaria Bakkali
23,400278,Thierry Lutonda
24,400545,Shawn Adewoye
25,469502,Chris Lokesa
26,446984,Daouda Weidmann
27,401542,Raz Meir
28,444674,Kevin Felida
29,400279,David Min
30,387172,Denilho Cleonise
31,389411,Yassin Oukili
32,141965,Jeroen Houwen
33,31238,Aaron Meijers
34,40342,Michiel Kramer
35,80881,Jeffrey Bruma
36,289015,Julian Lelieveld
37,322182,Reuven Niemeijer
38,357080,Godfried Roemeratoe
39,369048,Richonell Margaret
40,379705,Etienne Vaessen
41,379706,Juriën Gaari
42,380663,Patrick Vroegh
43,383865,Filip Stevanovic
