,ID,Name
0,399960,Siemen Voet
1,396058,Rodrigo Guth
2,401043,Ivor Pandur
3,120151,Alen Halilovic
4,413273,Remy Vita
5,421892,Loreintz Rosier
6,294844,Arianit Ferati
7,430765,Sadik Fofana
8,79755,Dimitrios Siovas
9,456703,Iman Griffith
10,115574,Mitchell Dijks
11,301457,Luuk Koopmans
12,328549,Deroy Duarte
13,422635,Ragnar Oratmangoen
14,423863,Tijjani Noslin
15,400056,Nathangelo Markelo
16,355134,Kaj Sierhuis
17,70598,Ivo Pinto
18,407117,Marko Lazetic
19,344201,Iñigo Córdoba
20,107077,Oguzhan Özyakup
21,487102,Menaour Belkheir
22,368266,Tom Hendriks
23,456590,Garang Kuol
24,436119,Mio Backhaus
25,409052,Benaissa Benamar
26,148512,Bilal Ould-Chikh
27,240878,Robert Mühren
28,444713,Brian Plat
29,444714,Damon Mirani
30,444715,Ibrahim El Kadiri
31,444716,Imran Nazih
32,444717,Lequincio Zeefuik
33,445056,Calvin Twigt
34,460498,Déron Payne
35,460499,Joey Antonioli
36,498896,Milan de Haan
37,498822,Zach Booth
38,445058,Josh Flint
39,460178,Darius Johnson
40,444718,Kayne van Oevelen
41,475042,Rob Tol
