,ID,Name
0,130304,Walter Benítez
1,408059,Yorbe Vertessen
2,427824,Johan Bakayoko
3,98101,André Ramalho
4,260809,Olivier Boscagli
5,369970,Armel Bella-Kotchap
6,318511,Hirving Lozano
7,404776,Ismael Saibari
8,322148,Guus Til
9,331555,Jerdy Schouten
10,354283,Noa Lang
11,361839,Jordan Teze
12,275012,Joël Drommel
13,26916,Boy Waterman
14,68585,Luuk de Jong
15,78221,Patrick van Aanholt
16,382556,Joey Veerman
17,404225,Shurandy Sambo
18,489985,Isaac Babadi
19,397465,Malik Tillman
20,377466,Ricardo Pepi
21,379205,Sergiño Dest
22,22300,Lasse Schöne
23,422807,Magnus Mattsson
24,424808,Mathias Ross
25,430309,Brayann Pereira
26,487049,Koki Ogawa
27,497708,Kodai Sano
28,429380,Rijk Janse
29,422814,Robin Roefs
30,34323,Bas Dost
31,90811,Jasper Cillessen
32,271086,Calvin Verdonk
33,389945,Sontje Hansen
34,422801,Youri Baas
35,422804,Bart van Rooij
36,422806,Dirk Proper
37,335725,Lars Olden Larsen
38,351532,Mees Hoedemakers
39,365712,Rober
40,497049,Luc Netten
41,431307,Nils Rossen
