,ID,Name
0,401137,Bryan Limbombe
1,450923,Brian De Keersmaecker
2,422763,Sven Sonnenberg
3,422866,Abed Nankishi
4,401250,Jannes Wieckhoff
5,225522,Mario Engels
6,349202,Anas Ouahim
7,484547,Diego van Oorschot
8,414250,Mohamed Sankoh
9,379686,Ruben Roosken
10,379728,Navajo Bakboord
11,380635,Robin Jalving
12,67063,Marko Vejinovic
13,94885,Jetro Willems
14,96581,Thomas Bruns
15,116684,Michael Brouwer
16,312702,Justin Hoogma
17,433913,Sem Scheperman
18,334533,Emil Hansson
19,402055,Sava-Arangel Cestic
20,450983,Antonio Satriano
21,484545,Stijn Bultman
22,382581,Fabian de Keijzer
23,362459,Othmane Boussaid
24,402885,Anthony Descotte
25,403644,Victor Jensen
26,425341,Oscar Fraulo
27,375327,Modibo Sagnan
28,394998,Can Bozdogan
29,135954,Vasilios Barkas
30,429514,Zidane Iqbal
31,422805,Souffian El Karouani
32,83337,Zakaria Labyad
33,97367,Mattijs Branderhorst
34,104982,Mats Seuntjens
35,39726,Mark van der Maarel
36,82401,Jens Toornstra
37,256971,Hidde ter Avest
38,261082,Bart Ramselaar
39,411079,Calvin Raatsie
40,402852,Ole Romeny
41,397893,Hugo Novoa
42,284451,Isac Lidberg
43,444737,Ryan Flamingo
44,502428,Yannick Leliendal
