,ID,Name
0,379701,Ramiz Zerrouki
1,384574,Gernot Trauner
2,436553,Igor Paixão
3,298710,Luka Ivanusec
4,404200,Ondrej Lingr
5,121821,Timon Wellenreuther
6,68850,Kostas Lamprou
7,133390,Alireza Jahanbakhsh
8,445061,Santiago Giménez
9,489979,Gjivai Zechiël
10,450767,Mikki van Sas
11,444739,Quilindschy Hartman
12,445059,Mats Wieffer
13,411078,Quinten Timber
14,436114,Thomas Beelen
15,328987,Calvin Stengs
16,345441,Lutsharel Geertruida
17,361695,Thomas van den Belt
18,362779,Dávid Hancko
19,468119,Leo Sauer
20,484175,Yankuba Minteh
21,371042,Marcos López
22,143815,Anas Tahiri
23,323531,Mats Köhlert
24,363248,Ion Nicolaescu
25,379599,Ché Nunnely
26,387720,Denzel Hall
27,409160,Syb van Ottele
28,422643,Djenahro Nunumete
29,121834,Mickey van der Hart
30,124274,Sven van Beek
31,238897,Pelle van Amersfoort
32,252239,Andries Noppert
33,296543,Jan Bekkema
34,492109,Melle Witteveen
35,497178,Espen van Ee
36,497179,Oliver Braude
37,366886,Osame Sahraoui
38,406536,Hussein Ali
39,327724,Simon Olsson
40,436158,Daniel Karlsbakk
41,422634,Luuk Brouwers
