,ID,Name
0,76336,Samuel Sahin-Radlinger
1,453492,Milan Corryn
2,373555,Loïc Mbe Soh
3,455842,Yoann Cathline
4,438662,Yann Kitala
5,357398,Théo Barbet
6,296323,Thomas Robinet
7,42947,Rajiv van La Parra
8,484537,Stije Resink
9,484540,Jochem Ritmeester van de Kamp
10,408102,Peer Koopmeiners
11,484536,Lance Duijvestijn
12,303815,Damian van Bruggen
13,344124,Danny Post
14,322157,Sherel Floranus
15,497336,Joël van der Wilt
16,484542,Jeffry Puriël
17,484527,Nordin Bakker
18,484531,Joey Jacobs
19,122130,Álvaro Peña
20,484534,Manel Royo
21,402120,Pascu
22,395381,Kornelius Normann Hansen
23,409126,Dominik Oroz
24,486769,Amine Boutrah
25,89947,Nicolas Isimat-Mirin
26,285933,Markus Schubert
27,414485,Giovanni van Zwam
28,444159,Mathijs Tielemans
29,401021,Enzo Cornelisse
30,422909,Ramon Hendriks
31,429928,Gyan de Regt
32,497068,Jordi Altena
33,379707,Melle Meulensteen
34,400281,Million Manhoef
35,85470,Marco van Ginkel
36,412349,Kacper Kozlowski
37,446949,Joel Voelkerling Persson
38,363704,Toni Domgjoni
39,498903,Tom Bramel
40,67114,Eloy Room
41,510867,Kaya Symons
42,497067,Mats Egbring
