,ID,Name
0,403495,Melih Ibrahimoglu
1,450923,Brian De Keersmaecker
2,401137,Bryan Limbombe
3,401250,Jannes Wieckhoff
4,422763,Sven Sonnenberg
5,225522,Mario Engels
6,349202,Anas Ouahim
7,484548,Lasse Wehmeyer
8,450983,Antonio Satriano
9,382581,Fabian de Keijzer
10,67063,Marko Vejinovic
11,414250,Mohamed Sankoh
12,369408,Sylian Mokono
13,379728,Navajo Bakboord
14,484545,Stijn Bultman
15,380635,Robin Jalving
16,379686,Ruben Roosken
17,116684,Michael Brouwer
18,312702,Justin Hoogma
19,433913,Sem Scheperman
20,334533,Emil Hansson
21,402055,Sava-Arangel Cestic
22,379701,Ramiz Zerrouki
23,384574,Gernot Trauner
24,436553,Igor Paixão
25,298710,Luka Ivanusec
26,404200,Ondrej Lingr
27,484175,Yankuba Minteh
28,121821,Timon Wellenreuther
29,68850,Kostas Lamprou
30,133390,Alireza Jahanbakhsh
31,377288,Ayase Ueda
32,445061,Santiago Giménez
33,361695,Thomas van den Belt
34,345441,Lutsharel Geertruida
35,444739,Quilindschy Hartman
36,328987,Calvin Stengs
37,445059,Mats Wieffer
38,302709,Justin Bijlow
39,436114,Thomas Beelen
40,363083,Javairô Dilrosun
41,411078,Quinten Timber
42,362779,Dávid Hancko
43,468119,Leo Sauer
44,371042,Marcos López
