,ID,Name
0,362553,Jens Odgaard
1,485376,Ibrahim Sadiq
2,330514,Vangelis Pavlidis
3,379783,Yukinari Sugawara
4,353695,Dani de Wit
5,438484,Myron van Brederode
6,432172,Denso Kasius
7,90834,Hobie Verhulst
8,90810,Bruno Martins Indi
9,133959,Riechedly Bazoer
10,422737,Ernest Poku
11,90802,Jordy Clasie
12,484652,Ruben van Bommel
13,472183,Wouter Goes
14,449304,Tristan Kuijsten
15,363875,Kenzo Goudmijn
16,422248,Alexandre Penetra
17,408824,Tiago Dantas
18,334726,Djordje Mihailovic
19,415341,David Møller Wolfe
20,510581,Jayden Addai
21,512332,Kiyani Zeggen
22,130304,Walter Benítez
23,427824,Johan Bakayoko
24,408059,Yorbe Vertessen
25,346767,Mauro Júnior
26,98101,André Ramalho
27,260809,Olivier Boscagli
28,318511,Hirving Lozano
29,404776,Ismael Saibari
30,382556,Joey Veerman
31,322148,Guus Til
32,275012,Joël Drommel
33,68585,Luuk de Jong
34,78221,Patrick van Aanholt
35,361839,Jordan Teze
36,331555,Jerdy Schouten
37,404225,Shurandy Sambo
38,26916,Boy Waterman
39,379205,Sergiño Dest
40,397465,Malik Tillman
41,377466,Ricardo Pepi
