,ID,Name
0,343347,Arno Verschueren
1,379712,Saïd Bakari
2,229520,Django Warmerdam
3,491398,Camiel Neghli
4,404192,Tijs Velthuis
5,427851,Rick Meissen
6,506930,Hamza El Dahri
7,504367,Jesse Bal
8,503818,Max de Ligt
9,444483,Mike Eerdhuijzen
10,19087,Jonathan de Guzmán
11,243916,Nick Olij
12,422872,Djevencio van der Kust
13,379764,Youri Schoonderwaldt
14,285951,Delano van Crooij
15,349199,Joshua Kitolano
16,276756,Tobias Lauritsen
17,427118,Pedro Alemañ
18,485935,Sergi Rosanas
19,475142,Rayvien Rosario
20,508436,Dean Zandbergen
21,433577,Metinho
22,425958,Alec Van Hoorenbeeck
23,422782,Manfred Ugalde
24,361838,Michal Sadílek
25,90235,Lars Unnerstall
26,307362,Alfons Sampsted
27,484544,Younes Taha
28,368289,Issam El Maach
29,445046,Naci Ünüvar
30,427577,Youri Regeer
31,321910,Carel Eiting
32,301423,Mitchell van Bergen
33,402819,Mees Hilgers
34,108935,Robin Pröpper
35,400059,Gijs Smal
36,405560,Daan Rots
37,361794,Sem Steijn
38,322149,Michel Vlap
39,37344,Ricky van Wolfswinkel
40,406780,Max Bruns
41,119741,Joshua Brenet
42,34545,Przemyslaw Tyton
43,404777,Mathias Kjølø
