,ID,Name
0,125375,Gerónimo Rulli
1,460297,Benjamin Tahirovic
2,402666,Josip Sutalo
3,270829,Borna Sosa
4,381530,Jakov Medic
5,484494,Anton Gaaei
6,389020,Georges Mikautadze
7,424248,Kristian Hlynsson
8,454338,Tristan Gooijer
9,454337,Jaydon Banel
10,437387,Anass Salah-Eddine
11,89794,Steven Berghuis
12,467715,Jorrel Hato
13,400165,Devyne Rensch
14,401122,Kenneth Taylor
15,454336,Tom de Graaff
16,422800,Ar'Jany Martha
17,468850,Carlos Forbs
18,122294,Chuba Akpom
19,373154,Diant Ramaj
20,391592,Gastón Ávila
21,404568,Brian Brobbey
22,259930,Younes Namli
23,104906,Thomas Lam
24,84195,Lennart Thy
25,484551,Luis Görlich
26,333527,Odysseus Velanas
27,82029,Apostolos Vellios
28,351310,Ferdy Druijf
29,490379,Anouar El Azzouzi
30,489992,Nick Fichtinger
31,20831,Kenneth Vermeer
32,379596,Dean Huiberts
33,34108,Bram van Polen
34,415772,Zico Buurmeester
35,380731,Sam Kersten
36,400823,Davy van den Berg
37,365152,Eliano Reijnders
38,317693,Mike Hauptmeijer
39,362467,Jasper Schendelaar
40,431253,Damian van der Haar
41,424502,Anselmo MacNulty
42,423109,Nico Serrano
43,354027,Anthony Fontana
44,494145,Divaio Bobson
