,ID,Name
0,143815,Anas Tahiri
1,399512,Loizos Loizou
2,323531,Mats Köhlert
3,124380,Thom Haye
4,422643,Djenahro Nunumete
5,252239,Andries Noppert
6,492109,Melle Witteveen
7,497178,Espen van Ee
8,121834,Mickey van der Hart
9,124274,Sven van Beek
10,379599,Ché Nunnely
11,238897,Pelle van Amersfoort
12,296543,Jan Bekkema
13,409160,Syb van Ottele
14,444621,Nathan Tjoe-A-On
15,497179,Oliver Braude
16,366886,Osame Sahraoui
17,142376,Pawel Bochniewicz
18,406536,Hussein Ali Haidar
19,327724,Simon Olsson
20,430295,Charlie Webster
21,436158,Daniel Karlsbakk
22,422634,Luuk Brouwers
23,444781,Xander Blomme
24,404077,Thibo Baeten
25,484558,Jakob Breum
26,288859,Gerrit Nauber
27,276442,Joris Kramer
28,422633,Mats Deijl
29,422781,Luca Everink
30,431651,Nando Verdoni
31,444782,Pim Saathof
32,444783,Robbin Weijenberg
33,445055,Dean James
34,34171,Erwin Mulder
35,379703,Jeffrey de Lange
36,134722,Bas Kuipers
37,382238,Bobby Adekanye
38,411691,Enric Llansana
39,355961,Evert Linthorst
40,322159,Finn Stokkers
41,383616,Oliver Edvardsen
42,470692,Victor Edvardsen
43,444349,Søren Tengstedt
