,ID,Name
0,399311,Filip Krastev
1,259930,Younes Namli
2,104906,Thomas Lam
3,84195,Lennart Thy
4,484551,Luis Görlich
5,361777,Lennart Czyborra
6,333527,Odysseus Velanas
7,82029,Apostolos Vellios
8,20831,Kenneth Vermeer
9,490379,Anouar El Azzouzi
10,365152,Eliano Reijnders
11,380731,Sam Kersten
12,400823,Davy van den Berg
13,362467,Jasper Schendelaar
14,513251,Teun Gijselhart
15,361778,Silvester van der Water
16,515596,Kaj de Rooij
17,317693,Mike Hauptmeijer
18,431253,Damian van der Haar
19,424502,Anselmo MacNulty
20,354027,Anthony Fontana
21,494145,Divaio Bobson
22,76336,Samuel Sahin-Radlinger
23,453492,Milan Corryn
24,431023,Faïz Mattoir
25,438662,Yann Kitala
26,373555,Loïc Mbe Soh
27,455842,Yoann Cathline
28,296323,Thomas Robinet
29,357398,Théo Barbet
30,484537,Stije Resink
31,475450,Jason van Duiven
32,379734,Hamdi Akujobi
33,426506,Stijn Keller
34,344124,Danny Post
35,303815,Damian van Bruggen
36,484527,Nordin Bakker
37,322157,Sherel Floranus
38,484531,Joey Jacobs
39,42947,Rajiv van La Parra
40,484540,Jochem Ritmeester van de Kamp
41,408102,Peer Koopmeiners
42,122130,Álvaro Peña
43,392651,Adi Nalic
44,395381,Kornelius Normann Hansen
