,ID,Name
0,487102,Mouhamed Belkheir
1,399960,Siemen Voet
2,396058,Rodrigo Guth
3,120151,Alen Halilovic
4,413273,Remy Vita
5,430765,Sadik Fofana
6,294844,Arianit Ferati
7,328549,Deroy Duarte
8,290832,Alessio da Cruz
9,298805,Michael Verrips
10,115574,Mitchell Dijks
11,379762,Justin Lonwijk
12,355134,Kaj Sierhuis
13,301457,Luuk Koopmans
14,456703,Iman Griffith
15,422635,Ragnar Oratmangoen
16,400056,Nathangelo Markelo
17,70598,Ivo Pinto
18,344201,Iñigo Córdoba
19,140902,Kristoffer Peterson
20,107077,Oguzhan Özyakup
21,368266,Tom Hendriks
22,410088,Jayden Braaf
23,81523,Mathew Ryan
24,330514,Vangelis Pavlidis
25,379783,Yukinari Sugawara
26,472183,Wouter Goes
27,133959,Riechedly Bazoer
28,353695,Dani de Wit
29,484652,Ruben van Bommel
30,383560,Sven Mijnans
31,90802,Jordy Clasie
32,510581,Jayden Addai
33,422867,Mees de Wit
34,90810,Bruno Martins Indi
35,444717,Lequincio Zeefuik
36,422737,Ernest Poku
37,449304,Tristan Kuijsten
38,438484,Myron van Brederode
39,432172,Denso Kasius
40,408824,Tiago Dantas
41,422248,Alexandre Penetra
42,444780,Mayckel Lahdo
43,470735,Rome-Jayden Owusu-Oduro
44,439447,Kristijan Belic
45,415341,David Møller Wolfe
