,ID,Name
0,343347,Arno Verschueren
1,382494,Charles-Andreas Brym
2,379712,Saïd Bakari
3,513252,Shunsuke Mito
4,444484,Koki Saito
5,279173,Pelle Clement
6,243916,Nick Olij
7,444483,Mike Eerdhuijzen
8,422872,Djevencio van der Kust
9,44145,Bart Vriends
10,229520,Django Warmerdam
11,19087,Jonathan de Guzmán
12,506930,Hamza El Dahri
13,379764,Youri Schoonderwaldt
14,404192,Tijs Velthuis
15,427851,Rick Meissen
16,276756,Tobias Lauritsen
17,349199,Joshua Kitolano
18,433577,Metinho
19,475142,Rayvien Rosario
20,489319,Kaylen Reitmaier
21,328432,Siebe Horemans
22,420300,Cisse Sandra
23,373556,Arthur Zagré
24,308754,Lazaros Lamprou
25,444738,Noah Naujoks
26,512230,Siem de Moes
27,423949,Mimeirhel Benita
28,454518,Derensili Sanches Fernandes
29,444619,Stijn van Gassel
30,139666,Norbert Alblas
31,444623,Julian Baas
32,400009,Couhaib Driouech
33,363875,Kenzo Goudmijn
34,484536,Lance Duijvestijn
35,327903,Kik Pierie
36,494671,Richie Omorowa
37,429615,Casper Widell
38,485370,Oscar Uddenäs
39,384064,Troy Parrott
