,ID,Name
0,143815,Anas Tahiri
1,399512,Loizos Loizou
2,323531,Mats Köhlert
3,363248,Ion Nicolaescu
4,379599,Ché Nunnely
5,238897,Pelle van Amersfoort
6,252239,Andries Noppert
7,296543,Jan Bekkema
8,121834,Mickey van der Hart
9,124274,Sven van Beek
10,124380,Thom Haye
11,444621,Nathan Tjoe-A-On
12,497178,Espen van Ee
13,409160,Syb van Ottele
14,422643,Djenahro Nunumete
15,497179,Oliver Braude
16,366886,Osame Sahraoui
17,142376,Pawel Bochniewicz
18,327724,Simon Olsson
19,406536,Hussein Ali Haidar
20,430295,Charlie Webster
21,436158,Daniel Karlsbakk
22,399620,Patrik Wålemark
23,379701,Ramiz Zerrouki
24,436553,Igor Paixão
25,298710,Luka Ivanusec
26,404200,Ondrej Lingr
27,484175,Yankuba Minteh
28,121821,Timon Wellenreuther
29,68850,Kostas Lamprou
30,377288,Ayase Ueda
31,445061,Santiago Giménez
32,297527,Bart Nieuwkoop
33,411078,Quinten Timber
34,436114,Thomas Beelen
35,345441,Lutsharel Geertruida
36,361695,Thomas van den Belt
37,450767,Mikki van Sas
38,444739,Quilindschy Hartman
39,445059,Mats Wieffer
40,362779,Dávid Hancko
41,468119,Leo Sauer
42,371042,Marcos López
