,ID,Name
0,362459,Othmane Boussaid
1,403644,Victor Jensen
2,416311,Niklas Vesterlund
3,425341,Oscar Fraulo
4,443654,Andreas Dithmer
5,394998,Can Bozdogan
6,135954,Vasilios Barkas
7,429514,Zidane Iqbal
8,422805,Souffian El Karouani
9,328269,Sam Lammers
10,382593,Marouan Azarkan
11,39726,Mark van der Maarel
12,70906,Nick Viergever
13,82401,Jens Toornstra
14,97367,Mattijs Branderhorst
15,101605,Mike van der Hoorn
16,482884,Jesse van de Haar
17,512213,Joshua Mukeh
18,284451,Isac Lidberg
19,438303,Adrian Blake
20,444737,Ryan Flamingo
21,22300,Lasse Schöne
22,424808,Mathias Ross
23,430309,Brayann Pereira
24,487049,Koki Ogawa
25,497708,Kodai Sano
26,418540,Yvandro Borges Sanches
27,422801,Youri Baas
28,422804,Bart van Rooij
29,422814,Robin Roefs
30,431307,Nils Rossen
31,429380,Rijk Janse
32,77422,Bram Nuytinck
33,90811,Jasper Cillessen
34,271086,Calvin Verdonk
35,321959,Philippe Sandler
36,348644,Sylla Sow
37,389945,Sontje Hansen
38,335725,Lars Olden Larsen
39,351532,Mees Hoedemakers
40,365712,Rober
