,ID,Name
0,343347,Arno Verschueren
1,382494,Charles-Andreas Brym
2,379712,Saïd Bakari
3,513252,Shunsuke Mito
4,444484,Koki Saito
5,460754,Dylan van Wageningen
6,379764,Youri Schoonderwaldt
7,279173,Pelle Clement
8,444483,Mike Eerdhuijzen
9,404192,Tijs Velthuis
10,422872,Djevencio van der Kust
11,427851,Rick Meissen
12,19087,Jonathan de Guzmán
13,44145,Bart Vriends
14,243916,Nick Olij
15,491398,Camiel Neghli
16,506930,Hamza El Dahri
17,276756,Tobias Lauritsen
18,485935,Sergi Rosanas
19,489319,Kaylen Reitmaier
20,475142,Rayvien Rosario
21,433577,Metinho
22,125375,Gerónimo Rulli
23,460297,Benjamin Tahirovic
24,381530,Jakov Medic
25,484494,Anton Gaaei
26,424248,Kristian Hlynsson
27,34550,Remko Pasveer
28,139299,Branco van den Boomen
29,279425,Steven Bergwijn
30,401122,Kenneth Taylor
31,404568,Brian Brobbey
32,415781,Kian Fitz-Jim
33,422800,Ar'Jany Martha
34,449303,Silvano Vos
35,454348,Julian Rijkhoff
36,467715,Jorrel Hato
37,408613,Sivert Mannsverk
38,468850,Carlos Forbs
39,400320,Ahmetcan Kaplan
40,68659,Jordan Henderson
41,122294,Chuba Akpom
42,373154,Diant Ramaj
43,462099,Mika Godts
