,ID,Name
0,456590,Garang Kuol
1,345769,Oskar Buur
2,259530,Robin Maulun
3,436119,Mio Backhaus
4,409052,Benaissa Benamar
5,444720,Barry Lauwers
6,445057,Achraf Douiri
7,444712,Billy van Duijl
8,444713,Brian Plat
9,444714,Damon Mirani
10,148512,Bilal Ould-Chikh
11,240878,Robert Mühren
12,460498,Déron Payne
13,498896,Milan de Haan
14,457258,Luke Le Roux
15,498822,Zach Booth
16,460178,Darius Johnson
17,445058,Josh Flint
18,383604,George Cox
19,444718,Kayne van Oevelen
20,455668,Vivaldo Semedo
21,516436,Safouane Karim
22,497066,Quincy Hoeve
23,81523,Mathew Ryan
24,485376,Ibrahim Sadiq
25,330514,Vangelis Pavlidis
26,379783,Yukinari Sugawara
27,383560,Sven Mijnans
28,353695,Dani de Wit
29,90802,Jordy Clasie
30,90834,Hobie Verhulst
31,133959,Riechedly Bazoer
32,497707,Dave Kwakman
33,510581,Jayden Addai
34,422737,Ernest Poku
35,422867,Mees de Wit
36,434318,Maxim Dekker
37,438484,Myron van Brederode
38,444717,Lequincio Zeefuik
39,470734,Daniël Deen
40,472183,Wouter Goes
41,484652,Ruben van Bommel
42,422248,Alexandre Penetra
43,408824,Tiago Dantas
44,415341,David Møller Wolfe
45,439447,Kristijan Belic
