,ID,Name
0,130304,Walter Benítez
1,427824,Johan Bakayoko
2,98101,André Ramalho
3,260809,Olivier Boscagli
4,369970,Armel Bella-Kotchap
5,318511,Hirving Lozano
6,322148,Guus Til
7,331555,Jerdy Schouten
8,361839,Jordan Teze
9,275012,Joël Drommel
10,26916,Boy Waterman
11,68585,Luuk de Jong
12,78221,Patrick van Aanholt
13,382556,Joey Veerman
14,404225,Shurandy Sambo
15,489985,Isaac Babadi
16,386631,Richard Ledezma
17,397465,Malik Tillman
18,377466,Ricardo Pepi
19,379205,Sergiño Dest
20,361838,Michal Sadílek
21,90235,Lars Unnerstall
22,307362,Alfons Sampsted
23,368289,Issam El Maach
24,484544,Younes Taha
25,37344,Ricky van Wolfswinkel
26,400059,Gijs Smal
27,405560,Daan Rots
28,406780,Max Bruns
29,427577,Youri Regeer
30,437387,Anass Salah-Eddine
31,445046,Naci Ünüvar
32,475579,Gijs Besselink
33,478021,Juliën Mesbahi
34,321910,Carel Eiting
35,322149,Michel Vlap
36,357081,Myron Boadu
37,361794,Sem Steijn
38,108935,Robin Pröpper
39,119741,Joshua Brenet
40,301423,Mitchell van Bergen
41,34545,Przemyslaw Tyton
42,404777,Mathias Kjølø
