,ID,Name
0,328432,Siebe Horemans
1,373556,Arthur Zagre
2,320000,Adrian Fein
3,123554,Sven Nieuwpoort
4,139666,Norbert Alblas
5,400009,Couhaib Driouech
6,410324,Ian Smeulers
7,415781,Kian Fitz-Jim
8,444619,Stijn van Gassel
9,444620,Redouan El Yaakoubi
10,444623,Julian Baas
11,444624,Serano Seymor
12,444625,Pascal Kuiper
13,423949,Mimeirhel Benita
14,454518,Derensili Sanches Fernandes
15,445053,Nikolas Agrafiotis
16,485370,Oscar Uddenäs
17,494671,Richie Omorowa
18,429615,Casper Widell
19,420300,Cisse Sandra
20,384064,Troy Parrott
21,76336,Samuel Sahin-Radlinger
22,296323,Thomas Robinet
23,357398,Théo Barbet
24,373555,Loïc Mbe Soh
25,438662,Yann Kitala
26,455842,Yoann Cathline
27,42947,Rajiv van La Parra
28,363872,Christopher Mamengi
29,303815,Damian van Bruggen
30,322157,Sherel Floranus
31,408102,Peer Koopmeiners
32,426506,Stijn Keller
33,379734,Hamdi Akujobi
34,484527,Nordin Bakker
35,484531,Joey Jacobs
36,484536,Lance Duijvestijn
37,484537,Stije Resink
38,484539,Marcelencio Esajas
39,484540,Jochem Ritmeester van de Kamp
40,484534,Manel Royo
41,395381,Kornelius Normann Hansen
42,402120,Pascu
43,451208,Bradly van Hoeven
