,ID,Name
0,259930,Younes Namli
1,104906,Thomas Lam
2,84195,Lennart Thy
3,484551,Luis Görlich
4,82029,Apostolos Vellios
5,333527,Odysseus Velanas
6,484550,Duke Verduin
7,489992,Nick Fichtinger
8,351310,Ferdy Druijf
9,317693,Mike Hauptmeijer
10,34108,Bram van Polen
11,362467,Jasper Schendelaar
12,365152,Eliano Reijnders
13,379596,Dean Huiberts
14,380731,Sam Kersten
15,400823,Davy van den Berg
16,415772,Zico Buurmeester
17,423109,Nico Serrano
18,424502,Anselmo MacNulty
19,354027,Anthony Fontana
20,431253,Damian van der Haar
21,494145,Divaio Bobson
22,404077,Thibo Baeten
23,422636,Philippe Rommens
24,444781,Xander Blomme
25,484558,Jakob Breum
26,288859,Gerrit Nauber
27,388033,Willum Willumsson
28,400173,Jamal Amofa
29,422781,Luca Everink
30,426002,Sven Jansen
31,422633,Mats Deijl
32,348644,Sylla Sow
33,355132,Rashaan Fernandes
34,355961,Evert Linthorst
35,379703,Jeffrey de Lange
36,34171,Erwin Mulder
37,134722,Bas Kuipers
38,276442,Joris Kramer
39,444782,Pim Saathof
40,445055,Dean James
41,383616,Oliver Edvardsen
42,470692,Victor Edvardsen
43,411691,Enric Llansana
44,472963,Darío Serra
