,ID,Name
0,422782,Manfred Ugalde
1,361838,Michal Sadílek
2,90235,Lars Unnerstall
3,307362,Alfons Sampsted
4,368289,Issam El Maach
5,484544,Younes Taha
6,405560,Daan Rots
7,402819,Mees Hilgers
8,427577,Youri Regeer
9,445046,Naci Ünüvar
10,475578,Mats Rots
11,321910,Carel Eiting
12,322149,Michel Vlap
13,361794,Sem Steijn
14,108935,Robin Pröpper
15,301423,Mitchell van Bergen
16,37344,Ricky van Wolfswinkel
17,34545,Przemyslaw Tyton
18,425958,Alec van Hoorenbeeck
19,475579,Gijs Besselink
20,478021,Juliën Mesbahi
21,404777,Mathias Kjølø
22,270829,Borna Sosa
23,381530,Jakov Medic
24,402666,Josip Sutalo
25,484494,Anton Gaaei
26,389020,Georges Mikautadze
27,424248,Kristian Hlynsson
28,34550,Remko Pasveer
29,89794,Steven Berghuis
30,139299,Branco van den Boomen
31,279425,Steven Bergwijn
32,400165,Devyne Rensch
33,401122,Kenneth Taylor
34,437387,Anass Salah-Eddine
35,422802,Jay Gorter
36,467716,Gabriel Misehouy
37,408613,Sivert Mannsverk
38,468850,Carlos Forbs
39,122294,Chuba Akpom
40,404568,Brian Brobbey
41,373154,Diant Ramaj
42,391592,Gastón Ávila
43,460297,Benjamin Tahirovic
44,467715,Jorrel Hato
