,ID,Name
0,81523,Mathew Ryan
1,362553,Jens Odgaard
2,485376,Ibrahim Sadiq
3,330514,Vangelis Pavlidis
4,379783,Yukinari Sugawara
5,133959,Riechedly Bazoer
6,383560,Sven Mijnans
7,438484,Myron van Brederode
8,90802,Jordy Clasie
9,363875,Kenzo Goudmijn
10,432172,Denso Kasius
11,90834,Hobie Verhulst
12,470734,Daniël Deen
13,422737,Ernest Poku
14,472183,Wouter Goes
15,484652,Ruben van Bommel
16,353695,Dani de Wit
17,422248,Alexandre Penetra
18,444780,Mayckel Lahdo
19,334726,Djordje Mihailovic
20,415341,David Møller Wolfe
21,343347,Arno Verschueren
22,382494,Charles-Andreas Brym
23,379712,Saïd Bakari
24,444484,Koki Saito
25,243916,Nick Olij
26,379764,Youri Schoonderwaldt
27,427851,Rick Meissen
28,491398,Camiel Neghli
29,285951,Delano van Crooij
30,404192,Tijs Velthuis
31,44145,Bart Vriends
32,229520,Django Warmerdam
33,279173,Pelle Clement
34,422872,Djevencio van der Kust
35,19087,Jonathan de Guzmán
36,460754,Dylan van Wageningen
37,349199,Joshua Kitolano
38,276756,Tobias Lauritsen
39,427118,Pedro Alemañ
40,486947,Augustin Anello
41,433577,Metinho
