,ID,Name
0,401137,Bryan Limbombe
1,450923,Brian De Keersmaecker
2,422763,Sven Sonnenberg
3,422866,Abed Nankishi
4,225522,Mario Engels
5,349202,Anas Ouahim
6,369408,Sylian Mokono
7,379686,Ruben Roosken
8,379728,Navajo Bakboord
9,380635,Robin Jalving
10,67063,Marko Vejinovic
11,94885,Jetro Willems
12,96581,Thomas Bruns
13,116684,Michael Brouwer
14,312702,Justin Hoogma
15,433913,Sem Scheperman
16,484547,Diego van Oorschot
17,334533,Emil Hansson
18,402055,Sava-Arangel Cestic
19,450983,Antonio Satriano
20,484545,Stijn Bultman
21,382581,Fabian de Keijzer
22,484548,Lasse Wehmeyer
23,22300,Lasse Schöne
24,422807,Magnus Mattsson
25,424808,Mathias Ross
26,430309,Brayann Pereira
27,487049,Koki Ogawa
28,475668,Daan Maas
29,429380,Rijk Janse
30,422814,Robin Roefs
31,77422,Bram Nuytinck
32,90811,Jasper Cillessen
33,271086,Calvin Verdonk
34,389945,Sontje Hansen
35,422801,Youri Baas
36,422804,Bart van Rooij
37,422806,Dirk Proper
38,335725,Lars Olden Larsen
39,367813,Pedro Marques
40,497050,Selim Sönmez
41,351532,Mees Hoedemakers
42,365712,Rober
43,431307,Nils Rossen
