,ID,Name
0,515829,Anis Hadj Moussa
1,409126,Dominik Oroz
2,486769,Amine Boutrah
3,285933,Markus Schubert
4,313385,Carlens Arcus
5,433950,Mexx Meerdink
6,414485,Giovanni van Zwam
7,400282,Daan Huisman
8,379707,Melle Meulensteen
9,422909,Ramon Hendriks
10,352844,Thomas Buitink
11,510533,Andy Visser
12,429928,Gyan de Regt
13,401021,Enzo Cornelisse
14,85470,Marco van Ginkel
15,412349,Kacper Kozlowski
16,322776,Michael Pinto
17,484842,Adrian Mazilu
18,446949,Joel Voelkerling Persson
19,363704,Toni Domgjoni
20,413783,Paxten Aaronson
21,67114,Eloy Room
22,498903,Tom Bramel
23,456590,Garang Kuol
24,345769,Oskar Buur
25,259530,Robin Maulun
26,446987,Axel Guessand
27,436119,Mio Backhaus
28,409052,Benaissa Benamar
29,444720,Barry Lauwers
30,445057,Achraf Douiri
31,444713,Brian Plat
32,240878,Robert Mühren
33,148512,Bilal Ould-Chikh
34,504312,Bram van Driel
35,498896,Milan de Haan
36,444714,Damon Mirani
37,498822,Zach Booth
38,445058,Josh Flint
39,383604,George Cox
40,460178,Darius Johnson
41,455668,Vivaldo Semedo
42,516436,Safouane Karim
43,444718,Kayne van Oevelen
44,497066,Quincy Hoeve
45,514507,Mika van der Horst
