,ID,Name
0,379701,Ramiz Zerrouki
1,436553,Igor Paixão
2,298710,Luka Ivanusec
3,404200,Ondrej Lingr
4,484175,Yankuba Minteh
5,121821,Timon Wellenreuther
6,68850,Kostas Lamprou
7,377288,Ayase Ueda
8,445061,Santiago Giménez
9,450767,Mikki van Sas
10,422921,Antoni Milambo
11,297527,Bart Nieuwkoop
12,444739,Quilindschy Hartman
13,436114,Thomas Beelen
14,328987,Calvin Stengs
15,411078,Quinten Timber
16,445059,Mats Wieffer
17,345441,Lutsharel Geertruida
18,362779,Dávid Hancko
19,468119,Leo Sauer
20,444719,Givairo Read
21,371042,Marcos López
22,255946,Dario Van den Buijs
23,400545,Shawn Adewoye
24,469502,Chris Lokesa
25,450984,Ilias Takidine
26,400278,Thierry Lutonda
27,446984,Daouda Weidmann
28,379706,Juriën Gaari
29,322182,Reuven Niemeijer
30,357080,Godfried Roemeratoe
31,400279,David Min
32,369048,Richonell Margaret
33,80881,Jeffrey Bruma
34,141965,Jeroen Houwen
35,389411,Yassin Oukili
36,387172,Denilho Cleonise
37,379705,Etienne Vaessen
38,31238,Aaron Meijers
39,289015,Julian Lelieveld
40,380663,Patrick Vroegh
41,432167,Mark Spenkelink
42,444674,Kevin Felida
43,40342,Michiel Kramer
44,383865,Filip Stevanovic
