,ID,Name
0,125375,Gerónimo Rulli
1,460297,Benjamin Tahirovic
2,270829,Borna Sosa
3,402666,Josip Sutalo
4,484494,Anton Gaaei
5,424248,Kristian Hlynsson
6,467715,Jorrel Hato
7,454338,Tristan Gooijer
8,422802,Jay Gorter
9,139299,Branco van den Boomen
10,400165,Devyne Rensch
11,454337,Jaydon Banel
12,404568,Brian Brobbey
13,422800,Ar'Jany Martha
14,454348,Julian Rijkhoff
15,401122,Kenneth Taylor
16,415781,Kian Fitz-Jim
17,408613,Sivert Mannsverk
18,468850,Carlos Forbs
19,400320,Ahmetcan Kaplan
20,68659,Jordan Henderson
21,122294,Chuba Akpom
22,373154,Diant Ramaj
23,22300,Lasse Schöne
24,430309,Brayann Pereira
25,497708,Kodai Sano
26,487049,Koki Ogawa
27,418540,Yvandro Borges Sanches
28,506727,D'Leanu Arts
29,348644,Sylla Sow
30,271086,Calvin Verdonk
31,422804,Bart van Rooij
32,321959,Philippe Sandler
33,422801,Youri Baas
34,389945,Sontje Hansen
35,429380,Rijk Janse
36,422814,Robin Roefs
37,90811,Jasper Cillessen
38,37502,Tjaronn Chery
39,422806,Dirk Proper
40,335725,Lars Olden Larsen
41,365712,Rober
42,351532,Mees Hoedemakers
