,ID,Name
0,425958,Alec Van Hoorenbeeck
1,361838,Michal Sadílek
2,90235,Lars Unnerstall
3,307362,Alfons Sampsted
4,484544,Younes Taha
5,368289,Issam El Maach
6,437387,Anass Salah-Eddine
7,119741,Joshua Brenet
8,400059,Gijs Smal
9,321910,Carel Eiting
10,37344,Ricky van Wolfswinkel
11,402819,Mees Hilgers
12,108935,Robin Pröpper
13,361794,Sem Steijn
14,322149,Michel Vlap
15,445046,Naci Ünüvar
16,357081,Myron Boadu
17,301423,Mitchell van Bergen
18,427577,Youri Regeer
19,406780,Max Bruns
20,34545,Przemyslaw Tyton
21,404777,Mathias Kjølø
22,362459,Othmane Boussaid
23,443654,Andreas Dithmer
24,416311,Niklas Vesterlund
25,425341,Oscar Fraulo
26,515595,Jeppe Okkels
27,403644,Victor Jensen
28,346340,Tim Handwerker
29,394998,Can Bozdogan
30,429514,Zidane Iqbal
31,83337,Zakaria Labyad
32,422805,Souffian El Karouani
33,101605,Mike van der Hoorn
34,70906,Nick Viergever
35,39726,Mark van der Maarel
36,382593,Marouan Azarkan
37,97367,Mattijs Branderhorst
38,256971,Hidde ter Avest
39,315574,Thijmen Nijhuis
40,82401,Jens Toornstra
41,328269,Sam Lammers
42,444675,Taylor Booth
43,444737,Ryan Flamingo
