,ID,Name
0,436591,Milan Robberechts
1,396058,Rodrigo Guth
2,120151,Alen Halilovic
3,401043,Ivor Pandur
4,410086,Stipe Radic
5,413273,Remy Vita
6,421892,Loreintz Rosier
7,430765,Sadik Fofana
8,294844,Arianit Ferati
9,79755,Dimitrios Siovas
10,115574,Mitchell Dijks
11,301457,Luuk Koopmans
12,328549,Deroy Duarte
13,423863,Tijjani Noslin
14,288873,Paul Gladon
15,355134,Kaj Sierhuis
16,400056,Nathangelo Markelo
17,455568,Úmaro Embaló
18,70598,Ivo Pinto
19,344201,Iñigo Córdoba
20,107077,Oguzhan Özyakup
21,368266,Tom Hendriks
22,487102,Menaour Belkheir
23,92590,Anthony Limbombe
24,357398,Théo Barbet
25,296323,Thomas Robinet
26,42947,Rajiv van La Parra
27,322157,Sherel Floranus
28,408102,Peer Koopmeiners
29,426506,Stijn Keller
30,363872,Christopher Mamengi
31,379734,Hamdi Akujobi
32,391049,Thomas Poll
33,484536,Lance Duijvestijn
34,484537,Stije Resink
35,484539,Marcelencio Esajas
36,484540,Jochem Ritmeester van de Kamp
37,484542,Jeffry Puriël
38,484527,Nordin Bakker
39,484531,Joey Jacobs
40,122130,Álvaro Peña
41,484534,Manel Royo
42,402120,Pascu
43,451208,Bradly van Hoeven
44,497336,Joël van der Wilt
