,ID,Name
0,328432,Siebe Horemans
1,373556,Arthur Zagre
2,308754,Lazaros Lamprou
3,400009,Couhaib Driouech
4,423949,Mimeirhel Benita
5,444619,Stijn van Gassel
6,444620,Redouan El Yaakoubi
7,444623,Julian Baas
8,444624,Serano Seymor
9,444625,Pascal Kuiper
10,444738,Noah Naujoks
11,123554,Sven Nieuwpoort
12,139666,Norbert Alblas
13,454518,Derensili Sanches Fernandes
14,445053,Nikolas Agrafiotis
15,429615,Casper Widell
16,485370,Oscar Uddenäs
17,494671,Richie Omorowa
18,381530,Jakov Medic
19,449301,Christian Rasmussen
20,400166,Mohammed Kudus
21,424248,Kristian Hlynsson
22,447643,Jorge Sánchez
23,449303,Silvano Vos
24,454339,Olivier Aertssen
25,437387,Anass Salah-Eddine
26,415781,Kian Fitz-Jim
27,422802,Jay Gorter
28,423955,Charlie Setford
29,401122,Kenneth Taylor
30,400165,Devyne Rensch
31,108860,Davy Klaassen
32,139299,Branco van den Boomen
33,279425,Steven Bergwijn
34,328550,Owen Wijndal
35,468850,Carlos Forbs
36,373154,Diant Ramaj
37,460297,Benjamin Tahirovic
38,462099,Mika Godts
39,467715,Jorrel Hato
40,404568,Brian Brobbey
