,ID,Name
0,404077,Thibo Baeten
1,422636,Philippe Rommens
2,444781,Xander Blomme
3,484558,Jakob Breum
4,288859,Gerrit Nauber
5,388033,Willum Willumsson
6,422633,Mats Deijl
7,400173,Jamal Amofa
8,34171,Erwin Mulder
9,134722,Bas Kuipers
10,276442,Joris Kramer
11,348644,Sylla Sow
12,355961,Evert Linthorst
13,379703,Jeffrey de Lange
14,382238,Bobby Adekanye
15,444782,Pim Saathof
16,422781,Luca Everink
17,431651,Nando Verdoni
18,470692,Victor Edvardsen
19,472963,Darío Serra
20,445055,Dean James
21,411691,Enric Llansana
22,383616,Oliver Edvardsen
23,436119,Mio Backhaus
24,409052,Benaissa Benamar
25,425605,Xavier Mbuyamba
26,120549,Daryl van Mieghem
27,148512,Bilal Ould-Chikh
28,444712,Billy van Duijl
29,444713,Brian Plat
30,444714,Damon Mirani
31,444715,Ibrahim El Kadiri
32,444717,Lequincio Zeefuik
33,444720,Barry Lauwers
34,445056,Calvin Twigt
35,460498,Déron Payne
36,445058,Josh Flint
37,460178,Darius Johnson
38,444711,Derry John Murkin
39,454409,Diego Gustavo
40,444718,Kayne van Oevelen
41,496413,Ezechiel Fiemawhle
42,497066,Quincy Hoeve
