,ID,Name
0,409126,Dominik Oroz
1,486769,Amine Boutrah
2,89947,Nicolas Isimat-Mirin
3,384141,Romaric Yapi
4,285933,Markus Schubert
5,313385,Carlens Arcus
6,379707,Melle Meulensteen
7,400281,Million Manhoef
8,401021,Enzo Cornelisse
9,85470,Marco van Ginkel
10,413209,Daan Reiziger
11,414485,Giovanni van Zwam
12,429928,Gyan de Regt
13,436060,Simon van Duivenbooden
14,437426,Miliano Jonathans
15,444159,Mathijs Tielemans
16,472130,Saïd Hamulic
17,412349,Kacper Kozlowski
18,497067,Mats Egbring
19,497068,Jordi Altena
20,67114,Eloy Room
21,130304,Walter Benítez
22,408059,Yorbe Vertessen
23,427824,Johan Bakayoko
24,98101,André Ramalho
25,260809,Olivier Boscagli
26,404776,Ismael Saibari
27,275012,Joël Drommel
28,322148,Guus Til
29,232261,Anwar El Ghazi
30,26916,Boy Waterman
31,68585,Luuk de Jong
32,78221,Patrick van Aanholt
33,404225,Shurandy Sambo
34,489985,Isaac Babadi
35,331555,Jerdy Schouten
36,361839,Jordan Teze
37,382556,Joey Veerman
38,397465,Malik Tillman
39,377466,Ricardo Pepi
40,328075,Ibrahim Sangaré
