,ID,Name
0,328432,Siebe Horemans
1,373556,Arthur Zagré
2,308754,Lazaros Lamprou
3,327903,Kik Pierie
4,100608,Mike van Duinen
5,139666,Norbert Alblas
6,363875,Kenzo Goudmijn
7,400009,Couhaib Driouech
8,410324,Ian Smeulers
9,423949,Mimeirhel Benita
10,444619,Stijn van Gassel
11,444620,Redouan El Yaakoubi
12,444623,Julian Baas
13,444625,Pascal Kuiper
14,444738,Noah Naujoks
15,454518,Derensili Sanches Fernandes
16,445053,Nikolas Agrafiotis
17,429615,Casper Widell
18,485370,Oscar Uddenäs
19,384064,Troy Parrott
20,143815,Anas Tahiri
21,238897,Pelle van Amersfoort
22,252239,Andries Noppert
23,296543,Jan Bekkema
24,121834,Mickey van der Hart
25,124274,Sven van Beek
26,124380,Thom Haye
27,379599,Ché Nunnely
28,387720,Denzel Hall
29,409160,Syb van Ottele
30,422643,Djenahro Nunumete
31,492109,Melle Witteveen
32,497178,Espen van Ee
33,497179,Oliver Braude
34,366886,Osame Sahraoui
35,142376,Pawel Bochniewicz
36,327724,Simon Olsson
37,430295,Charlie Webster
38,475754,Roan van der Plaat
39,422634,Luuk Brouwers
40,399620,Patrik Wålemark
