,ID,Name
0,382494,Charles-Andreas Brym
1,379712,Saïd Bakari
2,513252,Shunsuke Mito
3,444484,Koki Saito
4,491398,Camiel Neghli
5,379764,Youri Schoonderwaldt
6,279173,Pelle Clement
7,444483,Mike Eerdhuijzen
8,404192,Tijs Velthuis
9,422872,Djevencio van der Kust
10,427851,Rick Meissen
11,19087,Jonathan de Guzmán
12,44145,Bart Vriends
13,229520,Django Warmerdam
14,243916,Nick Olij
15,276756,Tobias Lauritsen
16,485935,Sergi Rosanas
17,489319,Kaylen Reitmaier
18,475142,Rayvien Rosario
19,433577,Metinho
20,143815,Anas Tahiri
21,399512,Loizos Loizou
22,323531,Mats Köhlert
23,363248,Ion Nicolaescu
24,379599,Ché Nunnely
25,121834,Mickey van der Hart
26,124274,Sven van Beek
27,124380,Thom Haye
28,238897,Pelle van Amersfoort
29,252239,Andries Noppert
30,296543,Jan Bekkema
31,409160,Syb van Ottele
32,422643,Djenahro Nunumete
33,497178,Espen van Ee
34,497179,Oliver Braude
35,366886,Osame Sahraoui
36,142376,Pawel Bochniewicz
37,327724,Simon Olsson
38,406536,Hussein Ali Haidar
39,430295,Charlie Webster
40,436158,Daniel Karlsbakk
41,399620,Patrik Wålemark
