,ID,Name
0,515829,Anis Hadj Moussa
1,409126,Dominik Oroz
2,486769,Amine Boutrah
3,89947,Nicolas Isimat-Mirin
4,285933,Markus Schubert
5,313385,Carlens Arcus
6,85470,Marco van Ginkel
7,352844,Thomas Buitink
8,379707,Melle Meulensteen
9,400282,Daan Huisman
10,401021,Enzo Cornelisse
11,414485,Giovanni van Zwam
12,422909,Ramon Hendriks
13,429928,Gyan de Regt
14,444159,Mathijs Tielemans
15,510533,Andy Visser
16,412349,Kacper Kozlowski
17,322776,Michael Pinto
18,484842,Adrian Mazilu
19,363704,Toni Domgjoni
20,413783,Paxten Aaronson
21,498903,Tom Bramel
22,67114,Eloy Room
23,125375,Gerónimo Rulli
24,460297,Benjamin Tahirovic
25,381530,Jakov Medic
26,402666,Josip Sutalo
27,484494,Anton Gaaei
28,424248,Kristian Hlynsson
29,454348,Julian Rijkhoff
30,34550,Remko Pasveer
31,139299,Branco van den Boomen
32,279425,Steven Bergwijn
33,89794,Steven Berghuis
34,404568,Brian Brobbey
35,415781,Kian Fitz-Jim
36,422802,Jay Gorter
37,400165,Devyne Rensch
38,401122,Kenneth Taylor
39,408613,Sivert Mannsverk
40,468850,Carlos Forbs
41,400320,Ahmetcan Kaplan
42,122294,Chuba Akpom
43,68659,Jordan Henderson
44,462099,Mika Godts
