,ID,Name
0,399311,Filip Krastev
1,259930,Younes Namli
2,104906,Thomas Lam
3,84195,Lennart Thy
4,361777,Lennart Czyborra
5,82029,Apostolos Vellios
6,333527,Odysseus Velanas
7,431253,Damian van der Haar
8,489995,Mohamed Oukhattou
9,490379,Anouar El Azzouzi
10,513251,Teun Gijselhart
11,515596,Kaj de Rooij
12,317693,Mike Hauptmeijer
13,20831,Kenneth Vermeer
14,34108,Bram van Polen
15,361778,Silvester van der Water
16,362467,Jasper Schendelaar
17,365152,Eliano Reijnders
18,380731,Sam Kersten
19,400823,Davy van den Berg
20,404099,Samir Lagsir
21,424502,Anselmo MacNulty
22,354027,Anthony Fontana
23,425958,Alec Van Hoorenbeeck
24,361838,Michal Sadílek
25,307362,Alfons Sampsted
26,368289,Issam El Maach
27,484544,Younes Taha
28,427577,Youri Regeer
29,436492,Sam Karssies
30,437387,Anass Salah-Eddine
31,445046,Naci Ünüvar
32,475579,Gijs Besselink
33,400059,Gijs Smal
34,402819,Mees Hilgers
35,37344,Ricky van Wolfswinkel
36,108935,Robin Pröpper
37,301423,Mitchell van Bergen
38,405560,Daan Rots
39,406780,Max Bruns
40,321910,Carel Eiting
41,322149,Michel Vlap
42,357081,Myron Boadu
43,361794,Sem Steijn
44,34545,Przemyslaw Tyton
45,404777,Mathias Kjølø
