,ID,Name
0,81523,Mathew Ryan
1,485376,Ibrahim Sadiq
2,330514,Vangelis Pavlidis
3,379783,Yukinari Sugawara
4,383560,Sven Mijnans
5,90802,Jordy Clasie
6,90810,Bruno Martins Indi
7,90834,Hobie Verhulst
8,133959,Riechedly Bazoer
9,353695,Dani de Wit
10,472183,Wouter Goes
11,484652,Ruben van Bommel
12,422737,Ernest Poku
13,422867,Mees de Wit
14,432172,Denso Kasius
15,434318,Maxim Dekker
16,438484,Myron van Brederode
17,444717,Lequincio Zeefuik
18,497707,Dave Kwakman
19,408824,Tiago Dantas
20,422248,Alexandre Penetra
21,415341,David Møller Wolfe
22,470735,Rome-Jayden Owusu-Oduro
23,362459,Othmane Boussaid
24,425341,Oscar Fraulo
25,403644,Victor Jensen
26,416311,Niklas Vesterlund
27,515595,Jeppe Okkels
28,394998,Can Bozdogan
29,135954,Vasilios Barkas
30,429514,Zidane Iqbal
31,422805,Souffian El Karouani
32,512213,Joshua Mukeh
33,402852,Ole Romeny
34,382593,Marouan Azarkan
35,256971,Hidde ter Avest
36,315574,Thijmen Nijhuis
37,328269,Sam Lammers
38,39726,Mark van der Maarel
39,82401,Jens Toornstra
40,97367,Mattijs Branderhorst
41,101605,Mike van der Hoorn
42,284451,Isac Lidberg
43,444675,Taylor Booth
44,444737,Ryan Flamingo
45,520952,Nazjir Held
