,ID,Name
0,401137,Bryan Limbombe
1,450923,Brian De Keersmaecker
2,484548,Lasse Wehmeyer
3,401250,Jannes Wieckhoff
4,225522,Mario Engels
5,299511,Jordy Bruijn
6,379686,Ruben Roosken
7,382581,Fabian de Keijzer
8,67063,Marko Vejinovic
9,69789,Kelvin Leerdam
10,94885,Jetro Willems
11,96581,Thomas Bruns
12,116684,Michael Brouwer
13,414250,Mohamed Sankoh
14,433912,Timo Jansink
15,433913,Sem Scheperman
16,484547,Diego van Oorschot
17,403097,Fredrik Oppegård
18,333365,Ajdin Hrustic
19,527632,Jop Tijink
20,487102,Mouhamed Belkheir
21,399960,Siemen Voet
22,396058,Rodrigo Guth
23,413273,Remy Vita
24,421892,Loreintz Rosier
25,430765,Sadik Fofana
26,456703,Iman Griffith
27,422635,Ragnar Oratmangoen
28,400056,Nathangelo Markelo
29,379762,Justin Lonwijk
30,115574,Mitchell Dijks
31,290832,Alessio da Cruz
32,70598,Ivo Pinto
33,344201,Iñigo Córdoba
34,140902,Kristoffer Peterson
35,368266,Tom Hendriks
36,410088,Jayden Braaf
37,525774,Ramazan Bayram
38,525775,Daan Bisschops
39,527097,Sjors-Lowis Hermsen
40,527633,Tristan Schenkhuizen
