,ID,Name
0,76336,Samuel Sahin-Radlinger
1,453492,Milan Corryn
2,431023,Faïz Mattoir
3,438662,Yann Kitala
4,373555,Loïc Mbe Soh
5,357398,Théo Barbet
6,296323,Thomas Robinet
7,42947,Rajiv van La Parra
8,303815,Damian van Bruggen
9,322157,Sherel Floranus
10,344124,Danny Post
11,363872,Christopher Mamengi
12,379734,Hamdi Akujobi
13,475450,Jason van Duiven
14,484527,Nordin Bakker
15,484531,Joey Jacobs
16,484537,Stije Resink
17,484540,Jochem Ritmeester van de Kamp
18,497336,Joël van der Wilt
19,122130,Álvaro Peña
20,392651,Adi Nalic
21,395381,Kornelius Hansen
22,402120,Pascu
23,22300,Lasse Schöne
24,424808,Mathias Ross
25,430309,Brayann Pereira
26,487049,Koki Ogawa
27,497708,Kodai Sano
28,506727,D'Leanu Arts
29,348644,Sylla Sow
30,37502,Tjaronn Chery
31,90811,Jasper Cillessen
32,271086,Calvin Verdonk
33,431307,Nils Rossen
34,444741,Kas de Wit
35,389945,Sontje Hansen
36,422801,Youri Baas
37,422806,Dirk Proper
38,422814,Robin Roefs
39,335725,Lars Olden Larsen
40,351532,Mees Hoedemakers
