,ID,Name
0,379701,Ramiz Zerrouki
1,384574,Gernot Trauner
2,436553,Igor Paixão
3,298710,Luka Ivanusec
4,404200,Ondrej Lingr
5,484175,Yankuba Minteh
6,121821,Timon Wellenreuther
7,133390,Alireza Jahanbakhsh
8,377288,Ayase Ueda
9,302709,Justin Bijlow
10,328987,Calvin Stengs
11,345441,Lutsharel Geertruida
12,361695,Thomas van den Belt
13,444719,Givairo Read
14,450767,Mikki van Sas
15,468119,Leo Sauer
16,362779,Dávid Hancko
17,371042,Marcos López
18,527631,Djomar Giersthove
19,328432,Siebe Horemans
20,379787,Jacky Donkor
21,420300,Cisse Sandra
22,373556,Arthur Zagré
23,308754,Lazaros Lamprou
24,363875,Kenzo Goudmijn
25,400009,Couhaib Driouech
26,444619,Stijn van Gassel
27,444620,Redouan El Yaakoubi
28,444623,Julian Baas
29,444625,Pascal Kuiper
30,444738,Noah Naujoks
31,454518,Derensili Sanches Fernandes
32,484536,Lance Duijvestijn
33,100608,Mike van Duinen
34,123554,Sven Nieuwpoort
35,423949,Mimeirhel Benita
36,512230,Siem de Moes
37,494671,Richie Omorowa
38,429615,Casper Widell
39,384064,Troy Parrott
