,ID,Name
0,345769,Oskar Buur
1,446987,Axel Guessand
2,436119,Mio Backhaus
3,409052,Benaissa Benamar
4,425605,Xavier Mbuyamba
5,240878,Robert Mühren
6,444713,Brian Plat
7,444714,Damon Mirani
8,444720,Barry Lauwers
9,445056,Calvin Twigt
10,445057,Achraf Douiri
11,498896,Milan de Haan
12,504312,Bram van Driel
13,457258,Luke Le Roux
14,498822,Zach Booth
15,460178,Darius Johnson
16,445058,Josh Flint
17,444718,Kayne van Oevelen
18,497066,Quincy Hoeve
19,455668,Vivaldo Semedo
20,516436,Safouane Karim
21,523278,Myron Mau-Asam
22,525582,Caner Demircioglu
23,404077,Thibo Baeten
24,422636,Philippe Rommens
25,444781,Xander Blomme
26,484558,Jakob Breum
27,288859,Gerrit Nauber
28,322159,Finn Stokkers
29,355961,Evert Linthorst
30,379703,Jeffrey de Lange
31,382238,Bobby Adekanye
32,422781,Luca Everink
33,426002,Sven Jansen
34,411691,Enric Llansana
35,34171,Erwin Mulder
36,134722,Bas Kuipers
37,400173,Jamal Amofa
38,444782,Pim Saathof
39,445055,Dean James
40,383616,Oliver Edvardsen
41,470692,Victor Edvardsen
42,444349,Søren Tengstedt
