,ID,Name
0,130304,Walter Benítez
1,427824,Johan Bakayoko
2,346767,Mauro Júnior
3,98101,André Ramalho
4,260809,Olivier Boscagli
5,369970,Armel Bella-Kotchap
6,318511,Hirving Lozano
7,404776,Ismael Saibari
8,322148,Guus Til
9,331555,Jerdy Schouten
10,345333,Armando Obispo
11,275012,Joël Drommel
12,26916,Boy Waterman
13,68585,Luuk de Jong
14,78221,Patrick van Aanholt
15,361839,Jordan Teze
16,404225,Shurandy Sambo
17,382556,Joey Veerman
18,481080,Tygo Land
19,386631,Richard Ledezma
20,397465,Malik Tillman
21,377466,Ricardo Pepi
22,400278,Thierry Lutonda
23,400545,Shawn Adewoye
24,450984,Ilias Takidine
25,469502,Chris Lokesa
26,446984,Daouda Weidmann
27,432167,Mark Spenkelink
28,444674,Kevin Felida
29,400279,David Min
30,31238,Aaron Meijers
31,40342,Michiel Kramer
32,80881,Jeffrey Bruma
33,104982,Mats Seuntjens
34,141965,Jeroen Houwen
35,289015,Julian Lelieveld
36,322182,Reuven Niemeijer
37,357080,Godfried Roemeratoe
38,369048,Richonell Margaret
39,379705,Etienne Vaessen
40,379706,Juriën Gaari
41,380663,Patrick Vroegh
42,387172,Denilho Cleonise
43,389411,Yassin Oukili
