,ID,Name
0,403644,Victor Jensen
1,375327,Modibo Sagnan
2,394998,Can Bozdogan
3,422873,Tasos Douvikas
4,135954,Vasilios Barkas
5,484302,Ivar Jenner
6,422805,Souffian El Karouani
7,83337,Zakaria Labyad
8,97367,Mattijs Branderhorst
9,101605,Mike van der Hoorn
10,104982,Mats Seuntjens
11,135271,Sean Klaiber
12,256971,Hidde ter Avest
13,261082,Bart Ramselaar
14,402852,Ole Romeny
15,411079,Calvin Raatsie
16,382593,Marouan Azarkan
17,39726,Mark van der Maarel
18,70906,Nick Viergever
19,82401,Jens Toornstra
20,284451,Isac Lidberg
21,143815,Anas Tahiri
22,323531,Mats Köhlert
23,363248,Ion Nicolaescu
24,124380,Thom Haye
25,252239,Andries Noppert
26,296543,Jan Bekkema
27,409160,Syb van Ottele
28,422643,Djenahro Nunumete
29,379599,Ché Nunnely
30,387720,Denzel Hall
31,366886,Osame Sahraoui
32,142376,Pawel Bochniewicz
33,327724,Simon Olsson
34,406536,Hussein Ali
35,430295,Charlie Webster
36,436158,Daniel Karlsbakk
37,472399,Bernt Klaverboer
38,475754,Roan van der Plaat
39,492109,Melle Witteveen
40,497178,Espen van Ee
41,497179,Oliver Braude
