,ID,Name
0,422782,Manfred Ugalde
1,361838,Michal Sadílek
2,90235,Lars Unnerstall
3,307362,Alfons Sampsted
4,484544,Younes Taha
5,322149,Michel Vlap
6,361794,Sem Steijn
7,402819,Mees Hilgers
8,108935,Robin Pröpper
9,119741,Joshua Brenet
10,37344,Ricky van Wolfswinkel
11,405560,Daan Rots
12,406780,Max Bruns
13,427577,Youri Regeer
14,436492,Sam Karssies
15,445046,Naci Ünüvar
16,475578,Mats Rots
17,34545,Przemyslaw Tyton
18,404777,Mathias Kjølø
19,475579,Gijs Besselink
20,425958,Alec van Hoorenbeeck
21,259930,Younes Namli
22,104906,Thomas Lam
23,84195,Lennart Thy
24,361777,Lennart Czyborra
25,82029,Apostolos Vellios
26,333527,Odysseus Velanas
27,408338,Daijiro Chirino
28,415772,Zico Buurmeester
29,362467,Jasper Schendelaar
30,365152,Eliano Reijnders
31,379596,Dean Huiberts
32,380731,Sam Kersten
33,400823,Davy van den Berg
34,33002,Bart van Hintum
35,34108,Bram van Polen
36,317693,Mike Hauptmeijer
37,351310,Ferdy Druijf
38,484550,Duke Verduin
39,137327,Ryan Thomas
40,423109,Nico Serrano
41,424502,Anselmo MacNulty
42,489992,Nick Fichtinger
43,494145,Divaio Bobson
