,ID,Name
0,343347,Arno Verschueren
1,382494,Charles-Andreas Brym
2,379712,Saïd Bakari
3,444484,Koki Saito
4,460754,Dylan van Wageningen
5,379764,Youri Schoonderwaldt
6,404192,Tijs Velthuis
7,411278,Jeremy van Mullem
8,422872,Djevencio van der Kust
9,279173,Pelle Clement
10,285951,Delano van Crooij
11,343314,Vito van Crooij
12,19087,Jonathan de Guzmán
13,44145,Bart Vriends
14,229520,Django Warmerdam
15,243916,Nick Olij
16,427851,Rick Meissen
17,491398,Camiel Neghli
18,276756,Tobias Lauritsen
19,349199,Joshua Kitolano
20,427118,Pedro Alemañ
21,486947,Augustin Anello
22,379701,Ramiz Zerrouki
23,384574,Gernot Trauner
24,436553,Igor Paixão
25,121821,Timon Wellenreuther
26,68850,Kostas Lamprou
27,133390,Alireza Jahanbakhsh
28,377288,Ayase Ueda
29,445061,Santiago Giménez
30,444739,Quilindschy Hartman
31,445059,Mats Wieffer
32,411078,Quinten Timber
33,412907,Neraysho Kasanwirjo
34,436114,Thomas Beelen
35,328987,Calvin Stengs
36,345441,Lutsharel Geertruida
37,361695,Thomas van den Belt
38,363083,Javairô Dilrosun
39,362779,Dávid Hancko
40,468119,Leo Sauer
41,371042,Marcos López
42,484175,Yankuba Minteh
43,489979,Gjivai Zechiël
44,450078,Mannou Berger
