,ID,Name
0,400278,Thierry Lutonda
1,469502,Chris Lokesa
2,255946,Dario Van den Buijs
3,127137,Zakaria Bakkali
4,400545,Shawn Adewoye
5,401542,Raz Meir
6,400279,David Min
7,404390,Nouri El Harmazi
8,432167,Mark Spenkelink
9,444674,Kevin Felida
10,141965,Jeroen Houwen
11,31238,Aaron Meijers
12,40342,Michiel Kramer
13,80881,Jeffrey Bruma
14,289015,Julian Lelieveld
15,322182,Reuven Niemeijer
16,369048,Richonell Margaret
17,379705,Etienne Vaessen
18,379706,Juriën Gaari
19,380663,Patrick Vroegh
20,387172,Denilho Cleonise
21,389411,Yassin Oukili
22,400276,Luuk Wouters
23,81523,Mathew Ryan
24,362553,Jens Odgaard
25,300755,Pantelis Hatzidiakos
26,330514,Vangelis Pavlidis
27,379783,Yukinari Sugawara
28,383560,Sven Mijnans
29,363875,Kenzo Goudmijn
30,422737,Ernest Poku
31,432172,Denso Kasius
32,434318,Maxim Dekker
33,353695,Dani de Wit
34,90834,Hobie Verhulst
35,133959,Riechedly Bazoer
36,470734,Daniël Deen
37,484652,Ruben van Bommel
38,422248,Alexandre Penetra
39,444780,Mayckel Lahdo
40,334726,Djordje Mihailovic
41,415341,David Møller Wolfe
42,497707,Dave Kwakman
