,ID,Name
0,424808,Mathias Ross
1,422807,Magnus Mattsson
2,487049,Koki Ogawa
3,497708,Kodai Sano
4,418540,Yvandro Borges Sanches
5,389945,Sontje Hansen
6,429380,Rijk Janse
7,422804,Bart van Rooij
8,422806,Dirk Proper
9,422814,Robin Roefs
10,506727,D'Leanu Arts
11,77422,Bram Nuytinck
12,90811,Jasper Cillessen
13,271086,Calvin Verdonk
14,279429,Sai van Wermeskerken
15,321959,Philippe Sandler
16,335725,Lars Olden Larsen
17,351532,Mees Hoedemakers
18,365712,Rober
19,425958,Alec Van Hoorenbeeck
20,422782,Manfred Ugalde
21,361838,Michal Sadílek
22,90235,Lars Unnerstall
23,307362,Alfons Sampsted
24,368289,Issam El Maach
25,484544,Younes Taha
26,445046,Naci Ünüvar
27,475578,Mats Rots
28,475579,Gijs Besselink
29,478021,Juliën Mesbahi
30,400059,Gijs Smal
31,405560,Daan Rots
32,406780,Max Bruns
33,321910,Carel Eiting
34,322149,Michel Vlap
35,361794,Sem Steijn
36,119741,Joshua Brenet
37,301423,Mitchell van Bergen
38,34545,Przemyslaw Tyton
39,404777,Mathias Kjølø
