,ID,Name
0,450923,Brian De Keersmaecker
1,401137,Bryan Limbombe
2,401250,Jannes Wieckhoff
3,422763,Sven Sonnenberg
4,225522,Mario Engels
5,299511,Jordy Bruijn
6,312702,Justin Hoogma
7,67063,Marko Vejinovic
8,94885,Jetro Willems
9,96581,Thomas Bruns
10,116684,Michael Brouwer
11,433912,Timo Jansink
12,433913,Sem Scheperman
13,349481,Jizz Hornkamp
14,379686,Ruben Roosken
15,379728,Navajo Bakboord
16,382581,Fabian de Keijzer
17,414250,Mohamed Sankoh
18,484545,Stijn Bultman
19,334533,Emil Hansson
20,402055,Sava-Arangel Cestic
21,456590,Garang Kuol
22,345769,Oskar Buur
23,259530,Robin Maulun
24,436119,Mio Backhaus
25,409052,Benaissa Benamar
26,498896,Milan de Haan
27,504312,Bram van Driel
28,444713,Brian Plat
29,444714,Damon Mirani
30,444717,Lequincio Zeefuik
31,444720,Barry Lauwers
32,445056,Calvin Twigt
33,445057,Achraf Douiri
34,148512,Bilal Ould-Chikh
35,240878,Robert Mühren
36,457258,Luke Le Roux
37,498822,Zach Booth
38,383604,George Cox
39,497066,Quincy Hoeve
40,444718,Kayne van Oevelen
41,511113,Luc van Koeverden
42,514507,Mika van der Horst
