,ID,Name
0,362553,Jens Odgaard
1,485376,Ibrahim Sadiq
2,330514,Vangelis Pavlidis
3,353695,Dani de Wit
4,90802,Jordy Clasie
5,90810,Bruno Martins Indi
6,133959,Riechedly Bazoer
7,383560,Sven Mijnans
8,422737,Ernest Poku
9,422867,Mees de Wit
10,432172,Denso Kasius
11,433950,Mexx Meerdink
12,438484,Myron van Brederode
13,449304,Tristan Kuijsten
14,472183,Wouter Goes
15,484652,Ruben van Bommel
16,510581,Jayden Addai
17,422248,Alexandre Penetra
18,408824,Tiago Dantas
19,444780,Mayckel Lahdo
20,470735,Rome-Jayden Owusu-Oduro
21,439447,Kristijan Belic
22,415341,David Møller Wolfe
23,259930,Younes Namli
24,104906,Thomas Lam
25,84195,Lennart Thy
26,484551,Luis Görlich
27,82029,Apostolos Vellios
28,333527,Odysseus Velanas
29,362467,Jasper Schendelaar
30,365152,Eliano Reijnders
31,379596,Dean Huiberts
32,380731,Sam Kersten
33,400823,Davy van den Berg
34,431253,Damian van der Haar
35,317693,Mike Hauptmeijer
36,20831,Kenneth Vermeer
37,34108,Bram van Polen
38,489992,Nick Fichtinger
39,513251,Teun Gijselhart
40,424502,Anselmo MacNulty
41,494145,Divaio Bobson
