,ID,Name
0,125375,Gerónimo Rulli
1,460297,Benjamin Tahirovic
2,381530,Jakov Medic
3,484494,Anton Gaaei
4,424248,Kristian Hlynsson
5,437387,Anass Salah-Eddine
6,454337,Jaydon Banel
7,454338,Tristan Gooijer
8,467715,Jorrel Hato
9,467716,Gabriel Misehouy
10,400165,Devyne Rensch
11,279425,Steven Bergwijn
12,401122,Kenneth Taylor
13,404568,Brian Brobbey
14,415781,Kian Fitz-Jim
15,422800,Ar'Jany Martha
16,422802,Jay Gorter
17,89794,Steven Berghuis
18,468850,Carlos Forbs
19,400320,Ahmetcan Kaplan
20,373154,Diant Ramaj
21,255946,Dario Van den Buijs
22,127137,Zakaria Bakkali
23,400278,Thierry Lutonda
24,400545,Shawn Adewoye
25,450984,Ilias Takidine
26,469502,Chris Lokesa
27,31238,Aaron Meijers
28,40342,Michiel Kramer
29,104982,Mats Seuntjens
30,141965,Jeroen Houwen
31,387172,Denilho Cleonise
32,389411,Yassin Oukili
33,289015,Julian Lelieveld
34,322182,Reuven Niemeijer
35,357080,Godfried Roemeratoe
36,379705,Etienne Vaessen
37,379706,Juriën Gaari
38,380663,Patrick Vroegh
39,432167,Mark Spenkelink
40,444674,Kevin Felida
41,400279,David Min
42,383865,Filip Stevanovic
