,ID,Name
0,409126,Dominik Oroz
1,486769,Amine Boutrah
2,89947,Nicolas Isimat-Mirin
3,285933,Markus Schubert
4,313385,Carlens Arcus
5,77429,Davy Pröpper
6,85470,Marco van Ginkel
7,352844,Thomas Buitink
8,414485,Giovanni van Zwam
9,422909,Ramon Hendriks
10,429928,Gyan de Regt
11,444159,Mathijs Tielemans
12,379707,Melle Meulensteen
13,400281,Million Manhoef
14,400282,Daan Huisman
15,401021,Enzo Cornelisse
16,510533,Andy Visser
17,322776,Michael Pinto
18,446949,Joel Voelkerling Persson
19,363704,Toni Domgjoni
20,67114,Eloy Room
21,498903,Tom Bramel
22,384574,Gernot Trauner
23,436553,Igor Paixão
24,298710,Luka Ivanusec
25,404200,Ondrej Lingr
26,121821,Timon Wellenreuther
27,68850,Kostas Lamprou
28,445061,Santiago Giménez
29,444739,Quilindschy Hartman
30,445059,Mats Wieffer
31,297527,Bart Nieuwkoop
32,363083,Javairô Dilrosun
33,411078,Quinten Timber
34,422921,Antoni Milambo
35,436114,Thomas Beelen
36,302709,Justin Bijlow
37,328987,Calvin Stengs
38,345441,Lutsharel Geertruida
39,361695,Thomas van den Belt
40,362779,Dávid Hancko
41,468119,Leo Sauer
42,371042,Marcos López
