,ID,Name
0,343347,Arno Verschueren
1,382494,Charles-Andreas Brym
2,379712,Saïd Bakari
3,513252,Shunsuke Mito
4,379764,Youri Schoonderwaldt
5,444483,Mike Eerdhuijzen
6,404192,Tijs Velthuis
7,422872,Djevencio van der Kust
8,427851,Rick Meissen
9,279173,Pelle Clement
10,285951,Delano van Crooij
11,19087,Jonathan de Guzmán
12,229520,Django Warmerdam
13,243916,Nick Olij
14,276756,Tobias Lauritsen
15,349199,Joshua Kitolano
16,485935,Sergi Rosanas
17,433577,Metinho
18,475142,Rayvien Rosario
19,404077,Thibo Baeten
20,444781,Xander Blomme
21,484558,Jakob Breum
22,288859,Gerrit Nauber
23,388033,Willum Willumsson
24,34171,Erwin Mulder
25,134722,Bas Kuipers
26,276442,Joris Kramer
27,322159,Finn Stokkers
28,348644,Sylla Sow
29,355961,Evert Linthorst
30,379703,Jeffrey de Lange
31,382238,Bobby Adekanye
32,445055,Dean James
33,411691,Enric Llansana
34,422633,Mats Deijl
35,422781,Luca Everink
36,426002,Sven Jansen
37,400173,Jamal Amofa
38,383616,Oliver Edvardsen
39,470692,Victor Edvardsen
40,472963,Darío Serra
