,ID,Name
0,362459,Othmane Boussaid
1,403644,Victor Jensen
2,425341,Oscar Fraulo
3,467757,Silas Andersen
4,375327,Modibo Sagnan
5,135954,Vasilios Barkas
6,83337,Zakaria Labyad
7,422805,Souffian El Karouani
8,431330,Kevin Gadellaa
9,97367,Mattijs Branderhorst
10,101605,Mike van der Hoorn
11,39726,Mark van der Maarel
12,70906,Nick Viergever
13,82401,Jens Toornstra
14,256971,Hidde ter Avest
15,328269,Sam Lammers
16,402852,Ole Romeny
17,444675,Taylor Booth
18,438303,Adrian Blake
19,444737,Ryan Flamingo
20,130304,Walter Benítez
21,408059,Yorbe Vertessen
22,427824,Johan Bakayoko
23,98101,André Ramalho
24,346767,Mauro Júnior
25,260809,Olivier Boscagli
26,318511,Hirving Lozano
27,26916,Boy Waterman
28,68585,Luuk de Jong
29,78221,Patrick van Aanholt
30,322148,Guus Til
31,331555,Jerdy Schouten
32,345333,Armando Obispo
33,275012,Joël Drommel
34,354283,Noa Lang
35,361839,Jordan Teze
36,404225,Shurandy Sambo
37,481080,Tygo Land
38,377466,Ricardo Pepi
39,379205,Sergiño Dest
40,397465,Malik Tillman
