,ID,Name
0,255946,Dario Van den Buijs
1,400545,Shawn Adewoye
2,469502,Chris Lokesa
3,446984,Daouda Weidmann
4,401542,Raz Meir
5,380663,Patrick Vroegh
6,432167,Mark Spenkelink
7,444674,Kevin Felida
8,80881,Jeffrey Bruma
9,141965,Jeroen Houwen
10,379706,Juriën Gaari
11,400279,David Min
12,40342,Michiel Kramer
13,387172,Denilho Cleonise
14,31238,Aaron Meijers
15,289015,Julian Lelieveld
16,357080,Godfried Roemeratoe
17,389411,Yassin Oukili
18,369048,Richonell Margaret
19,383865,Filip Stevanovic
20,456590,Garang Kuol
21,345769,Oskar Buur
22,436119,Mio Backhaus
23,409052,Benaissa Benamar
24,425605,Xavier Mbuyamba
25,460498,Déron Payne
26,444714,Damon Mirani
27,148512,Bilal Ould-Chikh
28,445056,Calvin Twigt
29,498896,Milan de Haan
30,240878,Robert Mühren
31,444712,Billy van Duijl
32,445057,Achraf Douiri
33,504312,Bram van Driel
34,444715,Ibrahim El Kadiri
35,444720,Barry Lauwers
36,445058,Josh Flint
37,460178,Darius Johnson
38,383604,George Cox
39,444718,Kayne van Oevelen
40,497066,Quincy Hoeve
