,ID,Name
0,424808,Mathias Ross
1,422807,Magnus Mattsson
2,22300,Lasse Schöne
3,497708,Kodai Sano
4,487049,Koki Ogawa
5,34323,Bas Dost
6,422810,Elayis Tavsan
7,429380,Rijk Janse
8,422801,Youri Baas
9,90811,Jasper Cillessen
10,422804,Bart van Rooij
11,77422,Bram Nuytinck
12,271086,Calvin Verdonk
13,389945,Sontje Hansen
14,422806,Dirk Proper
15,422814,Robin Roefs
16,335725,Lars Olden Larsen
17,497049,Luc Netten
18,351532,Mees Hoedemakers
19,365712,Rober
20,506727,D'Leanu Arts
21,76336,Samuel Sahin-Radlinger
22,455842,Yoann Cathline
23,357398,Théo Barbet
24,296323,Thomas Robinet
25,373555,Loïc Mbe Soh
26,438662,Yann Kitala
27,484527,Nordin Bakker
28,484540,Jochem Ritmeester van de Kamp
29,344124,Danny Post
30,303815,Damian van Bruggen
31,408102,Peer Koopmeiners
32,484537,Stije Resink
33,42947,Rajiv van La Parra
34,426506,Stijn Keller
35,484539,Marcelencio Esajas
36,484531,Joey Jacobs
37,484536,Lance Duijvestijn
38,363872,Christopher Mamengi
39,484542,Jeffry Puriël
40,484534,Manel Royo
41,451208,Bradly van Hoeven
42,402120,Pascu
43,395381,Kornelius Normann Hansen
