,ID,Name
0,130304,Walter Benítez
1,427824,Johan Bakayoko
2,408059,Yorbe Vertessen
3,98101,André Ramalho
4,260809,Olivier Boscagli
5,318511,Hirving Lozano
6,404776,Ismael Saibari
7,489985,Isaac Babadi
8,275012,Joël Drommel
9,404225,Shurandy Sambo
10,26916,Boy Waterman
11,331555,Jerdy Schouten
12,382556,Joey Veerman
13,322148,Guus Til
14,78221,Patrick van Aanholt
15,361839,Jordan Teze
16,68585,Luuk de Jong
17,397465,Malik Tillman
18,379205,Sergiño Dest
19,377466,Ricardo Pepi
20,436591,Milan Robberechts
21,399960,Siemen Voet
22,396058,Rodrigo Guth
23,120151,Alen Halilovic
24,401043,Ivor Pandur
25,421892,Loreintz Rosier
26,413273,Remy Vita
27,430765,Sadik Fofana
28,79755,Dimitrios Siovas
29,400056,Nathangelo Markelo
30,456703,Iman Griffith
31,301457,Luuk Koopmans
32,422635,Ragnar Oratmangoen
33,355134,Kaj Sierhuis
34,328549,Deroy Duarte
35,423863,Tijjani Noslin
36,70598,Ivo Pinto
37,407117,Marko Lazetic
38,344201,Iñigo Córdoba
39,107077,Oguzhan Özyakup
40,368266,Tom Hendriks
