,ID,Name
0,379701,Ramiz Zerrouki
1,436553,Igor Paixão
2,404200,Ondrej Lingr
3,121821,Timon Wellenreuther
4,68850,Kostas Lamprou
5,133390,Alireza Jahanbakhsh
6,377288,Ayase Ueda
7,445061,Santiago Giménez
8,361695,Thomas van den Belt
9,422921,Antoni Milambo
10,302709,Justin Bijlow
11,444739,Quilindschy Hartman
12,297527,Bart Nieuwkoop
13,345441,Lutsharel Geertruida
14,445059,Mats Wieffer
15,328987,Calvin Stengs
16,411078,Quinten Timber
17,436114,Thomas Beelen
18,363083,Javairô Dilrosun
19,468119,Leo Sauer
20,362779,Dávid Hancko
21,371042,Marcos López
22,484175,Yankuba Minteh
23,409126,Dominik Oroz
24,89947,Nicolas Isimat-Mirin
25,285933,Markus Schubert
26,313385,Carlens Arcus
27,444159,Mathijs Tielemans
28,400281,Million Manhoef
29,497068,Jordi Altena
30,401021,Enzo Cornelisse
31,422909,Ramon Hendriks
32,379707,Melle Meulensteen
33,85470,Marco van Ginkel
34,437426,Miliano Jonathans
35,472130,Saïd Hamulic
36,414485,Giovanni van Zwam
37,429928,Gyan de Regt
38,412349,Kacper Kozlowski
39,446949,Joel Voelkerling Persson
40,363704,Toni Domgjoni
41,498903,Tom Bramel
42,67114,Eloy Room
43,497067,Mats Egbring
