,ID,Name
0,81523,Mathew Ryan
1,362553,Jens Odgaard
2,485376,Ibrahim Sadiq
3,330514,Vangelis Pavlidis
4,379783,Yukinari Sugawara
5,133959,Riechedly Bazoer
6,353695,Dani de Wit
7,383560,Sven Mijnans
8,438484,Myron van Brederode
9,90802,Jordy Clasie
10,472183,Wouter Goes
11,363875,Kenzo Goudmijn
12,90810,Bruno Martins Indi
13,432172,Denso Kasius
14,90834,Hobie Verhulst
15,422737,Ernest Poku
16,408824,Tiago Dantas
17,422248,Alexandre Penetra
18,444780,Mayckel Lahdo
19,334726,Djordje Mihailovic
20,470735,Rome-Jayden Owusu-Oduro
21,415341,David Møller Wolfe
22,143815,Anas Tahiri
23,323531,Mats Köhlert
24,252239,Andries Noppert
25,124274,Sven van Beek
26,124380,Thom Haye
27,238897,Pelle van Amersfoort
28,492109,Melle Witteveen
29,497178,Espen van Ee
30,379599,Ché Nunnely
31,296543,Jan Bekkema
32,409160,Syb van Ottele
33,121834,Mickey van der Hart
34,387720,Denzel Hall
35,422643,Djenahro Nunumete
36,497179,Oliver Braude
37,366886,Osame Sahraoui
38,142376,Pawel Bochniewicz
39,327724,Simon Olsson
40,406536,Hussein Ali
41,430295,Charlie Webster
42,436158,Daniel Karlsbakk
43,422634,Luuk Brouwers
44,399620,Patrik Wålemark
