,ID,Name
0,404077,Thibo Baeten
1,444781,Xander Blomme
2,422636,Philippe Rommens
3,484558,Jakob Breum
4,288859,Gerrit Nauber
5,388033,Willum Willumsson
6,400173,Jamal Amofa
7,34171,Erwin Mulder
8,445055,Dean James
9,355132,Rashaan Fernandes
10,431651,Nando Verdoni
11,382238,Bobby Adekanye
12,355961,Evert Linthorst
13,444782,Pim Saathof
14,348644,Sylla Sow
15,379703,Jeffrey de Lange
16,276442,Joris Kramer
17,134722,Bas Kuipers
18,422633,Mats Deijl
19,383616,Oliver Edvardsen
20,470692,Victor Edvardsen
21,411691,Enric Llansana
22,472963,Darío Serra
23,343347,Arno Verschueren
24,382494,Charles-Andreas Brym
25,379712,Saïd Bakari
26,404192,Tijs Velthuis
27,285951,Delano van Crooij
28,460754,Dylan van Wageningen
29,379764,Youri Schoonderwaldt
30,427851,Rick Meissen
31,229520,Django Warmerdam
32,243916,Nick Olij
33,44145,Bart Vriends
34,422872,Djevencio van der Kust
35,279173,Pelle Clement
36,19087,Jonathan de Guzmán
37,491398,Camiel Neghli
38,349199,Joshua Kitolano
39,276756,Tobias Lauritsen
40,427118,Pedro Alemañ
41,486947,Augustin Anello
42,506930,Hamza El Dahri
43,433577,Metinho
