,ID,Name
0,450923,Brian De Keersmaecker
1,401137,Bryan Limbombe
2,422763,Sven Sonnenberg
3,349202,Anas Ouahim
4,422866,Abed Nankishi
5,225522,Mario Engels
6,401250,Jannes Wieckhoff
7,379686,Ruben Roosken
8,369408,Sylian Mokono
9,312702,Justin Hoogma
10,96581,Thomas Bruns
11,414250,Mohamed Sankoh
12,116684,Michael Brouwer
13,94885,Jetro Willems
14,67063,Marko Vejinovic
15,433913,Sem Scheperman
16,380635,Robin Jalving
17,334533,Emil Hansson
18,484545,Stijn Bultman
19,402055,Sava-Arangel Cestic
20,484548,Lasse Wehmeyer
21,382581,Fabian de Keijzer
22,450983,Antonio Satriano
23,422782,Manfred Ugalde
24,361838,Michal Sadílek
25,90235,Lars Unnerstall
26,307362,Alfons Sampsted
27,484544,Younes Taha
28,37344,Ricky van Wolfswinkel
29,436492,Sam Karssies
30,427577,Youri Regeer
31,301423,Mitchell van Bergen
32,402819,Mees Hilgers
33,108935,Robin Pröpper
34,361794,Sem Steijn
35,405560,Daan Rots
36,321910,Carel Eiting
37,400059,Gijs Smal
38,34545,Przemyslaw Tyton
39,425958,Alec Van Hoorenbeeck
40,404777,Mathias Kjølø
41,478021,Juliën Mesbahi
42,475579,Gijs Besselink
