,ID,Name
0,328432,Siebe Horemans
1,373556,Arthur Zagré
2,308754,Lazaros Lamprou
3,423949,Mimeirhel Benita
4,415781,Kian Fitz-Jim
5,410324,Ian Smeulers
6,444619,Stijn van Gassel
7,123554,Sven Nieuwpoort
8,444620,Redouan El Yaakoubi
9,444623,Julian Baas
10,400009,Couhaib Driouech
11,454518,Derensili Sanches Fernandes
12,444738,Noah Naujoks
13,139666,Norbert Alblas
14,445053,Nikolas Agrafiotis
15,429615,Casper Widell
16,485370,Oscar Uddenäs
17,494671,Richie Omorowa
18,384064,Troy Parrott
19,420300,Cisse Sandra
20,259930,Younes Namli
21,484551,Luis Görlich
22,84195,Lennart Thy
23,82029,Apostolos Vellios
24,333527,Odysseus Velanas
25,415772,Zico Buurmeester
26,490379,Anouar El Azzouzi
27,365152,Eliano Reijnders
28,380731,Sam Kersten
29,400823,Davy van den Berg
30,484550,Duke Verduin
31,431253,Damian van der Haar
32,379596,Dean Huiberts
33,317693,Mike Hauptmeijer
34,362467,Jasper Schendelaar
35,34108,Bram van Polen
36,351310,Ferdy Druijf
37,137327,Ryan Thomas
38,423109,Nico Serrano
39,424502,Anselmo MacNulty
40,354027,Anthony Fontana
