,ID,Name
0,402885,Anthony Descotte
1,362459,Othmane Boussaid
2,425341,Oscar Fraulo
3,403644,Victor Jensen
4,375327,Modibo Sagnan
5,394998,Can Bozdogan
6,135954,Vasilios Barkas
7,422805,Souffian El Karouani
8,83337,Zakaria Labyad
9,97367,Mattijs Branderhorst
10,411079,Calvin Raatsie
11,402852,Ole Romeny
12,39726,Mark van der Maarel
13,82401,Jens Toornstra
14,382593,Marouan Azarkan
15,101605,Mike van der Hoorn
16,502428,Yannick Leliendal
17,104982,Mats Seuntjens
18,256971,Hidde ter Avest
19,397893,Hugo Novoa
20,284451,Isac Lidberg
21,444675,Taylor Booth
22,444737,Ryan Flamingo
23,270829,Borna Sosa
24,402666,Josip Sutalo
25,381530,Jakov Medic
26,484494,Anton Gaaei
27,389020,Georges Mikautadze
28,424248,Kristian Hlynsson
29,422802,Jay Gorter
30,279425,Steven Bergwijn
31,437387,Anass Salah-Eddine
32,34550,Remko Pasveer
33,89794,Steven Berghuis
34,454338,Tristan Gooijer
35,454330,Julian Brandes
36,139299,Branco van den Boomen
37,401122,Kenneth Taylor
38,468850,Carlos Forbs
39,122294,Chuba Akpom
40,467715,Jorrel Hato
41,460297,Benjamin Tahirovic
42,462099,Mika Godts
43,404568,Brian Brobbey
44,391592,Gastón Ávila
45,373154,Diant Ramaj
