,ID,Name
0,422636,Philippe Rommens
1,404077,Thibo Baeten
2,444781,Xander Blomme
3,484558,Jakob Breum
4,288859,Gerrit Nauber
5,388033,Willum Willumsson
6,445055,Dean James
7,355132,Rashaan Fernandes
8,348644,Sylla Sow
9,355961,Evert Linthorst
10,422781,Luca Everink
11,382238,Bobby Adekanye
12,379703,Jeffrey de Lange
13,276442,Joris Kramer
14,422633,Mats Deijl
15,134722,Bas Kuipers
16,444782,Pim Saathof
17,34171,Erwin Mulder
18,426002,Sven Jansen
19,383616,Oliver Edvardsen
20,470692,Victor Edvardsen
21,472963,Darío Serra
22,411691,Enric Llansana
23,399960,Siemen Voet
24,396058,Rodrigo Guth
25,120151,Alen Halilovic
26,401043,Ivor Pandur
27,413273,Remy Vita
28,421892,Loreintz Rosier
29,294844,Arianit Ferati
30,430765,Sadik Fofana
31,79755,Dimitrios Siovas
32,115574,Mitchell Dijks
33,328549,Deroy Duarte
34,355134,Kaj Sierhuis
35,423863,Tijjani Noslin
36,301457,Luuk Koopmans
37,456703,Iman Griffith
38,422635,Ragnar Oratmangoen
39,400056,Nathangelo Markelo
40,70598,Ivo Pinto
41,407117,Marko Lazetic
42,344201,Iñigo Córdoba
43,107077,Oguzhan Özyakup
44,487102,Menaour Belkheir
45,368266,Tom Hendriks
