,ID,Name
0,362459,Othmane Boussaid
1,403644,Victor Jensen
2,416311,Niklas Vesterlund
3,425341,Oscar Fraulo
4,515595,Jeppe Okkels
5,346340,Tim Handwerker
6,394998,Can Bozdogan
7,429514,Zidane Iqbal
8,422805,Souffian El Karouani
9,83337,Zakaria Labyad
10,97367,Mattijs Branderhorst
11,101605,Mike van der Hoorn
12,256971,Hidde ter Avest
13,315574,Thijmen Nijhuis
14,328269,Sam Lammers
15,382593,Marouan Azarkan
16,39726,Mark van der Maarel
17,70906,Nick Viergever
18,82401,Jens Toornstra
19,449316,Devin Remie
20,512213,Joshua Mukeh
21,438303,Adrian Blake
22,444737,Ryan Flamingo
23,450923,Brian De Keersmaecker
24,225522,Mario Engels
25,349202,Anas Ouahim
26,401250,Jannes Wieckhoff
27,422763,Sven Sonnenberg
28,349481,Jizz Hornkamp
29,379686,Ruben Roosken
30,379728,Navajo Bakboord
31,382581,Fabian de Keijzer
32,299511,Jordy Bruijn
33,312702,Justin Hoogma
34,67063,Marko Vejinovic
35,69789,Kelvin Leerdam
36,94885,Jetro Willems
37,116684,Michael Brouwer
38,433912,Timo Jansink
39,433913,Sem Scheperman
40,414250,Mohamed Sankoh
41,403097,Fredrik Oppegård
42,333365,Ajdin Hrustic
