,ID,Name
0,456590,Garang Kuol
1,436119,Mio Backhaus
2,409052,Benaissa Benamar
3,240878,Robert Mühren
4,444714,Damon Mirani
5,444713,Brian Plat
6,148512,Bilal Ould-Chikh
7,445056,Calvin Twigt
8,498896,Milan de Haan
9,460499,Joey Antonioli
10,444715,Ibrahim El Kadiri
11,445057,Achraf Douiri
12,444712,Billy van Duijl
13,444720,Barry Lauwers
14,444717,Lequincio Zeefuik
15,444716,Imran Nazih
16,498822,Zach Booth
17,460178,Darius Johnson
18,445058,Josh Flint
19,498897,Francisco Marizan
20,444718,Kayne van Oevelen
21,475042,Rob Tol
22,454409,Diego Gustavo
23,450923,Brian De Keersmaecker
24,401137,Bryan Limbombe
25,422866,Abed Nankishi
26,422763,Sven Sonnenberg
27,401250,Jannes Wieckhoff
28,225522,Mario Engels
29,349202,Anas Ouahim
30,414250,Mohamed Sankoh
31,379686,Ruben Roosken
32,484547,Diego van Oorschot
33,433913,Sem Scheperman
34,96581,Thomas Bruns
35,312702,Justin Hoogma
36,116684,Michael Brouwer
37,94885,Jetro Willems
38,379728,Navajo Bakboord
39,380635,Robin Jalving
40,67063,Marko Vejinovic
41,334533,Emil Hansson
42,484545,Stijn Bultman
43,382581,Fabian de Keijzer
44,450983,Antonio Satriano
45,402055,Sava-Arangel Cestic
