,ID,Name
0,143815,Anas Tahiri
1,323531,Mats Köhlert
2,363248,Ion Nicolaescu
3,121834,Mickey van der Hart
4,422643,Djenahro Nunumete
5,409160,Syb van Ottele
6,124380,Thom Haye
7,252239,Andries Noppert
8,387720,Denzel Hall
9,124274,Sven van Beek
10,379599,Ché Nunnely
11,238897,Pelle van Amersfoort
12,296543,Jan Bekkema
13,497179,Oliver Braude
14,366886,Osame Sahraoui
15,142376,Pawel Bochniewicz
16,406536,Hussein Ali
17,327724,Simon Olsson
18,422634,Luuk Brouwers
19,436158,Daniel Karlsbakk
20,399620,Patrik Wålemark
21,328432,Siebe Horemans
22,373556,Arthur Zagre
23,320000,Adrian Fein
24,308754,Lazaros Lamprou
25,123554,Sven Nieuwpoort
26,444619,Stijn van Gassel
27,444623,Julian Baas
28,444620,Redouan El Yaakoubi
29,400009,Couhaib Driouech
30,454518,Derensili Sanches Fernandes
31,415781,Kian Fitz-Jim
32,410324,Ian Smeulers
33,444624,Serano Seymor
34,423949,Mimeirhel Benita
35,139666,Norbert Alblas
36,445053,Nikolas Agrafiotis
37,485370,Oscar Uddenäs
38,429615,Casper Widell
39,494671,Richie Omorowa
40,420300,Cisse Sandra
41,384064,Troy Parrott
