,ID,Name
0,422807,Magnus Mattsson
1,22300,Lasse Schöne
2,424808,Mathias Ross
3,487049,Koki Ogawa
4,497708,Kodai Sano
5,429380,Rijk Janse
6,389945,Sontje Hansen
7,422806,Dirk Proper
8,34323,Bas Dost
9,422814,Robin Roefs
10,422801,Youri Baas
11,90811,Jasper Cillessen
12,77422,Bram Nuytinck
13,271086,Calvin Verdonk
14,321959,Philippe Sandler
15,422804,Bart van Rooij
16,431307,Nils Rossen
17,497049,Luc Netten
18,351532,Mees Hoedemakers
19,365712,Rober
20,362459,Othmane Boussaid
21,425341,Oscar Fraulo
22,403644,Victor Jensen
23,375327,Modibo Sagnan
24,394998,Can Bozdogan
25,422805,Souffian El Karouani
26,83337,Zakaria Labyad
27,411079,Calvin Raatsie
28,261082,Bart Ramselaar
29,256971,Hidde ter Avest
30,402852,Ole Romeny
31,104982,Mats Seuntjens
32,382593,Marouan Azarkan
33,70906,Nick Viergever
34,39726,Mark van der Maarel
35,97367,Mattijs Branderhorst
36,397893,Hugo Novoa
37,284451,Isac Lidberg
38,431330,Kevin Gadellaa
39,444737,Ryan Flamingo
