,ID,Name
0,76336,Samuel Sahin-Radlinger
1,438662,Yann Kitala
2,455842,Yoann Cathline
3,373555,Loïc Mbe Soh
4,357398,Théo Barbet
5,296323,Thomas Robinet
6,322157,Sherel Floranus
7,344124,Danny Post
8,484531,Joey Jacobs
9,42947,Rajiv van La Parra
10,484536,Lance Duijvestijn
11,484527,Nordin Bakker
12,379734,Hamdi Akujobi
13,303815,Damian van Bruggen
14,484537,Stije Resink
15,408102,Peer Koopmeiners
16,484540,Jochem Ritmeester van de Kamp
17,363872,Christopher Mamengi
18,426506,Stijn Keller
19,484534,Manel Royo
20,395381,Kornelius Normann Hansen
21,402120,Pascu
22,130304,Walter Benítez
23,408059,Yorbe Vertessen
24,427824,Johan Bakayoko
25,98101,André Ramalho
26,260809,Olivier Boscagli
27,318511,Hirving Lozano
28,404776,Ismael Saibari
29,489985,Isaac Babadi
30,354283,Noa Lang
31,68585,Luuk de Jong
32,275012,Joël Drommel
33,361839,Jordan Teze
34,404225,Shurandy Sambo
35,26916,Boy Waterman
36,78221,Patrick van Aanholt
37,331555,Jerdy Schouten
38,382556,Joey Veerman
39,322148,Guus Til
40,379205,Sergiño Dest
41,377466,Ricardo Pepi
