,ID,Name
0,425958,Alec Van Hoorenbeeck
1,361838,Michal Sadílek
2,90235,Lars Unnerstall
3,307362,Alfons Sampsted
4,368289,Issam El Maach
5,484544,Younes Taha
6,405560,Daan Rots
7,406780,Max Bruns
8,400059,Gijs Smal
9,402819,Mees Hilgers
10,427577,Youri Regeer
11,437387,Anass Salah-Eddine
12,445046,Naci Ünüvar
13,475578,Mats Rots
14,475579,Gijs Besselink
15,321910,Carel Eiting
16,322149,Michel Vlap
17,361794,Sem Steijn
18,108935,Robin Pröpper
19,301423,Mitchell van Bergen
20,37344,Ricky van Wolfswinkel
21,34545,Przemyslaw Tyton
22,404777,Mathias Kjølø
23,76336,Samuel Sahin-Radlinger
24,453492,Milan Corryn
25,431023,Faïz Mattoir
26,357398,Théo Barbet
27,373555,Loïc Mbe Soh
28,296323,Thomas Robinet
29,455842,Yoann Cathline
30,42947,Rajiv van La Parra
31,303815,Damian van Bruggen
32,322157,Sherel Floranus
33,379734,Hamdi Akujobi
34,363872,Christopher Mamengi
35,408102,Peer Koopmeiners
36,475450,Jason van Duiven
37,484527,Nordin Bakker
38,484531,Joey Jacobs
39,484537,Stije Resink
40,484540,Jochem Ritmeester van de Kamp
41,497336,Joël van der Wilt
42,122130,Álvaro Peña
43,395381,Kornelius Hansen
44,402120,Pascu
