,ID,Name
0,125375,Gerónimo Rulli
1,460297,Benjamin Tahirovic
2,402666,Josip Sutalo
3,270829,Borna Sosa
4,381530,Jakov Medic
5,484494,Anton Gaaei
6,401122,Kenneth Taylor
7,467715,Jorrel Hato
8,400165,Devyne Rensch
9,279425,Steven Bergwijn
10,139299,Branco van den Boomen
11,34550,Remko Pasveer
12,404568,Brian Brobbey
13,415781,Kian Fitz-Jim
14,449303,Silvano Vos
15,454336,Tom de Graaff
16,454338,Tristan Gooijer
17,454348,Julian Rijkhoff
18,408613,Sivert Mannsverk
19,400320,Ahmetcan Kaplan
20,122294,Chuba Akpom
21,462099,Mika Godts
22,328432,Siebe Horemans
23,420300,Cisse Sandra
24,373556,Arthur Zagré
25,308754,Lazaros Lamprou
26,363875,Kenzo Goudmijn
27,100608,Mike van Duinen
28,123554,Sven Nieuwpoort
29,444619,Stijn van Gassel
30,444620,Redouan El Yaakoubi
31,444623,Julian Baas
32,444625,Pascal Kuiper
33,444738,Noah Naujoks
34,454518,Derensili Sanches Fernandes
35,484536,Lance Duijvestijn
36,423949,Mimeirhel Benita
37,512230,Siem de Moes
38,485370,Oscar Uddenäs
39,494671,Richie Omorowa
40,429615,Casper Widell
