,ID,Name
0,22300,Lasse Schöne
1,430309,Brayann Pereira
2,487049,Koki Ogawa
3,497708,Kodai Sano
4,418540,Yvandro Borges Sanches
5,422801,Youri Baas
6,422804,Bart van Rooij
7,422806,Dirk Proper
8,422814,Robin Roefs
9,429380,Rijk Janse
10,37502,Tjaronn Chery
11,77422,Bram Nuytinck
12,90811,Jasper Cillessen
13,271086,Calvin Verdonk
14,321959,Philippe Sandler
15,348644,Sylla Sow
16,389945,Sontje Hansen
17,335725,Lars Olden Larsen
18,351532,Mees Hoedemakers
19,365712,Rober
20,343347,Arno Verschueren
21,382494,Charles-Andreas Brym
22,379712,Saïd Bakari
23,444484,Koki Saito
24,513252,Shunsuke Mito
25,44145,Bart Vriends
26,229520,Django Warmerdam
27,243916,Nick Olij
28,279173,Pelle Clement
29,444483,Mike Eerdhuijzen
30,506930,Hamza El Dahri
31,379764,Youri Schoonderwaldt
32,404192,Tijs Velthuis
33,422872,Djevencio van der Kust
34,427851,Rick Meissen
35,349199,Joshua Kitolano
36,276756,Tobias Lauritsen
37,485935,Sergi Rosanas
38,489319,Kaylen Reitmaier
39,475142,Rayvien Rosario
40,433577,Metinho
