,ID,Name
0,255946,Dario Van den Buijs
1,400278,Thierry Lutonda
2,400545,Shawn Adewoye
3,450984,Ilias Takidine
4,469502,Chris Lokesa
5,446984,Daouda Weidmann
6,432167,Mark Spenkelink
7,444674,Kevin Felida
8,400279,David Min
9,387172,Denilho Cleonise
10,389411,Yassin Oukili
11,31238,Aaron Meijers
12,40342,Michiel Kramer
13,80881,Jeffrey Bruma
14,141965,Jeroen Houwen
15,289015,Julian Lelieveld
16,322182,Reuven Niemeijer
17,357080,Godfried Roemeratoe
18,369048,Richonell Margaret
19,379705,Etienne Vaessen
20,379706,Juriën Gaari
21,380663,Patrick Vroegh
22,383865,Filip Stevanovic
23,487102,Mouhamed Belkheir
24,399960,Siemen Voet
25,396058,Rodrigo Guth
26,120151,Alen Halilovic
27,413273,Remy Vita
28,430765,Sadik Fofana
29,294844,Arianit Ferati
30,79755,Dimitrios Siovas
31,115574,Mitchell Dijks
32,298805,Michael Verrips
33,301457,Luuk Koopmans
34,328549,Deroy Duarte
35,355134,Kaj Sierhuis
36,456703,Iman Griffith
37,422635,Ragnar Oratmangoen
38,400056,Nathangelo Markelo
39,70598,Ivo Pinto
40,344201,Iñigo Córdoba
41,140902,Kristoffer Peterson
42,107077,Oguzhan Özyakup
43,368266,Tom Hendriks
44,410088,Jayden Braaf
