,ID,Name
0,399311,Filip Krastev
1,259930,Younes Namli
2,104906,Thomas Lam
3,84195,Lennart Thy
4,361777,Lennart Czyborra
5,82029,Apostolos Vellios
6,333527,Odysseus Velanas
7,400823,Davy van den Berg
8,317693,Mike Hauptmeijer
9,20831,Kenneth Vermeer
10,34108,Bram van Polen
11,361778,Silvester van der Water
12,362467,Jasper Schendelaar
13,365152,Eliano Reijnders
14,380731,Sam Kersten
15,431253,Damian van der Haar
16,489995,Mohamed Oukhattou
17,490379,Anouar El Azzouzi
18,513251,Teun Gijselhart
19,424502,Anselmo MacNulty
20,354027,Anthony Fontana
21,130304,Walter Benítez
22,427824,Johan Bakayoko
23,346767,Mauro Júnior
24,98101,André Ramalho
25,260809,Olivier Boscagli
26,369970,Armel Bella-Kotchap
27,318511,Hirving Lozano
28,331555,Jerdy Schouten
29,345333,Armando Obispo
30,275012,Joël Drommel
31,361839,Jordan Teze
32,481080,Tygo Land
33,489985,Isaac Babadi
34,382556,Joey Veerman
35,26916,Boy Waterman
36,68585,Luuk de Jong
37,78221,Patrick van Aanholt
38,404225,Shurandy Sambo
39,397465,Malik Tillman
40,377466,Ricardo Pepi
41,379205,Sergiño Dest
