,ID,Name
0,76336,Samuel Sahin-Radlinger
1,453492,Milan Corryn
2,438662,Yann Kitala
3,455842,Yoann Cathline
4,296323,Thomas Robinet
5,357398,Théo Barbet
6,373555,Loïc Mbe Soh
7,42947,Rajiv van La Parra
8,408102,Peer Koopmeiners
9,426506,Stijn Keller
10,379734,Hamdi Akujobi
11,303815,Damian van Bruggen
12,322157,Sherel Floranus
13,344124,Danny Post
14,475450,Jason van Duiven
15,484527,Nordin Bakker
16,484531,Joey Jacobs
17,484536,Lance Duijvestijn
18,484537,Stije Resink
19,484540,Jochem Ritmeester van de Kamp
20,484542,Jeffry Puriël
21,122130,Álvaro Peña
22,395381,Kornelius Normann Hansen
23,487102,Mouhamed Belkheir
24,436591,Milan Robberechts
25,399960,Siemen Voet
26,396058,Rodrigo Guth
27,120151,Alen Halilovic
28,413273,Remy Vita
29,421892,Loreintz Rosier
30,430765,Sadik Fofana
31,294844,Arianit Ferati
32,79755,Dimitrios Siovas
33,298805,Michael Verrips
34,301457,Luuk Koopmans
35,355134,Kaj Sierhuis
36,422635,Ragnar Oratmangoen
37,400056,Nathangelo Markelo
38,115574,Mitchell Dijks
39,379762,Justin Lonwijk
40,456703,Iman Griffith
41,70598,Ivo Pinto
42,344201,Iñigo Córdoba
43,140902,Kristoffer Peterson
44,107077,Oguzhan Özyakup
45,368266,Tom Hendriks
