,ID,Name
0,127137,Zakaria Bakkali
1,400545,Shawn Adewoye
2,255946,Dario Van den Buijs
3,469502,Chris Lokesa
4,446984,Daouda Weidmann
5,401542,Raz Meir
6,380663,Patrick Vroegh
7,379706,Juriën Gaari
8,379705,Etienne Vaessen
9,369048,Richonell Margaret
10,80881,Jeffrey Bruma
11,141965,Jeroen Houwen
12,357080,Godfried Roemeratoe
13,389411,Yassin Oukili
14,31238,Aaron Meijers
15,289015,Julian Lelieveld
16,387172,Denilho Cleonise
17,322182,Reuven Niemeijer
18,40342,Michiel Kramer
19,432167,Mark Spenkelink
20,444674,Kevin Felida
21,400279,David Min
22,383865,Filip Stevanovic
23,422782,Manfred Ugalde
24,361838,Michal Sadílek
25,90235,Lars Unnerstall
26,307362,Alfons Sampsted
27,484544,Younes Taha
28,368289,Issam El Maach
29,37344,Ricky van Wolfswinkel
30,475578,Mats Rots
31,321910,Carel Eiting
32,301423,Mitchell van Bergen
33,427577,Youri Regeer
34,402819,Mees Hilgers
35,108935,Robin Pröpper
36,361794,Sem Steijn
37,405560,Daan Rots
38,322149,Michel Vlap
39,34545,Przemyslaw Tyton
40,425958,Alec van Hoorenbeeck
41,404777,Mathias Kjølø
42,478021,Juliën Mesbahi
43,475579,Gijs Besselink
