,ID,Name
0,259930,Younes Namli
1,104906,Thomas Lam
2,84195,Lennart Thy
3,484551,Luis Görlich
4,82029,Apostolos Vellios
5,333527,Odysseus Velanas
6,379596,Dean Huiberts
7,34108,Bram van Polen
8,380731,Sam Kersten
9,400823,Davy van den Berg
10,365152,Eliano Reijnders
11,317693,Mike Hauptmeijer
12,20831,Kenneth Vermeer
13,490379,Anouar El Azzouzi
14,415772,Zico Buurmeester
15,351310,Ferdy Druijf
16,362467,Jasper Schendelaar
17,424502,Anselmo MacNulty
18,423109,Nico Serrano
19,354027,Anthony Fontana
20,431253,Damian van der Haar
21,494145,Divaio Bobson
22,81523,Mathew Ryan
23,362553,Jens Odgaard
24,485376,Ibrahim Sadiq
25,330514,Vangelis Pavlidis
26,379783,Yukinari Sugawara
27,133959,Riechedly Bazoer
28,432172,Denso Kasius
29,90802,Jordy Clasie
30,363875,Kenzo Goudmijn
31,90810,Bruno Martins Indi
32,90834,Hobie Verhulst
33,422737,Ernest Poku
34,472183,Wouter Goes
35,353695,Dani de Wit
36,383560,Sven Mijnans
37,438484,Myron van Brederode
38,484652,Ruben van Bommel
39,408824,Tiago Dantas
40,422248,Alexandre Penetra
41,444780,Mayckel Lahdo
42,334726,Djordje Mihailovic
43,470735,Rome-Jayden Owusu-Oduro
44,415341,David Møller Wolfe
