,ID,Name
0,343347,Arno Verschueren
1,382494,Charles-Andreas Brym
2,379712,Saïd Bakari
3,444484,Koki Saito
4,279173,Pelle Clement
5,422872,Djevencio van der Kust
6,19087,Jonathan de Guzmán
7,243916,Nick Olij
8,404192,Tijs Velthuis
9,427851,Rick Meissen
10,379764,Youri Schoonderwaldt
11,491398,Camiel Neghli
12,460754,Dylan van Wageningen
13,503818,Max de Ligt
14,229520,Django Warmerdam
15,285951,Delano van Crooij
16,349199,Joshua Kitolano
17,276756,Tobias Lauritsen
18,427118,Pedro Alemañ
19,486947,Augustin Anello
20,433577,Metinho
21,409126,Dominik Oroz
22,89947,Nicolas Isimat-Mirin
23,486769,Amine Boutrah
24,285933,Markus Schubert
25,313385,Carlens Arcus
26,422909,Ramon Hendriks
27,85470,Marco van Ginkel
28,401021,Enzo Cornelisse
29,472130,Saïd Hamulic
30,497068,Jordi Altena
31,429928,Gyan de Regt
32,414485,Giovanni van Zwam
33,437426,Miliano Jonathans
34,379707,Melle Meulensteen
35,422764,Fodé Fofana
36,412349,Kacper Kozlowski
37,322776,Michael Pinto
38,67114,Eloy Room
39,497067,Mats Egbring
40,498903,Tom Bramel
