,ID,Name
0,422636,Philippe Rommens
1,404077,Thibo Baeten
2,444781,Xander Blomme
3,484558,Jakob Breum
4,288859,Gerrit Nauber
5,388033,Willum Willumsson
6,400173,Jamal Amofa
7,34171,Erwin Mulder
8,134722,Bas Kuipers
9,276442,Joris Kramer
10,322159,Finn Stokkers
11,355961,Evert Linthorst
12,379703,Jeffrey de Lange
13,382238,Bobby Adekanye
14,445055,Dean James
15,411691,Enric Llansana
16,422633,Mats Deijl
17,422781,Luca Everink
18,426002,Sven Jansen
19,383616,Oliver Edvardsen
20,470692,Victor Edvardsen
21,444349,Søren Tengstedt
22,379701,Ramiz Zerrouki
23,384574,Gernot Trauner
24,298710,Luka Ivanusec
25,404200,Ondrej Lingr
26,484175,Yankuba Minteh
27,121821,Timon Wellenreuther
28,68850,Kostas Lamprou
29,133390,Alireza Jahanbakhsh
30,377288,Ayase Ueda
31,445061,Santiago Giménez
32,411078,Quinten Timber
33,422921,Antoni Milambo
34,436114,Thomas Beelen
35,297527,Bart Nieuwkoop
36,302709,Justin Bijlow
37,328987,Calvin Stengs
38,345441,Lutsharel Geertruida
39,361695,Thomas van den Belt
40,362779,Dávid Hancko
41,468119,Leo Sauer
42,371042,Marcos López
