,ID,Name
0,143815,Anas Tahiri
1,399512,Loizos Loizou
2,323531,Mats Köhlert
3,363248,Ion Nicolaescu
4,379599,Ché Nunnely
5,238897,Pelle van Amersfoort
6,252239,Andries Noppert
7,296543,Jan Bekkema
8,121834,Mickey van der Hart
9,124274,Sven van Beek
10,124380,Thom Haye
11,409160,Syb van Ottele
12,422643,Djenahro Nunumete
13,497178,Espen van Ee
14,497179,Oliver Braude
15,366886,Osame Sahraoui
16,142376,Pawel Bochniewicz
17,327724,Simon Olsson
18,406536,Hussein Ali Haidar
19,430295,Charlie Webster
20,436158,Daniel Karlsbakk
21,422634,Luuk Brouwers
22,399620,Patrik Wålemark
23,130304,Walter Benítez
24,427824,Johan Bakayoko
25,98101,André Ramalho
26,346767,Mauro Júnior
27,260809,Olivier Boscagli
28,318511,Hirving Lozano
29,404776,Ismael Saibari
30,481080,Tygo Land
31,404225,Shurandy Sambo
32,382556,Joey Veerman
33,322148,Guus Til
34,331555,Jerdy Schouten
35,345333,Armando Obispo
36,275012,Joël Drommel
37,361839,Jordan Teze
38,26916,Boy Waterman
39,68585,Luuk de Jong
40,78221,Patrick van Aanholt
41,377466,Ricardo Pepi
42,386631,Richard Ledezma
43,397465,Malik Tillman
