,ID,Name
0,425958,Alec Van Hoorenbeeck
1,361838,Michal Sadílek
2,90235,Lars Unnerstall
3,307362,Alfons Sampsted
4,368289,Issam El Maach
5,484544,Younes Taha
6,400059,Gijs Smal
7,402819,Mees Hilgers
8,427577,Youri Regeer
9,437387,Anass Salah-Eddine
10,445046,Naci Ünüvar
11,475578,Mats Rots
12,475579,Gijs Besselink
13,322149,Michel Vlap
14,357081,Myron Boadu
15,361794,Sem Steijn
16,108935,Robin Pröpper
17,119741,Joshua Brenet
18,37344,Ricky van Wolfswinkel
19,405560,Daan Rots
20,406780,Max Bruns
21,34545,Przemyslaw Tyton
22,404777,Mathias Kjølø
23,404077,Thibo Baeten
24,444781,Xander Blomme
25,288859,Gerrit Nauber
26,388033,Willum Willumsson
27,34171,Erwin Mulder
28,134722,Bas Kuipers
29,276442,Joris Kramer
30,322159,Finn Stokkers
31,355961,Evert Linthorst
32,379703,Jeffrey de Lange
33,382238,Bobby Adekanye
34,444782,Pim Saathof
35,445055,Dean James
36,411691,Enric Llansana
37,422633,Mats Deijl
38,422781,Luca Everink
39,426002,Sven Jansen
40,470692,Victor Edvardsen
41,444349,Søren Tengstedt
