,ID,Name
0,76336,Samuel Sahin-Radlinger
1,453492,Milan Corryn
2,431023,Faïz Mattoir
3,455842,Yoann Cathline
4,438662,Yann Kitala
5,373555,Loïc Mbe Soh
6,357398,Théo Barbet
7,296323,Thomas Robinet
8,475450,Jason van Duiven
9,484527,Nordin Bakker
10,484539,Marcelencio Esajas
11,484540,Jochem Ritmeester van de Kamp
12,303815,Damian van Bruggen
13,322157,Sherel Floranus
14,344124,Danny Post
15,363872,Christopher Mamengi
16,379734,Hamdi Akujobi
17,42947,Rajiv van La Parra
18,426506,Stijn Keller
19,122130,Álvaro Peña
20,392651,Adi Nalic
21,395381,Kornelius Normann Hansen
22,402120,Pascu
23,379701,Ramiz Zerrouki
24,436553,Igor Paixão
25,298710,Luka Ivanusec
26,404200,Ondrej Lingr
27,484175,Yankuba Minteh
28,121821,Timon Wellenreuther
29,68850,Kostas Lamprou
30,133390,Alireza Jahanbakhsh
31,377288,Ayase Ueda
32,445061,Santiago Giménez
33,450767,Mikki van Sas
34,444719,Givairo Read
35,444739,Quilindschy Hartman
36,445059,Mats Wieffer
37,411078,Quinten Timber
38,422921,Antoni Milambo
39,436114,Thomas Beelen
40,328987,Calvin Stengs
41,345441,Lutsharel Geertruida
42,362779,Dávid Hancko
43,468119,Leo Sauer
44,371042,Marcos López
