,ID,Name
0,420300,Cisse Sandra
1,328432,Siebe Horemans
2,373556,Arthur Zagré
3,308754,Lazaros Lamprou
4,423949,Mimeirhel Benita
5,400009,Couhaib Driouech
6,363875,Kenzo Goudmijn
7,100608,Mike van Duinen
8,123554,Sven Nieuwpoort
9,139666,Norbert Alblas
10,444619,Stijn van Gassel
11,444620,Redouan El Yaakoubi
12,444623,Julian Baas
13,444625,Pascal Kuiper
14,444738,Noah Naujoks
15,454518,Derensili Sanches Fernandes
16,484536,Lance Duijvestijn
17,429615,Casper Widell
18,485370,Oscar Uddenäs
19,494671,Richie Omorowa
20,384064,Troy Parrott
21,515829,Anis Hadj Moussa
22,409126,Dominik Oroz
23,89947,Nicolas Isimat-Mirin
24,285933,Markus Schubert
25,313385,Carlens Arcus
26,352844,Thomas Buitink
27,379707,Melle Meulensteen
28,401021,Enzo Cornelisse
29,414485,Giovanni van Zwam
30,429928,Gyan de Regt
31,433950,Mexx Meerdink
32,444159,Mathijs Tielemans
33,85470,Marco van Ginkel
34,510533,Andy Visser
35,412349,Kacper Kozlowski
36,322776,Michael Pinto
37,484842,Adrian Mazilu
38,446949,Joel Voelkerling Persson
39,363704,Toni Domgjoni
40,413783,Paxten Aaronson
41,67114,Eloy Room
42,498903,Tom Bramel
