,ID,Name
0,81523,Mathew Ryan
1,330514,Vangelis Pavlidis
2,379783,Yukinari Sugawara
3,383560,Sven Mijnans
4,90802,Jordy Clasie
5,90810,Bruno Martins Indi
6,90834,Hobie Verhulst
7,133959,Riechedly Bazoer
8,353695,Dani de Wit
9,444717,Lequincio Zeefuik
10,422737,Ernest Poku
11,422867,Mees de Wit
12,432172,Denso Kasius
13,438484,Myron van Brederode
14,449304,Tristan Kuijsten
15,472183,Wouter Goes
16,484652,Ruben van Bommel
17,510581,Jayden Addai
18,422248,Alexandre Penetra
19,408824,Tiago Dantas
20,444780,Mayckel Lahdo
21,439447,Kristijan Belic
22,415341,David Møller Wolfe
23,125375,Gerónimo Rulli
24,460297,Benjamin Tahirovic
25,270829,Borna Sosa
26,381530,Jakov Medic
27,402666,Josip Sutalo
28,484494,Anton Gaaei
29,424248,Kristian Hlynsson
30,404568,Brian Brobbey
31,415781,Kian Fitz-Jim
32,422802,Jay Gorter
33,400165,Devyne Rensch
34,401122,Kenneth Taylor
35,139299,Branco van den Boomen
36,454337,Jaydon Banel
37,454348,Julian Rijkhoff
38,467715,Jorrel Hato
39,408613,Sivert Mannsverk
40,468850,Carlos Forbs
41,400320,Ahmetcan Kaplan
42,68659,Jordan Henderson
43,122294,Chuba Akpom
44,373154,Diant Ramaj
