,ID,Name
0,456590,Garang Kuol
1,345769,Oskar Buur
2,259530,Robin Maulun
3,446987,Axel Guessand
4,436119,Mio Backhaus
5,409052,Benaissa Benamar
6,498896,Milan de Haan
7,504312,Bram van Driel
8,444713,Brian Plat
9,444714,Damon Mirani
10,240878,Robert Mühren
11,444720,Barry Lauwers
12,445057,Achraf Douiri
13,460498,Déron Payne
14,498822,Zach Booth
15,460178,Darius Johnson
16,445058,Josh Flint
17,383604,George Cox
18,444718,Kayne van Oevelen
19,455668,Vivaldo Semedo
20,497066,Quincy Hoeve
21,514507,Mika van der Horst
22,516436,Safouane Karim
23,143815,Anas Tahiri
24,399512,Loizos Loizou
25,323531,Mats Köhlert
26,238897,Pelle van Amersfoort
27,252239,Andries Noppert
28,296543,Jan Bekkema
29,121834,Mickey van der Hart
30,124274,Sven van Beek
31,124380,Thom Haye
32,379599,Ché Nunnely
33,387720,Denzel Hall
34,409160,Syb van Ottele
35,422643,Djenahro Nunumete
36,497178,Espen van Ee
37,497179,Oliver Braude
38,366886,Osame Sahraoui
39,142376,Pawel Bochniewicz
40,327724,Simon Olsson
41,406536,Hussein Ali Haidar
42,430295,Charlie Webster
43,436158,Daniel Karlsbakk
44,422634,Luuk Brouwers
