,ID,Name
0,328432,Siebe Horemans
1,420300,Cisse Sandra
2,373556,Arthur Zagré
3,308754,Lazaros Lamprou
4,415781,Kian Fitz-Jim
5,123554,Sven Nieuwpoort
6,444623,Julian Baas
7,400009,Couhaib Driouech
8,444738,Noah Naujoks
9,454518,Derensili Sanches Fernandes
10,423949,Mimeirhel Benita
11,410324,Ian Smeulers
12,139666,Norbert Alblas
13,444620,Redouan El Yaakoubi
14,444619,Stijn van Gassel
15,445053,Nikolas Agrafiotis
16,429615,Casper Widell
17,494671,Richie Omorowa
18,485370,Oscar Uddenäs
19,384064,Troy Parrott
20,379701,Ramiz Zerrouki
21,384574,Gernot Trauner
22,436553,Igor Paixão
23,298710,Luka Ivanusec
24,404200,Ondrej Lingr
25,484175,Yankuba Minteh
26,121821,Timon Wellenreuther
27,68850,Kostas Lamprou
28,377288,Ayase Ueda
29,445061,Santiago Giménez
30,361695,Thomas van den Belt
31,436114,Thomas Beelen
32,422921,Antoni Milambo
33,297527,Bart Nieuwkoop
34,345441,Lutsharel Geertruida
35,444739,Quilindschy Hartman
36,328987,Calvin Stengs
37,445059,Mats Wieffer
38,411078,Quinten Timber
39,302709,Justin Bijlow
40,362779,Dávid Hancko
41,468119,Leo Sauer
42,371042,Marcos López
