,ID,Name
0,259930,Younes Namli
1,104906,Thomas Lam
2,84195,Lennart Thy
3,484551,Luis Görlich
4,82029,Apostolos Vellios
5,333527,Odysseus Velanas
6,362467,Jasper Schendelaar
7,431253,Damian van der Haar
8,351310,Ferdy Druijf
9,317693,Mike Hauptmeijer
10,415772,Zico Buurmeester
11,400823,Davy van den Berg
12,365152,Eliano Reijnders
13,380731,Sam Kersten
14,34108,Bram van Polen
15,20831,Kenneth Vermeer
16,490379,Anouar El Azzouzi
17,137327,Ryan Thomas
18,424502,Anselmo MacNulty
19,423109,Nico Serrano
20,354027,Anthony Fontana
21,400545,Shawn Adewoye
22,255946,Dario Van den Buijs
23,469502,Chris Lokesa
24,127137,Zakaria Bakkali
25,400278,Thierry Lutonda
26,446984,Daouda Weidmann
27,401542,Raz Meir
28,322182,Reuven Niemeijer
29,379705,Etienne Vaessen
30,379706,Juriën Gaari
31,141965,Jeroen Houwen
32,387172,Denilho Cleonise
33,380663,Patrick Vroegh
34,432167,Mark Spenkelink
35,444674,Kevin Felida
36,400279,David Min
37,80881,Jeffrey Bruma
38,40342,Michiel Kramer
39,357080,Godfried Roemeratoe
40,389411,Yassin Oukili
41,31238,Aaron Meijers
42,289015,Julian Lelieveld
43,383865,Filip Stevanovic
