,ID,Name
0,425958,Alec Van Hoorenbeeck
1,422782,Manfred Ugalde
2,361838,Michal Sadílek
3,90235,Lars Unnerstall
4,307362,Alfons Sampsted
5,368289,Issam El Maach
6,484544,Younes Taha
7,361794,Sem Steijn
8,475579,Gijs Besselink
9,321910,Carel Eiting
10,402819,Mees Hilgers
11,406780,Max Bruns
12,119741,Joshua Brenet
13,108935,Robin Pröpper
14,400059,Gijs Smal
15,405560,Daan Rots
16,445046,Naci Ünüvar
17,427577,Youri Regeer
18,37344,Ricky van Wolfswinkel
19,34545,Przemyslaw Tyton
20,404777,Mathias Kjølø
21,130304,Walter Benítez
22,427824,Johan Bakayoko
23,408059,Yorbe Vertessen
24,98101,André Ramalho
25,346767,Mauro Júnior
26,260809,Olivier Boscagli
27,318511,Hirving Lozano
28,404776,Ismael Saibari
29,26916,Boy Waterman
30,404225,Shurandy Sambo
31,345333,Armando Obispo
32,354283,Noa Lang
33,78221,Patrick van Aanholt
34,275012,Joël Drommel
35,489985,Isaac Babadi
36,361839,Jordan Teze
37,322148,Guus Til
38,331555,Jerdy Schouten
39,382556,Joey Veerman
40,68585,Luuk de Jong
41,397465,Malik Tillman
42,379205,Sergiño Dest
43,377466,Ricardo Pepi
