,ID,Name
0,125375,Gerónimo Rulli
1,460297,Benjamin Tahirovic
2,270829,Borna Sosa
3,381530,Jakov Medic
4,484494,Anton Gaaei
5,389020,Georges Mikautadze
6,424248,Kristian Hlynsson
7,279425,Steven Bergwijn
8,401122,Kenneth Taylor
9,467715,Jorrel Hato
10,422800,Ar'Jany Martha
11,89794,Steven Berghuis
12,423955,Charlie Setford
13,400165,Devyne Rensch
14,437387,Anass Salah-Eddine
15,468850,Carlos Forbs
16,122294,Chuba Akpom
17,373154,Diant Ramaj
18,391592,Gastón Ávila
19,462099,Mika Godts
20,409126,Dominik Oroz
21,89947,Nicolas Isimat-Mirin
22,486769,Amine Boutrah
23,285933,Markus Schubert
24,313385,Carlens Arcus
25,414485,Giovanni van Zwam
26,379707,Melle Meulensteen
27,444159,Mathijs Tielemans
28,400281,Million Manhoef
29,422909,Ramon Hendriks
30,472130,Saïd Hamulic
31,401021,Enzo Cornelisse
32,429928,Gyan de Regt
33,412349,Kacper Kozlowski
34,446949,Joel Voelkerling Persson
35,363704,Toni Domgjoni
36,510533,Andy Visser
37,498903,Tom Bramel
38,67114,Eloy Room
