,ID,Name
0,143815,Anas Tahiri
1,323531,Mats Köhlert
2,363248,Ion Nicolaescu
3,124274,Sven van Beek
4,497178,Espen van Ee
5,238897,Pelle van Amersfoort
6,472399,Bernt Klaverboer
7,387720,Denzel Hall
8,121834,Mickey van der Hart
9,422643,Djenahro Nunumete
10,252239,Andries Noppert
11,409160,Syb van Ottele
12,379599,Ché Nunnely
13,124380,Thom Haye
14,497179,Oliver Braude
15,366886,Osame Sahraoui
16,327724,Simon Olsson
17,406536,Hussein Ali
18,430295,Charlie Webster
19,399620,Patrik Wålemark
20,422634,Luuk Brouwers
21,487102,Mouhamed Belkheir
22,436591,Milan Robberechts
23,399960,Siemen Voet
24,396058,Rodrigo Guth
25,401043,Ivor Pandur
26,120151,Alen Halilovic
27,413273,Remy Vita
28,421892,Loreintz Rosier
29,430765,Sadik Fofana
30,79755,Dimitrios Siovas
31,115574,Mitchell Dijks
32,423863,Tijjani Noslin
33,456703,Iman Griffith
34,301457,Luuk Koopmans
35,422635,Ragnar Oratmangoen
36,400056,Nathangelo Markelo
37,328549,Deroy Duarte
38,355134,Kaj Sierhuis
39,70598,Ivo Pinto
40,407117,Marko Lazetic
41,344201,Iñigo Córdoba
42,368266,Tom Hendriks
