,ID,Name
0,328432,Siebe Horemans
1,373556,Arthur Zagre
2,308754,Lazaros Lamprou
3,454518,Derensili Sanches Fernandes
4,444619,Stijn van Gassel
5,444620,Redouan El Yaakoubi
6,444623,Julian Baas
7,444624,Serano Seymor
8,444625,Pascal Kuiper
9,444738,Noah Naujoks
10,123554,Sven Nieuwpoort
11,139666,Norbert Alblas
12,410324,Ian Smeulers
13,423949,Mimeirhel Benita
14,445053,Nikolas Agrafiotis
15,485370,Oscar Uddenäs
16,494671,Richie Omorowa
17,429615,Casper Widell
18,420300,Cisse Sandra
19,384064,Troy Parrott
20,436591,Milan Robberechts
21,396058,Rodrigo Guth
22,401043,Ivor Pandur
23,410086,Stipe Radic
24,120151,Alen Halilovic
25,413273,Remy Vita
26,421892,Loreintz Rosier
27,430765,Sadik Fofana
28,294844,Arianit Ferati
29,79755,Dimitrios Siovas
30,355134,Kaj Sierhuis
31,301457,Luuk Koopmans
32,328549,Deroy Duarte
33,115574,Mitchell Dijks
34,400056,Nathangelo Markelo
35,423863,Tijjani Noslin
36,70598,Ivo Pinto
37,344201,Iñigo Córdoba
38,107077,Oguzhan Özyakup
39,368266,Tom Hendriks
40,487102,Menaour Belkheir
