,ID,Name
0,422807,Magnus Mattsson
1,424808,Mathias Ross
2,430309,Brayann Pereira
3,487049,Koki Ogawa
4,475668,Daan Maas
5,429380,Rijk Janse
6,422814,Robin Roefs
7,389945,Sontje Hansen
8,422801,Youri Baas
9,422806,Dirk Proper
10,34323,Bas Dost
11,77422,Bram Nuytinck
12,90811,Jasper Cillessen
13,271086,Calvin Verdonk
14,335725,Lars Olden Larsen
15,367813,Pedro Marques
16,497049,Luc Netten
17,497050,Selim Sönmez
18,431307,Nils Rossen
19,351532,Mees Hoedemakers
20,365712,Rober
21,127137,Zakaria Bakkali
22,400278,Thierry Lutonda
23,400545,Shawn Adewoye
24,469502,Chris Lokesa
25,401542,Raz Meir
26,404390,Nouri El Harmazi
27,432167,Mark Spenkelink
28,444674,Kevin Felida
29,400279,David Min
30,31238,Aaron Meijers
31,40342,Michiel Kramer
32,80881,Jeffrey Bruma
33,141965,Jeroen Houwen
34,289015,Julian Lelieveld
35,322182,Reuven Niemeijer
36,369048,Richonell Margaret
37,379705,Etienne Vaessen
38,379706,Juriën Gaari
39,380663,Patrick Vroegh
40,387172,Denilho Cleonise
41,389411,Yassin Oukili
42,400276,Luuk Wouters
