,ID,Name
0,259930,Younes Namli
1,104906,Thomas Lam
2,84195,Lennart Thy
3,361777,Lennart Czyborra
4,82029,Apostolos Vellios
5,333527,Odysseus Velanas
6,513251,Teun Gijselhart
7,317693,Mike Hauptmeijer
8,20831,Kenneth Vermeer
9,34108,Bram van Polen
10,362467,Jasper Schendelaar
11,365152,Eliano Reijnders
12,379596,Dean Huiberts
13,380731,Sam Kersten
14,400823,Davy van den Berg
15,431253,Damian van der Haar
16,489992,Nick Fichtinger
17,489995,Mohamed Oukhattou
18,490379,Anouar El Azzouzi
19,424502,Anselmo MacNulty
20,494145,Divaio Bobson
21,409126,Dominik Oroz
22,89947,Nicolas Isimat-Mirin
23,486769,Amine Boutrah
24,285933,Markus Schubert
25,313385,Carlens Arcus
26,77429,Davy Pröpper
27,85470,Marco van Ginkel
28,414485,Giovanni van Zwam
29,422909,Ramon Hendriks
30,429928,Gyan de Regt
31,444159,Mathijs Tielemans
32,352844,Thomas Buitink
33,379707,Melle Meulensteen
34,400281,Million Manhoef
35,401021,Enzo Cornelisse
36,510533,Andy Visser
37,322776,Michael Pinto
38,484842,Adrian Mazilu
39,446949,Joel Voelkerling Persson
40,363704,Toni Domgjoni
41,67114,Eloy Room
42,498903,Tom Bramel
