,ID,Name
0,76336,Samuel Sahin-Radlinger
1,453492,Milan Corryn
2,357398,Théo Barbet
3,373555,Loïc Mbe Soh
4,296323,Thomas Robinet
5,438662,Yann Kitala
6,484539,Marcelencio Esajas
7,484527,Nordin Bakker
8,484531,Joey Jacobs
9,303815,Damian van Bruggen
10,408102,Peer Koopmeiners
11,484540,Jochem Ritmeester van de Kamp
12,484537,Stije Resink
13,42947,Rajiv van La Parra
14,322157,Sherel Floranus
15,497336,Joël van der Wilt
16,484536,Lance Duijvestijn
17,484542,Jeffry Puriël
18,122130,Álvaro Peña
19,484534,Manel Royo
20,395381,Kornelius Normann Hansen
21,402120,Pascu
22,451208,Bradly van Hoeven
23,403495,Melih Ibrahimoglu
24,401137,Bryan Limbombe
25,450923,Brian De Keersmaecker
26,401250,Jannes Wieckhoff
27,422763,Sven Sonnenberg
28,349202,Anas Ouahim
29,225522,Mario Engels
30,422866,Abed Nankishi
31,484548,Lasse Wehmeyer
32,450983,Antonio Satriano
33,380635,Robin Jalving
34,433913,Sem Scheperman
35,369408,Sylian Mokono
36,382581,Fabian de Keijzer
37,96581,Thomas Bruns
38,67063,Marko Vejinovic
39,94885,Jetro Willems
40,414250,Mohamed Sankoh
41,484545,Stijn Bultman
42,116684,Michael Brouwer
43,379686,Ruben Roosken
44,334533,Emil Hansson
45,402055,Sava-Arangel Cestic
