,ID,Name
0,422807,Magnus Mattsson
1,22300,Lasse Schöne
2,424808,Mathias Ross
3,497708,Kodai Sano
4,487049,Koki Ogawa
5,429380,Rijk Janse
6,422814,Robin Roefs
7,389945,Sontje Hansen
8,90811,Jasper Cillessen
9,422804,Bart van Rooij
10,77422,Bram Nuytinck
11,271086,Calvin Verdonk
12,279429,Sai van Wermeskerken
13,422810,Elayis Tavsan
14,321959,Philippe Sandler
15,422801,Youri Baas
16,422806,Dirk Proper
17,335725,Lars Olden Larsen
18,365712,Rober
19,351532,Mees Hoedemakers
20,422636,Philippe Rommens
21,404077,Thibo Baeten
22,484558,Jakob Breum
23,288859,Gerrit Nauber
24,388033,Willum Willumsson
25,444782,Pim Saathof
26,382238,Bobby Adekanye
27,348644,Sylla Sow
28,411691,Enric Llansana
29,276442,Joris Kramer
30,134722,Bas Kuipers
31,379703,Jeffrey de Lange
32,400173,Jamal Amofa
33,422633,Mats Deijl
34,445055,Dean James
35,34171,Erwin Mulder
36,355132,Rashaan Fernandes
37,426002,Sven Jansen
38,422781,Luca Everink
39,355961,Evert Linthorst
40,383616,Oliver Edvardsen
41,470692,Victor Edvardsen
42,472963,Darío Serra
