,ID,Name
0,382494,Charles-Andreas Brym
1,379712,Saïd Bakari
2,243916,Nick Olij
3,422872,Djevencio van der Kust
4,44145,Bart Vriends
5,404192,Tijs Velthuis
6,379764,Youri Schoonderwaldt
7,427851,Rick Meissen
8,19087,Jonathan de Guzmán
9,491398,Camiel Neghli
10,460754,Dylan van Wageningen
11,506930,Hamza El Dahri
12,285951,Delano van Crooij
13,504367,Jesse Bal
14,229520,Django Warmerdam
15,349199,Joshua Kitolano
16,276756,Tobias Lauritsen
17,485935,Sergi Rosanas
18,486947,Augustin Anello
19,433577,Metinho
20,362459,Othmane Boussaid
21,425341,Oscar Fraulo
22,403644,Victor Jensen
23,375327,Modibo Sagnan
24,394998,Can Bozdogan
25,135954,Vasilios Barkas
26,429514,Zidane Iqbal
27,422805,Souffian El Karouani
28,261082,Bart Ramselaar
29,70906,Nick Viergever
30,39726,Mark van der Maarel
31,82401,Jens Toornstra
32,97367,Mattijs Branderhorst
33,104982,Mats Seuntjens
34,502428,Yannick Leliendal
35,256971,Hidde ter Avest
36,382593,Marouan Azarkan
37,411079,Calvin Raatsie
38,397893,Hugo Novoa
39,284451,Isac Lidberg
40,444675,Taylor Booth
41,444737,Ryan Flamingo
