,ID,Name
0,81523,Mathew Ryan
1,362553,Jens Odgaard
2,330514,Vangelis Pavlidis
3,379783,Yukinari Sugawara
4,133959,Riechedly Bazoer
5,90810,Bruno Martins Indi
6,422737,Ernest Poku
7,90802,Jordy Clasie
8,484652,Ruben van Bommel
9,472183,Wouter Goes
10,90834,Hobie Verhulst
11,445049,Lewis Schouten
12,353695,Dani de Wit
13,383560,Sven Mijnans
14,363875,Kenzo Goudmijn
15,438484,Myron van Brederode
16,432172,Denso Kasius
17,422248,Alexandre Penetra
18,408824,Tiago Dantas
19,334726,Djordje Mihailovic
20,510581,Jayden Addai
21,470735,Rome-Jayden Owusu-Oduro
22,415341,David Møller Wolfe
23,456590,Garang Kuol
24,345769,Oskar Buur
25,259530,Robin Maulun
26,436119,Mio Backhaus
27,409052,Benaissa Benamar
28,148512,Bilal Ould-Chikh
29,504312,Bram van Driel
30,444713,Brian Plat
31,445057,Achraf Douiri
32,444714,Damon Mirani
33,445056,Calvin Twigt
34,498896,Milan de Haan
35,240878,Robert Mühren
36,444715,Ibrahim El Kadiri
37,444720,Barry Lauwers
38,444717,Lequincio Zeefuik
39,498822,Zach Booth
40,445058,Josh Flint
41,383604,George Cox
42,475042,Rob Tol
43,444718,Kayne van Oevelen
