,ID,Name
0,259930,Younes Namli
1,104906,Thomas Lam
2,84195,Lennart Thy
3,361777,Lennart Czyborra
4,82029,Apostolos Vellios
5,333527,Odysseus Velanas
6,408338,Daijiro Chirino
7,415772,Zico Buurmeester
8,362467,Jasper Schendelaar
9,365152,Eliano Reijnders
10,379596,Dean Huiberts
11,380731,Sam Kersten
12,400823,Davy van den Berg
13,351310,Ferdy Druijf
14,317693,Mike Hauptmeijer
15,33002,Bart van Hintum
16,34108,Bram van Polen
17,484550,Duke Verduin
18,490379,Anouar El Azzouzi
19,423109,Nico Serrano
20,424502,Anselmo MacNulty
21,494145,Divaio Bobson
22,489992,Nick Fichtinger
23,402885,Anthony Descotte
24,425341,Oscar Fraulo
25,394998,Can Bozdogan
26,135954,Vasilios Barkas
27,484302,Ivar Jenner
28,429514,Zidane Iqbal
29,422805,Souffian El Karouani
30,83337,Zakaria Labyad
31,97367,Mattijs Branderhorst
32,101605,Mike van der Hoorn
33,104982,Mats Seuntjens
34,135271,Sean Klaiber
35,261082,Bart Ramselaar
36,39726,Mark van der Maarel
37,70906,Nick Viergever
38,82401,Jens Toornstra
39,402852,Ole Romeny
40,382582,Tommy St. Jago
41,382593,Marouan Azarkan
42,284451,Isac Lidberg
43,431330,Kevin Gadellaa
44,444737,Ryan Flamingo
