,ID,Name
0,143815,Anas Tahiri
1,323531,Mats Köhlert
2,363248,Ion Nicolaescu
3,252239,Andries Noppert
4,296543,Jan Bekkema
5,121834,Mickey van der Hart
6,124380,Thom Haye
7,379599,Ché Nunnely
8,387720,Denzel Hall
9,409160,Syb van Ottele
10,422643,Djenahro Nunumete
11,366886,Osame Sahraoui
12,142376,Pawel Bochniewicz
13,327724,Simon Olsson
14,406536,Hussein Ali
15,430295,Charlie Webster
16,436158,Daniel Karlsbakk
17,492109,Melle Witteveen
18,497179,Oliver Braude
19,422634,Luuk Brouwers
20,343347,Arno Verschueren
21,382494,Charles-Andreas Brym
22,379712,Saïd Bakari
23,444484,Koki Saito
24,379764,Youri Schoonderwaldt
25,404192,Tijs Velthuis
26,411278,Jeremy van Mullem
27,422872,Djevencio van der Kust
28,279173,Pelle Clement
29,285951,Delano van Crooij
30,343314,Vito van Crooij
31,19087,Jonathan de Guzmán
32,44145,Bart Vriends
33,229520,Django Warmerdam
34,243916,Nick Olij
35,427851,Rick Meissen
36,491398,Camiel Neghli
37,276756,Tobias Lauritsen
38,349199,Joshua Kitolano
39,427118,Pedro Alemañ
40,485935,Sergi Rosanas
41,486947,Augustin Anello
