,ID,Name
0,379701,Ramiz Zerrouki
1,384574,Gernot Trauner
2,436553,Igor Paixão
3,121821,Timon Wellenreuther
4,68850,Kostas Lamprou
5,133390,Alireza Jahanbakhsh
6,377288,Ayase Ueda
7,445061,Santiago Giménez
8,411078,Quinten Timber
9,412907,Neraysho Kasanwirjo
10,422909,Ramon Hendriks
11,436114,Thomas Beelen
12,363083,Javairô Dilrosun
13,328987,Calvin Stengs
14,345441,Lutsharel Geertruida
15,361695,Thomas van den Belt
16,444739,Quilindschy Hartman
17,445059,Mats Wieffer
18,362779,Dávid Hancko
19,468119,Leo Sauer
20,484175,Yankuba Minteh
21,489979,Gjivai Zechiël
22,371042,Marcos López
23,92590,Anthony Limbombe
24,357398,Théo Barbet
25,296323,Thomas Robinet
26,455842,Yoann Cathline
27,484527,Nordin Bakker
28,484531,Joey Jacobs
29,303815,Damian van Bruggen
30,322157,Sherel Floranus
31,408102,Peer Koopmeiners
32,426506,Stijn Keller
33,363872,Christopher Mamengi
34,379734,Hamdi Akujobi
35,391049,Thomas Poll
36,484536,Lance Duijvestijn
37,484537,Stije Resink
38,484540,Jochem Ritmeester van de Kamp
39,484542,Jeffry Puriël
40,42947,Rajiv van La Parra
41,122130,Álvaro Peña
42,484534,Manel Royo
43,395381,Kornelius Normann Hansen
44,402120,Pascu
45,497336,Joël van der Wilt
