,ID,Name
0,401137,Bryan Limbombe
1,450923,Brian De Keersmaecker
2,401250,Jannes Wieckhoff
3,225522,Mario Engels
4,299511,Jordy Bruijn
5,312702,Justin Hoogma
6,67063,Marko Vejinovic
7,94885,Jetro Willems
8,96581,Thomas Bruns
9,116684,Michael Brouwer
10,349481,Jizz Hornkamp
11,379728,Navajo Bakboord
12,382581,Fabian de Keijzer
13,484545,Stijn Bultman
14,414250,Mohamed Sankoh
15,433912,Timo Jansink
16,433913,Sem Scheperman
17,334533,Emil Hansson
18,515531,Tim Geypens
19,402055,Sava-Arangel Cestic
20,125375,Gerónimo Rulli
21,460297,Benjamin Tahirovic
22,270829,Borna Sosa
23,381530,Jakov Medic
24,484494,Anton Gaaei
25,424248,Kristian Hlynsson
26,437387,Anass Salah-Eddine
27,449303,Silvano Vos
28,454337,Jaydon Banel
29,454338,Tristan Gooijer
30,467715,Jorrel Hato
31,400165,Devyne Rensch
32,401122,Kenneth Taylor
33,404568,Brian Brobbey
34,415781,Kian Fitz-Jim
35,422800,Ar'Jany Martha
36,422802,Jay Gorter
37,89794,Steven Berghuis
38,468850,Carlos Forbs
39,400320,Ahmetcan Kaplan
40,373154,Diant Ramaj
41,489991,David Kalokoh
