,ID,Name
0,328432,Siebe Horemans
1,420300,Cisse Sandra
2,373556,Arthur Zagré
3,400009,Couhaib Driouech
4,423949,Mimeirhel Benita
5,363875,Kenzo Goudmijn
6,139666,Norbert Alblas
7,327903,Kik Pierie
8,444619,Stijn van Gassel
9,444620,Redouan El Yaakoubi
10,444623,Julian Baas
11,444738,Noah Naujoks
12,454518,Derensili Sanches Fernandes
13,445053,Nikolas Agrafiotis
14,485370,Oscar Uddenäs
15,494671,Richie Omorowa
16,429615,Casper Widell
17,384064,Troy Parrott
18,362459,Othmane Boussaid
19,403644,Victor Jensen
20,425341,Oscar Fraulo
21,467757,Silas Andersen
22,375327,Modibo Sagnan
23,394998,Can Bozdogan
24,346340,Tim Handwerker
25,135954,Vasilios Barkas
26,83337,Zakaria Labyad
27,422805,Souffian El Karouani
28,431330,Kevin Gadellaa
29,97367,Mattijs Branderhorst
30,101605,Mike van der Hoorn
31,256971,Hidde ter Avest
32,328269,Sam Lammers
33,402852,Ole Romeny
34,39726,Mark van der Maarel
35,70906,Nick Viergever
36,82401,Jens Toornstra
37,482884,Jesse van de Haar
38,444675,Taylor Booth
39,444737,Ryan Flamingo
