,ID,Name
0,130304,Walter Benítez
1,408059,Yorbe Vertessen
2,427824,Johan Bakayoko
3,346767,Mauro Júnior
4,98101,André Ramalho
5,260809,Olivier Boscagli
6,318511,Hirving Lozano
7,322148,Guus Til
8,331555,Jerdy Schouten
9,345333,Armando Obispo
10,275012,Joël Drommel
11,26916,Boy Waterman
12,68585,Luuk de Jong
13,78221,Patrick van Aanholt
14,354283,Noa Lang
15,361839,Jordan Teze
16,481080,Tygo Land
17,489985,Isaac Babadi
18,404225,Shurandy Sambo
19,377466,Ricardo Pepi
20,379205,Sergiño Dest
21,76336,Samuel Sahin-Radlinger
22,453492,Milan Corryn
23,296323,Thomas Robinet
24,455842,Yoann Cathline
25,357398,Théo Barbet
26,373555,Loïc Mbe Soh
27,438662,Yann Kitala
28,42947,Rajiv van La Parra
29,475450,Jason van Duiven
30,484527,Nordin Bakker
31,484531,Joey Jacobs
32,484536,Lance Duijvestijn
33,484537,Stije Resink
34,484540,Jochem Ritmeester van de Kamp
35,303815,Damian van Bruggen
36,322157,Sherel Floranus
37,344124,Danny Post
38,408102,Peer Koopmeiners
39,426506,Stijn Keller
40,379734,Hamdi Akujobi
41,122130,Álvaro Peña
42,395381,Kornelius Normann Hansen
43,402120,Pascu
