,ID,Name
0,255946,Dario Van den Buijs
1,127137,Zakaria Bakkali
2,400278,Thierry Lutonda
3,400545,Shawn Adewoye
4,469502,Chris Lokesa
5,446984,Daouda Weidmann
6,432167,Mark Spenkelink
7,444674,Kevin Felida
8,400279,David Min
9,141965,Jeroen Houwen
10,387172,Denilho Cleonise
11,389411,Yassin Oukili
12,31238,Aaron Meijers
13,40342,Michiel Kramer
14,80881,Jeffrey Bruma
15,104982,Mats Seuntjens
16,289015,Julian Lelieveld
17,322182,Reuven Niemeijer
18,357080,Godfried Roemeratoe
19,379705,Etienne Vaessen
20,379706,Juriën Gaari
21,380663,Patrick Vroegh
22,383865,Filip Stevanovic
23,343347,Arno Verschueren
24,382494,Charles-Andreas Brym
25,379712,Saïd Bakari
26,513252,Shunsuke Mito
27,444484,Koki Saito
28,481828,Dano Lourens
29,491398,Camiel Neghli
30,503818,Max de Ligt
31,506930,Hamza El Dahri
32,444483,Mike Eerdhuijzen
33,379764,Youri Schoonderwaldt
34,422872,Djevencio van der Kust
35,427851,Rick Meissen
36,44145,Bart Vriends
37,229520,Django Warmerdam
38,243916,Nick Olij
39,279173,Pelle Clement
40,285951,Delano van Crooij
41,349199,Joshua Kitolano
42,433577,Metinho
43,515513,Jay den Haan
