,ID,Name
0,409126,Dominik Oroz
1,486769,Amine Boutrah
2,89947,Nicolas Isimat-Mirin
3,285933,Markus Schubert
4,313385,Carlens Arcus
5,414485,Giovanni van Zwam
6,472130,Saïd Hamulic
7,429928,Gyan de Regt
8,497068,Jordi Altena
9,422909,Ramon Hendriks
10,437426,Miliano Jonathans
11,379707,Melle Meulensteen
12,444159,Mathijs Tielemans
13,400281,Million Manhoef
14,85470,Marco van Ginkel
15,401021,Enzo Cornelisse
16,412349,Kacper Kozlowski
17,322776,Michael Pinto
18,446949,Joel Voelkerling Persson
19,363704,Toni Domgjoni
20,67114,Eloy Room
21,498903,Tom Bramel
22,497067,Mats Egbring
23,259930,Younes Namli
24,361777,Lennart Czyborra
25,484551,Luis Görlich
26,84195,Lennart Thy
27,82029,Apostolos Vellios
28,333527,Odysseus Velanas
29,431253,Damian van der Haar
30,490379,Anouar El Azzouzi
31,379596,Dean Huiberts
32,362467,Jasper Schendelaar
33,365152,Eliano Reijnders
34,317693,Mike Hauptmeijer
35,484550,Duke Verduin
36,34108,Bram van Polen
37,380731,Sam Kersten
38,400823,Davy van den Berg
39,415772,Zico Buurmeester
40,137327,Ryan Thomas
41,423109,Nico Serrano
42,424502,Anselmo MacNulty
43,354027,Anthony Fontana
