,ID,Name
0,130304,Walter Benítez
1,408059,Yorbe Vertessen
2,427824,Johan Bakayoko
3,98101,André Ramalho
4,260809,Olivier Boscagli
5,369970,Armel Bella-Kotchap
6,318511,Hirving Lozano
7,404776,Ismael Saibari
8,354283,Noa Lang
9,322148,Guus Til
10,68585,Luuk de Jong
11,361839,Jordan Teze
12,78221,Patrick van Aanholt
13,26916,Boy Waterman
14,481080,Tygo Land
15,275012,Joël Drommel
16,382556,Joey Veerman
17,404225,Shurandy Sambo
18,377466,Ricardo Pepi
19,397465,Malik Tillman
20,404077,Thibo Baeten
21,444781,Xander Blomme
22,422636,Philippe Rommens
23,484558,Jakob Breum
24,288859,Gerrit Nauber
25,388033,Willum Willumsson
26,400173,Jamal Amofa
27,355132,Rashaan Fernandes
28,422781,Luca Everink
29,431651,Nando Verdoni
30,382238,Bobby Adekanye
31,445055,Dean James
32,34171,Erwin Mulder
33,444782,Pim Saathof
34,379703,Jeffrey de Lange
35,422633,Mats Deijl
36,355961,Evert Linthorst
37,348644,Sylla Sow
38,134722,Bas Kuipers
39,383616,Oliver Edvardsen
40,470692,Victor Edvardsen
41,411691,Enric Llansana
42,472963,Darío Serra
