,ID,Name
0,422782,Manfred Ugalde
1,361838,Michal Sadílek
2,90235,Lars Unnerstall
3,307362,Alfons Sampsted
4,484544,Younes Taha
5,368289,Issam El Maach
6,322149,Michel Vlap
7,475578,Mats Rots
8,321910,Carel Eiting
9,301423,Mitchell van Bergen
10,427577,Youri Regeer
11,402819,Mees Hilgers
12,108935,Robin Pröpper
13,361794,Sem Steijn
14,405560,Daan Rots
15,37344,Ricky van Wolfswinkel
16,34545,Przemyslaw Tyton
17,425958,Alec van Hoorenbeeck
18,475579,Gijs Besselink
19,404777,Mathias Kjølø
20,478021,Juliën Mesbahi
21,409126,Dominik Oroz
22,89947,Nicolas Isimat-Mirin
23,285933,Markus Schubert
24,313385,Carlens Arcus
25,422909,Ramon Hendriks
26,497068,Jordi Altena
27,472130,Saïd Hamulic
28,437426,Miliano Jonathans
29,85470,Marco van Ginkel
30,379707,Melle Meulensteen
31,422764,Fodé Fofana
32,401021,Enzo Cornelisse
33,400281,Million Manhoef
34,429928,Gyan de Regt
35,414485,Giovanni van Zwam
36,412349,Kacper Kozlowski
37,322776,Michael Pinto
38,67114,Eloy Room
39,498903,Tom Bramel
40,497067,Mats Egbring
