,ID,Name
0,381530,Jakov Medic
1,270829,Borna Sosa
2,402666,Josip Sutalo
3,484494,Anton Gaaei
4,389020,Georges Mikautadze
5,424248,Kristian Hlynsson
6,34550,Remko Pasveer
7,401122,Kenneth Taylor
8,449303,Silvano Vos
9,139299,Branco van den Boomen
10,422802,Jay Gorter
11,89794,Steven Berghuis
12,437387,Anass Salah-Eddine
13,400165,Devyne Rensch
14,408613,Sivert Mannsverk
15,468850,Carlos Forbs
16,122294,Chuba Akpom
17,460297,Benjamin Tahirovic
18,503171,Amourricho van Axel Dongen
19,462099,Mika Godts
20,391592,Gastón Ávila
21,373154,Diant Ramaj
22,404568,Brian Brobbey
23,467715,Jorrel Hato
24,379701,Ramiz Zerrouki
25,384574,Gernot Trauner
26,436553,Igor Paixão
27,404200,Ondrej Lingr
28,121821,Timon Wellenreuther
29,68850,Kostas Lamprou
30,133390,Alireza Jahanbakhsh
31,377288,Ayase Ueda
32,445061,Santiago Giménez
33,444739,Quilindschy Hartman
34,328987,Calvin Stengs
35,411078,Quinten Timber
36,445059,Mats Wieffer
37,361695,Thomas van den Belt
38,450767,Mikki van Sas
39,297527,Bart Nieuwkoop
40,345441,Lutsharel Geertruida
41,489979,Gjivai Zechiël
42,436114,Thomas Beelen
43,362779,Dávid Hancko
44,468119,Leo Sauer
45,484175,Yankuba Minteh
46,371042,Marcos López
