,ID,Name
0,255946,Dario Van den Buijs
1,127137,Zakaria Bakkali
2,400278,Thierry Lutonda
3,400545,Shawn Adewoye
4,469502,Chris Lokesa
5,432167,Mark Spenkelink
6,444674,Kevin Felida
7,400279,David Min
8,141965,Jeroen Houwen
9,387172,Denilho Cleonise
10,389411,Yassin Oukili
11,31238,Aaron Meijers
12,40342,Michiel Kramer
13,80881,Jeffrey Bruma
14,104982,Mats Seuntjens
15,289015,Julian Lelieveld
16,322182,Reuven Niemeijer
17,357080,Godfried Roemeratoe
18,369048,Richonell Margaret
19,379705,Etienne Vaessen
20,379706,Juriën Gaari
21,380663,Patrick Vroegh
22,383865,Filip Stevanovic
23,362459,Othmane Boussaid
24,403644,Victor Jensen
25,425341,Oscar Fraulo
26,515595,Jeppe Okkels
27,394998,Can Bozdogan
28,135954,Vasilios Barkas
29,429514,Zidane Iqbal
30,422805,Souffian El Karouani
31,402852,Ole Romeny
32,256971,Hidde ter Avest
33,315574,Thijmen Nijhuis
34,328269,Sam Lammers
35,39726,Mark van der Maarel
36,70906,Nick Viergever
37,82401,Jens Toornstra
38,97367,Mattijs Branderhorst
39,101605,Mike van der Hoorn
40,512213,Joshua Mukeh
41,284451,Isac Lidberg
42,444675,Taylor Booth
43,438303,Adrian Blake
44,444737,Ryan Flamingo
45,520952,Nazjir Held
