,ID,Name
0,515829,Anis Hadj Moussa
1,409126,Dominik Oroz
2,486769,Amine Boutrah
3,89947,Nicolas Isimat-Mirin
4,285933,Markus Schubert
5,313385,Carlens Arcus
6,85470,Marco van Ginkel
7,352844,Thomas Buitink
8,400282,Daan Huisman
9,401021,Enzo Cornelisse
10,414485,Giovanni van Zwam
11,422909,Ramon Hendriks
12,429928,Gyan de Regt
13,444159,Mathijs Tielemans
14,510533,Andy Visser
15,412349,Kacper Kozlowski
16,322776,Michael Pinto
17,446949,Joel Voelkerling Persson
18,363704,Toni Domgjoni
19,413783,Paxten Aaronson
20,67114,Eloy Room
21,498903,Tom Bramel
22,487102,Mouhamed Belkheir
23,399960,Siemen Voet
24,396058,Rodrigo Guth
25,120151,Alen Halilovic
26,413273,Remy Vita
27,421892,Loreintz Rosier
28,430765,Sadik Fofana
29,115574,Mitchell Dijks
30,290832,Alessio da Cruz
31,301457,Luuk Koopmans
32,328549,Deroy Duarte
33,355134,Kaj Sierhuis
34,400056,Nathangelo Markelo
35,379762,Justin Lonwijk
36,456703,Iman Griffith
37,422635,Ragnar Oratmangoen
38,344201,Iñigo Córdoba
39,140902,Kristoffer Peterson
40,368266,Tom Hendriks
41,410088,Jayden Braaf
42,525774,Ramazan Bayram
43,525775,Daan Bisschops
