,ID,Name
0,399311,Filip Krastev
1,259930,Younes Namli
2,104906,Thomas Lam
3,84195,Lennart Thy
4,361777,Lennart Czyborra
5,82029,Apostolos Vellios
6,333527,Odysseus Velanas
7,317693,Mike Hauptmeijer
8,20831,Kenneth Vermeer
9,34108,Bram van Polen
10,431253,Damian van der Haar
11,489995,Mohamed Oukhattou
12,490379,Anouar El Azzouzi
13,498823,Christian Bos
14,513251,Teun Gijselhart
15,361778,Silvester van der Water
16,362467,Jasper Schendelaar
17,365152,Eliano Reijnders
18,380731,Sam Kersten
19,424502,Anselmo MacNulty
20,354027,Anthony Fontana
21,401137,Bryan Limbombe
22,450923,Brian De Keersmaecker
23,484548,Lasse Wehmeyer
24,401250,Jannes Wieckhoff
25,225522,Mario Engels
26,67063,Marko Vejinovic
27,69789,Kelvin Leerdam
28,94885,Jetro Willems
29,96581,Thomas Bruns
30,116684,Michael Brouwer
31,299511,Jordy Bruijn
32,312702,Justin Hoogma
33,349481,Jizz Hornkamp
34,379686,Ruben Roosken
35,379728,Navajo Bakboord
36,382581,Fabian de Keijzer
37,484547,Diego van Oorschot
38,414250,Mohamed Sankoh
39,433912,Timo Jansink
40,433913,Sem Scheperman
41,403097,Fredrik Oppegård
42,333365,Ajdin Hrustic
