,ID,Name
0,382494,Charles-Andreas Brym
1,379712,Saïd Bakari
2,513252,Shunsuke Mito
3,444484,Koki Saito
4,379764,Youri Schoonderwaldt
5,279173,Pelle Clement
6,444483,Mike Eerdhuijzen
7,404192,Tijs Velthuis
8,422872,Djevencio van der Kust
9,427851,Rick Meissen
10,19087,Jonathan de Guzmán
11,44145,Bart Vriends
12,243916,Nick Olij
13,491398,Camiel Neghli
14,506930,Hamza El Dahri
15,276756,Tobias Lauritsen
16,485935,Sergi Rosanas
17,510870,Jorn Triep
18,515513,Jay den Haan
19,489319,Kaylen Reitmaier
20,475142,Rayvien Rosario
21,433577,Metinho
22,345769,Oskar Buur
23,446987,Axel Guessand
24,436119,Mio Backhaus
25,444713,Brian Plat
26,444714,Damon Mirani
27,444716,Imran Nazih
28,444720,Barry Lauwers
29,445056,Calvin Twigt
30,445057,Achraf Douiri
31,460498,Déron Payne
32,498896,Milan de Haan
33,504312,Bram van Driel
34,457258,Luke Le Roux
35,498822,Zach Booth
36,460178,Darius Johnson
37,445058,Josh Flint
38,383604,George Cox
39,455668,Vivaldo Semedo
40,444718,Kayne van Oevelen
41,497066,Quincy Hoeve
42,523278,Myron Mau-Asam
43,525582,Caner Demircioglu
