,ID,Name
0,22300,Lasse Schöne
1,424808,Mathias Ross
2,430309,Brayann Pereira
3,487049,Koki Ogawa
4,497708,Kodai Sano
5,506727,D'Leanu Arts
6,431307,Nils Rossen
7,429380,Rijk Janse
8,348644,Sylla Sow
9,37502,Tjaronn Chery
10,77422,Bram Nuytinck
11,90811,Jasper Cillessen
12,271086,Calvin Verdonk
13,321959,Philippe Sandler
14,389945,Sontje Hansen
15,422801,Youri Baas
16,422806,Dirk Proper
17,422814,Robin Roefs
18,335725,Lars Olden Larsen
19,351532,Mees Hoedemakers
20,365712,Rober
21,81523,Mathew Ryan
22,485376,Ibrahim Sadiq
23,330514,Vangelis Pavlidis
24,379783,Yukinari Sugawara
25,383560,Sven Mijnans
26,353695,Dani de Wit
27,90834,Hobie Verhulst
28,133959,Riechedly Bazoer
29,510581,Jayden Addai
30,422737,Ernest Poku
31,422867,Mees de Wit
32,432172,Denso Kasius
33,434318,Maxim Dekker
34,438484,Myron van Brederode
35,484652,Ruben van Bommel
36,408824,Tiago Dantas
37,422248,Alexandre Penetra
38,415341,David Møller Wolfe
39,439447,Kristijan Belic
40,470735,Rome-Jayden Owusu-Oduro
41,517927,Finn Stam
42,525739,Enoch Mastoras
