,ID,Name
0,404077,Thibo Baeten
1,444781,Xander Blomme
2,484558,Jakob Breum
3,288859,Gerrit Nauber
4,388033,Willum Willumsson
5,34171,Erwin Mulder
6,134722,Bas Kuipers
7,276442,Joris Kramer
8,444782,Pim Saathof
9,445055,Dean James
10,322159,Finn Stokkers
11,348644,Sylla Sow
12,355961,Evert Linthorst
13,379703,Jeffrey de Lange
14,382238,Bobby Adekanye
15,411691,Enric Llansana
16,422633,Mats Deijl
17,422781,Luca Everink
18,426002,Sven Jansen
19,383616,Oliver Edvardsen
20,470692,Victor Edvardsen
21,422807,Magnus Mattsson
22,424808,Mathias Ross
23,487049,Koki Ogawa
24,497708,Kodai Sano
25,418540,Yvandro Borges Sanches
26,422804,Bart van Rooij
27,422806,Dirk Proper
28,422814,Robin Roefs
29,506727,D'Leanu Arts
30,429380,Rijk Janse
31,389945,Sontje Hansen
32,37502,Tjaronn Chery
33,77422,Bram Nuytinck
34,90811,Jasper Cillessen
35,271086,Calvin Verdonk
36,321959,Philippe Sandler
37,335725,Lars Olden Larsen
38,351532,Mees Hoedemakers
39,365712,Rober
