,ID,Name
0,456590,Garang Kuol
1,345769,Oskar Buur
2,446987,Axel Guessand
3,259530,Robin Maulun
4,436119,Mio Backhaus
5,409052,Benaissa Benamar
6,444720,Barry Lauwers
7,445056,Calvin Twigt
8,445057,Achraf Douiri
9,444713,Brian Plat
10,444714,Damon Mirani
11,444717,Lequincio Zeefuik
12,148512,Bilal Ould-Chikh
13,240878,Robert Mühren
14,498896,Milan de Haan
15,457258,Luke Le Roux
16,498822,Zach Booth
17,383604,George Cox
18,444718,Kayne van Oevelen
19,497066,Quincy Hoeve
20,455668,Vivaldo Semedo
21,514507,Mika van der Horst
22,399960,Siemen Voet
23,396058,Rodrigo Guth
24,120151,Alen Halilovic
25,421892,Loreintz Rosier
26,430765,Sadik Fofana
27,294844,Arianit Ferati
28,79755,Dimitrios Siovas
29,298805,Michael Verrips
30,301457,Luuk Koopmans
31,115574,Mitchell Dijks
32,290832,Alessio da Cruz
33,355134,Kaj Sierhuis
34,456703,Iman Griffith
35,422635,Ragnar Oratmangoen
36,379762,Justin Lonwijk
37,400056,Nathangelo Markelo
38,70598,Ivo Pinto
39,407117,Marko Lazetic
40,344201,Iñigo Córdoba
41,140902,Kristoffer Peterson
42,107077,Oguzhan Özyakup
43,368266,Tom Hendriks
44,410088,Jayden Braaf
