,ID,Name
0,379701,Ramiz Zerrouki
1,384574,Gernot Trauner
2,436553,Igor Paixão
3,298710,Luka Ivanusec
4,404200,Ondrej Lingr
5,484175,Yankuba Minteh
6,121821,Timon Wellenreuther
7,68850,Kostas Lamprou
8,445061,Santiago Giménez
9,363083,Javairô Dilrosun
10,297527,Bart Nieuwkoop
11,302709,Justin Bijlow
12,345441,Lutsharel Geertruida
13,361695,Thomas van den Belt
14,444739,Quilindschy Hartman
15,445059,Mats Wieffer
16,411078,Quinten Timber
17,422921,Antoni Milambo
18,436114,Thomas Beelen
19,362779,Dávid Hancko
20,425958,Alec Van Hoorenbeeck
21,361838,Michal Sadílek
22,90235,Lars Unnerstall
23,307362,Alfons Sampsted
24,368289,Issam El Maach
25,484544,Younes Taha
26,405560,Daan Rots
27,400059,Gijs Smal
28,402819,Mees Hilgers
29,445046,Naci Ünüvar
30,475578,Mats Rots
31,475579,Gijs Besselink
32,478021,Juliën Mesbahi
33,37344,Ricky van Wolfswinkel
34,108935,Robin Pröpper
35,119741,Joshua Brenet
36,321910,Carel Eiting
37,322149,Michel Vlap
38,361794,Sem Steijn
39,34545,Przemyslaw Tyton
40,404777,Mathias Kjølø
41,515572,Lucas Vennegoor of Hesselink
