,ID,Name
0,143815,Anas Tahiri
1,323531,Mats Köhlert
2,444621,Nathan Tjoe-A-On
3,497178,Espen van Ee
4,379599,Ché Nunnely
5,387720,Denzel Hall
6,409160,Syb van Ottele
7,422643,Djenahro Nunumete
8,238897,Pelle van Amersfoort
9,252239,Andries Noppert
10,296543,Jan Bekkema
11,121834,Mickey van der Hart
12,124274,Sven van Beek
13,124380,Thom Haye
14,366886,Osame Sahraoui
15,497179,Oliver Braude
16,142376,Pawel Bochniewicz
17,327724,Simon Olsson
18,430295,Charlie Webster
19,436158,Daniel Karlsbakk
20,422634,Luuk Brouwers
21,399620,Patrik Wålemark
22,362553,Jens Odgaard
23,485376,Ibrahim Sadiq
24,330514,Vangelis Pavlidis
25,353695,Dani de Wit
26,422737,Ernest Poku
27,422867,Mees de Wit
28,432172,Denso Kasius
29,433950,Mexx Meerdink
30,438484,Myron van Brederode
31,383560,Sven Mijnans
32,90802,Jordy Clasie
33,133959,Riechedly Bazoer
34,510581,Jayden Addai
35,472183,Wouter Goes
36,484652,Ruben van Bommel
37,449304,Tristan Kuijsten
38,408824,Tiago Dantas
39,421842,Gonçalo Esteves
40,422248,Alexandre Penetra
41,444780,Mayckel Lahdo
42,439447,Kristijan Belic
43,415341,David Møller Wolfe
44,470735,Rome-Jayden Owusu-Oduro
