,ID,Name
0,343347,Arno Verschueren
1,382494,Charles-Andreas Brym
2,379712,Saïd Bakari
3,422872,Djevencio van der Kust
4,404192,Tijs Velthuis
5,44145,Bart Vriends
6,279173,Pelle Clement
7,491398,Camiel Neghli
8,19087,Jonathan de Guzmán
9,379764,Youri Schoonderwaldt
10,427851,Rick Meissen
11,243916,Nick Olij
12,229520,Django Warmerdam
13,460754,Dylan van Wageningen
14,285951,Delano van Crooij
15,276756,Tobias Lauritsen
16,349199,Joshua Kitolano
17,486947,Augustin Anello
18,433577,Metinho
19,506930,Hamza El Dahri
20,255946,Dario Van den Buijs
21,400545,Shawn Adewoye
22,127137,Zakaria Bakkali
23,469502,Chris Lokesa
24,446984,Daouda Weidmann
25,401542,Raz Meir
26,380663,Patrick Vroegh
27,432167,Mark Spenkelink
28,429270,Joey Kesting
29,80881,Jeffrey Bruma
30,141965,Jeroen Houwen
31,289015,Julian Lelieveld
32,31238,Aaron Meijers
33,357080,Godfried Roemeratoe
34,444674,Kevin Felida
35,389411,Yassin Oukili
36,387172,Denilho Cleonise
37,40342,Michiel Kramer
38,379706,Juriën Gaari
39,383865,Filip Stevanovic
