,ID,Name
0,399960,Siemen Voet
1,436591,Milan Robberechts
2,396058,Rodrigo Guth
3,401043,Ivor Pandur
4,120151,Alen Halilovic
5,421892,Loreintz Rosier
6,413273,Remy Vita
7,430765,Sadik Fofana
8,79755,Dimitrios Siovas
9,456703,Iman Griffith
10,422635,Ragnar Oratmangoen
11,328549,Deroy Duarte
12,355134,Kaj Sierhuis
13,115574,Mitchell Dijks
14,301457,Luuk Koopmans
15,400056,Nathangelo Markelo
16,70598,Ivo Pinto
17,407117,Marko Lazetic
18,344201,Iñigo Córdoba
19,487102,Mouhamed Belkheir
20,368266,Tom Hendriks
21,362459,Othmane Boussaid
22,402885,Anthony Descotte
23,425341,Oscar Fraulo
24,403644,Victor Jensen
25,375327,Modibo Sagnan
26,394998,Can Bozdogan
27,135954,Vasilios Barkas
28,83337,Zakaria Labyad
29,422805,Souffian El Karouani
30,104982,Mats Seuntjens
31,256971,Hidde ter Avest
32,261082,Bart Ramselaar
33,502428,Yannick Leliendal
34,101605,Mike van der Hoorn
35,97367,Mattijs Branderhorst
36,402852,Ole Romeny
37,39726,Mark van der Maarel
38,82401,Jens Toornstra
39,382593,Marouan Azarkan
40,397893,Hugo Novoa
41,284451,Isac Lidberg
42,444675,Taylor Booth
43,444737,Ryan Flamingo
