,ID,Name
0,143815,Anas Tahiri
1,323531,Mats Köhlert
2,121834,Mickey van der Hart
3,387720,Denzel Hall
4,124380,Thom Haye
5,238897,Pelle van Amersfoort
6,379599,Ché Nunnely
7,296543,Jan Bekkema
8,409160,Syb van Ottele
9,252239,Andries Noppert
10,124274,Sven van Beek
11,422643,Djenahro Nunumete
12,492109,Melle Witteveen
13,497178,Espen van Ee
14,497179,Oliver Braude
15,366886,Osame Sahraoui
16,142376,Pawel Bochniewicz
17,327724,Simon Olsson
18,406536,Hussein Ali
19,430295,Charlie Webster
20,399620,Patrik Wålemark
21,422634,Luuk Brouwers
22,436158,Daniel Karlsbakk
23,401137,Bryan Limbombe
24,450923,Brian De Keersmaecker
25,401250,Jannes Wieckhoff
26,349202,Anas Ouahim
27,422866,Abed Nankishi
28,422763,Sven Sonnenberg
29,225522,Mario Engels
30,380635,Robin Jalving
31,414250,Mohamed Sankoh
32,94885,Jetro Willems
33,433913,Sem Scheperman
34,96581,Thomas Bruns
35,116684,Michael Brouwer
36,379686,Ruben Roosken
37,379728,Navajo Bakboord
38,312702,Justin Hoogma
39,67063,Marko Vejinovic
40,334533,Emil Hansson
41,382581,Fabian de Keijzer
42,450983,Antonio Satriano
43,402055,Sava-Arangel Cestic
44,484545,Stijn Bultman
45,484548,Lasse Wehmeyer
