,ID,Name
0,76336,Samuel Sahin-Radlinger
1,455842,Yoann Cathline
2,373555,Loïc Mbe Soh
3,296323,Thomas Robinet
4,438662,Yann Kitala
5,363872,Christopher Mamengi
6,344124,Danny Post
7,42947,Rajiv van La Parra
8,426506,Stijn Keller
9,484539,Marcelencio Esajas
10,484536,Lance Duijvestijn
11,408102,Peer Koopmeiners
12,484537,Stije Resink
13,484527,Nordin Bakker
14,484531,Joey Jacobs
15,484540,Jochem Ritmeester van de Kamp
16,303815,Damian van Bruggen
17,484534,Manel Royo
18,122130,Álvaro Peña
19,395381,Kornelius Normann Hansen
20,451208,Bradly van Hoeven
21,402120,Pascu
22,422636,Philippe Rommens
23,404077,Thibo Baeten
24,484558,Jakob Breum
25,288859,Gerrit Nauber
26,388033,Willum Willumsson
27,382238,Bobby Adekanye
28,379703,Jeffrey de Lange
29,134722,Bas Kuipers
30,400173,Jamal Amofa
31,276442,Joris Kramer
32,422633,Mats Deijl
33,355961,Evert Linthorst
34,348644,Sylla Sow
35,355132,Rashaan Fernandes
36,431651,Nando Verdoni
37,445055,Dean James
38,34171,Erwin Mulder
39,444782,Pim Saathof
40,383616,Oliver Edvardsen
41,470692,Victor Edvardsen
42,411691,Enric Llansana
43,472963,Darío Serra
