,ID,Name
0,81523,Mathew Ryan
1,362553,Jens Odgaard
2,485376,Ibrahim Sadiq
3,330514,Vangelis Pavlidis
4,379783,Yukinari Sugawara
5,383560,Sven Mijnans
6,438484,Myron van Brederode
7,90802,Jordy Clasie
8,133959,Riechedly Bazoer
9,353695,Dani de Wit
10,363875,Kenzo Goudmijn
11,90810,Bruno Martins Indi
12,432172,Denso Kasius
13,90834,Hobie Verhulst
14,422737,Ernest Poku
15,472183,Wouter Goes
16,484652,Ruben van Bommel
17,408824,Tiago Dantas
18,422248,Alexandre Penetra
19,444780,Mayckel Lahdo
20,334726,Djordje Mihailovic
21,415341,David Møller Wolfe
22,470735,Rome-Jayden Owusu-Oduro
23,450923,Brian De Keersmaecker
24,401137,Bryan Limbombe
25,349202,Anas Ouahim
26,225522,Mario Engels
27,401250,Jannes Wieckhoff
28,422866,Abed Nankishi
29,422763,Sven Sonnenberg
30,116684,Michael Brouwer
31,379728,Navajo Bakboord
32,94885,Jetro Willems
33,312702,Justin Hoogma
34,96581,Thomas Bruns
35,433913,Sem Scheperman
36,67063,Marko Vejinovic
37,414250,Mohamed Sankoh
38,484547,Diego van Oorschot
39,380635,Robin Jalving
40,379686,Ruben Roosken
41,334533,Emil Hansson
42,484545,Stijn Bultman
43,402055,Sava-Arangel Cestic
44,382581,Fabian de Keijzer
45,484548,Lasse Wehmeyer
