,ID,Name
0,130304,Walter Benítez
1,408059,Yorbe Vertessen
2,427824,Johan Bakayoko
3,98101,André Ramalho
4,260809,Olivier Boscagli
5,318511,Hirving Lozano
6,404776,Ismael Saibari
7,68585,Luuk de Jong
8,322148,Guus Til
9,489985,Isaac Babadi
10,361839,Jordan Teze
11,331555,Jerdy Schouten
12,382556,Joey Veerman
13,404225,Shurandy Sambo
14,26916,Boy Waterman
15,78221,Patrick van Aanholt
16,275012,Joël Drommel
17,379205,Sergiño Dest
18,397465,Malik Tillman
19,377466,Ricardo Pepi
20,402666,Josip Sutalo
21,381530,Jakov Medic
22,484494,Anton Gaaei
23,389020,Georges Mikautadze
24,424248,Kristian Hlynsson
25,422800,Ar'jany Martha
26,401122,Kenneth Taylor
27,454338,Tristan Gooijer
28,34550,Remko Pasveer
29,454337,Jaydon Banel
30,437387,Anass Salah-Eddine
31,423955,Charlie Setford
32,139299,Branco van den Boomen
33,89794,Steven Berghuis
34,279425,Steven Bergwijn
35,449303,Silvano Vos
36,122294,Chuba Akpom
37,462099,Mika Godts
38,460297,Benjamin Tahirovic
39,404568,Brian Brobbey
40,373154,Diant Ramaj
41,391592,Gastón Ávila
42,467715,Jorrel Hato
