,ID,Name
0,456590,Garang Kuol
1,345769,Oskar Buur
2,436119,Mio Backhaus
3,409052,Benaissa Benamar
4,444716,Imran Nazih
5,444714,Damon Mirani
6,445056,Calvin Twigt
7,498896,Milan de Haan
8,240878,Robert Mühren
9,504312,Bram van Driel
10,444715,Ibrahim El Kadiri
11,444720,Barry Lauwers
12,445057,Achraf Douiri
13,444717,Lequincio Zeefuik
14,148512,Bilal Ould-Chikh
15,383604,George Cox
16,460178,Darius Johnson
17,445058,Josh Flint
18,497066,Quincy Hoeve
19,475042,Rob Tol
20,444718,Kayne van Oevelen
21,328432,Siebe Horemans
22,373556,Arthur Zagré
23,308754,Lazaros Lamprou
24,123554,Sven Nieuwpoort
25,139666,Norbert Alblas
26,444623,Julian Baas
27,444620,Redouan El Yaakoubi
28,400009,Couhaib Driouech
29,410324,Ian Smeulers
30,454518,Derensili Sanches Fernandes
31,444738,Noah Naujoks
32,423949,Mimeirhel Benita
33,444619,Stijn van Gassel
34,415781,Kian Fitz-Jim
35,445053,Nikolas Agrafiotis
36,494671,Richie Omorowa
37,485370,Oscar Uddenäs
38,429615,Casper Widell
39,420300,Cisse Sandra
40,384064,Troy Parrott
