,ID,Name
0,422782,Manfred Ugalde
1,361838,Michal Sadílek
2,90235,Lars Unnerstall
3,307362,Alfons Sampsted
4,484544,Younes Taha
5,368289,Issam El Maach
6,321910,Carel Eiting
7,301423,Mitchell van Bergen
8,400059,Gijs Smal
9,361794,Sem Steijn
10,37344,Ricky van Wolfswinkel
11,427577,Youri Regeer
12,405560,Daan Rots
13,402819,Mees Hilgers
14,108935,Robin Pröpper
15,322149,Michel Vlap
16,34545,Przemyslaw Tyton
17,404777,Mathias Kjølø
18,478021,Juliën Mesbahi
19,475579,Gijs Besselink
20,425958,Alec Van Hoorenbeeck
21,379701,Ramiz Zerrouki
22,436553,Igor Paixão
23,298710,Luka Ivanusec
24,404200,Ondrej Lingr
25,121821,Timon Wellenreuther
26,68850,Kostas Lamprou
27,133390,Alireza Jahanbakhsh
28,377288,Ayase Ueda
29,445061,Santiago Giménez
30,328987,Calvin Stengs
31,422921,Antoni Milambo
32,436114,Thomas Beelen
33,363083,Javairô Dilrosun
34,411078,Quinten Timber
35,345441,Lutsharel Geertruida
36,445059,Mats Wieffer
37,302709,Justin Bijlow
38,444739,Quilindschy Hartman
39,297527,Bart Nieuwkoop
40,361695,Thomas van den Belt
41,362779,Dávid Hancko
42,371042,Marcos López
