,ID,Name
0,22300,Lasse Schöne
1,424808,Mathias Ross
2,430309,Brayann Pereira
3,497708,Kodai Sano
4,418540,Yvandro Borges Sanches
5,431307,Nils Rossen
6,389945,Sontje Hansen
7,422801,Youri Baas
8,422804,Bart van Rooij
9,422814,Robin Roefs
10,77422,Bram Nuytinck
11,90811,Jasper Cillessen
12,271086,Calvin Verdonk
13,321959,Philippe Sandler
14,429380,Rijk Janse
15,348644,Sylla Sow
16,335725,Lars Olden Larsen
17,351532,Mees Hoedemakers
18,365712,Rober
19,130304,Walter Benítez
20,427824,Johan Bakayoko
21,346767,Mauro Júnior
22,98101,André Ramalho
23,260809,Olivier Boscagli
24,369970,Armel Bella-Kotchap
25,318511,Hirving Lozano
26,404776,Ismael Saibari
27,404225,Shurandy Sambo
28,481080,Tygo Land
29,489985,Isaac Babadi
30,322148,Guus Til
31,331555,Jerdy Schouten
32,345333,Armando Obispo
33,382556,Joey Veerman
34,275012,Joël Drommel
35,361839,Jordan Teze
36,26916,Boy Waterman
37,68585,Luuk de Jong
38,78221,Patrick van Aanholt
39,397465,Malik Tillman
40,377466,Ricardo Pepi
41,379205,Sergiño Dest
