,ID,Name
0,255946,Dario Van den Buijs
1,127137,Zakaria Bakkali
2,400278,Thierry Lutonda
3,450984,Ilias Takidine
4,469502,Chris Lokesa
5,400279,David Min
6,432167,Mark Spenkelink
7,444674,Kevin Felida
8,141965,Jeroen Houwen
9,387172,Denilho Cleonise
10,389411,Yassin Oukili
11,31238,Aaron Meijers
12,40342,Michiel Kramer
13,80881,Jeffrey Bruma
14,104982,Mats Seuntjens
15,289015,Julian Lelieveld
16,322182,Reuven Niemeijer
17,369048,Richonell Margaret
18,379705,Etienne Vaessen
19,379706,Juriën Gaari
20,380663,Patrick Vroegh
21,383865,Filip Stevanovic
22,143815,Anas Tahiri
23,399512,Loizos Loizou
24,323531,Mats Köhlert
25,363248,Ion Nicolaescu
26,238897,Pelle van Amersfoort
27,252239,Andries Noppert
28,296543,Jan Bekkema
29,121834,Mickey van der Hart
30,124274,Sven van Beek
31,124380,Thom Haye
32,379599,Ché Nunnely
33,387720,Denzel Hall
34,409160,Syb van Ottele
35,422643,Djenahro Nunumete
36,444621,Nathan Tjoe-A-On
37,497178,Espen van Ee
38,497179,Oliver Braude
39,366886,Osame Sahraoui
40,142376,Pawel Bochniewicz
41,327724,Simon Olsson
42,430295,Charlie Webster
43,436158,Daniel Karlsbakk
44,399620,Patrik Wålemark
