,ID,Name
0,404077,Thibo Baeten
1,444781,Xander Blomme
2,484558,Jakob Breum
3,288859,Gerrit Nauber
4,388033,Willum Willumsson
5,400173,Jamal Amofa
6,34171,Erwin Mulder
7,134722,Bas Kuipers
8,276442,Joris Kramer
9,322159,Finn Stokkers
10,355961,Evert Linthorst
11,379703,Jeffrey de Lange
12,382238,Bobby Adekanye
13,444782,Pim Saathof
14,445055,Dean James
15,411691,Enric Llansana
16,422633,Mats Deijl
17,422781,Luca Everink
18,431651,Nando Verdoni
19,383616,Oliver Edvardsen
20,470692,Victor Edvardsen
21,444349,Søren Tengstedt
22,328432,Siebe Horemans
23,420300,Cisse Sandra
24,308754,Lazaros Lamprou
25,100608,Mike van Duinen
26,123554,Sven Nieuwpoort
27,363875,Kenzo Goudmijn
28,400009,Couhaib Driouech
29,423949,Mimeirhel Benita
30,512230,Siem de Moes
31,444619,Stijn van Gassel
32,444623,Julian Baas
33,444625,Pascal Kuiper
34,444738,Noah Naujoks
35,454518,Derensili Sanches Fernandes
36,484536,Lance Duijvestijn
37,485370,Oscar Uddenäs
38,494671,Richie Omorowa
39,429615,Casper Widell
40,518424,Jeremy Udenhout
41,520858,Jose De Almeida Reis
