,ID,Name
0,81523,Mathew Ryan
1,485376,Ibrahim Sadiq
2,330514,Vangelis Pavlidis
3,379783,Yukinari Sugawara
4,383560,Sven Mijnans
5,90802,Jordy Clasie
6,90834,Hobie Verhulst
7,133959,Riechedly Bazoer
8,353695,Dani de Wit
9,445049,Lewis Schouten
10,422737,Ernest Poku
11,422867,Mees de Wit
12,432172,Denso Kasius
13,434318,Maxim Dekker
14,438484,Myron van Brederode
15,510581,Jayden Addai
16,472183,Wouter Goes
17,484652,Ruben van Bommel
18,422248,Alexandre Penetra
19,408824,Tiago Dantas
20,415341,David Møller Wolfe
21,439447,Kristijan Belic
22,470735,Rome-Jayden Owusu-Oduro
23,515829,Anis Hadj Moussa
24,409126,Dominik Oroz
25,486769,Amine Boutrah
26,89947,Nicolas Isimat-Mirin
27,285933,Markus Schubert
28,313385,Carlens Arcus
29,352844,Thomas Buitink
30,85470,Marco van Ginkel
31,400282,Daan Huisman
32,401021,Enzo Cornelisse
33,414485,Giovanni van Zwam
34,422909,Ramon Hendriks
35,429928,Gyan de Regt
36,444159,Mathijs Tielemans
37,510533,Andy Visser
38,484842,Adrian Mazilu
39,446949,Joel Voelkerling Persson
40,363704,Toni Domgjoni
41,413783,Paxten Aaronson
42,498903,Tom Bramel
43,67114,Eloy Room
