,ID,Name
0,343347,Arno Verschueren
1,382494,Charles-Andreas Brym
2,379712,Saïd Bakari
3,513252,Shunsuke Mito
4,444484,Koki Saito
5,379764,Youri Schoonderwaldt
6,279173,Pelle Clement
7,444483,Mike Eerdhuijzen
8,404192,Tijs Velthuis
9,422872,Djevencio van der Kust
10,427851,Rick Meissen
11,19087,Jonathan de Guzmán
12,44145,Bart Vriends
13,243916,Nick Olij
14,491398,Camiel Neghli
15,506930,Hamza El Dahri
16,276756,Tobias Lauritsen
17,485935,Sergi Rosanas
18,489319,Kaylen Reitmaier
19,475142,Rayvien Rosario
20,433577,Metinho
21,399960,Siemen Voet
22,396058,Rodrigo Guth
23,120151,Alen Halilovic
24,413273,Remy Vita
25,421892,Loreintz Rosier
26,430765,Sadik Fofana
27,79755,Dimitrios Siovas
28,290832,Alessio da Cruz
29,298805,Michael Verrips
30,301457,Luuk Koopmans
31,328549,Deroy Duarte
32,355134,Kaj Sierhuis
33,115574,Mitchell Dijks
34,379762,Justin Lonwijk
35,456703,Iman Griffith
36,422635,Ragnar Oratmangoen
37,400056,Nathangelo Markelo
38,70598,Ivo Pinto
39,344201,Iñigo Córdoba
40,140902,Kristoffer Peterson
41,107077,Oguzhan Özyakup
42,368266,Tom Hendriks
43,410088,Jayden Braaf
