,ID,Name
0,379701,Ramiz Zerrouki
1,384574,Gernot Trauner
2,436553,Igor Paixão
3,404200,Ondrej Lingr
4,121821,Timon Wellenreuther
5,68850,Kostas Lamprou
6,133390,Alireza Jahanbakhsh
7,377288,Ayase Ueda
8,445061,Santiago Giménez
9,361695,Thomas van den Belt
10,450767,Mikki van Sas
11,444739,Quilindschy Hartman
12,411078,Quinten Timber
13,297527,Bart Nieuwkoop
14,345441,Lutsharel Geertruida
15,328987,Calvin Stengs
16,436114,Thomas Beelen
17,363083,Javairô Dilrosun
18,445059,Mats Wieffer
19,468119,Leo Sauer
20,362779,Dávid Hancko
21,371042,Marcos López
22,484175,Yankuba Minteh
23,404077,Thibo Baeten
24,444781,Xander Blomme
25,422636,Philippe Rommens
26,288859,Gerrit Nauber
27,388033,Willum Willumsson
28,379703,Jeffrey de Lange
29,444782,Pim Saathof
30,348644,Sylla Sow
31,422633,Mats Deijl
32,400173,Jamal Amofa
33,445055,Dean James
34,34171,Erwin Mulder
35,422781,Luca Everink
36,431651,Nando Verdoni
37,355132,Rashaan Fernandes
38,134722,Bas Kuipers
39,382238,Bobby Adekanye
40,355961,Evert Linthorst
41,383616,Oliver Edvardsen
42,470692,Victor Edvardsen
43,411691,Enric Llansana
44,472963,Darío Serra
