,ID,Name
0,422782,Manfred Ugalde
1,361838,Michal Sadílek
2,90235,Lars Unnerstall
3,307362,Alfons Sampsted
4,368289,Issam El Maach
5,484544,Younes Taha
6,37344,Ricky van Wolfswinkel
7,321910,Carel Eiting
8,301423,Mitchell van Bergen
9,427577,Youri Regeer
10,402819,Mees Hilgers
11,108935,Robin Pröpper
12,322149,Michel Vlap
13,361794,Sem Steijn
14,405560,Daan Rots
15,475578,Mats Rots
16,34545,Przemyslaw Tyton
17,404777,Mathias Kjølø
18,475579,Gijs Besselink
19,478021,Juliën Mesbahi
20,425958,Alec van Hoorenbeeck
21,143815,Anas Tahiri
22,323531,Mats Köhlert
23,363248,Ion Nicolaescu
24,252239,Andries Noppert
25,124274,Sven van Beek
26,379599,Ché Nunnely
27,296543,Jan Bekkema
28,409160,Syb van Ottele
29,124380,Thom Haye
30,238897,Pelle van Amersfoort
31,422643,Djenahro Nunumete
32,121834,Mickey van der Hart
33,387720,Denzel Hall
34,366886,Osame Sahraoui
35,497179,Oliver Braude
36,142376,Pawel Bochniewicz
37,327724,Simon Olsson
38,406536,Hussein Ali
39,430295,Charlie Webster
40,436158,Daniel Karlsbakk
41,422634,Luuk Brouwers
42,399620,Patrik Wålemark
