,ID,Name
0,130304,Walter Benítez
1,427824,Johan Bakayoko
2,408059,Yorbe Vertessen
3,98101,André Ramalho
4,260809,Olivier Boscagli
5,369970,Armel Bella-Kotchap
6,318511,Hirving Lozano
7,404776,Ismael Saibari
8,275012,Joël Drommel
9,322148,Guus Til
10,404225,Shurandy Sambo
11,26916,Boy Waterman
12,78221,Patrick van Aanholt
13,382556,Joey Veerman
14,354283,Noa Lang
15,361839,Jordan Teze
16,68585,Luuk de Jong
17,397465,Malik Tillman
18,379205,Sergiño Dest
19,377466,Ricardo Pepi
20,456590,Garang Kuol
21,345769,Oskar Buur
22,436119,Mio Backhaus
23,409052,Benaissa Benamar
24,444713,Brian Plat
25,460498,Déron Payne
26,498896,Milan de Haan
27,148512,Bilal Ould-Chikh
28,445056,Calvin Twigt
29,240878,Robert Mühren
30,460499,Joey Antonioli
31,444717,Lequincio Zeefuik
32,445057,Achraf Douiri
33,444712,Billy van Duijl
34,444715,Ibrahim El Kadiri
35,444720,Barry Lauwers
36,444714,Damon Mirani
37,498822,Zach Booth
38,460178,Darius Johnson
39,445058,Josh Flint
40,504312,Bram van Driel
