,ID,Name
0,362459,Othmane Boussaid
1,425341,Oscar Fraulo
2,403644,Victor Jensen
3,375327,Modibo Sagnan
4,394998,Can Bozdogan
5,135954,Vasilios Barkas
6,83337,Zakaria Labyad
7,97367,Mattijs Branderhorst
8,104982,Mats Seuntjens
9,411079,Calvin Raatsie
10,502428,Yannick Leliendal
11,382593,Marouan Azarkan
12,256971,Hidde ter Avest
13,70906,Nick Viergever
14,402852,Ole Romeny
15,39726,Mark van der Maarel
16,397893,Hugo Novoa
17,284451,Isac Lidberg
18,444737,Ryan Flamingo
19,76336,Samuel Sahin-Radlinger
20,296323,Thomas Robinet
21,455842,Yoann Cathline
22,357398,Théo Barbet
23,373555,Loïc Mbe Soh
24,438662,Yann Kitala
25,484527,Nordin Bakker
26,484536,Lance Duijvestijn
27,484531,Joey Jacobs
28,484539,Marcelencio Esajas
29,426506,Stijn Keller
30,322157,Sherel Floranus
31,379734,Hamdi Akujobi
32,303815,Damian van Bruggen
33,484537,Stije Resink
34,344124,Danny Post
35,363872,Christopher Mamengi
36,42947,Rajiv van La Parra
37,408102,Peer Koopmeiners
38,484534,Manel Royo
39,402120,Pascu
40,395381,Kornelius Normann Hansen
