,ID,Name
0,399311,Filip Krastev
1,259930,Younes Namli
2,104906,Thomas Lam
3,84195,Lennart Thy
4,361777,Lennart Czyborra
5,82029,Apostolos Vellios
6,333527,Odysseus Velanas
7,400823,Davy van den Berg
8,317693,Mike Hauptmeijer
9,20831,Kenneth Vermeer
10,34108,Bram van Polen
11,361778,Silvester van der Water
12,362467,Jasper Schendelaar
13,365152,Eliano Reijnders
14,380731,Sam Kersten
15,431253,Damian van der Haar
16,489995,Mohamed Oukhattou
17,490379,Anouar El Azzouzi
18,513251,Teun Gijselhart
19,424502,Anselmo MacNulty
20,354027,Anthony Fontana
21,125375,Gerónimo Rulli
22,460297,Benjamin Tahirovic
23,270829,Borna Sosa
24,484494,Anton Gaaei
25,424248,Kristian Hlynsson
26,449303,Silvano Vos
27,454338,Tristan Gooijer
28,454348,Julian Rijkhoff
29,415781,Kian Fitz-Jim
30,279425,Steven Bergwijn
31,400165,Devyne Rensch
32,401122,Kenneth Taylor
33,139299,Branco van den Boomen
34,34550,Remko Pasveer
35,467715,Jorrel Hato
36,408613,Sivert Mannsverk
37,468850,Carlos Forbs
38,122294,Chuba Akpom
39,373154,Diant Ramaj
40,462099,Mika Godts
