,ID,Name
0,379701,Ramiz Zerrouki
1,436553,Igor Paixão
2,404200,Ondrej Lingr
3,484175,Yankuba Minteh
4,121821,Timon Wellenreuther
5,68850,Kostas Lamprou
6,377288,Ayase Ueda
7,445061,Santiago Giménez
8,450767,Mikki van Sas
9,444739,Quilindschy Hartman
10,445059,Mats Wieffer
11,297527,Bart Nieuwkoop
12,328987,Calvin Stengs
13,345441,Lutsharel Geertruida
14,361695,Thomas van den Belt
15,411078,Quinten Timber
16,436114,Thomas Beelen
17,362779,Dávid Hancko
18,468119,Leo Sauer
19,371042,Marcos López
20,362459,Othmane Boussaid
21,425341,Oscar Fraulo
22,403644,Victor Jensen
23,416311,Niklas Vesterlund
24,467757,Silas Andersen
25,394998,Can Bozdogan
26,135954,Vasilios Barkas
27,429514,Zidane Iqbal
28,422805,Souffian El Karouani
29,512213,Joshua Mukeh
30,315574,Thijmen Nijhuis
31,328269,Sam Lammers
32,39726,Mark van der Maarel
33,70906,Nick Viergever
34,82401,Jens Toornstra
35,97367,Mattijs Branderhorst
36,284451,Isac Lidberg
37,438303,Adrian Blake
38,444737,Ryan Flamingo
39,520952,Nazjir Held
