,ID,Name
0,76336,Samuel Sahin-Radlinger
1,453492,Milan Corryn
2,431023,Faïz Mattoir
3,373555,Loïc Mbe Soh
4,455842,Yoann Cathline
5,296323,Thomas Robinet
6,357398,Théo Barbet
7,379734,Hamdi Akujobi
8,408102,Peer Koopmeiners
9,363872,Christopher Mamengi
10,322157,Sherel Floranus
11,42947,Rajiv van La Parra
12,132603,Agil Etemadi
13,475450,Jason van Duiven
14,484531,Joey Jacobs
15,484537,Stije Resink
16,484540,Jochem Ritmeester van de Kamp
17,497336,Joël van der Wilt
18,122130,Álvaro Peña
19,392651,Adi Nalic
20,395381,Kornelius Hansen
21,402120,Pascu
22,345769,Oskar Buur
23,259530,Robin Maulun
24,446987,Axel Guessand
25,436119,Mio Backhaus
26,409052,Benaissa Benamar
27,444720,Barry Lauwers
28,445057,Achraf Douiri
29,444713,Brian Plat
30,444714,Damon Mirani
31,444715,Ibrahim El Kadiri
32,240878,Robert Mühren
33,460498,Déron Payne
34,457258,Luke Le Roux
35,498822,Zach Booth
36,460178,Darius Johnson
37,383604,George Cox
38,445058,Josh Flint
39,444718,Kayne van Oevelen
40,455668,Vivaldo Semedo
41,516436,Safouane Karim
42,497066,Quincy Hoeve
