,ID,Name
0,425958,Alec Van Hoorenbeeck
1,361838,Michal Sadílek
2,90235,Lars Unnerstall
3,307362,Alfons Sampsted
4,368289,Issam El Maach
5,484544,Younes Taha
6,405560,Daan Rots
7,406780,Max Bruns
8,400059,Gijs Smal
9,402819,Mees Hilgers
10,427577,Youri Regeer
11,437387,Anass Salah-Eddine
12,445046,Naci Ünüvar
13,475578,Mats Rots
14,475579,Gijs Besselink
15,321910,Carel Eiting
16,322149,Michel Vlap
17,357081,Myron Boadu
18,361794,Sem Steijn
19,108935,Robin Pröpper
20,37344,Ricky van Wolfswinkel
21,34545,Przemyslaw Tyton
22,404777,Mathias Kjølø
23,401137,Bryan Limbombe
24,450923,Brian De Keersmaecker
25,225522,Mario Engels
26,484548,Lasse Wehmeyer
27,422763,Sven Sonnenberg
28,67063,Marko Vejinovic
29,69789,Kelvin Leerdam
30,94885,Jetro Willems
31,96581,Thomas Bruns
32,116684,Michael Brouwer
33,299511,Jordy Bruijn
34,312702,Justin Hoogma
35,349481,Jizz Hornkamp
36,379686,Ruben Roosken
37,379728,Navajo Bakboord
38,382581,Fabian de Keijzer
39,433912,Timo Jansink
40,433913,Sem Scheperman
41,414250,Mohamed Sankoh
42,403097,Fredrik Oppegård
43,333365,Ajdin Hrustic
