,ID,Name
0,132420,Rico Strieder
1,68850,Kostas Lamprou
2,369545,Yuta Nakayama
3,361695,Thomas van den Belt
4,380731,Sam Kersten
5,382170,Daishawn Redan
6,389942,Leandro Fernandes
7,97101,Mustafa Saymak
8,34108,Bram van Polen
9,36974,Ryan Koolwijk
10,231106,Kenneth Paal
11,317693,Mike Hauptmeijer
12,393338,Chardi Landu
13,365152,Eliano Reijnders
14,345544,Luka Adzic
15,399960,Siemen Voet
16,402068,Slobodan Tedic
17,404370,Rav van den Berg
18,119109,Gervane Kastaneer
19,391232,Mark Pabai
20,362467,Jasper Schendelaar
21,379596,Dean Huiberts
22,404764,Tibor Halilovic
23,404110,Nicolas Madsen
24,121666,Nick Bakker
25,124274,Sven van Beek
26,136066,Lucas Woudenberg
27,261017,Henk Veerman
28,296543,Jan Bekkema
29,379595,Xavier Mous
30,379734,Hamdi Akujobi
31,379760,Milan van Ewijk
32,382556,Joey Veerman
33,342814,Rodney Kongolo
34,369119,Arjen van der Heide
35,400143,Anthony Musaba
36,371073,Rami Al Hajj
37,399618,Benjamin Nygren
38,321192,Ibrahim Dresevic
39,321193,Rami Kaib
40,400007,Jaimy Kroesen
41,409160,Syb van Ottele
42,422643,Djenahro Nunumete
