,ID,Name
0,403495,Melih Ibrahimoglu
1,147910,Lucas Schoofs
2,367743,Noah Fadiga
3,401096,Mateo Les
4,227870,Nikolai Laursen
5,104885,Janis Blaswich
6,394980,Marco Rente
7,379731,Orestis Kiomourtzoglou
8,296650,Ismail Azzaoui
9,231133,Alessandro Damen
10,138398,Bilal Basacikoglu
11,140505,Rai Vloet
12,355134,Kaj Sierhuis
13,369095,Koen Bucker
14,369553,Mats Knoester
15,379686,Ruben Roosken
16,136302,Sinan Bakis
17,322406,Luca de la Torre
18,379728,Navajo Bakboord
19,379729,Adrián Szoke
20,361875,Delano Burgzorg
21,393081,Giacomo Quagliata
22,400497,Elias Sierra-Cappelleti
23,343390,Jorn Brondeel
24,334977,Elton Kabangu
25,323531,Mats Köhlert
26,346731,Kwasi Okyere Wriedt
27,365389,John Yeboah
28,121821,Timon Wellenreuther
29,279751,Görkem Saglam
30,400010,Derrick Köhn
31,81475,Miquel Nelom
32,361791,Driess Saddiki
33,322083,Leeroy Owusu
34,379600,Connor van den Berg
35,321954,Ulrik Jenssen
36,109581,Pol Llonch
37,312913,Emil Bergström
38,319990,Max Svensson
39,379599,Ché Nunnely
40,400014,Vincent Schippers
41,409292,Nikolaos Michelis
42,425104,Anargyros Kampetsis
43,425569,Ringo Meerveld
