,ID,Name
0,83809,Nicolás Tagliafico
1,340105,Lisandro Martínez
2,326505,David Neres
3,364315,Antony
4,400166,Mohammed Kudus
5,322696,Edson Álvarez
6,349932,Noussair Mazraoui
7,83337,Zakaria Labyad
8,34550,Remko Pasveer
9,70033,Daley Blind
10,89794,Steven Berghuis
11,108860,Davy Klaassen
12,362732,Perr Schuurs
13,363884,Ryan Gravenberch
14,401122,Kenneth Taylor
15,422802,Jay Gorter
16,388650,Jurriën Timber
17,29474,Dusan Tadic
18,383798,Mohamed Daramy
19,236544,Sébastien Haller
20,367522,Danilo
21,400165,Devyne Rensch
22,423955,Charlie Setford
23,362459,Othmane Boussaid
24,373556,Arthur Zagre
25,344041,Moussa Sylla
26,302724,Eric Oelschlägel
27,256971,Hidde ter Avest
28,261082,Bart Ramselaar
29,22842,Willem Janssen
30,39726,Mark van der Maarel
31,89575,Adam Maher
32,101605,Mike van der Hoorn
33,110360,Sander van de Streek
34,123556,Joris van Overeem
35,229520,Django Warmerdam
36,238997,Mimoun Mahi
37,329675,Maarten Paes
38,393412,Remco Balk
39,411078,Quinten Timber
40,249686,Adrián Dalmau
41,400823,Davy van den Berg
42,409052,Benaissa Benamar
43,382581,Fabian de Keijzer
44,422873,Anastasios Douvikas
