,ID,Name
0,303779,Maximiliano Romero
1,124021,Philipp Mwene
2,346767,Mauro Júnior
3,363077,Carlos Vinícius
4,98101,André Ramalho
5,260809,Olivier Boscagli
6,142466,Philipp Max
7,80382,Mario Götze
8,44096,Eran Zahavi
9,343435,Ritsu Doan
10,137460,Erick Gutiérrez
11,352825,Cody Gakpo
12,361839,Jordan Teze
13,275012,Joël Drommel
14,345333,Armando Obispo
15,85470,Marco van Ginkel
16,137327,Ryan Thomas
17,117980,Bruma
18,103542,Yvon Mvogo
19,328075,Ibrahim Sangaré
20,400273,Maxime Delanghe
21,408059,Yorbe Vertessen
22,96615,Benjamin van Leer
23,124105,Michael Heylen
24,225522,Mario Engels
25,84195,Lennart Thy
26,366549,Giannis Masouras
27,108153,Laurent Jans
28,25037,Adil Auassar
29,44145,Bart Vriends
30,77706,Bryan Smeets
31,120675,Tim Coremans
32,379741,Dirk Abels
33,383560,Sven Mijnans
34,289016,Mohammed Osman
35,343314,Vito van Crooij
36,363875,Kenzo Goudmijn
37,400163,Emanuel Emegha
38,411278,Jeremy Van Mullem
39,422875,Gaultiér Overman
40,392339,Maduka Okoye
