,ID,Name
0,83809,Nicolás Tagliafico
1,340105,Lisandro Martínez
2,364315,Antony
3,326505,David Neres
4,260843,André Onana
5,400166,Mohammed Kudus
6,322696,Edson Álvarez
7,83337,Zakaria Labyad
8,349932,Noussair Mazraoui
9,362732,Perr Schuurs
10,363884,Ryan Gravenberch
11,34550,Remko Pasveer
12,70033,Daley Blind
13,108860,Davy Klaassen
14,401122,Kenneth Taylor
15,422802,Jay Gorter
16,388650,Jurriën Timber
17,29474,Dusan Tadic
18,383798,Mohamed Daramy
19,236544,Sébastien Haller
20,367522,Danilo
21,400165,Devyne Rensch
22,422636,Philippe Rommens
23,288859,Gerrit Nauber
24,367779,Giannis-Foivos Botos
25,115650,Warner Hahn
26,134722,Bas Kuipers
27,252239,Andries Noppert
28,276442,Joris Kramer
29,331931,Justin Bakker
30,348647,Boyd Lucassen
31,357807,Martijn Berden
32,422633,Mats Deijl
33,422635,Ragnar Oratmangoen
34,422641,Quiermo Dumay
35,422637,Jay Idzes
36,344201,Iñigo Córdoba
37,331255,Marc Cardona
38,284451,Isac Lidberg
39,12887,Jacob Mulenga
40,422639,Yacine Bourhane
41,422640,Job Schuurman
42,422634,Luuk Brouwers
