,ID,Name
0,328330,Marcos Senesi
1,384574,Gernot Trauner
2,244805,Cyriel Dessers
3,361879,Luis Sinisterra
4,133390,Alireza Jahanbakhsh
5,136068,Ofir Marciano
6,373113,Naoufal Bannis
7,43004,Bryan Linssen
8,82401,Jens Toornstra
9,115863,Mark Diemers
10,302709,Justin Bijlow
11,404937,Thijs Jansen
12,422909,Ramon Hendriks
13,345303,Tyrell Malacia
14,345441,Lutsharel Geertruida
15,322148,Guus Til
16,357133,Marcus Pedersen
17,303544,Fredrik Aursnes
18,142352,João Teixeira
19,355870,Orkun Kökcü
20,342564,Reiss Nelson
21,377279,Peter Vindahl-Jensen
22,330514,Vangelis Pavlidis
23,300755,Pantelis Hatzidiakos
24,289252,Albert Gudmundsson
25,379783,Yukinari Sugawara
26,353695,Dani de Wit
27,328550,Owen Wijndal
28,90802,Jordy Clasie
29,90810,Bruno Martins Indi
30,90834,Hobie Verhulst
31,116641,Timo Letschert
32,400978,Beau Reus
33,408102,Peer Koopmeiners
34,422737,Ernest Poku
35,373340,Zakaria Aboukhlal
36,80137,Fredrik Midtsjø
37,355183,Aslak Fonn Witry
38,356742,Håkon Evjen
39,379784,Mohamed Taabouni
40,343382,Tijjani Reijnders
41,320614,Jesper Karlsson
42,422739,Sam Beukema
43,409747,Jelle Duin
