,ID,Name
0,361880,Oussama Darfalou
1,345558,Tomas Hajek
2,319922,Jacob Rasmussen
3,384141,Romaric Yapi
4,226599,Maximilian Wittek
5,285933,Markus Schubert
6,130917,Eli Dasa
7,133959,Riechedly Bazoer
8,141965,Jeroen Houwen
9,289343,Eric Verstappen
10,303076,Danilho Doekhi
11,352844,Thomas Buitink
12,401021,Enzo Cornelisse
13,112719,Sondre Tronstad
14,318295,Matús Bero
15,401731,Julian von Moos
16,363704,Toni Domgjoni
17,361815,Yann Gboho
18,363618,Loïs Openda
19,380663,Patrick Vroegh
20,392344,Nikolai Baden Frederiksen
21,400282,Daan Huisman
22,409126,Alois Dominik Oroz
23,362459,Othmane Boussaid
24,373556,Arthur Zagre
25,344041,Moussa Sylla
26,302724,Eric Oelschlägel
27,329675,Maarten Paes
28,357396,Mohamed Mallahi
29,393412,Remco Balk
30,22842,Willem Janssen
31,89575,Adam Maher
32,110360,Sander van de Streek
33,123556,Joris van Overeem
34,229520,Django Warmerdam
35,238997,Mimoun Mahi
36,256971,Hidde ter Avest
37,261082,Bart Ramselaar
38,411078,Quinten Timber
39,249686,Adrián Dalmau
40,400823,Davy van den Berg
41,409052,Benaissa Benamar
42,382581,Fabian de Keijzer
43,422873,Anastasios Douvikas
44,427851,Rick Meissen
