,ID,Name
0,110500,Felix Dornebusch
1,294844,Arianit Ferati
2,379697,Ryan Johansson
3,422779,Stijn Hogervorst
4,409128,Nigel Lonwijk
5,328549,Deroy Duarte
6,361694,Zian Flemming
7,366228,Richie Musaba
8,243708,Yanick van Osch
9,90830,Ben Rienstra
10,104982,Mats Seuntjens
11,334533,Emil Hansson
12,70598,Ivo Pinto
13,320513,Tesfaldet Tekie
14,122291,Martin Angha
15,380695,Bassala Sambou
16,383604,George Cox
17,422780,Toshio Lake
18,423863,Tijanni Noslin
19,422778,Samy Baghdadi
20,368266,Tom Hendriks
21,303779,Maximiliano Romero
22,124021,Philipp Mwene
23,98101,André Ramalho
24,346767,Mauro Júnior
25,363077,Carlos Vinícius
26,260809,Olivier Boscagli
27,142466,Philipp Max
28,80382,Mario Götze
29,44096,Eran Zahavi
30,343435,Ritsu Doan
31,137460,Erick Gutiérrez
32,275012,Joël Drommel
33,85470,Marco van Ginkel
34,361839,Jordan Teze
35,117980,Bruma
36,103542,Yvon Mvogo
37,328075,Ibrahim Sangaré
38,404776,Ismael Saibari
39,427824,Johan Bakayoko
