,ID,Name
0,367742,Cyril Ngonge
1,322591,Marin Sverko
2,33002,Bart van Hintum
3,77725,Michael de Leeuw
4,133960,Peter Leeuwenburgh
5,137368,Damil Dankerlui
6,255970,Wessel Dammers
7,298493,Patrick Joosten
8,321871,Mohamed El Hankouri
9,371293,Jan de Boer
10,379742,Laros Duarte
11,381718,Romano Postema
12,364306,Daniël van Kaam
13,333048,Jørgen Strand Larsen
14,335919,Daleho Irandust
15,343438,Jan Hoekstra
16,391047,Tomás Suslov
17,406537,Paulos Abraham
18,412907,Neraysho Kasanwirjo
19,415775,Bjorn Meijer
20,425112,Yahya Kalley
21,285814,Jens Teunckens
22,379713,Lennerd Daneels
23,383972,Sebbe Augustijns
24,399608,Ahmed Touba
25,379712,Saïd Bakari
26,362553,Jens Odgaard
27,386605,Ayman Azhil
28,368289,Issam El Maach
29,379705,Etienne Vaessen
30,379706,Juriën Gaari
31,379707,Melle Meulensteen
32,389411,Yassin Oukili
33,365160,Lars Nieuwpoort
34,322159,Finn Stokkers
35,23373,Hans Mulder
36,38147,Alexander Büttner
37,40342,Michiel Kramer
38,63885,Vurnon Anita
39,400276,Luuk Wouters
40,400278,Thierry Lutonda
41,400545,Shawn Adewoye
