,ID,Name
0,377279,Peter Vindahl-Jensen
1,300755,Pantelis Chatzidiakos
2,330514,Vangelis Pavlidis
3,289252,Albert Gudmundsson
4,379783,Yukinari Sugawara
5,422737,Ernest Poku
6,90802,Jordy Clasie
7,90810,Bruno Martins Indi
8,90834,Hobie Verhulst
9,353695,Dani de Wit
10,328550,Owen Wijndal
11,373340,Zakaria Aboukhlal
12,400978,Beau Reus
13,405003,Thijs Oosting
14,408102,Peer Koopmeiners
15,355183,Aslak Fonn Witry
16,80137,Fredrik Midtsjø
17,422739,Sam Beukema
18,379784,Mohamed Taabouni
19,343382,Tijjani Reijnders
20,320614,Jesper Karlsson
21,356742,Håkon Evjen
22,409747,Jelle Duin
23,124021,Philipp Mwene
24,98101,André Ramalho
25,346767,Mauro Júnior
26,260809,Olivier Boscagli
27,80382,Mario Götze
28,142466,Philipp Max
29,44096,Eran Zahavi
30,343435,Ritsu Doan
31,137460,Erick Gutiérrez
32,345333,Armando Obispo
33,275012,Joël Drommel
34,85470,Marco van Ginkel
35,352825,Cody Gakpo
36,361839,Jordan Teze
37,117980,Bruma
38,103542,Yvon Mvogo
39,389935,Noni Madueke
40,402876,Vincent Müller
41,408059,Yorbe Vertessen
