,ID,Name
0,132420,Rico Strieder
1,68850,Kostas Lamprou
2,369545,Yuta Nakayama
3,422867,Mees de Wit
4,380731,Sam Kersten
5,382170,Daishawn Redan
6,393338,Chardi Landu
7,34108,Bram van Polen
8,365152,Eliano Reijnders
9,231106,Kenneth Paal
10,317693,Mike Hauptmeijer
11,361695,Thomas van den Belt
12,425087,Elikia Mbinga
13,362467,Jasper Schendelaar
14,119109,Gervane Kastaneer
15,399960,Siemen Voet
16,402068,Slobodan Tedic
17,404099,Samir Lagsir
18,391232,Mark Pabai
19,326505,David Neres
20,364315,Antony
21,403644,Victor Jensen
22,322696,Edson Álvarez
23,83337,Zakaria Labyad
24,349932,Noussair Mazraoui
25,362732,Perr Schuurs
26,363884,Ryan Gravenberch
27,388650,Jurriën Timber
28,89794,Steven Berghuis
29,34550,Remko Pasveer
30,70033,Daley Blind
31,411079,Calvin Raatsie
32,401122,Kenneth Taylor
33,29474,Dusan Tadic
34,383798,Mohammed Daramy
35,236544,Sébastien Haller
36,400165,Devyne Rensch
37,367522,Danilo
38,422801,Youri Baas
39,423955,Charlie Setford
