,ID,Name
0,33841,Daniel Vukovic
1,422808,Jonathan Okita
2,396058,Rodrigo Guth
3,422807,Magnus Mattsson
4,22300,Lasse Schöne
5,296536,Mikkel Duelund
6,422806,Dirk Proper
7,299511,Jordy Bruijn
8,97367,Mattijs Branderhorst
9,132973,Javier Vet
10,271086,Calvin Verdonk
11,422804,Bart van Rooij
12,422809,Ilias Bronkhorst
13,422810,Elayis Tavsan
14,10705,Edgar Barreto
15,279967,Iván Márquez
16,364281,Ali Akman
17,422811,Thomas Beekman
18,422813,Joep van der Sluijs
19,422814,Robin Roefs
20,422805,Souffian El Karouani
21,402852,Ole Romeny
22,422803,Cas Odenthal
23,343390,Jorn Brondeel
24,334977,Elton Kabangu
25,279751,Görkem Saglam
26,323531,Mats Köhlert
27,365389,John Yeboah
28,346731,Kwasi Okyere Wriedt
29,400010,Derrick Köhn
30,379600,Connor van den Berg
31,357080,Godfried Roemeratoe
32,361791,Driess Saddiki
33,322083,Leeroy Owusu
34,66462,Freek Heerkens
35,321954,Ulrik Jenssen
36,109581,Pol Llonch
37,312913,Emil Bergström
38,319990,Max Svensson
39,379599,Ché Nunnely
40,400014,Vincent Schippers
41,409292,Nikolaos Michelis
42,425104,Anargyros Kampetsis
