,ID,Name
0,367742,Cyril Ngonge
1,322591,Marin Sverko
2,364306,Daniël van Kaam
3,33002,Bart van Hintum
4,77725,Michael de Leeuw
5,91123,Mike te Wierik
6,133960,Peter Leeuwenburgh
7,137368,Damil Dankerlui
8,298493,Patrick Joosten
9,321871,Mohamed El Hankouri
10,371293,Jan de Boer
11,379742,Laros Duarte
12,381718,Romano Postema
13,335919,Daleho Irandust
14,391047,Tomás Suslov
15,406537,Paulos Abraham
16,412907,Neraysho Kasanwirjo
17,415775,Bjorn Meijer
18,425112,Yahya Kalley
19,343438,Jan Hoekstra
20,404764,Tibor Halilovic
21,404110,Nicolas Madsen
22,379595,Xavier Mous
23,379734,Hamdi Akujobi
24,379760,Milan van Ewijk
25,382556,Joey Veerman
26,369119,Arjen van der Heide
27,32196,Siem de Jong
28,34171,Erwin Mulder
29,121666,Nick Bakker
30,124274,Sven van Beek
31,136066,Lucas Woudenberg
32,261017,Henk Veerman
33,296543,Jan Bekkema
34,383865,Filip Stevanovic
35,399618,Benjamin Nygren
36,371073,Rami Hajal
37,321192,Ibrahim Dresevic
38,379733,Jan Ras
39,406783,Stanislav Shopov
40,409160,Syb van Ottele
41,422643,Djenahro Nunumete
