,ID,Name
0,399608,Ahmed Touba
1,255946,Dario Van den Buijs
2,285814,Jens Teunckens
3,379713,Lennerd Daneels
4,383972,Sebbe Augustijns
5,379712,Saïd Bakari
6,362553,Jens Odgaard
7,386605,Ayman Azhil
8,368289,Issam El Maach
9,379705,Etienne Vaessen
10,379706,Juriën Gaari
11,379707,Melle Meulensteen
12,389411,Yassin Oukili
13,391284,Richard van der Venne
14,365160,Lars Nieuwpoort
15,322159,Finn Stokkers
16,38147,Alexander Büttner
17,40342,Michiel Kramer
18,63885,Vurnon Anita
19,136263,Iliass Bel Hassani
20,400278,Thierry Lutonda
21,400545,Shawn Adewoye
22,384253,Achraf El Bouchataoui
23,361880,Oussama Darfalou
24,345558,Tomas Hajek
25,319922,Jacob Rasmussen
26,384141,Romaric Yapi
27,226599,Maximilian Wittek
28,285933,Markus Schubert
29,130917,Eli Dasa
30,115869,Oussama Tannane
31,352844,Thomas Buitink
32,133959,Riechedly Bazoer
33,141965,Jeroen Houwen
34,303076,Danilho Doekhi
35,401021,Enzo Cornelisse
36,112719,Sondre Tronstad
37,363704,Toni Domgjoni
38,401731,Julian von Moos
39,361815,Yann Gboho
40,380663,Patrick Vroegh
41,363618,Loïs Openda
42,422868,Nigel van Haveren
43,392344,Nikolai Baden Frederiksen
44,400282,Daan Huisman
