,ID,Name
0,96615,Benjamin van Leer
1,124105,Michael Heylen
2,225522,Mario Engels
3,84195,Lennart Thy
4,366549,Giannis Masouras
5,108153,Laurent Jans
6,25037,Adil Auassar
7,31238,Aaron Meijers
8,44145,Bart Vriends
9,77706,Bryan Smeets
10,120675,Tim Coremans
11,90636,Tom Beugelsdijk
12,379741,Dirk Abels
13,383560,Sven Mijnans
14,289016,Mohammed Osman
15,343314,Vito van Crooij
16,363875,Kenzo Goudmijn
17,400163,Emanuel Emegha
18,322776,Mica Pinto
19,425114,Mohammed Tahiri
20,392339,Maduka Okoye
21,391257,Mickael Tirpan
22,110500,Felix Dornebusch
23,379697,Ryan Johansson
24,361694,Zian Flemming
25,243708,Yanick van Osch
26,281508,Roel Janssen
27,328549,Deroy Duarte
28,90830,Ben Rienstra
29,104982,Mats Seuntjens
30,409128,Nigel Lonwijk
31,415194,Ronan Pluijmen
32,422779,Stijn Hogervorst
33,334533,Emil Hansson
34,70598,Ivo Pinto
35,320513,Tesfaldet Tekie
36,122291,Martin Angha
37,380695,Bassala Sambou
38,383604,George Cox
39,368266,Tom Hendriks
40,422780,Toshio Lake
41,423863,Tijanni Noslin
42,422778,Samy Baghdadi
