,ID,Name
0,379713,Lennerd Daneels
1,383972,Sebbe Augustijns
2,399608,Ahmed Touba
3,379712,Saïd Bakari
4,362553,Jens Odgaard
5,386605,Ayman Azhil
6,368289,Issam El Maach
7,379705,Etienne Vaessen
8,379706,Juriën Gaari
9,379707,Melle Meulensteen
10,23373,Hans Mulder
11,38147,Alexander Büttner
12,40342,Michiel Kramer
13,136263,Iliass Bel Hassani
14,389411,Yassin Oukili
15,391284,Richard van der Venne
16,365160,Lars Nieuwpoort
17,322159,Finn Stokkers
18,312584,Joel Pereira
19,384253,Achraf El Bouchataoui
20,400278,Thierry Lutonda
21,400545,Shawn Adewoye
22,300755,Pantelis Chatzidiakos
23,330514,Vangelis Pavlidis
24,289252,Albert Gudmundsson
25,379783,Yukinari Sugawara
26,400978,Beau Reus
27,404191,Maxim Gullit
28,405003,Thijs Oosting
29,408102,Peer Koopmeiners
30,90802,Jordy Clasie
31,90810,Bruno Martins Indi
32,90834,Hobie Verhulst
33,116641,Timo Letschert
34,343308,Teun Koopmeiners
35,353695,Dani de Wit
36,373340,Zakaria Aboukhlal
37,355183,Aslak Fonn Witry
38,80137,Fredrik Midtsjø
39,422737,Ernest Poku
40,422738,Sem Westerveld
41,422739,Sam Beukema
42,356742,Håkon Evjen
43,343382,Tijjani Reijnders
44,320614,Jesper Karlsson
