,ID,Name
0,90365,Lisandro Magallán
1,340105,Lisandro Martínez
2,326505,David Neres
3,403644,Victor Jensen
4,322696,Edson Álvarez
5,349932,Noussair Mazraoui
6,83337,Zakaria Labyad
7,89794,Steven Berghuis
8,108860,Davy Klaassen
9,4065,Maarten Stekelenburg
10,34550,Remko Pasveer
11,70033,Daley Blind
12,355963,Jurgen Ekkelenkamp
13,363884,Ryan Gravenberch
14,388650,Jurriën Timber
15,29474,Dusan Tadic
16,236544,Sébastien Haller
17,400165,Devyne Rensch
18,422800,Ar'jany Martha
19,422801,Youri Baas
20,422802,Jay Gorter
21,33841,Daniel Vukovic
22,396058,Rodrigo Guth
23,22300,Lasse Schöne
24,296536,Mikkel Duelund
25,97367,Mattijs Branderhorst
26,132973,Javier Vet
27,299511,Jordy Bruijn
28,10705,Edgar Barreto
29,279967,Iván Márquez
30,364281,Ali Akman
31,402852,Ole Romeny
32,422803,Cas Odenthal
33,422804,Bart van Rooij
34,422805,Souffian El Karouani
35,422806,Dirk Proper
36,422807,Magnus Mattsson
37,422808,Jonathan Okita
38,422809,Ilias Bronkhorst
39,422810,Elayis Tavsan
40,422811,Thomas Beekman
41,422812,Kevin Bukusu
42,422813,Joep van der Sluijs
43,422814,Robin Roefs
