,ID,Name
0,132420,Rico Strieder
1,68850,Kostas Lamprou
2,97101,Mustafa Saymak
3,365152,Eliano Reijnders
4,231106,Kenneth Paal
5,279173,Pelle Clement
6,317693,Mike Hauptmeijer
7,361695,Thomas van den Belt
8,393338,Chardi Landu
9,380731,Sam Kersten
10,34108,Bram van Polen
11,391232,Mark Pabai
12,399960,Siemen Voet
13,402068,Slobodan Tedic
14,404099,Samir Lagsir
15,404370,Rav van den Berg
16,422867,Mees de Wit
17,362467,Jasper Schendelaar
18,379596,Dean Huiberts
19,119109,Gervane Kastaneer
20,361880,Oussama Darfalou
21,345558,Tomas Hajek
22,384141,Romaric Yapi
23,226599,Maximilian Wittek
24,285933,Markus Schubert
25,130917,Eli Dasa
26,133959,Riechedly Bazoer
27,141965,Jeroen Houwen
28,352844,Thomas Buitink
29,401021,Enzo Cornelisse
30,112719,Sondre Tronstad
31,318295,Matús Bero
32,401731,Julian von Moos
33,363704,Toni Domgjoni
34,361815,Yann Gboho
35,363618,Loïs Openda
36,409126,Alois Dominik Oroz
37,422868,Nigel van Haveren
38,392344,Nikolai Baden Frederiksen
39,400281,Million Manhoef
40,400282,Daan Huisman
41,380663,Patrick Vroegh
