,ID,Name
0,240976,David Sambissa
1,259530,Robin Maulun
2,298844,Sam Hendriks
3,343393,Tom Boere
4,349777,Michael Breij
5,77699,Calvin Mac-Intosch
6,89573,Erik Schouten
7,90564,Sonny Stevens
8,105316,Doke Schmidt
9,108655,Mitchel Paulissen
10,238998,Issa Kallon
11,361897,Jamie Jacobs
12,422857,Alex Bangura
13,422858,Nick Doodeman
14,422859,Jhondly van der Meer
15,422860,Stefan Deuling
16,422861,Marco Tol
17,422862,Brett Minnema
18,422863,Pieter Bos
19,351532,Mees Hoedemakers
20,367742,Cyril Ngonge
21,322591,Marin Sverko
22,141265,Ahmed El Messaoudi
23,255970,Wessel Dammers
24,298493,Patrick Joosten
25,321871,Mohamed El Hankouri
26,33002,Bart van Hintum
27,77725,Michael de Leeuw
28,91123,Mike te Wierik
29,133960,Peter Leeuwenburgh
30,137368,Damil Dankerlui
31,371293,Jan de Boer
32,381718,Romano Postema
33,355960,Azor Matusiwa
34,364306,Daniël van Kaam
35,333048,Jørgen Strand Larsen
36,330549,Gabriel Gudmundsson
37,343438,Jan Hoekstra
38,391047,Tomás Suslov
39,412907,Neraysho Kasanwirjo
40,415775,Bjorn Meijer
