,ID,Name
0,404764,Tibor Halilovic
1,404110,Nicolas Madsen
2,400143,Anthony Musaba
3,379734,Hamdi Akujobi
4,379760,Milan van Ewijk
5,382556,Joey Veerman
6,32196,Siem de Jong
7,121666,Nick Bakker
8,124274,Sven van Beek
9,261017,Henk Veerman
10,296543,Jan Bekkema
11,342814,Rodney Kongolo
12,369119,Arjen van der Heide
13,379595,Xavier Mous
14,371073,Rami Al Hajj
15,321193,Rami Kaib
16,399618,Benjamin Nygren
17,400007,Jaimy Kroesen
18,409160,Syb van Ottele
19,422643,Djenahro Nunumete
20,379733,Jan Ras
21,340105,Lisandro Martínez
22,326505,David Neres
23,403644,Victor Jensen
24,400166,Mohammed Kudus
25,349932,Noussair Mazraoui
26,83337,Zakaria Labyad
27,89794,Steven Berghuis
28,108860,Davy Klaassen
29,34550,Remko Pasveer
30,70033,Daley Blind
31,362732,Perr Schuurs
32,363884,Ryan Gravenberch
33,401122,Kenneth Taylor
34,388650,Jurriën Timber
35,422802,Jay Gorter
36,29474,Dusan Tadic
37,383798,Mohamed Daramy
38,236544,Sébastien Haller
39,400165,Devyne Rensch
40,367522,Danilo
41,423955,Charlie Setford
42,422801,Youri Baas
