,ID,Name
0,422636,Philippe Rommens
1,408818,Ogechika Heil
2,367779,Giannis-Foivos Botos
3,422635,Ragnar Oratmangoen
4,422641,Quiermo Dumay
5,348647,Boyd Lucassen
6,422633,Mats Deijl
7,422637,Jay Idzes
8,115650,Warner Hahn
9,134722,Bas Kuipers
10,252239,Andries Noppert
11,276442,Joris Kramer
12,331931,Justin Bakker
13,344201,Iñigo Córdoba
14,331255,Marc Cardona
15,284451,Isac Lidberg
16,12887,Jacob Mulenga
17,422639,Yacine Bourhane
18,422640,Job Schuurman
19,422634,Luuk Brouwers
20,403495,Melih Ibrahimoglu
21,147910,Lucas Schoofs
22,367743,Noah Fadiga
23,377444,Mohamed Amissi
24,401096,Mateo Les
25,227870,Nikolai Laursen
26,104885,Janis Blaswich
27,394980,Marco Rente
28,379731,Orestis Kiomourtzoglou
29,379686,Ruben Roosken
30,369095,Koen Bucker
31,369553,Mats Knoester
32,138398,Bilal Basacikoglu
33,140505,Rai Vloet
34,231133,Alessandro Damen
35,355134,Kaj Sierhuis
36,136302,Sinan Bakis
37,361875,Delano Burgzorg
38,379728,Navajo Bakboord
39,393081,Giacomo Quagliata
40,400497,Elias Sierra-Cappelleti
41,422763,Sven Sonnenberg
