,ID,Name
0,328330,Marcos Senesi
1,384574,Gernot Trauner
2,244805,Cyriel Dessers
3,133390,Alireza Jahanbakhsh
4,136068,Ofir Marciano
5,373113,Naoufal Bannis
6,43004,Bryan Linssen
7,82401,Jens Toornstra
8,302709,Justin Bijlow
9,404937,Thijs Jansen
10,422909,Ramon Hendriks
11,345303,Tyrell Malacia
12,345441,Lutsharel Geertruida
13,322148,Guus Til
14,357133,Marcus Pedersen
15,303544,Fredrik Aursnes
16,142352,João Teixeira
17,355870,Orkun Kökcü
18,342564,Reiss Nelson
19,255946,Dario Van den Buijs
20,285814,Jens Teunckens
21,379713,Lennerd Daneels
22,383972,Sebbe Augustijns
23,399608,Ahmed Touba
24,379712,Saïd Bakari
25,362553,Jens Odgaard
26,368289,Issam El Maach
27,386605,Ayman Azhil
28,389411,Yassin Oukili
29,379705,Etienne Vaessen
30,379706,Juriën Gaari
31,379707,Melle Meulensteen
32,365160,Lars Nieuwpoort
33,322159,Finn Stokkers
34,23373,Hans Mulder
35,40342,Michiel Kramer
36,63885,Vurnon Anita
37,136263,Iliass Bel Hassani
38,384253,Achraf El Bouchataoui
39,400276,Luuk Wouters
40,400278,Thierry Lutonda
41,400545,Shawn Adewoye
