,ID,Name
0,391257,Mickael Tirpan
1,110500,Felix Dornebusch
2,294844,Arianit Ferati
3,379697,Ryan Johansson
4,409128,Nigel Lonwijk
5,328549,Deroy Duarte
6,361694,Zian Flemming
7,366228,Richie Musaba
8,243708,Yanick van Osch
9,90830,Ben Rienstra
10,104982,Mats Seuntjens
11,422779,Stijn Hogervorst
12,334533,Emil Hansson
13,70598,Ivo Pinto
14,320513,Tesfaldet Tekie
15,122291,Martin Angha
16,380695,Bassala Sambou
17,383604,George Cox
18,422778,Samy Baghdadi
19,422780,Toshio Lake
20,423863,Tijanni Noslin
21,425412,Yigit Celtik
22,425413,Ruben van Kouwen
23,399311,Filip Krastev
24,240976,David Sambissa
25,259530,Robin Maulun
26,412208,Tamás Kiss
27,346507,Roberts Uldrikis
28,349777,Michael Breij
29,404191,Maxim Gullit
30,298844,Sam Hendriks
31,343393,Tom Boere
32,77699,Calvin Mac-Intosch
33,89573,Erik Schouten
34,90564,Sonny Stevens
35,105316,Doke Schmidt
36,108655,Mitchel Paulissen
37,238998,Issa Kallon
38,422858,Nick Doodeman
39,361897,Jamie Jacobs
40,422861,Marco Tol
41,422862,Brett Minnema
42,422863,Pieter Bos
43,351532,Mees Hoedemakers
44,425440,Jasper ter Heide
45,422859,Jhondly van der Meer
