,ID,Name
0,124021,Philipp Mwene
1,98101,André Ramalho
2,363077,Carlos Vinícius
3,346767,Mauro Júnior
4,260809,Olivier Boscagli
5,142466,Philipp Max
6,80382,Mario Götze
7,44096,Eran Zahavi
8,137460,Erick Gutiérrez
9,77429,Davy Pröpper
10,85470,Marco van Ginkel
11,275012,Joël Drommel
12,345333,Armando Obispo
13,352825,Cody Gakpo
14,361839,Jordan Teze
15,117980,Bruma
16,103542,Yvon Mvogo
17,389935,Noni Madueke
18,328075,Ibrahim Sangaré
19,402876,Vincent Müller
20,408059,Yorbe Vertessen
21,132420,Rico Strieder
22,68850,Kostas Lamprou
23,369545,Yuta Nakayama
24,365152,Eliano Reijnders
25,97101,Mustafa Saymak
26,361695,Thomas van den Belt
27,231106,Kenneth Paal
28,317693,Mike Hauptmeijer
29,34108,Bram van Polen
30,36974,Ryan Koolwijk
31,380731,Sam Kersten
32,382170,Daishawn Redan
33,389942,Leandro Fernandes
34,422867,Mees de Wit
35,345544,Luka Adzic
36,362467,Jasper Schendelaar
37,119109,Gervane Kastaneer
38,379596,Dean Huiberts
39,391232,Mark Pabai
40,399960,Siemen Voet
41,402068,Slobodan Tedic
