,ID,Name
0,124105,Michael Heylen
1,96615,Benjamin van Leer
2,225522,Mario Engels
3,84195,Lennart Thy
4,366549,Giannis Masouras
5,108153,Laurent Jans
6,25037,Adil Auassar
7,44145,Bart Vriends
8,77706,Bryan Smeets
9,90636,Tom Beugelsdijk
10,289016,Mohammed Osman
11,343314,Vito van Crooij
12,363875,Kenzo Goudmijn
13,120675,Tim Coremans
14,400163,Emanuel Emegha
15,379741,Dirk Abels
16,383560,Sven Mijnans
17,392339,Maduka Okoye
18,422874,Jafar Bynoe
19,425114,Mohammed Tahiri
20,367742,Cyril Ngonge
21,371293,Jan de Boer
22,379742,Laros Duarte
23,381718,Romano Postema
24,33002,Bart van Hintum
25,77725,Michael de Leeuw
26,133960,Peter Leeuwenburgh
27,137368,Damil Dankerlui
28,255970,Wessel Dammers
29,298493,Patrick Joosten
30,321871,Mohamed El Hankouri
31,364306,Daniël van Kaam
32,333048,Jørgen Strand Larsen
33,335919,Daleho Irandust
34,343438,Jan Hoekstra
35,391047,Tomás Suslov
36,406537,Paulos Abraham
37,412907,Neraysho Kasanwirjo
38,415775,Bjorn Meijer
39,425112,Yahya Kalley
