,ID,Name
0,377279,Peter Vindahl-Jensen
1,330514,Vangelis Pavlidis
2,300755,Pantelis Hatzidiakos
3,289252,Albert Gudmundsson
4,379783,Yukinari Sugawara
5,328550,Owen Wijndal
6,373340,Zakaria Aboukhlal
7,353695,Dani de Wit
8,90802,Jordy Clasie
9,90810,Bruno Martins Indi
10,90834,Hobie Verhulst
11,116641,Timo Letschert
12,400978,Beau Reus
13,405003,Thijs Oosting
14,408102,Peer Koopmeiners
15,80137,Fredrik Midtsjø
16,355183,Aslak Fonn Witry
17,409747,Jelle Duin
18,422739,Sam Beukema
19,356742,Håkon Evjen
20,343382,Tijjani Reijnders
21,379784,Mohamed Taabouni
22,320614,Jesper Karlsson
23,362459,Othmane Boussaid
24,373556,Arthur Zagre
25,344041,Moussa Sylla
26,302724,Eric Oelschlägel
27,329675,Maarten Paes
28,256971,Hidde ter Avest
29,261082,Bart Ramselaar
30,22842,Willem Janssen
31,39726,Mark van der Maarel
32,89575,Adam Maher
33,101605,Mike van der Hoorn
34,110360,Sander van de Streek
35,123556,Joris van Overeem
36,229520,Django Warmerdam
37,238997,Mimoun Mahi
38,411078,Quinten Timber
39,393412,Remco Balk
40,249686,Adrián Dalmau
41,400823,Davy van den Berg
42,409052,Benaissa Benamar
43,382581,Fabian de Keijzer
44,422873,Anastasios Douvikas
