,ID,Name
0,124105,Michael Heylen
1,96615,Benjamin van Leer
2,84195,Lennart Thy
3,225522,Mario Engels
4,366549,Giannis Masouras
5,108153,Laurent Jans
6,25037,Adil Auassar
7,31238,Aaron Meijers
8,44145,Bart Vriends
9,77706,Bryan Smeets
10,289016,Mohammed Osman
11,120675,Tim Coremans
12,343314,Vito van Crooij
13,363875,Kenzo Goudmijn
14,379741,Dirk Abels
15,383560,Sven Mijnans
16,400163,Emanuel Emegha
17,411278,Jeremy Van Mullem
18,322776,Mica Pinto
19,392339,Maduka Okoye
20,33841,Daniel Vukovic
21,422808,Jonathan Okita
22,396058,Rodrigo Guth
23,296536,Mikkel Duelund
24,422807,Magnus Mattsson
25,22300,Lasse Schöne
26,97367,Mattijs Branderhorst
27,132973,Javier Vet
28,271086,Calvin Verdonk
29,422806,Dirk Proper
30,422804,Bart van Rooij
31,299511,Jordy Bruijn
32,422809,Ilias Bronkhorst
33,422810,Elayis Tavsan
34,10705,Edgar Barreto
35,279967,Iván Márquez
36,364281,Ali Akman
37,402852,Ole Romeny
38,422803,Cas Odenthal
39,422805,Souffian El Karouani
40,422811,Thomas Beekman
41,422813,Joep van der Sluijs
42,422814,Robin Roefs
