,ID,Name
0,83809,Nicolás Tagliafico
1,340105,Lisandro Martínez
2,364315,Antony
3,326505,David Neres
4,400166,Mohammed Kudus
5,322696,Edson Álvarez
6,349932,Noussair Mazraoui
7,362732,Perr Schuurs
8,363884,Ryan Gravenberch
9,89794,Steven Berghuis
10,34550,Remko Pasveer
11,70033,Daley Blind
12,401122,Kenneth Taylor
13,422802,Jay Gorter
14,388650,Jurriën Timber
15,29474,Dusan Tadic
16,383798,Mohammed Daramy
17,236544,Sébastien Haller
18,367522,Danilo
19,423955,Charlie Setford
20,399311,Filip Krastev
21,240976,David Sambissa
22,259530,Robin Maulun
23,412208,Tamás Kiss
24,404191,Maxim Gullit
25,361897,Jamie Jacobs
26,298844,Sam Hendriks
27,343393,Tom Boere
28,349777,Michael Breij
29,77699,Calvin Mac-Intosch
30,90564,Sonny Stevens
31,105316,Doke Schmidt
32,108655,Mitchel Paulissen
33,238998,Issa Kallon
34,422861,Marco Tol
35,422862,Brett Minnema
36,422863,Pieter Bos
37,422858,Nick Doodeman
38,422857,Alex Bangura
39,351532,Mees Hoedemakers
40,422859,Jhondly van der Meer
41,425440,Jasper ter Heide
