,ID,Name
0,362459,Othmane Boussaid
1,344041,Moussa Sylla
2,373556,Arthur Zagre
3,302724,Eric Oelschlägel
4,329675,Maarten Paes
5,256971,Hidde ter Avest
6,261082,Bart Ramselaar
7,393412,Remco Balk
8,22842,Willem Janssen
9,39726,Mark van der Maarel
10,89575,Adam Maher
11,101605,Mike van der Hoorn
12,110360,Sander van de Streek
13,123556,Joris van Overeem
14,229520,Django Warmerdam
15,238997,Mimoun Mahi
16,249686,Adrián Dalmau
17,283351,Simon Gustafson
18,400823,Davy van den Berg
19,409052,Benaissa Benamar
20,422873,Anastasios Douvikas
21,382581,Fabian de Keijzer
22,255946,Dario Van den Buijs
23,285814,Jens Teunckens
24,379713,Lennerd Daneels
25,383972,Sebbe Augustijns
26,399608,Ahmed Touba
27,379712,Saïd Bakari
28,362553,Jens Odgaard
29,368289,Issam El Maach
30,386605,Ayman Azhil
31,389411,Yassin Oukili
32,391284,Richard van der Venne
33,379705,Etienne Vaessen
34,379706,Juriën Gaari
35,379707,Melle Meulensteen
36,365160,Lars Nieuwpoort
37,23373,Hans Mulder
38,38147,Alexander Büttner
39,40342,Michiel Kramer
40,63885,Vurnon Anita
41,136263,Iliass Bel Hassani
42,384253,Achraf El Bouchataoui
43,400278,Thierry Lutonda
44,400545,Shawn Adewoye
