,ID,Name
0,334977,Elton Kabangu
1,346731,Kwasi Okyere Wriedt
2,365389,John Yeboah
3,323531,Mats Köhlert
4,121821,Timon Wellenreuther
5,279751,Görkem Saglam
6,400010,Derrick Köhn
7,66462,Freek Heerkens
8,81475,Miquel Nelom
9,322083,Leeroy Owusu
10,379600,Connor van den Berg
11,357080,Godfried Roemeratoe
12,361791,Driess Saddiki
13,321954,Ulrik Jenssen
14,109581,Pol Llonch
15,312913,Emil Bergström
16,319990,Max Svensson
17,379599,Ché Nunnely
18,400014,Vincent Schippers
19,405831,Maarten Schut
20,409292,Nikolaos Michelis
21,425104,Anargyros Kampetsis
22,367742,Cyril Ngonge
23,364306,Daniël van Kaam
24,379742,Laros Duarte
25,381718,Romano Postema
26,33002,Bart van Hintum
27,77725,Michael de Leeuw
28,133960,Peter Leeuwenburgh
29,137368,Damil Dankerlui
30,298493,Patrick Joosten
31,321871,Mohamed El Hankouri
32,333048,Jørgen Strand Larsen
33,335919,Daleho Irandust
34,343438,Jan Hoekstra
35,391047,Tomás Suslov
36,406537,Paulos Abraham
37,412907,Neraysho Kasanwirjo
38,415775,Bjorn Meijer
39,425112,Yahya Kalley
40,425432,Owen van der Vlag
41,425433,Elias Olsson
