,ID,Name
0,303779,Maximiliano Romero
1,363077,Carlos Vinícius
2,346767,Mauro Júnior
3,98101,André Ramalho
4,260809,Olivier Boscagli
5,142466,Philipp Max
6,80382,Mario Götze
7,44096,Eran Zahavi
8,343435,Ritsu Doan
9,137460,Erick Gutiérrez
10,275012,Joël Drommel
11,345333,Armando Obispo
12,352825,Cody Gakpo
13,361839,Jordan Teze
14,77429,Davy Pröpper
15,85470,Marco van Ginkel
16,137327,Ryan Thomas
17,117980,Bruma
18,103542,Yvon Mvogo
19,389935,Noni Madueke
20,408059,Yorbe Vertessen
21,328330,Marcos Senesi
22,384574,Gernot Trauner
23,244805,Cyriel Dessers
24,361879,Luis Sinisterra
25,133390,Alireza Jahanbakhsh
26,136068,Ofir Marciano
27,302709,Justin Bijlow
28,43004,Bryan Linssen
29,82401,Jens Toornstra
30,373113,Naoufal Bannis
31,322148,Guus Til
32,345303,Tyrell Malacia
33,345441,Lutsharel Geertruida
34,387720,Denzel Hall
35,404937,Thijs Jansen
36,422909,Ramon Hendriks
37,357133,Marcus Pedersen
38,303544,Fredrik Aursnes
39,142352,João Teixeira
40,355870,Orkun Kökcü
41,422920,Lennard Hartjes
