,ID,Name
0,422636,Philippe Rommens
1,408818,Ogechika Heil
2,288859,Gerrit Nauber
3,367779,Giannis-Foivos Botos
4,422635,Ragnar Oratmangoen
5,331931,Justin Bakker
6,115650,Warner Hahn
7,134722,Bas Kuipers
8,252239,Andries Noppert
9,276442,Joris Kramer
10,422633,Mats Deijl
11,348647,Boyd Lucassen
12,357807,Martijn Berden
13,422637,Jay Idzes
14,344201,Iñigo Córdoba
15,331255,Marc Cardona
16,284451,Isac Lidberg
17,422639,Yacine Bourhane
18,422640,Job Schuurman
19,422642,Turan Tuzlacik
20,422634,Luuk Brouwers
21,132420,Rico Strieder
22,68850,Kostas Lamprou
23,369545,Yuta Nakayama
24,393338,Chardi Landu
25,34108,Bram van Polen
26,36974,Ryan Koolwijk
27,231106,Kenneth Paal
28,317693,Mike Hauptmeijer
29,361695,Thomas van den Belt
30,380731,Sam Kersten
31,382170,Daishawn Redan
32,365152,Eliano Reijnders
33,362467,Jasper Schendelaar
34,399960,Siemen Voet
35,402068,Slobodan Tedic
36,425087,Elikia Mbinga
37,379596,Dean Huiberts
38,119109,Gervane Kastaneer
39,391232,Mark Pabai
