,ID,Name
0,403495,Melih Ibrahimoglu
1,147910,Lucas Schoofs
2,367743,Noah Fadiga
3,377444,Mohamed Amissi
4,401096,Mateo Les
5,227870,Nikolai Laursen
6,104885,Janis Blaswich
7,394980,Marco Rente
8,379731,Orestis Kiomourtzoglou
9,296650,Ismail Azzaoui
10,355134,Kaj Sierhuis
11,138398,Bilal Basacikoglu
12,140505,Rai Vloet
13,231133,Alessandro Damen
14,369095,Koen Bucker
15,369553,Mats Knoester
16,379686,Ruben Roosken
17,322406,Lucas de la Torre
18,361875,Delano Burgzorg
19,379728,Navajo Bakboord
20,379729,Adrián Szoke
21,393081,Giacomo Quagliata
22,400497,Elias Sierra-Cappelleti
23,377279,Peter Vindahl-Jensen
24,300755,Pantelis Chatzidiakos
25,330514,Vangelis Pavlidis
26,289252,Albert Gudmundsson
27,379783,Yukinari Sugawara
28,353695,Dani de Wit
29,90802,Jordy Clasie
30,90810,Bruno Martins Indi
31,90834,Hobie Verhulst
32,116641,Timo Letschert
33,328550,Owen Wijndal
34,373340,Zakaria Aboukhlal
35,405003,Thijs Oosting
36,408102,Peer Koopmeiners
37,422737,Ernest Poku
38,80137,Fredrik Midtsjø
39,355183,Aslak Fonn Witry
40,356742,Håkon Evjen
41,343382,Tijjani Reijnders
42,320614,Jesper Karlsson
43,422739,Sam Beukema
44,409747,Jelle Duin
45,379784,Mohamed Taabouni
