,ID,Name
0,96615,Benjamin van Leer
1,124105,Michael Heylen
2,225522,Mario Engels
3,84195,Lennart Thy
4,366549,Giannis Masouras
5,108153,Laurent Jans
6,25037,Adil Auassar
7,31238,Aaron Meijers
8,44145,Bart Vriends
9,77706,Bryan Smeets
10,120675,Tim Coremans
11,90636,Tom Beugelsdijk
12,379741,Dirk Abels
13,383560,Sven Mijnans
14,289016,Mohammed Osman
15,400163,Emanuel Emegha
16,411278,Jeremy Van Mullem
17,343314,Vito van Crooij
18,363875,Kenzo Goudmijn
19,322776,Mica Pinto
20,392339,Maduka Okoye
21,302644,Dario Dumic
22,361838,Michal Sadílek
23,291964,Vaclav Cerny
24,90235,Lars Unnerstall
25,108935,Robin Pröpper
26,120454,Virgil Misidjan
27,280289,Giovanni Troupée
28,29281,Wout Brama
29,37344,Ricky van Wolfswinkel
30,322149,Michel Vlap
31,379702,Jesse Bosch
32,379703,Jeffrey de Lange
33,387172,Denilho Cleonise
34,400055,Jayden Oosterwolde
35,400059,Gijs Smal
36,361898,Luka Ilic
37,318754,Julio Pleguezuelo
38,363658,Dimitris Limnios
39,379701,Ramiz Zerrouki
40,402819,Mees Hilgers
41,405560,Daan Rots
42,422782,Manfred Ugalde
43,400057,Casper Staring
