,ID,Name
0,377279,Peter Vindahl
1,330514,Vangelis Pavlidis
2,300755,Pantelis Hatzidiakos
3,289252,Albert Gudmundsson
4,379783,Yukinari Sugawara
5,328550,Owen Wijndal
6,373340,Zakaria Aboukhlal
7,353695,Dani de Wit
8,90802,Jordy Clasie
9,90810,Bruno Martins Indi
10,90834,Hobie Verhulst
11,116641,Timo Letschert
12,400978,Beau Reus
13,405003,Thijs Oosting
14,408102,Peer Koopmeiners
15,80137,Fredrik Midtsjø
16,355183,Aslak Fonn Witry
17,409747,Jelle Duin
18,422739,Sam Beukema
19,356742,Håkon Evjen
20,343382,Tijjani Reijnders
21,379784,Mohamed Taabouni
22,320614,Jesper Karlsson
23,33841,Daniel Vukovic
24,422808,Jonathan Okita
25,396058,Rodrigo Guth
26,22300,Lasse Schöne
27,422807,Magnus Mattsson
28,299511,Jordy Bruijn
29,422804,Bart van Rooij
30,97367,Mattijs Branderhorst
31,132973,Javier Vet
32,271086,Calvin Verdonk
33,422806,Dirk Proper
34,422809,Ilias Bronkhorst
35,10705,Edgar Barreto
36,279967,Iván Márquez
37,364281,Ali Akman
38,422805,Souffian El Karouani
39,402852,Ole Romeny
40,422803,Cas Odenthal
41,422811,Thomas Beekman
42,422814,Robin Roefs
43,426009,Pedro Ruiz
