,ID,Name
0,403495,Melih Ibrahimoglu
1,147910,Lucas Schoofs
2,367743,Noah Fadiga
3,377444,Mohamed Amissi
4,401096,Mateo Les
5,227870,Nikolai Laursen
6,104885,Janis Blaswich
7,394980,Marco Rente
8,379731,Orestis Kiomourtzoglou
9,296650,Ismail Azzaoui
10,355134,Kaj Sierhuis
11,231133,Alessandro Damen
12,138398,Bilal Basacikoglu
13,400170,Rohat Agca
14,379686,Ruben Roosken
15,369095,Koen Bucker
16,369553,Mats Knoester
17,136302,Sinan Bakis
18,322406,Luca de la Torre
19,361866,Robin Polley
20,361875,Delano Burgzorg
21,379728,Navajo Bakboord
22,400497,Elias Sierra-Cappelleti
23,391257,Mickael Tirpan
24,110500,Felix Dornebusch
25,294844,Arianit Ferati
26,328549,Deroy Duarte
27,361694,Zian Flemming
28,366228,Richie Musaba
29,243708,Yanick van Osch
30,281508,Roel Janssen
31,90830,Ben Rienstra
32,104982,Mats Seuntjens
33,409128,Nigel Lonwijk
34,334533,Emil Hansson
35,70598,Ivo Pinto
36,320513,Tesfaldet Tekie
37,122291,Martin Angha
38,380695,Bassala Sambou
39,383604,George Cox
40,422778,Samy Baghdadi
41,422780,Toshio Lake
42,423863,Tijanni Noslin
43,425412,Yigit Celtik
44,425413,Ruben van Kouwen
