,ID,Name
0,303779,Maximiliano Romero
1,124021,Philipp Mwene
2,98101,André Ramalho
3,346767,Mauro Júnior
4,363077,Carlos Vinícius
5,260809,Olivier Boscagli
6,80382,Mario Götze
7,343435,Ritsu Doan
8,137460,Erick Gutiérrez
9,77429,Davy Pröpper
10,85470,Marco van Ginkel
11,275012,Joël Drommel
12,345333,Armando Obispo
13,117980,Bruma
14,103542,Yvon Mvogo
15,328075,Ibrahim Sangaré
16,400273,Maxime Delanghe
17,408059,Yorbe Vertessen
18,361880,Oussama Darfalou
19,345558,Tomas Hajek
20,319922,Jacob Rasmussen
21,384141,Romaric Yapi
22,226599,Maximilian Wittek
23,285933,Markus Schubert
24,130917,Eli Dasa
25,133959,Riechedly Bazoer
26,141965,Jeroen Houwen
27,289343,Eric Verstappen
28,303076,Danilho Doekhi
29,352844,Thomas Buitink
30,112719,Sondre Tronstad
31,318295,Matús Bero
32,363704,Toni Domgjoni
33,401731,Julian von Moos
34,361815,Yann Gboho
35,380663,Patrick Vroegh
36,363618,Loïs Openda
37,409126,Alois Dominik Oroz
38,392344,Nikolai Baden Frederiksen
39,400282,Daan Huisman
