,ID,Name
0,367742,Cyril Ngonge
1,322591,Marin Sverko
2,141265,Ahmed El Messaoudi
3,255970,Wessel Dammers
4,298493,Patrick Joosten
5,321871,Mohamed El Hankouri
6,33002,Bart van Hintum
7,77725,Michael de Leeuw
8,91123,Mike te Wierik
9,133960,Peter Leeuwenburgh
10,137368,Damil Dankerlui
11,371293,Jan de Boer
12,355960,Azor Matusiwa
13,364306,Daniël van Kaam
14,333048,Jørgen Strand Larsen
15,330549,Gabriel Gudmundsson
16,322086,Ramon Pascal Lundqvist
17,343438,Jan Hoekstra
18,391047,Tomás Suslov
19,412907,Neraysho Kasanwirjo
20,415775,Bjorn Meijer
21,362459,Othmane Boussaid
22,344041,Moussa Sylla
23,302724,Eric Oelschlägel
24,369408,Sylian Mokono
25,256971,Hidde ter Avest
26,261082,Bart Ramselaar
27,22842,Willem Janssen
28,39726,Mark van der Maarel
29,89575,Adam Maher
30,101605,Mike van der Hoorn
31,123556,Joris van Overeem
32,141875,Gyrano Kerk
33,229520,Django Warmerdam
34,329675,Maarten Paes
35,411078,Quinten Timber
36,249686,Adrián Dalmau
37,283351,Simon Gustafson
38,382581,Fabian de Keijzer
39,400823,Davy van den Berg
40,409052,Benaissa Benamar
41,422873,Anastasios Douvikas
