,ID,Name
0,96615,Benjamin van Leer
1,124105,Michael Heylen
2,225522,Mario Engels
3,84195,Lennart Thy
4,108153,Laurent Jans
5,25037,Adil Auassar
6,44145,Bart Vriends
7,77706,Bryan Smeets
8,90636,Tom Beugelsdijk
9,120675,Tim Coremans
10,343314,Vito van Crooij
11,363875,Kenzo Goudmijn
12,379741,Dirk Abels
13,379742,Laros Duarte
14,383560,Sven Mijnans
15,400163,Emanuel Emegha
16,409075,Jason Meerstadt
17,422875,Gaultiér Overman
18,322776,Mica Pinto
19,422874,Jafar Bynoe
20,392339,Maduka Okoye
21,403495,Melih Ibrahimoglu
22,147910,Lucas Schoofs
23,367743,Noah Fadiga
24,377444,Mohamed Amissi
25,401096,Mateo Leš
26,227870,Nikolai Laursen
27,379731,Orestis Kiomourtzoglou
28,296650,Ismail Azzaoui
29,369095,Koen Bucker
30,369553,Mats Knoester
31,231133,Alessandro Damen
32,138398,Bilal Basacikoglu
33,140505,Rai Vloet
34,380635,Robin Jalving
35,379686,Ruben Roosken
36,136302,Sinan Bakis
37,322406,Luca de la Torre
38,361875,Delano Burgzorg
39,379729,Adrian Szoke
40,422763,Sven Sonnenberg
41,393081,Giacomo Quagliata
42,395830,Kasper Lunding Jakobsen
43,400497,Elias Sierra-Cappelleti
