,ID,Name
0,404764,Tibor Halilovic
1,342814,Rodney Kongolo
2,379595,Xavier Mous
3,379734,Hamdi Akujobi
4,379760,Milan van Ewijk
5,382556,Joey Veerman
6,32196,Siem de Jong
7,34171,Erwin Mulder
8,124274,Sven van Beek
9,136066,Lucas Woudenberg
10,261017,Henk Veerman
11,296543,Jan Bekkema
12,301423,Mitchell van Bergen
13,383865,Filip Stevanovic
14,399618,Benjamin Nygren
15,321192,Ibrahim Dresevic
16,321193,Rami Kaib
17,406783,Stanislav Shopov
18,409160,Syb van Ottele
19,422643,Djenahro Nunumete
20,379713,Lennerd Daneels
21,383972,Sebbe Augustijns
22,399608,Ahmed Touba
23,379712,Saïd Bakari
24,362553,Jens Odgaard
25,386605,Ayman Azhil
26,368289,Issam El Maach
27,379705,Etienne Vaessen
28,379706,Juriën Gaari
29,379707,Melle Meulensteen
30,23373,Hans Mulder
31,38147,Alexander Büttner
32,40342,Michiel Kramer
33,136263,Iliass Bel Hassani
34,389411,Yassin Oukili
35,391284,Richard van der Venne
36,365160,Lars Nieuwpoort
37,322159,Finn Stokkers
38,312584,Joel Pereira
39,384253,Achraf El Bouchataoui
40,400278,Thierry Lutonda
41,400545,Shawn Adewoye
