,ID,Name
0,404764,Tibor Halilovic
1,404110,Nicolas Madsen
2,400143,Anthony Musaba
3,379734,Hamdi Akujobi
4,379760,Milan van Ewijk
5,382556,Joey Veerman
6,121666,Nick Bakker
7,136066,Lucas Woudenberg
8,261017,Henk Veerman
9,296543,Jan Bekkema
10,342814,Rodney Kongolo
11,379595,Xavier Mous
12,383865,Filip Stevanovic
13,399618,Benjamin Nygren
14,321193,Rami Kaib
15,371073,Rami Al Hajj
16,379733,Jan Ras
17,409160,Syb van Ottele
18,422643,Djenahro Nunumete
19,400007,Jaimy Kroesen
20,321192,Ibrahim Dresevic
21,343390,Jorn Brondeel
22,334977,Elton Kabangu
23,121821,Timon Wellenreuther
24,279751,Görkem Saglam
25,323531,Mats Köhlert
26,365389,John Yeboah
27,346731,Kwasi Okyere Wriedt
28,400010,Derrick Köhn
29,379600,Connor van den Berg
30,357080,Godfried Roemeratoe
31,361791,Driess Saddiki
32,81475,Miquel Nelom
33,322083,Leeroy Owusu
34,321954,Ulrik Jenssen
35,312913,Emil Bergström
36,319990,Max Svensson
37,379599,Ché Nunnely
38,400014,Vincent Schippers
39,409292,Nikolaos Michelis
40,425104,Anargyros Kampetsis
41,425569,Ringo Meerveld
