,ID,Name
0,240976,David Sambissa
1,412208,Tamás Kiss
2,346507,Roberts Uldrikis
3,349777,Michael Breij
4,298844,Sam Hendriks
5,343393,Tom Boere
6,77699,Calvin Mac-Intosch
7,89573,Erik Schouten
8,90564,Sonny Stevens
9,105316,Doke Schmidt
10,108655,Mitchel Paulissen
11,238998,Issa Kallon
12,361897,Jamie Jacobs
13,404191,Maxim Gullit
14,422858,Nick Doodeman
15,422862,Brett Minnema
16,422863,Pieter Bos
17,425440,Jasper ter Heide
18,422859,Jhondly van der Meer
19,422857,Alex Bangura
20,351532,Mees Hoedemakers
21,362459,Othmane Boussaid
22,373556,Arthur Zagre
23,344041,Moussa Sylla
24,302724,Eric Oelschlägel
25,329675,Maarten Paes
26,256971,Hidde ter Avest
27,261082,Bart Ramselaar
28,22842,Willem Janssen
29,39726,Mark van der Maarel
30,110360,Sander van de Streek
31,123556,Joris van Overeem
32,229520,Django Warmerdam
33,238997,Mimoun Mahi
34,357396,Mohamed Mallahi
35,391013,Joey Houweling
36,393412,Remco Balk
37,411078,Quinten Timber
38,249686,Adrián Dalmau
39,283351,Simon Gustafson
40,422873,Anastasios Douvikas
41,427851,Rick Meissen
