,ID,Name
0,328330,Marcos Senesi
1,384574,Gernot Trauner
2,244805,Cyriel Dessers
3,361879,Luis Sinisterra
4,133390,Alireza Jahanbakhsh
5,136068,Ofir Marciano
6,373113,Naoufal Bannis
7,43004,Bryan Linssen
8,82401,Jens Toornstra
9,115863,Mark Diemers
10,302709,Justin Bijlow
11,404937,Thijs Jansen
12,422909,Ramon Hendriks
13,345303,Tyrell Malacia
14,345441,Lutsharel Geertruida
15,322148,Guus Til
16,357133,Marcus Pedersen
17,303544,Fredrik Aursnes
18,142352,João Teixeira
19,355870,Orkun Kökcü
20,342564,Reiss Nelson
21,132420,Rico Strieder
22,68850,Kostas Lamprou
23,369545,Yuta Nakayama
24,361695,Thomas van den Belt
25,393338,Chardi Landu
26,97101,Mustafa Saymak
27,231106,Kenneth Paal
28,317693,Mike Hauptmeijer
29,36974,Ryan Koolwijk
30,380731,Sam Kersten
31,422867,Mees de Wit
32,365152,Eliano Reijnders
33,345544,Luka Adzic
34,119109,Gervane Kastaneer
35,399960,Siemen Voet
36,402068,Slobodan Tedic
37,404370,Rav van den Berg
38,362467,Jasper Schendelaar
39,379596,Dean Huiberts
40,425087,Elikia Mbinga
41,391232,Mark Pabai
