,ID,Name
0,391257,Mickael Tirpan
1,110500,Felix Dornebusch
2,379697,Ryan Johansson
3,366228,Richie Musaba
4,90830,Ben Rienstra
5,104982,Mats Seuntjens
6,243708,Yanick van Osch
7,281508,Roel Janssen
8,328549,Deroy Duarte
9,409128,Nigel Lonwijk
10,415194,Ronan Pluijmen
11,422779,Stijn Hogervorst
12,334533,Emil Hansson
13,320513,Tesfaldet Tekie
14,122291,Martin Angha
15,380695,Bassala Sambou
16,383604,George Cox
17,422780,Toshio Lake
18,423863,Tijanni Noslin
19,425412,Yigit Celtik
20,425413,Ruben van Kouwen
21,422778,Samy Baghdadi
22,83809,Nicolás Tagliafico
23,340105,Lisandro Martínez
24,364315,Antony
25,326505,David Neres
26,403644,Victor Jensen
27,400166,Mohammed Kudus
28,322696,Edson Álvarez
29,83337,Zakaria Labyad
30,349932,Noussair Mazraoui
31,362732,Perr Schuurs
32,363884,Ryan Gravenberch
33,89794,Steven Berghuis
34,34550,Remko Pasveer
35,70033,Daley Blind
36,401122,Kenneth Taylor
37,422802,Jay Gorter
38,388650,Jurriën Timber
39,29474,Dusan Tadic
40,383798,Mohamed Daramy
41,236544,Sébastien Haller
42,367522,Danilo
43,423955,Charlie Setford
