,ID,Name
0,255946,Dario Van den Buijs
1,285814,Jens Teunckens
2,379713,Lennerd Daneels
3,383972,Sebbe Augustijns
4,399608,Ahmed Touba
5,379712,Saïd Bakari
6,362553,Jens Odgaard
7,386605,Ayman Azhil
8,368289,Issam El Maach
9,379705,Etienne Vaessen
10,379706,Juriën Gaari
11,379707,Melle Meulensteen
12,389411,Yassin Oukili
13,365160,Lars Nieuwpoort
14,23373,Hans Mulder
15,38147,Alexander Büttner
16,40342,Michiel Kramer
17,63885,Vurnon Anita
18,136263,Iliass Bel Hassani
19,400276,Luuk Wouters
20,400545,Shawn Adewoye
21,384253,Achraf El Bouchataoui
22,343390,Jorn Brondeel
23,334977,Elton Kabangu
24,323531,Mats Köhlert
25,346731,Kwasi Okyere Wriedt
26,121821,Timon Wellenreuther
27,279751,Görkem Saglam
28,400010,Derrick Köhn
29,365389,John Yeboah
30,66462,Freek Heerkens
31,81475,Miquel Nelom
32,357080,Godfried Roemeratoe
33,361791,Driess Saddiki
34,379600,Connor van den Berg
35,321954,Ulrik Jenssen
36,109581,Pol Llonch
37,312913,Emil Bergström
38,319990,Max Svensson
39,379599,Ché Nunnely
40,400014,Vincent Schippers
41,409292,Nikolaos Michelis
42,425104,Anargyros Kampetsis
43,425569,Ringo Meerveld
