,ID,Name
0,302644,Dario Dumic
1,361838,Michal Sadílek
2,90235,Lars Unnerstall
3,322149,Michel Vlap
4,357080,Godfried Roemeratoe
5,406780,Max Bruns
6,422781,Luca Everink
7,108935,Robin Pröpper
8,247849,Queensy Menig
9,280289,Giovanni Troupée
10,379702,Jesse Bosch
11,379703,Jeffrey de Lange
12,387172,Denilho Cleonise
13,387682,Ennio van der Gouw
14,400055,Jayden Oosterwolde
15,400059,Gijs Smal
16,361898,Luka Ilic
17,422782,Manfred Ugalde
18,363658,Dimitris Limnios
19,379701,Ramiz Zerrouki
20,402819,Mees Hilgers
21,405560,Daan Rots
22,90365,Lisandro Magallán
23,340105,Lisandro Martínez
24,326505,David Neres
25,364315,Antony
26,403644,Victor Jensen
27,322696,Edson Álvarez
28,349932,Noussair Mazraoui
29,83337,Zakaria Labyad
30,89794,Steven Berghuis
31,108860,Davy Klaassen
32,355963,Jurgen Ekkelenkamp
33,362732,Perr Schuurs
34,363884,Ryan Gravenberch
35,4065,Maarten Stekelenburg
36,34550,Remko Pasveer
37,70033,Daley Blind
38,422802,Jay Gorter
39,388650,Jurriën Timber
40,401122,Kenneth Taylor
41,29474,Dusan Tadic
42,236544,Sébastien Haller
43,400165,Devyne Rensch
44,367522,Danilo
