,ID,Name
0,361880,Oussama Darfalou
1,345558,Tomas Hajek
2,384141,Romaric Yapi
3,226599,Maximilian Wittek
4,285933,Markus Schubert
5,130917,Eli Dasa
6,115869,Oussama Tannane
7,133959,Riechedly Bazoer
8,141965,Jeroen Houwen
9,352844,Thomas Buitink
10,401021,Enzo Cornelisse
11,112719,Sondre Tronstad
12,318295,Matús Bero
13,401731,Julian von Moos
14,363704,Toni Domgjoni
15,361815,Yann Gboho
16,380663,Patrick Vroegh
17,363618,Loïs Openda
18,409126,Alois Dominik Oroz
19,422868,Nigel van Haveren
20,392344,Nikolai Baden Frederiksen
21,400282,Daan Huisman
22,355676,Dylan Ryan
23,343390,Jorn Brondeel
24,334977,Elton Kabangu
25,121821,Timon Wellenreuther
26,279751,Görkem Saglam
27,323531,Mats Köhlert
28,346731,Kwasi Okyere Wriedt
29,365389,John Yeboah
30,400010,Derrick Köhn
31,361791,Driess Saddiki
32,322083,Leeroy Owusu
33,66462,Freek Heerkens
34,379600,Connor van den Berg
35,379601,Rick Zuijderwijk
36,321954,Ulrik Jenssen
37,109581,Pol Llonch
38,319990,Max Svensson
39,379599,Ché Nunnely
40,400012,Wesley Spieringhs
41,400014,Vincent Schippers
42,409292,Nikolaos Michelis
