,ID,Name
0,328330,Marcos Senesi
1,384574,Gernot Trauner
2,361879,Luis Sinisterra
3,133390,Alireza Jahanbakhsh
4,136068,Ofir Marciano
5,302709,Justin Bijlow
6,35174,Leroy Fer
7,43004,Bryan Linssen
8,82401,Jens Toornstra
9,122398,Ridgeciano Haps
10,408489,Tein Troost
11,422909,Ramon Hendriks
12,345303,Tyrell Malacia
13,322148,Guus Til
14,361878,Wouter Burger
15,373113,Naoufal Bannis
16,357133,Marcus Pedersen
17,303544,Fredrik Aursnes
18,376967,Róbert Bozeník
19,355870,Orkun Kökcü
20,422636,Philippe Rommens
21,288859,Gerrit Nauber
22,408818,Ogechika Heil
23,367779,Giannis-Foivos Botos
24,331931,Justin Bakker
25,348647,Boyd Lucassen
26,357807,Martijn Berden
27,422637,Jay Idzes
28,115650,Warner Hahn
29,134722,Bas Kuipers
30,252239,Andries Noppert
31,276442,Joris Kramer
32,422633,Mats Deijl
33,422635,Ragnar Oratmangoen
34,422641,Quiermo Dumay
35,331255,Marc Cardona
36,284451,Isac Lidberg
37,12887,Jacob Mulenga
38,422639,Yacine Bourhane
39,422640,Job Schuurman
40,422634,Luuk Brouwers
