,ID,Name
0,33841,Daniel Vukovic
1,422808,Jonathan Okita
2,396058,Rodrigo Guth
3,22300,Lasse Schöne
4,296536,Mikkel Duelund
5,422807,Magnus Mattsson
6,299511,Jordy Bruijn
7,97367,Mattijs Branderhorst
8,132973,Javier Vet
9,271086,Calvin Verdonk
10,422804,Bart van Rooij
11,422809,Ilias Bronkhorst
12,422810,Elayis Tavsan
13,10705,Edgar Barreto
14,279967,Iván Márquez
15,364281,Ali Akman
16,422811,Thomas Beekman
17,422813,Joep van der Sluijs
18,422814,Robin Roefs
19,422805,Souffian El Karouani
20,402852,Ole Romeny
21,422803,Cas Odenthal
22,362459,Othmane Boussaid
23,344041,Moussa Sylla
24,373556,Arthur Zagre
25,302724,Eric Oelschlägel
26,329675,Maarten Paes
27,256971,Hidde ter Avest
28,261082,Bart Ramselaar
29,369408,Sylian Mokono
30,22842,Willem Janssen
31,39726,Mark van der Maarel
32,89575,Adam Maher
33,101605,Mike van der Hoorn
34,110360,Sander van de Streek
35,123556,Joris van Overeem
36,229520,Django Warmerdam
37,238997,Mimoun Mahi
38,393412,Remco Balk
39,411078,Quinten Timber
40,249686,Adrián Dalmau
41,422873,Anastasios Douvikas
42,400823,Davy van den Berg
43,409052,Benaissa Benamar
44,382581,Fabian de Keijzer
