,ID,Name
0,328330,Marcos Senesi
1,384574,Gernot Trauner
2,244805,Cyriel Dessers
3,361879,Luis Sinisterra
4,133390,Alireza Jahanbakhsh
5,136068,Ofir Marciano
6,43004,Bryan Linssen
7,82401,Jens Toornstra
8,345303,Tyrell Malacia
9,345441,Lutsharel Geertruida
10,387720,Denzel Hall
11,404937,Thijs Jansen
12,422909,Ramon Hendriks
13,373113,Naoufal Bannis
14,302709,Justin Bijlow
15,322148,Guus Til
16,357133,Marcus Pedersen
17,303544,Fredrik Aursnes
18,142352,João Teixeira
19,355870,Orkun Kökcü
20,404764,Tibor Halilovic
21,404110,Nicolas Madsen
22,32196,Siem de Jong
23,34171,Erwin Mulder
24,121666,Nick Bakker
25,124274,Sven van Beek
26,136066,Lucas Woudenberg
27,261017,Henk Veerman
28,296543,Jan Bekkema
29,400143,Anthony Musaba
30,379595,Xavier Mous
31,379734,Hamdi Akujobi
32,379760,Milan van Ewijk
33,382556,Joey Veerman
34,369119,Arjen van der Heide
35,383865,Filip Stevanovic
36,399618,Benjamin Nygren
37,371073,Rami Al Hajj
38,321192,Ibrahim Dresevic
39,409160,Syb van Ottele
40,422643,Djenahro Nunumete
