,ID,Name
0,132420,Rico Strieder
1,68850,Kostas Lamprou
2,369545,Yuta Nakayama
3,365152,Eliano Reijnders
4,97101,Mustafa Saymak
5,34108,Bram van Polen
6,36974,Ryan Koolwijk
7,231106,Kenneth Paal
8,317693,Mike Hauptmeijer
9,361695,Thomas van den Belt
10,382170,Daishawn Redan
11,389942,Leandro Fernandes
12,393338,Chardi Landu
13,399960,Siemen Voet
14,402068,Slobodan Tedic
15,404370,Rav van den Berg
16,408338,Daijiro Chirino
17,425087,Elikia Mbinga
18,391012,Gabi Caschili
19,391232,Mark Pabai
20,362467,Jasper Schendelaar
21,119109,Gervane Kastaneer
22,379596,Dean Huiberts
23,124105,Michael Heylen
24,96615,Benjamin van Leer
25,225522,Mario Engels
26,84195,Lennart Thy
27,366549,Giannis Masouras
28,108153,Laurent Jans
29,25037,Adil Auassar
30,31238,Aaron Meijers
31,44145,Bart Vriends
32,77706,Bryan Smeets
33,379741,Dirk Abels
34,383560,Sven Mijnans
35,289016,Mohammed Osman
36,343314,Vito van Crooij
37,363875,Kenzo Goudmijn
38,120675,Tim Coremans
39,400163,Emanuel Emegha
40,422875,Gaultiér Overman
41,425114,Mohammed Tahiri
42,392339,Maduka Okoye
