,ID,Name
0,302644,Dario Dumic
1,361838,Michal Sadílek
2,90235,Lars Unnerstall
3,422781,Luca Everink
4,322149,Michel Vlap
5,108935,Robin Pröpper
6,120454,Virgil Misidjan
7,280289,Giovanni Troupée
8,29281,Wout Brama
9,37344,Ricky van Wolfswinkel
10,400059,Gijs Smal
11,379702,Jesse Bosch
12,379703,Jeffrey de Lange
13,387172,Denilho Cleonise
14,387682,Ennio van der Gouw
15,400055,Jayden Oosterwolde
16,318754,Julio Pleguezuelo
17,400057,Casper Staring
18,402819,Mees Hilgers
19,405560,Daan Rots
20,363658,Dimitris Limnios
21,379701,Ramiz Zerrouki
22,422782,Manfred Ugalde
23,377279,Peter Vindahl-Jensen
24,330514,Vangelis Pavlidis
25,300755,Pantelis Hatzidiakos
26,289252,Albert Gudmundsson
27,379783,Yukinari Sugawara
28,353695,Dani de Wit
29,328550,Owen Wijndal
30,90810,Bruno Martins Indi
31,90834,Hobie Verhulst
32,116641,Timo Letschert
33,400978,Beau Reus
34,405003,Thijs Oosting
35,408102,Peer Koopmeiners
36,373340,Zakaria Aboukhlal
37,80137,Fredrik Midtsjø
38,320614,Jesper Karlsson
39,343382,Tijjani Reijnders
40,356742,Håkon Evjen
41,379784,Mohamed Taabouni
42,409747,Jelle Duin
43,422739,Sam Beukema
