,ID,Name
0,361880,Oussama Darfalou
1,345558,Tomas Hajek
2,319922,Jacob Rasmussen
3,384141,Romaric Yapi
4,285933,Markus Schubert
5,130917,Eli Dasa
6,141965,Jeroen Houwen
7,303076,Danilho Doekhi
8,401021,Enzo Cornelisse
9,112719,Sondre Tronstad
10,318295,Matús Bero
11,401731,Julian von Moos
12,363704,Toni Domgjoni
13,361815,Yann Gboho
14,365426,Hilary Gong
15,380663,Patrick Vroegh
16,363618,Loïs Openda
17,409126,Alois Dominik Oroz
18,422868,Nigel van Haveren
19,392344,Nikolai Baden Frederiksen
20,400282,Daan Huisman
21,422636,Philippe Rommens
22,288859,Gerrit Nauber
23,408818,Ogechika Heil
24,422633,Mats Deijl
25,422635,Ragnar Oratmangoen
26,331931,Justin Bakker
27,348647,Boyd Lucassen
28,357807,Martijn Berden
29,115650,Warner Hahn
30,134722,Bas Kuipers
31,252239,Andries Noppert
32,276442,Joris Kramer
33,422637,Jay Idzes
34,422641,Quiermo Dumay
35,331255,Marc Cardona
36,344201,Iñigo Córdoba
37,12887,Jacob Mulenga
38,422634,Luuk Brouwers
39,422639,Yacine Bourhane
40,422640,Job Schuurman
