,ID,Name
0,367742,Cyril Ngonge
1,322591,Marin Sverko
2,364306,Daniël van Kaam
3,33002,Bart van Hintum
4,77725,Michael de Leeuw
5,133960,Peter Leeuwenburgh
6,137368,Damil Dankerlui
7,255970,Wessel Dammers
8,298493,Patrick Joosten
9,321871,Mohamed El Hankouri
10,371293,Jan de Boer
11,379742,Laros Duarte
12,381718,Romano Postema
13,333048,Jørgen Strand Larsen
14,335919,Daleho Irandust
15,343438,Jan Hoekstra
16,391047,Tomás Suslov
17,406537,Paulos Abraham
18,412907,Neraysho Kasanwirjo
19,415775,Bjorn Meijer
20,425112,Yahya Kalley
21,377279,Peter Vindahl-Jensen
22,330514,Vangelis Pavlidis
23,300755,Pantelis Hatzidiakos
24,289252,Albert Gudmundsson
25,379783,Yukinari Sugawara
26,353695,Dani de Wit
27,328550,Owen Wijndal
28,90802,Jordy Clasie
29,90810,Bruno Martins Indi
30,90834,Hobie Verhulst
31,116641,Timo Letschert
32,400978,Beau Reus
33,408102,Peer Koopmeiners
34,373340,Zakaria Aboukhlal
35,80137,Fredrik Midtsjø
36,355183,Aslak Fonn Witry
37,356742,Håkon Evjen
38,379784,Mohamed Taabouni
39,343382,Tijjani Reijnders
40,320614,Jesper Karlsson
41,409747,Jelle Duin
42,422739,Sam Beukema
