,ID,Name
0,399311,Filip Krastev
1,240976,David Sambissa
2,259530,Robin Maulun
3,412208,Tamás Kiss
4,346507,Roberts Uldrikis
5,404191,Maxim Gullit
6,422858,Nick Doodeman
7,298844,Sam Hendriks
8,343393,Tom Boere
9,77699,Calvin Mac-Intosch
10,89573,Erik Schouten
11,90564,Sonny Stevens
12,105316,Doke Schmidt
13,108655,Mitchel Paulissen
14,238998,Issa Kallon
15,422861,Marco Tol
16,422862,Brett Minnema
17,422863,Pieter Bos
18,361897,Jamie Jacobs
19,425440,Jasper ter Heide
20,422859,Jhondly van der Meer
21,422857,Alex Bangura
22,351532,Mees Hoedemakers
23,328330,Marcos Senesi
24,384574,Gernot Trauner
25,244805,Cyriel Dessers
26,361879,Luis Sinisterra
27,133390,Alireza Jahanbakhsh
28,43004,Bryan Linssen
29,82401,Jens Toornstra
30,302709,Justin Bijlow
31,322148,Guus Til
32,345303,Tyrell Malacia
33,345441,Lutsharel Geertruida
34,373113,Naoufal Bannis
35,404937,Thijs Jansen
36,408489,Tein Troost
37,422909,Ramon Hendriks
38,357133,Marcus Pedersen
39,303544,Fredrik Aursnes
40,142352,João Teixeira
41,355870,Orkun Kökcü
42,342564,Reiss Nelson
