,ID,Name
0,83809,Nicolás Tagliafico
1,340105,Lisandro Martínez
2,326505,David Neres
3,364315,Antony
4,400166,Mohammed Kudus
5,322696,Edson Álvarez
6,349932,Noussair Mazraoui
7,83337,Zakaria Labyad
8,34550,Remko Pasveer
9,70033,Daley Blind
10,89794,Steven Berghuis
11,108860,Davy Klaassen
12,362732,Perr Schuurs
13,363884,Ryan Gravenberch
14,388650,Jurriën Timber
15,401122,Kenneth Taylor
16,422802,Jay Gorter
17,29474,Dusan Tadic
18,383798,Mohamed Daramy
19,236544,Sébastien Haller
20,367522,Danilo
21,423955,Charlie Setford
22,400165,Devyne Rensch
23,303779,Maximiliano Romero
24,124021,Philipp Mwene
25,98101,André Ramalho
26,346767,Mauro Júnior
27,363077,Carlos Vinícius
28,260809,Olivier Boscagli
29,142466,Philipp Max
30,80382,Mario Götze
31,44096,Eran Zahavi
32,137460,Erick Gutiérrez
33,85470,Marco van Ginkel
34,77429,Davy Pröpper
35,345333,Armando Obispo
36,361839,Jordan Teze
37,275012,Joël Drommel
38,117980,Bruma
39,103542,Yvon Mvogo
40,328075,Ibrahim Sangaré
41,400273,Maxime Delanghe
42,408059,Yorbe Vertessen
