,ID,Name
0,361880,Oussama Darfalou
1,345558,Tomas Hajek
2,319922,Jacob Rasmussen
3,226599,Maximilian Wittek
4,285933,Markus Schubert
5,130917,Eli Dasa
6,115869,Oussama Tannane
7,133959,Riechedly Bazoer
8,141965,Jeroen Houwen
9,303076,Danilho Doekhi
10,401021,Enzo Cornelisse
11,112719,Sondre Tronstad
12,318295,Matús Bero
13,363704,Toni Domgjoni
14,361815,Yann Gboho
15,363618,Loïs Openda
16,365426,Hilary Gong
17,380663,Patrick Vroegh
18,392344,Nikolai Baden Frederiksen
19,400281,Million Manhoef
20,400282,Daan Huisman
21,409126,Alois Dominik Oroz
22,422868,Nigel van Haveren
23,110500,Felix Dornebusch
24,379697,Ryan Johansson
25,366228,Richie Musaba
26,243708,Yanick van Osch
27,281508,Roel Janssen
28,328549,Deroy Duarte
29,90830,Ben Rienstra
30,104982,Mats Seuntjens
31,422779,Stijn Hogervorst
32,409128,Nigel Lonwijk
33,334533,Emil Hansson
34,70598,Ivo Pinto
35,320513,Tesfaldet Tekie
36,122291,Martin Angha
37,380695,Bassala Sambou
38,383604,George Cox
39,368266,Tom Hendriks
40,422778,Samy Baghdadi
41,422780,Toshio Lake
42,423863,Tijanni Noslin
43,425412,Yigit Celtik
