,ID,Name
0,328330,Marcos Senesi
1,384574,Gernot Trauner
2,244805,Cyriel Dessers
3,361879,Luis Sinisterra
4,133390,Alireza Jahanbakhsh
5,136068,Ofir Marciano
6,43004,Bryan Linssen
7,82401,Jens Toornstra
8,345303,Tyrell Malacia
9,345441,Lutsharel Geertruida
10,373113,Naoufal Bannis
11,302709,Justin Bijlow
12,387720,Denzel Hall
13,408489,Tein Troost
14,422909,Ramon Hendriks
15,322148,Guus Til
16,303544,Fredrik Aursnes
17,142352,João Teixeira
18,355870,Orkun Kökcü
19,33841,Daniel Vukovic
20,422808,Jonathan Okita
21,396058,Rodrigo Guth
22,22300,Lasse Schöne
23,422807,Magnus Mattsson
24,299511,Jordy Bruijn
25,97367,Mattijs Branderhorst
26,132973,Javier Vet
27,271086,Calvin Verdonk
28,422804,Bart van Rooij
29,422809,Ilias Bronkhorst
30,422810,Elayis Tavsan
31,422806,Dirk Proper
32,10705,Edgar Barreto
33,279967,Iván Márquez
34,364281,Ali Akman
35,422811,Thomas Beekman
36,422813,Joep van der Sluijs
37,422814,Robin Roefs
38,422805,Souffian El Karouani
39,402852,Ole Romeny
40,422803,Cas Odenthal
