,ID,Name
0,362459,Othmane Boussaid
1,373556,Arthur Zagre
2,344041,Moussa Sylla
3,302724,Eric Oelschlägel
4,393412,Remco Balk
5,411078,Quinten Timber
6,329675,Maarten Paes
7,256971,Hidde ter Avest
8,261082,Bart Ramselaar
9,357396,Mohamed Mallahi
10,22842,Willem Janssen
11,39726,Mark van der Maarel
12,89575,Adam Maher
13,101605,Mike van der Hoorn
14,110360,Sander van de Streek
15,123556,Joris van Overeem
16,229520,Django Warmerdam
17,238997,Mimoun Mahi
18,249686,Adrián Dalmau
19,382581,Fabian de Keijzer
20,422873,Anastasios Douvikas
21,409052,Benaissa Benamar
22,132420,Rico Strieder
23,68850,Kostas Lamprou
24,369545,Yuta Nakayama
25,393338,Chardi Landu
26,365152,Eliano Reijnders
27,97101,Mustafa Saymak
28,34108,Bram van Polen
29,36974,Ryan Koolwijk
30,231106,Kenneth Paal
31,317693,Mike Hauptmeijer
32,361695,Thomas van den Belt
33,380731,Sam Kersten
34,382170,Daishawn Redan
35,389942,Leandro Fernandes
36,391232,Mark Pabai
37,362467,Jasper Schendelaar
38,119109,Gervane Kastaneer
39,399960,Siemen Voet
40,402068,Slobodan Tedic
41,379596,Dean Huiberts
