,ID,Name
0,377279,Peter Vindahl-Jensen
1,300755,Pantelis Hatzidiakos
2,330514,Vangelis Pavlidis
3,289252,Albert Gudmundsson
4,379783,Yukinari Sugawara
5,90810,Bruno Martins Indi
6,90834,Hobie Verhulst
7,353695,Dani de Wit
8,328550,Owen Wijndal
9,373340,Zakaria Aboukhlal
10,400978,Beau Reus
11,405003,Thijs Oosting
12,408102,Peer Koopmeiners
13,355183,Aslak Fonn Witry
14,80137,Fredrik Midtsjø
15,379784,Mohamed Taabouni
16,343382,Tijjani Reijnders
17,320614,Jesper Karlsson
18,356742,Håkon Evjen
19,409747,Jelle Duin
20,422739,Sam Beukema
21,422636,Philippe Rommens
22,288859,Gerrit Nauber
23,408818,Ogechika Heil
24,367779,Giannis-Foivos Botos
25,115650,Warner Hahn
26,134722,Bas Kuipers
27,252239,Andries Noppert
28,276442,Joris Kramer
29,422635,Ragnar Oratmangoen
30,422633,Mats Deijl
31,331931,Justin Bakker
32,348647,Boyd Lucassen
33,357807,Martijn Berden
34,422637,Jay Idzes
35,422641,Quiermo Dumay
36,344201,Iñigo Córdoba
37,331255,Marc Cardona
38,284451,Isac Lidberg
39,422634,Luuk Brouwers
40,422642,Turan Tuzlacik
41,422639,Yacine Bourhane
42,422640,Job Schuurman
