,ID,Name
0,124105,Michael Heylen
1,96615,Benjamin van Leer
2,225522,Mario Engels
3,84195,Lennart Thy
4,366549,Giannis Masouras
5,108153,Laurent Jans
6,25037,Adil Auassar
7,31238,Aaron Meijers
8,44145,Bart Vriends
9,77706,Bryan Smeets
10,289016,Mohammed Osman
11,120675,Tim Coremans
12,343314,Vito van Crooij
13,363875,Kenzo Goudmijn
14,379741,Dirk Abels
15,383560,Sven Mijnans
16,400163,Emanuel Emegha
17,322776,Mica Pinto
18,392339,Maduka Okoye
19,425114,Mohammed Tahiri
20,399311,Filip Krastev
21,240976,David Sambissa
22,259530,Robin Maulun
23,412208,Tamás Kiss
24,422858,Nick Doodeman
25,404191,Maxim Gullit
26,298844,Sam Hendriks
27,343393,Tom Boere
28,349777,Michael Breij
29,77699,Calvin Mac-Intosch
30,90564,Sonny Stevens
31,105316,Doke Schmidt
32,108655,Mitchel Paulissen
33,238998,Issa Kallon
34,422861,Marco Tol
35,422862,Brett Minnema
36,422863,Pieter Bos
37,351532,Mees Hoedemakers
38,422859,Jhondly van der Meer
39,422857,Alex Bangura
40,425440,Jasper ter Heide
