,ID,Name
0,404764,Tibor Halilovic
1,404110,Nicolas Madsen
2,400143,Anthony Musaba
3,369119,Arjen van der Heide
4,379595,Xavier Mous
5,379734,Hamdi Akujobi
6,379760,Milan van Ewijk
7,382556,Joey Veerman
8,32196,Siem de Jong
9,34171,Erwin Mulder
10,121666,Nick Bakker
11,124274,Sven van Beek
12,136066,Lucas Woudenberg
13,261017,Henk Veerman
14,296543,Jan Bekkema
15,383865,Filip Stevanovic
16,399618,Benjamin Nygren
17,371073,Rami Al Hajj
18,321192,Ibrahim Dresevic
19,321193,Rami Kaib
20,409160,Syb van Ottele
21,422643,Djenahro Nunumete
22,302644,Dario Dumic
23,361838,Michal Sadílek
24,90235,Lars Unnerstall
25,108935,Robin Pröpper
26,120454,Virgil Misidjan
27,29281,Wout Brama
28,37344,Ricky van Wolfswinkel
29,379702,Jesse Bosch
30,379703,Jeffrey de Lange
31,387172,Denilho Cleonise
32,387682,Ennio van der Gouw
33,400059,Gijs Smal
34,406780,Max Bruns
35,422781,Luca Everink
36,322149,Michel Vlap
37,361898,Luka Ilic
38,318754,Julio Pleguezuelo
39,363658,Dimitris Limnios
40,379701,Ramiz Zerrouki
41,400057,Casper Staring
42,422782,Manfred Ugalde
43,402819,Mees Hilgers
44,405560,Daan Rots
