,ID,Name
0,403495,Melih Ibrahimoglu
1,147910,Lucas Schoofs
2,367743,Noah Fadiga
3,377444,Mohamed Amissi
4,401096,Mateo Les
5,227870,Nikolai Laursen
6,104885,Janis Blaswich
7,394980,Marco Rente
8,379731,Orestis Kiomourtzoglou
9,296650,Ismail Azzaoui
10,231133,Alessandro Damen
11,138398,Bilal Basacikoglu
12,140505,Rai Vloet
13,379686,Ruben Roosken
14,369095,Koen Bucker
15,369553,Mats Knoester
16,355134,Kaj Sierhuis
17,136302,Sinan Bakis
18,322406,Luca de la Torre
19,361875,Delano Burgzorg
20,379728,Navajo Bakboord
21,393081,Giacomo Quagliata
22,400497,Elias Sierra-Cappelleti
23,255946,Dario Van den Buijs
24,285814,Jens Teunckens
25,379713,Lennerd Daneels
26,383972,Sebbe Augustijns
27,399608,Ahmed Touba
28,379712,Saïd Bakari
29,362553,Jens Odgaard
30,368289,Issam El Maach
31,386605,Ayman Azhil
32,389411,Yassin Oukili
33,379705,Etienne Vaessen
34,379706,Juriën Gaari
35,379707,Melle Meulensteen
36,322159,Finn Stokkers
37,23373,Hans Mulder
38,40342,Michiel Kramer
39,63885,Vurnon Anita
40,136263,Iliass Bel Hassani
41,384253,Achraf El Bouchataoui
42,400276,Luuk Wouters
43,400278,Thierry Lutonda
44,400545,Shawn Adewoye
