,ID,Name
0,110500,Felix Dornebusch
1,294844,Arianit Ferati
2,391933,Lazaros Rota
3,379697,Ryan Johansson
4,415194,Ronan Pluijmen
5,328549,Deroy Duarte
6,361694,Zian Flemming
7,366228,Richie Musaba
8,243708,Yanick van Osch
9,281508,Roel Janssen
10,90830,Ben Rienstra
11,104982,Mats Seuntjens
12,422779,Stijn Hogervorst
13,334533,Emil Hansson
14,320513,Tesfaldet Tekie
15,122291,Martin Angha
16,368266,Tom Hendriks
17,422778,Samy Baghdadi
18,422780,Toshio Lake
19,423863,Tijanni Noslin
20,379713,Lennerd Daneels
21,383972,Sebbe Augustijns
22,399608,Ahmed Touba
23,379712,Saïd Bakari
24,362553,Jens Odgaard
25,386605,Ayman Azhil
26,368289,Issam El Maach
27,379705,Etienne Vaessen
28,379706,Juriën Gaari
29,379707,Melle Meulensteen
30,23373,Hans Mulder
31,38147,Alexander Büttner
32,40342,Michiel Kramer
33,63885,Vurnon Anita
34,136263,Iliass Bel Hassani
35,322159,Finn Stokkers
36,389411,Yassin Oukili
37,391284,Richard van der Venne
38,365160,Lars Nieuwpoort
39,384253,Achraf El Bouchataoui
40,400278,Thierry Lutonda
41,400545,Shawn Adewoye
