,ID,Name
0,124021,Philipp Mwene
1,98101,André Ramalho
2,346767,Mauro Júnior
3,260809,Olivier Boscagli
4,80382,Mario Götze
5,142466,Philipp Max
6,44096,Eran Zahavi
7,343435,Ritsu Doan
8,137460,Erick Gutiérrez
9,345333,Armando Obispo
10,275012,Joël Drommel
11,352825,Cody Gakpo
12,361839,Jordan Teze
13,70906,Nick Viergever
14,85470,Marco van Ginkel
15,137327,Ryan Thomas
16,117980,Bruma
17,103542,Yvon Mvogo
18,389935,Noni Madueke
19,328075,Ibrahim Sangaré
20,408059,Yorbe Vertessen
21,367742,Cyril Ngonge
22,322591,Marin Sverko
23,141265,Ahmed El Messaoudi
24,255970,Wessel Dammers
25,298493,Patrick Joosten
26,321871,Mohamed El Hankouri
27,33002,Bart van Hintum
28,77725,Michael de Leeuw
29,91123,Mike te Wierik
30,133960,Peter Leeuwenburgh
31,137368,Damil Dankerlui
32,355960,Azor Matusiwa
33,364306,Daniël van Kaam
34,371293,Jan de Boer
35,381718,Romano Postema
36,333048,Jørgen Strand Larsen
37,330549,Gabriel Gudmundsson
38,343438,Jan Hoekstra
39,391047,Tomás Suslov
40,412907,Neraysho Kasanwirjo
41,415775,Bjorn Meijer
