,ID,Name
0,240976,David Sambissa
1,259530,Robin Maulun
2,412208,Tamás Kiss
3,361897,Jamie Jacobs
4,422860,Stefan Deuling
5,422861,Marco Tol
6,422862,Brett Minnema
7,422863,Pieter Bos
8,298844,Sam Hendriks
9,343393,Tom Boere
10,349777,Michael Breij
11,77699,Calvin Mac-Intosch
12,89573,Erik Schouten
13,90564,Sonny Stevens
14,105316,Doke Schmidt
15,108655,Mitchel Paulissen
16,238998,Issa Kallon
17,422857,Alex Bangura
18,422859,Jhondly van der Meer
19,351532,Mees Hoedemakers
20,302644,Dario Dumic
21,361838,Michal Sadílek
22,90235,Lars Unnerstall
23,322149,Michel Vlap
24,379702,Jesse Bosch
25,379703,Jeffrey de Lange
26,387682,Ennio van der Gouw
27,400055,Jayden Oosterwolde
28,400059,Gijs Smal
29,422781,Luca Everink
30,108935,Robin Pröpper
31,247849,Queensy Menig
32,280289,Giovanni Troupée
33,29281,Wout Brama
34,37344,Ricky van Wolfswinkel
35,361898,Luka Ilic
36,363658,Dimitris Limnios
37,379701,Ramiz Zerrouki
38,422782,Manfred Ugalde
39,402819,Mees Hilgers
40,405560,Daan Rots
