,ID,Name
0,404764,Tibor Halilovic
1,379760,Milan van Ewijk
2,382556,Joey Veerman
3,32196,Siem de Jong
4,34171,Erwin Mulder
5,124274,Sven van Beek
6,136066,Lucas Woudenberg
7,261017,Henk Veerman
8,296543,Jan Bekkema
9,342814,Rodney Kongolo
10,369119,Arjen van der Heide
11,379595,Xavier Mous
12,383865,Filip Stevanovic
13,399618,Benjamin Nygren
14,321192,Ibrahim Dresevic
15,379733,Jan Ras
16,401046,Timo Zaal
17,406783,Stanislav Shopov
18,409160,Syb van Ottele
19,422643,Djenahro Nunumete
20,377279,Peter Vindahl-Jensen
21,300755,Pantelis Chatzidiakos
22,330514,Vangelis Pavlidis
23,289252,Albert Gudmundsson
24,379783,Yukinari Sugawara
25,373340,Zakaria Aboukhlal
26,90802,Jordy Clasie
27,90810,Bruno Martins Indi
28,90834,Hobie Verhulst
29,116641,Timo Letschert
30,343308,Teun Koopmeiners
31,353695,Dani de Wit
32,400978,Beau Reus
33,405003,Thijs Oosting
34,408102,Peer Koopmeiners
35,422737,Ernest Poku
36,355183,Aslak Fonn Witry
37,80137,Fredrik Midtsjø
38,320614,Jesper Karlsson
39,356742,Håkon Evjen
40,343382,Tijjani Reijnders
41,422739,Sam Beukema
42,379784,Mohamed Taabouni
