,ID,Name
0,377279,Peter Vindahl-Jensen
1,330514,Vangelis Pavlidis
2,300755,Pantelis Hatzidiakos
3,289252,Albert Gudmundsson
4,379783,Yukinari Sugawara
5,328550,Owen Wijndal
6,373340,Zakaria Aboukhlal
7,353695,Dani de Wit
8,90802,Jordy Clasie
9,90810,Bruno Martins Indi
10,90834,Hobie Verhulst
11,116641,Timo Letschert
12,400978,Beau Reus
13,408102,Peer Koopmeiners
14,422737,Ernest Poku
15,80137,Fredrik Midtsjø
16,355183,Aslak Fonn Witry
17,356742,Håkon Evjen
18,343382,Tijjani Reijnders
19,379784,Mohamed Taabouni
20,320614,Jesper Karlsson
21,422739,Sam Beukema
22,409747,Jelle Duin
23,68850,Kostas Lamprou
24,369545,Yuta Nakayama
25,365152,Eliano Reijnders
26,422867,Mees de Wit
27,97101,Mustafa Saymak
28,34108,Bram van Polen
29,36974,Ryan Koolwijk
30,231106,Kenneth Paal
31,317693,Mike Hauptmeijer
32,361695,Thomas van den Belt
33,380731,Sam Kersten
34,382170,Daishawn Redan
35,391232,Mark Pabai
36,399960,Siemen Voet
37,402068,Slobodan Tedic
38,404370,Rav van den Berg
39,362467,Jasper Schendelaar
40,119109,Gervane Kastaneer
41,379596,Dean Huiberts
