,ID,Name
0,403495,Melih Ibrahimoglu
1,147910,Lucas Schoofs
2,367743,Noah Fadiga
3,401096,Mateo Les
4,227870,Nikolai Laursen
5,104885,Janis Blaswich
6,394980,Marco Rente
7,379731,Orestis Kiomourtzoglou
8,296650,Ismail Azzaoui
9,231133,Alessandro Damen
10,138398,Bilal Basacikoglu
11,140505,Rai Vloet
12,380635,Robin Jalving
13,355134,Kaj Sierhuis
14,369553,Mats Knoester
15,379686,Ruben Roosken
16,136302,Sinan Bakis
17,322406,Luca de la Torre
18,422763,Sven Sonnenberg
19,379728,Navajo Bakboord
20,361866,Robin Polley
21,361875,Delano Burgzorg
22,393081,Giacomo Quagliata
23,83809,Nicolás Tagliafico
24,340105,Lisandro Martínez
25,364315,Antony
26,326505,David Neres
27,403644,Victor Jensen
28,400166,Mohammed Kudus
29,322696,Edson Álvarez
30,34550,Remko Pasveer
31,70033,Daley Blind
32,362732,Perr Schuurs
33,363884,Ryan Gravenberch
34,89794,Steven Berghuis
35,108860,Davy Klaassen
36,401122,Kenneth Taylor
37,422802,Jay Gorter
38,388650,Jurriën Timber
39,29474,Dusan Tadic
40,383798,Mohamed Daramy
41,236544,Sébastien Haller
42,367522,Danilo
43,400165,Devyne Rensch
44,423955,Charlie Setford
