,ID,Name
0,33841,Daniel Vukovic
1,422808,Jonathan Okita
2,396058,Rodrigo Guth
3,22300,Lasse Schöne
4,422807,Magnus Mattsson
5,422806,Dirk Proper
6,299511,Jordy Bruijn
7,97367,Mattijs Branderhorst
8,132973,Javier Vet
9,271086,Calvin Verdonk
10,422804,Bart van Rooij
11,422809,Ilias Bronkhorst
12,422810,Elayis Tavsan
13,10705,Edgar Barreto
14,279967,Iván Márquez
15,364281,Ali Akman
16,422811,Thomas Beekman
17,422814,Robin Roefs
18,422805,Souffian El Karouani
19,422803,Cas Odenthal
20,367742,Cyril Ngonge
21,322591,Marin Sverko
22,364306,Daniël van Kaam
23,33002,Bart van Hintum
24,77725,Michael de Leeuw
25,133960,Peter Leeuwenburgh
26,137368,Damil Dankerlui
27,255970,Wessel Dammers
28,298493,Patrick Joosten
29,321871,Mohamed El Hankouri
30,371293,Jan de Boer
31,379742,Laros Duarte
32,381718,Romano Postema
33,333048,Jørgen Strand Larsen
34,335919,Daleho Irandust
35,343438,Jan Hoekstra
36,391047,Tomás Suslov
37,406537,Paulos Abraham
38,412907,Neraysho Kasanwirjo
39,415775,Bjorn Meijer
40,425112,Yahya Kalley
