,ID,Name
0,255946,Dario Van den Buijs
1,285814,Jens Teunckens
2,379713,Lennerd Daneels
3,383972,Sebbe Augustijns
4,399608,Ahmed Touba
5,379712,Saïd Bakari
6,362553,Jens Odgaard
7,386605,Ayman Azhil
8,368289,Issam El Maach
9,379705,Etienne Vaessen
10,379706,Juriën Gaari
11,379707,Melle Meulensteen
12,389411,Yassin Oukili
13,365160,Lars Nieuwpoort
14,322159,Finn Stokkers
15,23373,Hans Mulder
16,38147,Alexander Büttner
17,40342,Michiel Kramer
18,63885,Vurnon Anita
19,136263,Iliass Bel Hassani
20,400276,Luuk Wouters
21,400278,Thierry Lutonda
22,400545,Shawn Adewoye
23,399311,Filip Krastev
24,240976,David Sambissa
25,259530,Robin Maulun
26,412208,Tamás Kiss
27,346507,Roberts Uldrikis
28,349777,Michael Breij
29,361897,Jamie Jacobs
30,298844,Sam Hendriks
31,343393,Tom Boere
32,77699,Calvin Mac-Intosch
33,89573,Erik Schouten
34,90564,Sonny Stevens
35,105316,Doke Schmidt
36,108655,Mitchel Paulissen
37,238998,Issa Kallon
38,404191,Maxim Gullit
39,422858,Nick Doodeman
40,422861,Marco Tol
41,422863,Pieter Bos
42,425440,Jasper ter Heide
43,422859,Jhondly van der Meer
44,422857,Alex Bangura
45,351532,Mees Hoedemakers
