,ID,Name
0,422636,Philippe Rommens
1,408818,Ogechika Heil
2,288859,Gerrit Nauber
3,367779,Giannis-Foivos Botos
4,422635,Ragnar Oratmangoen
5,422641,Quiermo Dumay
6,331931,Justin Bakker
7,115650,Warner Hahn
8,134722,Bas Kuipers
9,252239,Andries Noppert
10,276442,Joris Kramer
11,422633,Mats Deijl
12,348647,Boyd Lucassen
13,357807,Martijn Berden
14,422637,Jay Idzes
15,344201,Iñigo Córdoba
16,331255,Marc Cardona
17,422639,Yacine Bourhane
18,422640,Job Schuurman
19,422634,Luuk Brouwers
20,110500,Felix Dornebusch
21,294844,Arianit Ferati
22,379697,Ryan Johansson
23,361694,Zian Flemming
24,366228,Richie Musaba
25,328549,Deroy Duarte
26,90830,Ben Rienstra
27,104982,Mats Seuntjens
28,422779,Stijn Hogervorst
29,409128,Nigel Lonwijk
30,243708,Yanick van Osch
31,334533,Emil Hansson
32,70598,Ivo Pinto
33,320513,Tesfaldet Tekie
34,122291,Martin Angha
35,380695,Bassala Sambou
36,422778,Samy Baghdadi
37,422780,Toshio Lake
38,423863,Tijanni Noslin
39,425412,Yigit Celtik
40,425413,Ruben van Kouwen
