,ID,Name
0,362459,Othmane Boussaid
1,344041,Moussa Sylla
2,302724,Eric Oelschlägel
3,393412,Remco Balk
4,329675,Maarten Paes
5,256971,Hidde ter Avest
6,261082,Bart Ramselaar
7,280289,Giovanni Troupée
8,14044,Eljero Elia
9,17491,Urby Emanuelson
10,89575,Adam Maher
11,110360,Sander van de Streek
12,123556,Joris van Overeem
13,141875,Gyrano Kerk
14,229520,Django Warmerdam
15,249686,Adrián Dalmau
16,283351,Simon Gustafson
17,312913,Emil Bergström
18,400823,Davy van den Berg
19,414501,Ruben Kluivert
20,382581,Fabian de Keijzer
21,382582,Tommy St. Jago
22,343390,Jorn Brondeel
23,383581,Mike Trésor
24,346731,Kwasi Okyere Wriedt
25,323531,Mats Köhlert
26,330514,Vangelis Pavlidis
27,332960,Victor van den Bogert
28,379600,Connor van den Berg
29,361791,Driess Saddiki
30,66462,Freek Heerkens
31,120444,Jordens Peters
32,124274,Sven van Beek
33,322083,Leeroy Owusu
34,109581,Pol Llonch
35,113079,Sebastian Holmén
36,379699,Lindon Selahi
37,400010,Derrick Köhn
38,400012,Wesley Spieringhs
39,400013,Jop van den Avert
40,402852,Ole Romeny
41,379599,Ché Nunnely
42,362426,Arijanet Muric
