,ID,Name
0,403495,Melih Ibrahimoglu
1,147910,Lucas Schoofs
2,367743,Noah Fadiga
3,401096,Mateo Leš
4,394980,Marco Rente
5,104885,Janis Blaswich
6,379731,Orestis Kiomourtzoglou
7,296650,Ismail Azzaoui
8,108935,Robin Pröpper
9,116684,Michael Brouwer
10,35160,Tim Breukers
11,140505,Rai Vloet
12,369095,Koen Bucker
13,369553,Mats Knoester
14,367737,Ahmed Kutucu
15,136302,Sinan Bakis
16,322406,Luca de la Torre
17,361875,Delano Burgzorg
18,379729,Adrian Szoke
19,393081,Giacomo Quagliata
20,395830,Kasper Lunding Jakobsen
21,400497,Elias Sierra-Cappelleti
22,280677,Zinedine Machach
23,303078,Leon Guwara
24,320799,Steffen Schäfer
25,80843,Lukas Schmitz
26,146718,Tobias Pachonik
27,35743,Thorsten Kirschbaum
28,347809,Georgios Giakoumakis
29,261267,Anastasios Donis
30,35953,Josua John
31,33662,Arjan Swinkels
32,34246,Christian Kum
33,254253,Jafar Arias
34,136164,Torino Hunte
35,285951,Delano van Crooij
36,361795,Yahcuroo Roemer
37,391286,Wassim Essanoussi
38,343311,Tristan Dekker
39,343314,Vito van Crooij
40,343315,Bram Verbong
41,344124,Danny Post
42,341715,Kristopher Da Graca
43,391973,Roy Gelmi
