,ID,Name
0,143815,Anas Tahiri
1,367742,Cyril Ngonge
2,379713,Lennerd Daneels
3,383972,Sebbe Augustijns
4,399608,Ahmed Touba
5,379712,Said Bakari
6,68850,Kostas Lamprou
7,345511,Vitalie Damascan
8,348644,Sylla Sow
9,322159,Finn Stokkers
10,92984,Ola John
11,23373,Hans Mulder
12,63885,Vurnon Anita
13,391284,Richard van der Venne
14,380703,Mike Grim
15,379706,Juriën Gaari
16,379707,Melle Meulensteen
17,379708,Paul Quasten
18,405003,Thijs Oosting
19,400276,Luuk Wouters
20,400278,Thierry Lutonda
21,400545,Shawn Adewoye
22,289252,Albert Gudmundsson
23,379783,Yukinari Sugawara
24,328550,Owen Wijndal
25,328987,Calvin Stengs
26,83824,Marco Bizot
27,90802,Jordy Clasie
28,90810,Bruno Martins Indi
29,90834,Hobie Verhulst
30,116641,Timo Letschert
31,36133,Ramon Leeuwin
32,391050,Mees Bakker
33,353695,Dani de Wit
34,357081,Myron Boadu
35,363875,Kenzo Goudmijn
36,373340,Zakaria Aboukhlal
37,80137,Fredrik Midtsjø
38,81247,Jonas Svensson
39,343382,Tijjani Reijnders
40,320614,Jesper Karlsson
41,356742,Håkon Evjen
42,409747,Jelle Duin
