,ID,Name
0,361880,Oussama Darfalou
1,345558,Tomas Hajek
2,330505,Idrissa Touré
3,115869,Oussama Tannane
4,141965,Jeroen Houwen
5,303076,Danilho Doekhi
6,34550,Remko Pasveer
7,96581,Thomas Bruns
8,401021,Enzo Cornelisse
9,409462,Noah Ohio
10,318295,Matús Bero
11,414485,Giovanni van Zwam
12,404389,Enrico Hernández
13,409126,Alois Dominik Oroz
14,363618,Loïs Openda
15,365426,Hilary Gong
16,372333,Bilal Bayazit
17,393407,Armando Broja
18,400281,Million Manhoef
19,400282,Daan Huisman
20,400244,Benson Manuel
21,104906,Thomas Lam
22,132420,Rico Strieder
23,24764,Reza Ghoochannejhad
24,369545,Yuta Nakayama
25,379595,Xavier Mous
26,231106,Kenneth Paal
27,279173,Pelle Clement
28,317693,Mike Hauptmeijer
29,361695,Thomas van den Belt
30,81962,Jesper Drost
31,97101,Mustafa Saymak
32,402068,Slobodan Tedic
33,404099,Samir Lagsir
34,404370,Rav van den Berg
35,408338,Daijiro Chirino
36,414488,Damian van Drenth
37,379596,Dean Huiberts
38,379597,Marc-Olivier Doué
