,ID,Name
0,329842,Thibaud Verlinden
1,342571,Samuel Moutoussamy
2,321391,Gregoire Amiot
3,77471,Sebastian Polter
4,391933,Lazaros Rota
5,410249,Dimitrios Emmanouilidis
6,34546,Piet Velthuizen
7,407647,Arian Kastrati
8,361694,Zian Flemming
9,362439,Clint Essers
10,369685,Nassim El Ablak
11,90830,Ben Rienstra
12,104982,Mats Seuntjens
13,120304,Leroy George
14,243708,Yanick van Osch
15,281508,Roel Janssen
16,334533,Emil Hansson
17,329684,Lisandro Semedo
18,320513,Tesfaldet Tekie
19,122291,Martin Angha
20,383604,George Cox
21,391953,Mike van Beijnen
22,400060,Joshua Wehking
23,302644,Dario Dumic
24,364014,Issah Abass
25,29281,Wout Brama
26,69525,Luciano Narsingh
27,247849,Queensy Menig
28,275012,Joël Drommel
29,379702,Jesse Bosch
30,379703,Jeffrey de Lange
31,387682,Ennio van der Gouw
32,400056,Nathangelo Markelo
33,400058,Thijs van Leeuwen
34,400059,Gijs Smal
35,357080,Godfried Roemeratoe
36,232248,Tyronne Ebuehi
37,361898,Luka Ilic
38,402819,Mees Hilgers
39,405560,Daan Rots
40,406780,Max Bruns
41,367522,Danilo
42,379701,Ramiz Zerrouki
