,ID,Name
0,400119,Sekou Sidibe
1,244455,Michael Chacón
2,400117,Denis Granecny
3,400115,Lucas Bernadou
4,80426,Felix Wiedwald
5,108283,Caner Cavlan
6,109109,Ricardo van Rhijn
7,112534,Stefan van der Lei
8,113087,Hilal Ben Moussa
9,121666,Nick Bakker
10,245626,Glenn Bijl
11,302776,Keziah Veendorp
12,30121,Anco Jansen
13,68590,Dennis Telgenkamp
14,69458,Ferhat Görgülü
15,77725,Michael de Leeuw
16,125157,Miguel Araujo
17,125170,Sergio Peña
18,400118,Lentini Caciano
19,402024,Luciano Carty
20,399366,Behadil Sabani
21,328330,Marcos Senesi
22,24260,Eric Botteghin
23,329941,Ramón ten Hove
24,345303,Tyrell Malacia
25,345441,Lutsharel Geertruida
26,43004,Bryan Linssen
27,69525,Luciano Narsingh
28,82401,Jens Toornstra
29,89793,Nick Marsman
30,89794,Steven Berghuis
31,115863,Mark Diemers
32,122398,Ridgeciano Haps
33,297527,Bart Nieuwkoop
34,361877,Jordy Wehrmann
35,373113,Naoufal Bannis
36,127920,Uros Spajic
37,355870,Orkun Kökcü
38,380696,George Johnston
39,404937,Thijs Jansen
