,ID,Name
0,346767,Mauro Júnior
1,260809,Olivier Boscagli
2,320000,Adrian Fein
3,80382,Mario Götze
4,90235,Lars Unnerstall
5,142466,Philipp Max
6,44096,Eran Zahavi
7,351354,Donyell Malen
8,361839,Jordan Teze
9,137327,Ryan Thomas
10,103542,Yvon Mvogo
11,389935,Noni Madueke
12,328075,Ibrahim Sangaré
13,404226,Luis Felipe
14,404776,Ismael Saibari
15,404777,Mathias Kjølø
16,369107,Mohamed Ihattaren
17,386631,Richard Ledezma
18,298718,Dante Rigo
19,310680,Samy Bourard
20,365407,Amar Catic
21,121244,Nikolaos Karelis
22,384871,Ilay Elmkies
23,118137,Dario Del Fabro
24,120312,Robert Zwinkels
25,148512,Bilal Ould-Chikh
26,321869,Lassana Faye
27,347191,Shaquille Pinas
28,301457,Luuk Koopmans
29,379760,Milan van Ewijk
30,379764,Youri Schoonderwaldt
31,40342,Michiel Kramer
32,67062,John Goossens
33,372331,Andrei Ratiu
34,384395,Jonas Arweiler
35,389479,Boy Kemper
36,400171,Kees de Boer
37,400173,Jamal Amofa
38,401071,David Lennart Philipp
39,402120,Pascu
