,ID,Name
0,96615,Benjamin van Leer
1,124105,Michael Heylen
2,71267,Jeffry Fortes
3,84195,Lennart Thy
4,400163,Emanuel Emegha
5,90636,Tom Beugelsdijk
6,31238,Aaron Meijers
7,44145,Bart Vriends
8,133961,Danzell Gravenberch
9,328549,Deroy Duarte
10,349895,Abdou Harroui
11,351721,Michael Fabrie
12,361878,Wouter Burger
13,379741,Dirk Abels
14,379742,Laros Duarte
15,383560,Sven Mijnans
16,322776,Mica Pinto
17,403844,Delano Vianello
18,392339,Maduka Okoye
19,367190,Sieben Dewaele
20,389378,Oliver Batista Meier
21,379734,Hamdi Akujobi
22,382556,Joey Veerman
23,322157,Sherel Floranus
24,342814,Rodney Kongolo
25,365402,Jan Paul van Hecke
26,34171,Erwin Mulder
27,136066,Lucas Woudenberg
28,261017,Henk Veerman
29,296543,Jan Bekkema
30,301423,Mitchell van Bergen
31,142376,Pawel Bochniewicz
32,321192,Ibrahim Dresevic
33,371073,Rami Hajal
34,399618,Benjamin Nygren
35,394864,Ulysses Llanez Jr
36,389128,Rein Smit
37,400007,Jaimy Kroesen
38,400009,Couhaib Driouech
39,402735,Joaquín Fernández
