,ID,Name
0,300755,Pantelis Hatzidiakos
1,289252,Albert Gudmundsson
2,379783,Yukinari Sugawara
3,400978,Beau Reus
4,36133,Ramon Leeuwin
5,83824,Marco Bizot
6,90810,Bruno Martins Indi
7,90834,Hobie Verhulst
8,116641,Timo Letschert
9,328550,Owen Wijndal
10,328987,Calvin Stengs
11,343308,Teun Koopmeiners
12,351310,Ferdy Druijf
13,353695,Dani de Wit
14,357081,Myron Boadu
15,373340,Zakaria Aboukhlal
16,80137,Fredrik Midtsjø
17,81247,Jonas Svensson
18,320614,Jesper Karlsson
19,356742,Håkon Evjen
20,343382,Tijjani Reijnders
21,404191,Maxim Gullit
22,405003,Thijs Oosting
23,143815,Anas Tahiri
24,367742,Cyril Ngonge
25,379713,Lennerd Daneels
26,399608,Ahmed Touba
27,379712,Said Bakari
28,68850,Kostas Lamprou
29,400277,Nicolas Olsak
30,345511,Vitalie Damascan
31,386605,Ayman Azhil
32,391284,Richard van der Venne
33,380703,Mike Grim
34,348644,Sylla Sow
35,365160,Lars Nieuwpoort
36,322159,Finn Stokkers
37,379705,Etienne Vaessen
38,379706,Juriën Gaari
39,379707,Melle Meulensteen
40,379708,Paul Quasten
41,63885,Vurnon Anita
42,92984,Ola John
43,400276,Luuk Wouters
