,ID,Name
0,147910,Lucas Schoofs
1,367743,Noah Fadiga
2,401096,Mateo Leš
3,394980,Marco Rente
4,243161,Daniel Mesenhöler
5,361778,Silvester van der Water
6,35160,Tim Breukers
7,108935,Robin Pröpper
8,140505,Rai Vloet
9,142242,Jeff Hardeveld
10,400170,Rohat Agca
11,383580,Jeremy Cijntje
12,369095,Koen Bucker
13,369553,Mats Knoester
14,136302,Sinan Bakis
15,322406,Luca de la Torre
16,361875,Delano Burgzorg
17,379729,Adrian Szöke
18,379730,Teun Bijleveld
19,393081,Giacomo Quagliata
20,328686,Daniel Arzani
21,362459,Othmane Boussaid
22,344041,Moussa Sylla
23,302724,Eric Oelschlägel
24,303078,Leon Guwara
25,312702,Justin Hoogma
26,315574,Thijmen Nijhuis
27,363872,Christopher Mamengi
28,14044,Eljero Elia
29,17491,Urby Emanuelson
30,22842,Willem Janssen
31,39726,Mark van der Maarel
32,89575,Adam Maher
33,110360,Sander van de Streek
34,123556,Joris van Overeem
35,141875,Gyrano Kerk
36,229520,Django Warmerdam
37,261082,Bart Ramselaar
38,280289,Giovanni Troupée
39,329675,Maarten Paes
40,283351,Simon Gustafson
41,382582,Tommy St. Jago
42,400823,Davy van den Berg
