,ID,Name
0,83809,Nicolás Tagliafico
1,340105,Lisandro Martínez
2,364315,Antony
3,326505,David Neres
4,400166,Mohammed Kudus
5,322696,Edson Álvarez
6,349932,Noussair Mazraoui
7,83337,Zakaria Labyad
8,299321,Oussama Idrissi
9,4065,Maarten Stekelenburg
10,108860,Davy Klaassen
11,135271,Sean Klaiber
12,355963,Jurgen Ekkelenkamp
13,361867,Kjell Scherpen
14,362732,Perr Schuurs
15,363884,Ryan Gravenberch
16,29474,Dusan Tadic
17,236544,Sébastien Haller
18,373291,Lassina Traoré
19,388650,Jurriën Timber
20,400165,Devyne Rensch
21,404568,Brian Brobbey
22,413209,Daan Reiziger
23,125093,Marko Kolar
24,227870,Nikolai Laursen
25,400115,Lucas Bernadou
26,68590,Dennis Telgenkamp
27,69458,Ferhat Görgülü
28,77725,Michael de Leeuw
29,108283,Caner Cavlan
30,112534,Stefan van der Lei
31,113087,Hilal Ben Moussa
32,288873,Paul Gladon
33,298805,Michael Verrips
34,302776,Keziah Veendorp
35,302883,Robbert de Vos
36,408339,Ben Scholte
37,245626,Glenn Bijl
38,400053,Jean-Pierre Rhyner
39,409449,Didier La Torre
40,125157,Miguel Araujo
41,125170,Sergio Peña
42,345544,Luka Adzic
43,259802,Simon Tibbling
44,106336,Kerim Frei
45,409129,Jari Vlak
