,ID,Name
0,379185,Martin Fraisl
1,365407,Amar Catic
2,401099,Tomislav Gomelt
3,19499,Gianni Zuiverloon
4,40342,Michiel Kramer
5,67062,John Goossens
6,83442,Youness Mokhtar
7,301457,Luuk Koopmans
8,303113,Abdenasser El Khayati
9,347191,Shaquille Pinas
10,379760,Milan van Ewijk
11,382238,Bobby Adekanye
12,384395,Jonas Arweiler
13,389479,Boy Kemper
14,400171,Kees de Boer
15,400172,Vicente Besuijen
16,401071,David Lennart Philipp
17,402120,Pascu
18,403820,Juan Familia-Castillo
19,406755,Jonathan Mulder
20,411014,Cain Seedorf
21,411954,Xander Severina
22,37360,Lucas Pratto
23,328330,Marcos Senesi
24,24260,Eric Botteghin
25,361879,Luis Sinisterra
26,72595,Nicolai Jørgensen
27,82401,Jens Toornstra
28,89793,Nick Marsman
29,115863,Mark Diemers
30,122398,Ridgeciano Haps
31,35174,Leroy Fer
32,43004,Bryan Linssen
33,329941,Ramón ten Hove
34,345303,Tyrell Malacia
35,345441,Lutsharel Geertruida
36,302709,Justin Bijlow
37,142352,João Teixeira
38,127920,Uros Spajic
39,376967,Robert Bozenik
40,355870,Orkun Kökcü
41,384253,Achraf El Bouchataoui
