,ID,Name
0,369525,Ko Itakura
1,141265,Ahmed El Messaoudi
2,255970,Wessel Dammers
3,298493,Patrick Joosten
4,4173,Arjen Robben
5,33002,Bart van Hintum
6,68854,Sergio Padt
7,91123,Mike te Wierik
8,137368,Damil Dankerlui
9,371293,Jan de Boer
10,379687,Thijs Dallinga
11,321871,Mo El Hankouri
12,355960,Azor Matusiwa
13,364306,Daniël van Kaam
14,333048,Jørgen Strand Larsen
15,320941,Per Kristian Bråtveit
16,322086,Ramon Pascal Lundqvist
17,387049,Miguel Angel Leal
18,391047,Tomas Suslov
19,406537,Paulos Abraham
20,96615,Benjamin van Leer
21,124105,Michael Heylen
22,225522,Mario Engels
23,84195,Lennart Thy
24,25037,Adil Auassar
25,31238,Aaron Meijers
26,44145,Bart Vriends
27,77706,Bryan Smeets
28,328549,Deroy Duarte
29,349895,Abdou Harroui
30,351721,Michael Fabrie
31,361878,Wouter Burger
32,379741,Dirk Abels
33,379742,Laros Duarte
34,383560,Sven Mijnans
35,90636,Tom Beugelsdijk
36,400163,Emanuel Emegha
37,406754,Reda Kharchouch
38,322776,Mica Pinto
39,392339,Maduka Okoye
40,403844,Delano Vianello
