,ID,Name
0,260809,Olivier Boscagli
1,320000,Adrian Fein
2,90235,Lars Unnerstall
3,80382,Mario Götze
4,142466,Philipp Max
5,44096,Eran Zahavi
6,70906,Nick Viergever
7,85470,Marco van Ginkel
8,329647,Pablo Rosario
9,345333,Armando Obispo
10,351354,Donyell Malen
11,352825,Cody Gakpo
12,361839,Jordan Teze
13,369542,Joël Piroe
14,103542,Yvon Mvogo
15,389935,Noni Madueke
16,328075,Ibrahim Sangaré
17,400273,Maxime Delanghe
18,408059,Yorbe Vertessen
19,367190,Sieben Dewaele
20,404764,Tibor Halilovic
21,22300,Lasse Schöne
22,389378,Oliver Batista Meier
23,56828,Ariel Harush
24,136066,Lucas Woudenberg
25,32196,Siem de Jong
26,34171,Erwin Mulder
27,296543,Jan Bekkema
28,301423,Mitchell van Bergen
29,379734,Hamdi Akujobi
30,369119,Arjen van der Heide
31,322157,Sherel Floranus
32,342814,Rodney Kongolo
33,365402,Jan Paul van Hecke
34,142376,Pawel Bochniewicz
35,321192,Ibrahim Dresevic
36,321193,Rami Kaib
37,371073,Rami Hajal
38,399618,Benjamin Nygren
39,389128,Rein Smit
40,409160,Syb van Ottele
