,ID,Name
0,328686,Daniel Arzani
1,362459,Othmane Boussaid
2,303078,Leon Guwara
3,333527,Odysseus Velanas
4,315574,Thijmen Nijhuis
5,312702,Justin Hoogma
6,329675,Maarten Paes
7,14044,Eljero Elia
8,17491,Urby Emanuelson
9,39726,Mark van der Maarel
10,89575,Adam Maher
11,110360,Sander van de Streek
12,141875,Gyrano Kerk
13,229520,Django Warmerdam
14,238997,Mimoun Mahi
15,261082,Bart Ramselaar
16,280289,Giovanni Troupée
17,283351,Simon Gustafson
18,312913,Emil Bergström
19,382582,Tommy St. Jago
20,367190,Sieben Dewaele
21,389378,Oliver Batista Meier
22,369119,Arjen van der Heide
23,379734,Hamdi Akujobi
24,382556,Joey Veerman
25,261017,Henk Veerman
26,296543,Jan Bekkema
27,301423,Mitchell van Bergen
28,34171,Erwin Mulder
29,136066,Lucas Woudenberg
30,322157,Sherel Floranus
31,342814,Rodney Kongolo
32,365402,Jan-Paul van Hecke
33,142376,Pawel Bochniewicz
34,321192,Ibrahim Dresevic
35,371073,Rami Hajal
36,394864,Ulysses Llanez Jr
37,400007,Jaimy Kroesen
38,402735,Joaquín Fernández
39,389128,Rein Smit
