,ID,Name
0,96615,Benjamin van Leer
1,124105,Michael Heylen
2,71267,Jeffry Fortes
3,225522,Mario Engels
4,84195,Lennart Thy
5,25037,Adil Auassar
6,31238,Aaron Meijers
7,77706,Bryan Smeets
8,90636,Tom Beugelsdijk
9,133961,Danzell Gravenberch
10,328549,Deroy Duarte
11,349895,Abdou Harroui
12,351721,Michael Fabrie
13,361878,Wouter Burger
14,379741,Dirk Abels
15,379742,Laros Duarte
16,383560,Sven Mijnans
17,406754,Reda Kharchouch
18,409075,Jason Meerstadt
19,322776,Mica Pinto
20,392339,Maduka Okoye
21,403844,Delano Vianello
22,104906,Thomas Lam
23,24764,Reza Ghoochannejhad
24,369545,Yuta Nakayama
25,34108,Bram van Polen
26,81962,Jesper Drost
27,96626,Nigel Bertrams
28,100608,Mike van Duinen
29,120454,Virgil Misidjan
30,231106,Kenneth Paal
31,279173,Pelle Clement
32,317693,Mike Hauptmeijer
33,352844,Thomas Buitink
34,361695,Thomas van den Belt
35,365152,Eliano Reijnders
36,367257,Destan Bajselmani
37,379595,Xavier Mous
38,380731,Sam Kersten
39,394981,Immanuel Pherai
40,402068,Slobodan Tedic
41,404370,Rav van den Berg
42,408338,Daijiro Chirino
43,379596,Dean Huiberts
44,379597,Marc-Olivier Doué
