,ID,Name
0,383581,Mike Trésor
1,279751,Görkem Saglam
2,323531,Mats Köhlert
3,346731,Kwasi Okyere Wriedt
4,330514,Vangelis Pavlidis
5,410324,Ian Smeulers
6,332960,Victor van den Bogert
7,361791,Driess Saddiki
8,322083,Leeroy Owusu
9,124274,Sven van Beek
10,379600,Connor van den Berg
11,379601,Rick Zuijderwijk
12,109581,Pol Llonch
13,113079,Sebastian Holmén
14,379699,Lindon Selahi
15,379599,Ché Nunnely
16,400010,Derrick Köhn
17,400012,Wesley Spieringhs
18,400013,Jop van den Avert
19,402852,Ole Romeny
20,405831,Maarten Schut
21,362426,Arijanet Muric
22,289252,Albert Gudmundsson
23,379783,Yukinari Sugawara
24,391050,Mees Bakker
25,328550,Owen Wijndal
26,343308,Teun Koopmeiners
27,353695,Dani de Wit
28,357081,Myron Boadu
29,363875,Kenzo Goudmijn
30,373340,Zakaria Aboukhlal
31,36133,Ramon Leeuwin
32,83824,Marco Bizot
33,90802,Jordy Clasie
34,90810,Bruno Martins Indi
35,90834,Hobie Verhulst
36,116641,Timo Letschert
37,80137,Fredrik Midtsjø
38,81247,Jonas Svensson
39,356742,Håkon Evjen
40,343382,Tijjani Reijnders
41,320614,Jesper Karlsson
42,409747,Jelle Duin
