,ID,Name
0,280677,Zinedine Machach
1,320799,Steffen Schäfer
2,35743,Thorsten Kirschbaum
3,146718,Tobias Pachonik
4,261267,Anastasios Donis
5,347809,Georgios Giakoumakis
6,343311,Tristan Dekker
7,343314,Vito van Crooij
8,343315,Bram Verbong
9,361795,Yahcuroo Roemer
10,362570,Simon Janssen
11,391286,Wassim Essanoussi
12,285951,Delano van Crooij
13,254253,Jafar Arias
14,33662,Arjan Swinkels
15,34246,Christian Kum
16,35953,Josua John
17,74627,Guus Hupperts
18,136164,Torino Hunte
19,341715,Kristopher Da Graca
20,391973,Roy Gelmi
21,400120,Nezar S'Rifi
22,402816,Lars Nabbe
23,363735,Sam Schreck
24,369525,Ko Itakura
25,141265,Ahmed El Messaoudi
26,255970,Wessel Dammers
27,290832,Alessio Da Cruz
28,298493,Patrick Joosten
29,33002,Bart van Hintum
30,68854,Sergio Padt
31,91123,Mike te Wierik
32,137368,Damil Dankerlui
33,364306,Daniël van Kaam
34,321871,Mo El Hankouri
35,371293,Jan de Boer
36,391304,Joël van Kaam
37,355960,Azor Matusiwa
38,333048,Jørgen Strand Larsen
39,320941,Per Kristian Bråtveit
40,330549,Gabriel Gudmundsson
41,406537,Paulos Abraham
42,387049,Miguel Angel Leal
43,391047,Tomas Suslov
