,ID,Name
0,302644,Dario Dumic
1,364014,Issah Abass
2,327903,Kik Pierie
3,357080,Godfried Roemeratoe
4,69525,Luciano Narsingh
5,247849,Queensy Menig
6,275012,Joël Drommel
7,379702,Jesse Bosch
8,379703,Jeffrey de Lange
9,387682,Ennio van der Gouw
10,400055,Jayden Oosterwolde
11,400056,Nathangelo Markelo
12,400058,Thijs van Leeuwen
13,400059,Gijs Smal
14,232248,Tyronne Ebuehi
15,361898,Luka Ilic
16,367522,Danilo
17,379701,Ramiz Zerrouki
18,405560,Daan Rots
19,406780,Max Bruns
20,400057,Casper Staring
21,361880,Oussama Darfalou
22,345558,Tomas Hajek
23,319922,Jacob Rasmussen
24,226599,Maximilian Wittek
25,130917,Eli Dasa
26,115869,Oussama Tannane
27,133959,Riechedly Bazoer
28,141965,Jeroen Houwen
29,303076,Danilho Doekhi
30,96581,Thomas Bruns
31,112719,Sondre Tronstad
32,318295,Matús Bero
33,363618,Loïs Openda
34,365426,Hilary Gong
35,372333,Bilal Bayazit
36,380663,Patrick Vroegh
37,393407,Armando Broja
38,400282,Daan Huisman
39,409126,Alois Dominik Oroz
