,ID,Name
0,280677,Zinedine Machach
1,80843,Lukas Schmitz
2,35743,Thorsten Kirschbaum
3,320799,Steffen Schäfer
4,347809,Georgios Giakoumakis
5,343311,Tristan Dekker
6,343314,Vito van Crooij
7,343315,Bram Verbong
8,344124,Danny Post
9,355961,Evert Linthorst
10,361793,Aaron Bastiaans
11,361795,Yahcuroo Roemer
12,363052,Stan van Dijck
13,391286,Wassim Essanoussi
14,35953,Josua John
15,74627,Guus Hupperts
16,33662,Arjan Swinkels
17,34246,Christian Kum
18,254253,Jafar Arias
19,285951,Delano van Crooij
20,391973,Roy Gelmi
21,400120,Nezar S'Rifi
22,402816,Lars Nabbe
23,298718,Dante Rigo
24,310680,Samy Bourard
25,365407,Amar Catic
26,384871,Ilay Elmkies
27,118137,Dario Del Fabro
28,120312,Robert Zwinkels
29,148512,Bilal Ould-Chikh
30,276402,Peet Bijen
31,321869,Lassana Faye
32,347191,Shaquille Pinas
33,301457,Luuk Koopmans
34,40342,Michiel Kramer
35,67062,John Goossens
36,379760,Milan van Ewijk
37,379764,Youri Schoonderwaldt
38,372331,Andrei Ratiu
39,384395,Jonas Arweiler
40,389479,Boy Kemper
41,400171,Kees de Boer
42,400172,Vicente Besuijen
43,401071,David Lennart Philipp
