,ID,Name
0,302644,Dario Dumic
1,291964,Vaclav Cerny
2,308754,Lazaros Lamprou
3,29281,Wout Brama
4,247849,Queensy Menig
5,275012,Joël Drommel
6,327903,Kik Pierie
7,357080,Godfried Roemeratoe
8,379702,Jesse Bosch
9,379703,Jeffrey de Lange
10,387682,Ennio Van der Gouw
11,400055,Jayden Oosterwolde
12,400056,Nathangelo Markelo
13,400058,Thijs van Leeuwen
14,400059,Gijs Smal
15,232248,Tyronne Ebuehi
16,318754,Julio Pleguezuelo
17,367522,Danilo
18,379699,Lindon Selahi
19,379701,Ramiz Zerrouki
20,402819,Mees Hilgers
21,400119,Sekou Sidibe
22,244455,Michael Chacón
23,125093,Marko Kolar
24,400117,Denis Granecny
25,227870,Nikolai Laursen
26,400115,Lucas Bernadou
27,245626,Glenn Bijl
28,30121,Anco Jansen
29,68590,Dennis Telgenkamp
30,69458,Ferhat Görgülü
31,77725,Michael de Leeuw
32,108283,Caner Cavlan
33,112534,Stefan van der Lei
34,113087,Hilal Ben Moussa
35,121666,Nick Bakker
36,302776,Keziah Veendorp
37,380635,Robin Jalving
38,125157,Miguel Araujo
39,125170,Sergio Peña
40,259802,Simon Tibbling
41,254684,Desevio Payne
42,400118,Lentini Caciano
