,ID,Name
0,361880,Oussama Darfalou
1,345558,Tomas Hajek
2,226599,Maximilian Wittek
3,330505,Idrissa Touré
4,130917,Eli Dasa
5,115869,Oussama Tannane
6,303076,Danilho Doekhi
7,133959,Riechedly Bazoer
8,141965,Jeroen Houwen
9,34550,Remko Pasveer
10,96581,Thomas Bruns
11,401021,Enzo Cornelisse
12,352844,Thomas Buitink
13,318295,Matús Bero
14,363618,Loïs Openda
15,365426,Hilary Gong
16,380663,Patrick Vroegh
17,393407,Armando Broja
18,400281,Million Manhoef
19,400282,Daan Huisman
20,147910,Lucas Schoofs
21,401096,Mateo Leš
22,243161,Daniel Mesenhöler
23,394980,Marco Rente
24,379731,Orestis Kiomourtzoglou
25,35160,Tim Breukers
26,108935,Robin Pröpper
27,116684,Michael Brouwer
28,383580,Jeremy Cijntje
29,369095,Koen Bucker
30,369553,Mats Knoester
31,361778,Silvester van der Water
32,140505,Rai Vloet
33,142242,Jeff Hardeveld
34,136302,Sinan Bakis
35,322406,Luca de la Torre
36,361875,Delano Burgzorg
37,379729,Adrian Szöke
38,379730,Teun Bijleveld
39,393081,Giacomo Quagliata
