,ID,Name
0,260809,Olivier Boscagli
1,320000,Adrian Fein
2,80382,Mario Götze
3,90235,Lars Unnerstall
4,141328,Timo Baumgartl
5,142466,Philipp Max
6,44096,Eran Zahavi
7,137460,Erick Gutiérrez
8,369542,Joël Piroe
9,70906,Nick Viergever
10,85470,Marco van Ginkel
11,322153,Denzel Dumfries
12,329647,Pablo Rosario
13,345333,Armando Obispo
14,351354,Donyell Malen
15,352825,Cody Gakpo
16,361839,Jordan Teze
17,103542,Yvon Mvogo
18,389935,Noni Madueke
19,328075,Ibrahim Sangaré
20,369107,Mohamed Ihattaren
21,402876,Vincent Müller
22,403495,Melih Ibrahimoglu
23,147910,Lucas Schoofs
24,367743,Noah Fadiga
25,401096,Mateo Leš
26,104885,Janis Blaswich
27,394980,Marco Rente
28,379731,Orestis Kiomourtzoglou
29,35160,Tim Breukers
30,108935,Robin Pröpper
31,116684,Michael Brouwer
32,369095,Koen Bucker
33,369553,Mats Knoester
34,140505,Rai Vloet
35,142242,Jeff Hardeveld
36,136302,Sinan Bakis
37,322406,Luca de la Torre
38,361875,Delano Burgzorg
39,379729,Adrian Szoke
40,379730,Teun Bijleveld
41,393081,Giacomo Quagliata
42,395830,Kasper Lunding Jakobsen
43,400497,Elias Sierra-Cappelleti
