,ID,Name
0,24260,Eric Botteghin
1,35174,Leroy Fer
2,43004,Bryan Linssen
3,82401,Jens Toornstra
4,89793,Nick Marsman
5,89794,Steven Berghuis
6,115863,Mark Diemers
7,122398,Ridgeciano Haps
8,302709,Justin Bijlow
9,329941,Ramón ten Hove
10,345303,Tyrell Malacia
11,345441,Lutsharel Geertruida
12,142352,João Teixeira
13,127920,Uros Spajic
14,376967,Robert Bozenik
15,384253,Achraf El Bouchataoui
16,411680,Aliou Balde
17,412891,Keyennu Lont
18,255946,Dario Van den Buijs
19,329842,Thibaud Verlinden
20,391257,Mickael Tirpan
21,342571,Samuel Moutoussamy
22,77471,Sebastian Polter
23,391933,Lazaros Rota
24,410249,Dimitrios Emmanouilidis
25,407647,Arian Kastrati
26,90830,Ben Rienstra
27,104982,Mats Seuntjens
28,120304,Leroy George
29,281508,Roel Janssen
30,34546,Piet Velthuizen
31,361694,Zian Flemming
32,362439,Clint Essers
33,243708,Yanick van Osch
34,334533,Emil Hansson
35,329684,Lisandro Semedo
36,320513,Tesfaldet Tekie
37,122291,Martin Angha
38,383604,George Cox
39,391953,Mike van Beijnen
40,400060,Joshua Wehking
