,ID,Name
0,404764,Tibor Halilovic
1,22300,Lasse Schöne
2,389378,Oliver Batista Meier
3,56828,Ariel Harush
4,382556,Joey Veerman
5,136066,Lucas Woudenberg
6,32196,Siem de Jong
7,34171,Erwin Mulder
8,261017,Henk Veerman
9,296543,Jan Bekkema
10,301423,Mitchell van Bergen
11,322157,Sherel Floranus
12,342814,Rodney Kongolo
13,365402,Jan Paul van Hecke
14,369119,Arjen van der Heide
15,142376,Pawel Bochniewicz
16,321192,Ibrahim Dresevic
17,321193,Rami Kaib
18,371073,Rami Hajal
19,399618,Benjamin Nygren
20,409160,Syb van Ottele
21,83809,Nicolás Tagliafico
22,340105,Lisandro Martínez
23,364315,Antony
24,326505,David Neres
25,400166,Mohammed Kudus
26,322696,Edson Álvarez
27,299321,Oussama Idrissi
28,108860,Davy Klaassen
29,4065,Maarten Stekelenburg
30,355963,Jurgen Ekkelenkamp
31,361867,Kjell Scherpen
32,362732,Perr Schuurs
33,363884,Ryan Gravenberch
34,401122,Kenneth Taylor
35,29474,Dusan Tadic
36,236544,Sébastien Haller
37,365432,Dominik Kotarski
38,373291,Lassina Traoré
39,388650,Jurriën Timber
40,400165,Devyne Rensch
41,404568,Brian Brobbey
42,412907,Neraysho Kasanwirjo
