,ID,Name
0,227870,Nikolai Laursen
1,400115,Lucas Bernadou
2,80426,Felix Wiedwald
3,68590,Dennis Telgenkamp
4,69458,Ferhat Görgülü
5,77725,Michael de Leeuw
6,108283,Caner Cavlan
7,109109,Ricardo van Rhijn
8,113087,Hilal Ben Moussa
9,121666,Nick Bakker
10,245626,Glenn Bijl
11,288873,Paul Gladon
12,298805,Michael Verrips
13,302776,Keziah Veendorp
14,302883,Robbert de Vos
15,125157,Miguel Araujo
16,125170,Sergio Peña
17,400053,Jean-Pierre Rhyner
18,409449,Didier La Torre
19,345544,Luka Adzic
20,259802,Simon Tibbling
21,106336,Kerim Frei
22,409129,Jari Vlak
23,143815,Anas Tahiri
24,367742,Cyril Ngonge
25,379713,Lennerd Daneels
26,383972,Sebbe Augustijns
27,399608,Ahmed Touba
28,379712,Said Bakari
29,68850,Kostas Lamprou
30,345511,Vitalie Damascan
31,386605,Ayman Azhil
32,391284,Richard van der Venne
33,405003,Thijs Oosting
34,348644,Sylla Sow
35,365160,Lars Nieuwpoort
36,322159,Finn Stokkers
37,92984,Ola John
38,63885,Vurnon Anita
39,380703,Mike Grim
40,379705,Etienne Vaessen
41,379706,Juriën Gaari
42,379707,Melle Meulensteen
43,379708,Paul Quasten
44,400278,Thierry Lutonda
45,400545,Shawn Adewoye
