,ID,Name
0,379185,Martin Fraisl
1,365407,Amar Catic
2,401099,Tomislav Gomelt
3,67062,John Goossens
4,67063,Marko Vejinovic
5,141725,Ricardo Kishna
6,148512,Bilal Ould-Chikh
7,301457,Luuk Koopmans
8,347191,Shaquille Pinas
9,379760,Milan van Ewijk
10,382238,Bobby Adekanye
11,384395,Jonas Arweiler
12,389479,Boy Kemper
13,400171,Kees de Boer
14,400172,Vicente Besuijen
15,401071,David Lennart Philipp
16,402120,Pascu
17,403820,Juan Familia-Castillo
18,406755,Jonathan Mulder
19,411014,Cain Seedorf
20,411954,Xander Severina
21,412899,Silvinho Esajas
22,362459,Othmane Boussaid
23,344041,Moussa Sylla
24,302724,Eric Oelschlägel
25,315574,Thijmen Nijhuis
26,329675,Maarten Paes
27,256971,Hidde ter Avest
28,261082,Bart Ramselaar
29,280289,Giovanni Troupée
30,14044,Eljero Elia
31,17491,Urby Emanuelson
32,22842,Willem Janssen
33,39726,Mark van der Maarel
34,89575,Adam Maher
35,110360,Sander van de Streek
36,123556,Joris van Overeem
37,141875,Gyrano Kerk
38,229520,Django Warmerdam
39,238997,Mimoun Mahi
40,249686,Adrián Dalmau
41,283351,Simon Gustafson
42,312913,Emil Bergström
43,409052,Benaissa Benamar
