,ID,Name
0,96615,Benjamin van Leer
1,124105,Michael Heylen
2,71267,Jeffry Fortes
3,225522,Mario Engels
4,84195,Lennart Thy
5,25037,Adil Auassar
6,31238,Aaron Meijers
7,44145,Bart Vriends
8,77706,Bryan Smeets
9,90636,Tom Beugelsdijk
10,133961,Danzell Gravenberch
11,328549,Deroy Duarte
12,349895,Abdou Harroui
13,351721,Michael Fabrie
14,361878,Wouter Burger
15,379741,Dirk Abels
16,379742,Laros Duarte
17,383560,Sven Mijnans
18,400163,Emanuel Emegha
19,322776,Mica Pinto
20,406754,Reda Kharchouch
21,392339,Maduka Okoye
22,244455,Michael Chacón
23,125093,Marko Kolar
24,227870,Nikolai Laursen
25,400115,Lucas Bernadou
26,80426,Felix Wiedwald
27,30121,Anco Jansen
28,68590,Dennis Telgenkamp
29,69458,Ferhat Görgülü
30,77725,Michael de Leeuw
31,108283,Caner Cavlan
32,109109,Ricardo van Rhijn
33,112534,Stefan van der Lei
34,113087,Hilal Ben Moussa
35,121666,Nick Bakker
36,302776,Keziah Veendorp
37,245626,Glenn Bijl
38,125157,Miguel Araujo
39,125170,Sergio Peña
40,259802,Simon Tibbling
41,400118,Lentini Caciano
42,142078,Donis Avdijaj
