,ID,Name
0,369525,Ko Itakura
1,141265,Ahmed El Messaoudi
2,255970,Wessel Dammers
3,298493,Patrick Joosten
4,321871,Mo El Hankouri
5,33002,Bart van Hintum
6,68854,Sergio Padt
7,96626,Nigel Bertrams
8,137368,Damil Dankerlui
9,371293,Jan de Boer
10,381718,Romano Postema
11,391304,Joël van Kaam
12,393412,Remco Balk
13,355960,Azor Matusiwa
14,364306,Daniel van Kaam
15,333048,Jørgen Strand Larsen
16,322086,Ramon Pascal Lundqvist
17,383640,Leonel Miguel
18,387049,Miguel Angel Leal
19,391047,Tomas Suslov
20,391049,Thomas Poll
21,83809,Nicolás Tagliafico
22,340105,Lisandro Martínez
23,364315,Antony
24,326505,David Neres
25,260843,André Onana
26,322696,Edson Álvarez
27,349932,Noussair Mazraoui
28,83337,Zakaria Labyad
29,4065,Maarten Stekelenburg
30,8013,Klaas Jan Huntelaar
31,135271,Sean Klaiber
32,70033,Daley Blind
33,83333,Quincy Promes
34,355963,Jurgen Ekkelenkamp
35,361867,Kjell Scherpen
36,362732,Perr Schuurs
37,363884,Ryan Gravenberch
38,401122,Kenneth Taylor
39,29474,Dusan Tadic
40,373291,Lassina Traoré
41,388650,Jurrien Timber
