,ID,Name
0,346767,Mauro Júnior
1,361838,Michal Sadilek
2,260809,Olivier Boscagli
3,90235,Lars Unnerstall
4,44096,Eran Zahavi
5,70906,Nick Viergever
6,322153,Denzel Dumfries
7,329647,Pablo Rosario
8,133305,Jorrit Hendrix
9,351354,Donyell Malen
10,352825,Cody Gakpo
11,361839,Jordan Teze
12,369542,Joël Piroe
13,137327,Ryan Thomas
14,103542,Yvon Mvogo
15,389935,Noni Madueke
16,402876,Vincent Müller
17,379785,Adnan Ugur
18,260811,Djibril Dianessy
19,77471,Sebastian Polter
20,391933,Lazaros Rota
21,104982,Mats Seuntjens
22,369685,Nassim El Ablak
23,361694,Zian Flemming
24,362439,Clint Essers
25,281508,Roel Janssen
26,243708,Yanick van Osch
27,252209,Jorrit Smeets
28,334533,Emil Hansson
29,329684,Lisandro Semedo
30,127000,Branislav Ninaj
31,320513,Tesfaldet Tekie
32,122291,Martin Angha
33,380695,Bassala Sambou
34,383604,George Cox
35,368266,Tom Hendriks
36,346494,Alexei Koselev
