,ID,Name
0,343390,Jorn Brondeel
1,279751,Görkem Saglam
2,323531,Mats Köhlert
3,365389,John Yeboah
4,330514,Vangelis Pavlidis
5,332960,Victor van den Bogert
6,38423,Robbin Ruiter
7,81475,Miquel Nelom
8,379600,Connor van den Berg
9,361791,Driess Saddiki
10,120444,Jordens Peters
11,109581,Pol Llonch
12,113079,Sebastian Holmén
13,383581,Mike Trésor
14,400010,Derrick Kohn
15,400011,Jasper Dahlhaus
16,400013,Jop van den Avert
17,400014,Vincent Schippers
18,402852,Ole Romeny
19,328330,Marcos Senesi
20,329941,Ramón ten Hove
21,345303,Tyrell Malacia
22,35174,Leroy Fer
23,43004,Bryan Linssen
24,69525,Luciano Narsingh
25,82401,Jens Toornstra
26,89794,Steven Berghuis
27,115863,Mark Diemers
28,122398,Ridgeciano Haps
29,297527,Bart Nieuwkoop
30,302709,Justin Bijlow
31,142352,João Teixeira
32,127920,Uros Spajic
33,376967,Robert Bozenik
34,355870,Orkun Kökcü
