,ID,Name
0,96615,Benjamin van Leer
1,124105,Michael Heylen
2,71267,Jeffry Fortes
3,84195,Lennart Thy
4,25037,Adil Auassar
5,31238,Aaron Meijers
6,44145,Bart Vriends
7,77706,Bryan Smeets
8,133961,Danzell Gravenberch
9,328549,Deroy Duarte
10,349895,Abdou Harroui
11,351721,Michael Fabrie
12,379741,Dirk Abels
13,379742,Laros Duarte
14,383560,Sven Mijnans
15,400163,Emanuel Emegha
16,90636,Tom Beugelsdijk
17,322776,Mica Pinto
18,392339,Maduka Okoye
19,300755,Pantelis Hatzidiakos
20,289252,Albert Gudmundsson
21,379783,Yukinari Sugawara
22,36133,Ramon Leeuwin
23,400978,Beau Reus
24,357081,Myron Boadu
25,373340,Zakaria Aboukhlal
26,328550,Owen Wijndal
27,343308,Teun Koopmeiners
28,351310,Ferdy Druijf
29,353695,Dani de Wit
30,83824,Marco Bizot
31,90834,Hobie Verhulst
32,116641,Timo Letschert
33,276442,Joris Kramer
34,80137,Fredrik Midtsjø
35,81247,Jonas Svensson
36,320614,Jesper Karlsson
37,356742,Håkon Evjen
38,343382,Tijjani Reijnders
