,ID,Name
0,379785,Adnan Ugur
1,260811,Djibril Dianessy
2,77471,Sebastian Polter
3,391933,Lazaros Rota
4,361694,Zian Flemming
5,362439,Clint Essers
6,90830,Ben Rienstra
7,243708,Yanick van Osch
8,281508,Roel Janssen
9,334533,Emil Hansson
10,329684,Lisandro Semedo
11,127000,Branislav Ninaj
12,320513,Tesfaldet Tekie
13,122291,Martin Angha
14,383604,George Cox
15,391953,Mike van Beijnen
16,407647,Arian Kastrati
17,407648,Quint Franssen
18,407657,Bas Breukers
19,346494,Alexei Koselev
20,343390,Jorn Brondeel
21,346731,Kwasi Okyere Wriedt
22,365389,John Yeboah
23,279751,Görkem Saglam
24,323531,Mats Köhlert
25,330514,Vangelis Pavlidis
26,322083,Leeroy Owusu
27,120444,Jordens Peters
28,34628,Jan-Arie van der Heijden
29,38423,Robbin Ruiter
30,66462,Freek Heerkens
31,379600,Connor van den Berg
32,332960,Victor van den Bogert
33,109581,Pol Llonch
34,383581,Mike Trésor
35,400010,Derrick Köhn
36,400012,Wesley Spieringhs
37,379599,Ché Nunnely
