,ID,Name
0,143815,Anas Tahiri
1,367742,Cyril Ngonge
2,379713,Lennerd Daneels
3,399608,Ahmed Touba
4,379712,Said Bakari
5,68850,Kostas Lamprou
6,400277,Nicolas Olsak
7,345511,Vitalie Damascan
8,386605,Ayman Azhil
9,391284,Richard van der Venne
10,380703,Mike Grim
11,379705,Etienne Vaessen
12,379706,Juriën Gaari
13,379707,Melle Meulensteen
14,379708,Paul Quasten
15,348644,Sylla Sow
16,365160,Lars Nieuwpoort
17,322159,Finn Stokkers
18,92984,Ola John
19,23373,Hans Mulder
20,63885,Vurnon Anita
21,400278,Thierry Lutonda
22,280677,Zinedine Machach
23,146718,Tobias Pachonik
24,320799,Steffen Schäfer
25,80843,Lukas Schmitz
26,347809,Georgios Giakoumakis
27,136164,Torino Hunte
28,33662,Arjan Swinkels
29,34246,Christian Kum
30,35953,Josua John
31,74627,Guus Hupperts
32,343311,Tristan Dekker
33,343314,Vito van Crooij
34,343315,Bram Verbong
35,344124,Danny Post
36,254253,Jafar Arias
37,285951,Delano van Crooij
38,355961,Evert Linthorst
39,362570,Simon Janssen
40,363052,Stan van Dijck
41,391286,Wassim Essanoussi
42,391973,Roy Gelmi
43,400120,Nezar S'Rifi
44,368172,Jens Craenmehr
