,ID,Name
0,83809,Nicolás Tagliafico
1,340105,Lisandro Martínez
2,364315,Antony
3,260843,André Onana
4,322696,Edson Álvarez
5,83337,Zakaria Labyad
6,108860,Davy Klaassen
7,135271,Sean Klaiber
8,4065,Maarten Stekelenburg
9,8013,Klaas Jan Huntelaar
10,70033,Daley Blind
11,83333,Quincy Promes
12,355963,Jurgen Ekkelenkamp
13,362732,Perr Schuurs
14,363884,Ryan Gravenberch
15,29474,Dusan Tadic
16,365432,Dominik Kotarski
17,373291,Lassina Traoré
18,388650,Jurriën Timber
19,400165,Devyne Rensch
20,404568,Brian Brobbey
21,291964,Vaclav Cerny
22,308754,Lazaros Lamprou
23,400058,Thijs van Leeuwen
24,400059,Gijs Smal
25,29281,Wout Brama
26,247849,Queensy Menig
27,275012,Joël Drommel
28,327903,Kik Pierie
29,357080,Godfried Roemeratoe
30,357083,Halil Dervisoglu
31,379702,Jesse Bosch
32,379703,Jeffrey de Lange
33,387682,Ennio van der Gouw
34,232248,Tyronne Ebuehi
35,361898,Luka Ilic
36,318754,Julio Pleguezuelo
37,320626,Alexander Jeremejeff
38,367522,Danilo
39,379699,Lindon Selahi
40,379701,Ramiz Zerrouki
41,400057,Casper Staring
42,402819,Mees Hilgers
43,405560,Daan Rots
