,ID,Name
0,132420,Rico Strieder
1,280191,Michael Zetterer
2,24764,Reza Ghoochannejhad
3,369545,Yuta Nakayama
4,380731,Sam Kersten
5,379595,Xavier Mous
6,317693,Mike Hauptmeijer
7,361695,Thomas van den Belt
8,365152,Eliano Reijnders
9,34108,Bram van Polen
10,81962,Jesper Drost
11,97101,Mustafa Saymak
12,100608,Mike van Duinen
13,231106,Kenneth Paal
14,244640,Clint Leemans
15,279173,Pelle Clement
16,279429,Sai van Wermeskerken
17,404099,Samir Lagsir
18,379596,Dean Huiberts
19,379597,Marc-Olivier Doué
20,361880,Oussama Darfalou
21,345558,Tomas Hajek
22,319922,Jacob Rasmussen
23,330505,Idrissa Touré
24,226599,Maximilian Wittek
25,115869,Oussama Tannane
26,133959,Riechedly Bazoer
27,141965,Jeroen Houwen
28,303076,Danilho Doekhi
29,34550,Remko Pasveer
30,96581,Thomas Bruns
31,352844,Thomas Buitink
32,401021,Enzo Cornelisse
33,112719,Sondre Tronstad
34,318295,Matús Bero
35,363618,Loïs Openda
36,365426,Hilary Gong
37,372333,Bilal Bayazit
38,393407,Armando Broja
39,400281,Million Manhoef
40,400282,Daan Huisman
41,404389,Enrico Duenas Hernández
