,ID,Name
0,255946,Dario Van den Buijs
1,329842,Thibaud Verlinden
2,342571,Samuel Moutoussamy
3,77471,Sebastian Polter
4,391933,Lazaros Rota
5,407647,Arian Kastrati
6,90830,Ben Rienstra
7,104982,Mats Seuntjens
8,120304,Leroy George
9,281508,Roel Janssen
10,243708,Yanick van Osch
11,361694,Zian Flemming
12,362439,Clint Essers
13,369685,Nassim El Ablak
14,334533,Emil Hansson
15,329684,Lisandro Semedo
16,320513,Tesfaldet Tekie
17,122291,Martin Angha
18,383604,George Cox
19,368266,Tom Hendriks
20,346494,Alexei Koselev
21,391953,Mike van Beijnen
22,147910,Lucas Schoofs
23,367743,Noah Fadiga
24,104885,Janis Blaswich
25,394980,Marco Rente
26,379731,Orestis Kiomourtzoglou
27,296650,Ismail Azzaoui
28,369095,Koen Bucker
29,369553,Mats Knoester
30,35160,Tim Breukers
31,108935,Robin Pröpper
32,116684,Michael Brouwer
33,140505,Rai Vloet
34,142242,Jeff Hardeveld
35,136302,Sinan Bakis
36,367737,Ahmed Kutucu
37,322406,Luca de la Torre
38,361875,Delano Burgzorg
39,379729,Adrian Szöke
40,379730,Teun Bijleveld
41,393081,Giacomo Quagliata
