,ID,Name
0,125093,Marko Kolar
1,227870,Nikolai Laursen
2,400115,Lucas Bernadou
3,245626,Glenn Bijl
4,288873,Paul Gladon
5,298805,Michael Verrips
6,302776,Keziah Veendorp
7,302883,Robbert de Vos
8,68590,Dennis Telgenkamp
9,77725,Michael de Leeuw
10,108283,Caner Cavlan
11,109109,Ricardo van Rhijn
12,112534,Stefan van der Lei
13,113087,Hilal Ben Moussa
14,121666,Nick Bakker
15,400053,Jean-Pierre Rhyner
16,125157,Miguel Araujo
17,125170,Sergio Peña
18,345544,Luka Adzic
19,259802,Simon Tibbling
20,106336,Kerim Frei
21,409129,Jari Vlak
22,409449,Didier La Torre
23,96615,Benjamin van Leer
24,124105,Michael Heylen
25,84195,Lennart Thy
26,225522,Mario Engels
27,25037,Adil Auassar
28,31238,Aaron Meijers
29,44145,Bart Vriends
30,77706,Bryan Smeets
31,90636,Tom Beugelsdijk
32,133961,Danzell Gravenberch
33,328549,Deroy Duarte
34,349895,Abdou Harroui
35,351721,Michael Fabrie
36,361878,Wouter Burger
37,379741,Dirk Abels
38,379742,Laros Duarte
39,383560,Sven Mijnans
40,400163,Emanuel Emegha
41,406754,Reda Kharchouch
42,392339,Maduka Okoye
43,409075,Jason Meerstadt
44,411278,Jeremy Van Mullem
45,403844,Delano Vianello
