,ID,Name
0,362459,Othmane Boussaid
1,344041,Moussa Sylla
2,302724,Eric Oelschlägel
3,303078,Leon Guwara
4,312702,Justin Hoogma
5,261082,Bart Ramselaar
6,280289,Giovanni Troupée
7,315574,Thijmen Nijhuis
8,329675,Maarten Paes
9,14044,Eljero Elia
10,17491,Urby Emanuelson
11,22842,Willem Janssen
12,39726,Mark van der Maarel
13,110360,Sander van de Streek
14,123556,Joris van Overeem
15,141875,Gyrano Kerk
16,229520,Django Warmerdam
17,238997,Mimoun Mahi
18,249686,Adrián Dalmau
19,283351,Simon Gustafson
20,312913,Emil Bergström
21,382582,Tommy St. Jago
22,298718,Dante Rigo
23,310680,Samy Bourard
24,365407,Amar Catic
25,121244,Nikolaos Karelis
26,384871,Ilay Elmkies
27,118137,Dario Del Fabro
28,93475,Ravel Morrison
29,120312,Robert Zwinkels
30,40342,Michiel Kramer
31,67062,John Goossens
32,141725,Ricardo Kishna
33,148512,Bilal Ould-Chikh
34,301457,Luuk Koopmans
35,321869,Lassana Faye
36,379760,Milan van Ewijk
37,372331,Andrei Ratiu
38,384395,Jonas Arweiler
39,389479,Boy Kemper
40,400171,Kees de Boer
41,400172,Vicente Besuijen
42,400173,Jamal Amofa
43,402120,Pascu
44,406755,Jonathan Mulder
