,ID,Name
0,367190,Sieben Dewaele
1,379734,Hamdi Akujobi
2,382556,Joey Veerman
3,261017,Henk Veerman
4,296543,Jan Bekkema
5,301423,Mitchell van Bergen
6,34171,Erwin Mulder
7,136066,Lucas Woudenberg
8,322157,Sherel Floranus
9,342814,Rodney Kongolo
10,365402,Jan Paul van Hecke
11,142376,Pawel Bochniewicz
12,321192,Ibrahim Dresevic
13,371073,Rami Hajal
14,399618,Benjamin Nygren
15,394864,Ulysses Llanez Jr
16,402735,Joaquín Fernández
17,406783,Stanislav Shopov
18,400007,Jaimy Kroesen
19,400009,Couhaib Driouech
20,260809,Olivier Boscagli
21,320000,Adrian Fein
22,80382,Mario Götze
23,90235,Lars Unnerstall
24,141328,Timo Baumgartl
25,142466,Philipp Max
26,369542,Joël Piroe
27,329647,Pablo Rosario
28,351354,Donyell Malen
29,352825,Cody Gakpo
30,361839,Jordan Teze
31,70906,Nick Viergever
32,133305,Jorrit Hendrix
33,322153,Denzel Dumfries
34,103542,Yvon Mvogo
35,389935,Noni Madueke
36,328075,Ibrahim Sangaré
37,369107,Mohamed Ihattaren
38,386631,Richard Ledezma
39,400273,Maxime Delanghe
