,ID,Name
0,328330,Marcos Senesi
1,24260,Eric Botteghin
2,72595,Nicolai Jørgensen
3,82401,Jens Toornstra
4,89793,Nick Marsman
5,89794,Steven Berghuis
6,115863,Mark Diemers
7,69525,Luciano Narsingh
8,297527,Bart Nieuwkoop
9,329941,Ramón ten Hove
10,333781,Dylan Vente
11,345303,Tyrell Malacia
12,345441,Lutsharel Geertruida
13,361877,Jordy Wehrmann
14,373113,Naoufal Bannis
15,382593,Marouan Azarkan
16,404937,Thijs Jansen
17,142352,João Teixeira
18,127920,Uros Spajic
19,355870,Orkun Kökcü
20,380696,George Johnston
21,147910,Lucas Schoofs
22,401096,Mateo Leš
23,394980,Marco Rente
24,104885,Janis Blaswich
25,404394,Elias Oubella
26,379731,Orestis Kiomourtzoglou
27,140505,Rai Vloet
28,400170,Rohat Agca
29,108935,Robin Pröpper
30,116684,Michael Brouwer
31,369095,Koen Bucker
32,369553,Mats Knoester
33,35160,Tim Breukers
34,136302,Sinan Bakis
35,322406,Luca de la Torre
36,361875,Delano Burgzorg
37,393081,Giacomo Quagliata
38,395830,Kasper Lunding Jakobsen
39,379729,Adrian Szöke
40,379730,Teun Bijleveld
