,ID,Name
0,300755,Pantelis Hatzidiakos
1,289252,Albert Gudmundsson
2,379783,Yukinari Sugawara
3,400978,Beau Reus
4,36133,Ramon Leeuwin
5,83824,Marco Bizot
6,90810,Bruno Martins Indi
7,90834,Hobie Verhulst
8,116641,Timo Letschert
9,328550,Owen Wijndal
10,328987,Calvin Stengs
11,343308,Teun Koopmeiners
12,351310,Ferdy Druijf
13,353695,Dani de Wit
14,357081,Myron Boadu
15,373340,Zakaria Aboukhlal
16,80137,Fredrik Midtsjø
17,403820,Juan Castillo
18,320614,Jesper Karlsson
19,356742,Håkon Evjen
20,343382,Tijjani Reijnders
21,363735,Sam Schreck
22,369525,Ko Itakura
23,141265,Ahmed El Messaoudi
24,255970,Wessel Dammers
25,298493,Patrick Joosten
26,321871,Mo El Hankouri
27,33002,Bart van Hintum
28,68854,Sergio Padt
29,96626,Nigel Bertrams
30,137368,Damil Dankerlui
31,371293,Jan de Boer
32,364306,Daniël van Kaam
33,391304,Joël van Kaam
34,393412,Remco Balk
35,355960,Azor Matusiwa
36,333048,Jørgen Strand Larsen
37,322086,Ramon Pascal Lundqvist
38,330549,Gabriel Gudmundsson
39,387049,Miguel Angel Leal
40,391047,Tomas Suslov
