,ID,Name
0,400117,Denis Granecny
1,227870,Nikolai Laursen
2,400115,Lucas Bernadou
3,288873,Paul Gladon
4,298805,Michael Verrips
5,302776,Keziah Veendorp
6,302883,Robbert de Vos
7,68590,Dennis Telgenkamp
8,69458,Ferhat Görgülü
9,77725,Michael de Leeuw
10,108283,Caner Cavlan
11,109109,Ricardo van Rhijn
12,112534,Stefan van der Lei
13,113087,Hilal Ben Moussa
14,121666,Nick Bakker
15,125157,Miguel Araujo
16,125170,Sergio Peña
17,400053,Jean-Pierre Rhyner
18,259802,Simon Tibbling
19,106336,Kerim Frei
20,409129,Jari Vlak
21,409449,Didier La Torre
22,300755,Pantelis Hatzidiakos
23,289252,Albert Gudmundsson
24,379783,Yukinari Sugawara
25,391050,Mees Bakker
26,404191,Maxim Gullit
27,36133,Ramon Leeuwin
28,83824,Marco Bizot
29,90810,Bruno Martins Indi
30,90834,Hobie Verhulst
31,116641,Timo Letschert
32,357081,Myron Boadu
33,363875,Kenzo Goudmijn
34,373340,Zakaria Aboukhlal
35,328550,Owen Wijndal
36,328987,Calvin Stengs
37,343308,Teun Koopmeiners
38,80137,Fredrik Midtsjø
39,343382,Tijjani Reijnders
40,356742,Håkon Evjen
41,320614,Jesper Karlsson
42,409747,Jelle Duin
