,ID,Name
0,404764,Tibor Halilovic
1,389378,Oliver Batista Meier
2,56828,Ariel Harush
3,136066,Lucas Woudenberg
4,32196,Siem de Jong
5,34171,Erwin Mulder
6,261017,Henk Veerman
7,296543,Jan Bekkema
8,301423,Mitchell van Bergen
9,379734,Hamdi Akujobi
10,382556,Joey Veerman
11,322157,Sherel Floranus
12,342814,Rodney Kongolo
13,365402,Jan Paul van Hecke
14,369119,Arjen van der Heide
15,142376,Pawel Bochniewicz
16,321192,Ibrahim Dresevic
17,321193,Rami Kaib
18,371073,Rami Hajal
19,399618,Benjamin Nygren
20,409160,Syb van Ottele
21,361880,Oussama Darfalou
22,345558,Tomas Hajek
23,319922,Jacob Rasmussen
24,330505,Idrissa Touré
25,226599,Maximilian Wittek
26,130917,Eli Dasa
27,133959,Riechedly Bazoer
28,141965,Jeroen Houwen
29,303076,Danilho Doekhi
30,34550,Remko Pasveer
31,96581,Thomas Bruns
32,401021,Enzo Cornelisse
33,112719,Sondre Tronstad
34,404389,Enrico Duenas Hernández
35,409126,Alois Dominik Oroz
36,409462,Noah Ohio
37,363618,Loïs Openda
38,365426,Hilary Gong
39,380663,Patrick Vroegh
40,393407,Armando Broja
41,400281,Million Manhoef
