,ID,Name
0,346767,Mauro Júnior
1,260809,Olivier Boscagli
2,320000,Adrian Fein
3,90235,Lars Unnerstall
4,141328,Timo Baumgartl
5,142466,Philipp Max
6,44096,Eran Zahavi
7,137460,Erick Gutiérrez
8,85470,Marco van Ginkel
9,322153,Denzel Dumfries
10,351354,Donyell Malen
11,361839,Jordan Teze
12,369542,Joël Piroe
13,329647,Pablo Rosario
14,137327,Ryan Thomas
15,103542,Yvon Mvogo
16,328075,Ibrahim Sangaré
17,369107,Mohamed Ihattaren
18,400273,Maxime Delanghe
19,408059,Yorbe Vertessen
20,302644,Dario Dumic
21,364014,Issah Abass
22,327903,Kik Pierie
23,379702,Jesse Bosch
24,379703,Jeffrey de Lange
25,387682,Ennio van der Gouw
26,400056,Nathangelo Markelo
27,247849,Queensy Menig
28,275012,Joël Drommel
29,69525,Luciano Narsingh
30,400058,Thijs van Leeuwen
31,232248,Tyronne Ebuehi
32,361898,Luka Ilic
33,318754,Julio Pleguezuelo
34,367522,Danilo
35,379701,Ramiz Zerrouki
36,400057,Casper Staring
37,402819,Mees Hilgers
38,405560,Daan Rots
39,406780,Max Bruns
