,ID,Name
0,400244,Benson Manuel
1,104906,Thomas Lam
2,132420,Rico Strieder
3,24764,Reza Ghoochannejhad
4,369545,Yuta Nakayama
5,379595,Xavier Mous
6,120454,Virgil Misidjan
7,380731,Sam Kersten
8,81962,Jesper Drost
9,96626,Nigel Bertrams
10,97101,Mustafa Saymak
11,279173,Pelle Clement
12,279429,Sai van Wermeskerken
13,317693,Mike Hauptmeijer
14,352844,Thomas Buitink
15,361695,Thomas van den Belt
16,365152,Eliano Reijnders
17,394981,Immanuel Pherai
18,379596,Dean Huiberts
19,379597,Marc-Olivier Doué
20,404099,Samir Lagsir
21,404370,Rav van den Berg
22,408338,Daijiro Chirino
23,143815,Anas Tahiri
24,379713,Lennerd Daneels
25,399608,Ahmed Touba
26,379712,Said Bakari
27,68850,Kostas Lamprou
28,400277,Nicolas Olsak
29,345511,Vitalie Damascan
30,386605,Ayman Azhil
31,391284,Richard van der Venne
32,400279,David Min
33,405003,Thijs Oosting
34,348644,Sylla Sow
35,365160,Lars Nieuwpoort
36,379705,Etienne Vaessen
37,379706,Juriën Gaari
38,379707,Melle Meulensteen
39,380703,Mike Grim
40,322159,Finn Stokkers
41,92984,Ola John
42,23373,Hans Mulder
43,63885,Vurnon Anita
44,400276,Luuk Wouters
