,ID,Name
0,143815,Anas Tahiri
1,367742,Cyril Ngonge
2,379713,Lennerd Daneels
3,399608,Ahmed Touba
4,379712,Said Bakari
5,68850,Kostas Lamprou
6,386605,Ayman Azhil
7,391284,Richard van der Venne
8,380703,Mike Grim
9,379705,Etienne Vaessen
10,379706,Juriën Gaari
11,379707,Melle Meulensteen
12,379708,Paul Quasten
13,92984,Ola John
14,23373,Hans Mulder
15,63885,Vurnon Anita
16,322159,Finn Stokkers
17,348644,Sylla Sow
18,365160,Lars Nieuwpoort
19,400279,David Min
20,405003,Thijs Oosting
21,400278,Thierry Lutonda
22,362459,Othmane Boussaid
23,302724,Eric Oelschlägel
24,333527,Odysseus Velanas
25,357396,Mohamed Mallahi
26,315574,Thijmen Nijhuis
27,329675,Maarten Paes
28,17491,Urby Emanuelson
29,22842,Willem Janssen
30,39726,Mark van der Maarel
31,89575,Adam Maher
32,110360,Sander van de Streek
33,123556,Joris van Overeem
34,141875,Gyrano Kerk
35,229520,Django Warmerdam
36,238997,Mimoun Mahi
37,256971,Hidde ter Avest
38,261082,Bart Ramselaar
39,369408,Sylian Mokono
40,312913,Emil Bergström
41,382582,Tommy St. Jago
42,409052,Benaissa Benamar
43,409244,Jeredy Hilterman
