,ID,Name
0,37360,Lucas Pratto
1,328330,Marcos Senesi
2,24260,Eric Botteghin
3,361879,Luis Sinisterra
4,72595,Nicolai Jørgensen
5,82401,Jens Toornstra
6,89793,Nick Marsman
7,89794,Steven Berghuis
8,115863,Mark Diemers
9,122398,Ridgeciano Haps
10,35174,Leroy Fer
11,43004,Bryan Linssen
12,329941,Ramón ten Hove
13,345303,Tyrell Malacia
14,345441,Lutsharel Geertruida
15,142352,João Teixeira
16,127920,Uros Spajic
17,376967,Robert Bozenik
18,355870,Orkun Kökcü
19,384253,Achraf El Bouchataoui
20,408489,Tein Troost
21,35743,Thorsten Kirschbaum
22,80843,Lukas Schmitz
23,146718,Tobias Pachonik
24,320799,Steffen Schäfer
25,354599,Meritan Shabani
26,121784,Christos Donis
27,136164,Torino Hunte
28,254253,Jafar Arias
29,285951,Delano van Crooij
30,35953,Josua John
31,74627,Guus Hupperts
32,33662,Arjan Swinkels
33,34246,Christian Kum
34,361795,Yahcuroo Roemer
35,362570,Simon Janssen
36,391286,Wassim Essanoussi
37,343315,Bram Verbong
38,344124,Danny Post
39,341715,Kristopher Da Graca
40,391973,Roy Gelmi
41,400120,Nezar S'Rifi
42,402816,Lars Nabbe
