,ID,Name
0,302644,Dario Dumic
1,364014,Issah Abass
2,357080,Godfried Roemeratoe
3,29281,Wout Brama
4,69525,Luciano Narsingh
5,247849,Queensy Menig
6,275012,Joël Drommel
7,379702,Jesse Bosch
8,379703,Jeffrey de Lange
9,387682,Ennio van der Gouw
10,400055,Jayden Oosterwolde
11,400056,Nathangelo Markelo
12,400058,Thijs van Leeuwen
13,400059,Gijs Smal
14,232248,Tyronne Ebuehi
15,361898,Luka Ilic
16,367522,Danilo
17,379701,Ramiz Zerrouki
18,405560,Daan Rots
19,406780,Max Bruns
20,400057,Casper Staring
21,343390,Jorn Brondeel
22,279751,Görkem Saglam
23,323531,Mats Köhlert
24,346731,Kwasi Okyere Wriedt
25,330514,Vangelis Pavlidis
26,322083,Leeroy Owusu
27,120444,Jordens Peters
28,124274,Sven van Beek
29,379600,Connor van den Berg
30,379601,Rick Zuijderwijk
31,109581,Pol Llonch
32,113079,Sebastian Holmén
33,379699,Lindon Selahi
34,383581,Mike Trésor
35,400010,Derrick Köhn
36,400012,Wesley Spieringhs
37,400014,Vincent Schippers
38,402852,Ole Romeny
39,410324,Ian Smeulers
40,379599,Ché Nunnely
41,362426,Arijanet Muric
