,ID,Name
0,404764,Tibor Halilovic
1,22300,Lasse Schöne
2,389378,Oliver Batista Meier
3,56828,Ariel Harush
4,136066,Lucas Woudenberg
5,32196,Siem de Jong
6,34171,Erwin Mulder
7,261017,Henk Veerman
8,296543,Jan Bekkema
9,301423,Mitchell van Bergen
10,322157,Sherel Floranus
11,342814,Rodney Kongolo
12,365402,Jan Paul van Hecke
13,369119,Arjen van der Heide
14,382556,Joey Veerman
15,142376,Pawel Bochniewicz
16,321192,Ibrahim Dresevic
17,321193,Rami Kaib
18,371073,Rami Hajal
19,399618,Benjamin Nygren
20,409160,Syb van Ottele
21,379185,Martin Fraisl
22,118137,Dario Del Fabro
23,141725,Ricardo Kishna
24,301457,Luuk Koopmans
25,303113,Abdenasser El Khayati
26,347191,Shaquille Pinas
27,40342,Michiel Kramer
28,67062,John Goossens
29,67063,Marko Vejinovic
30,83442,Youness Mokhtar
31,379760,Milan van Ewijk
32,382238,Bobby Adekanye
33,384395,Jonas Arweiler
34,389479,Boy Kemper
35,400172,Vicente Besuijen
36,400173,Jamal Amofa
37,401071,David Lennart Philipp
38,402120,Pascu
39,403820,Juan Familia-Castillo
40,411014,Cain Seedorf
