,ID,Name
0,379785,Adnan Ugur
1,342571,Samuel Moutoussamy
2,260811,Djibril Dianessy
3,77471,Sebastian Polter
4,391933,Lazaros Rota
5,90830,Ben Rienstra
6,243708,Yanick van Osch
7,252209,Jorrit Smeets
8,361694,Zian Flemming
9,362439,Clint Essers
10,369685,Nassim El Ablak
11,334533,Emil Hansson
12,339499,Jaroslaw Jach
13,329684,Lisandro Semedo
14,127000,Branislav Ninaj
15,320513,Tesfaldet Tekie
16,122291,Martin Angha
17,383604,George Cox
18,346494,Alexei Koselev
19,391953,Mike van Beijnen
20,400060,Joshua Wehking
21,104906,Thomas Lam
22,132420,Rico Strieder
23,280191,Michael Zetterer
24,24764,Reza Ghoochannejhad
25,369545,Yuta Nakayama
26,379595,Xavier Mous
27,317693,Mike Hauptmeijer
28,361695,Thomas van den Belt
29,365152,Eliano Reijnders
30,367257,Destan Bajselmani
31,81962,Jesper Drost
32,97101,Mustafa Saymak
33,100608,Mike van Duinen
34,231106,Kenneth Paal
35,244640,Clint Leemans
36,279429,Sai van Wermeskerken
37,380731,Sam Kersten
38,379596,Dean Huiberts
39,379597,Marc-Olivier Doué
40,394981,Immanuel Pherai
41,404370,Rav van den Berg
