,ID,Name
0,96615,Benjamin van Leer
1,124105,Michael Heylen
2,71267,Jeffry Fortes
3,84195,Lennart Thy
4,225522,Mario Engels
5,25037,Adil Auassar
6,31238,Aaron Meijers
7,44145,Bart Vriends
8,77706,Bryan Smeets
9,90636,Tom Beugelsdijk
10,133961,Danzell Gravenberch
11,400163,Emanuel Emegha
12,328549,Deroy Duarte
13,349895,Abdou Harroui
14,351721,Michael Fabrie
15,361878,Wouter Burger
16,379741,Dirk Abels
17,383560,Sven Mijnans
18,406754,Reda Kharchouch
19,322776,Mica Pinto
20,403844,Delano Vianello
21,392339,Maduka Okoye
22,361880,Oussama Darfalou
23,345558,Tomas Hajek
24,319922,Jacob Rasmussen
25,330505,Idrissa Touré
26,226599,Maximilian Wittek
27,130917,Eli Dasa
28,115869,Oussama Tannane
29,133959,Riechedly Bazoer
30,141965,Jeroen Houwen
31,303076,Danilho Doekhi
32,34550,Remko Pasveer
33,96581,Thomas Bruns
34,401021,Enzo Cornelisse
35,112719,Sondre Tronstad
36,318295,Matús Bero
37,363618,Loïs Openda
38,365426,Hilary Gong
39,393407,Armando Broja
40,400281,Million Manhoef
41,400282,Daan Huisman
42,409126,Alois Dominik Oroz
