,ID,Name
0,255946,Dario Van den Buijs
1,329842,Thibaud Verlinden
2,391257,Mickael Tirpan
3,342571,Samuel Moutoussamy
4,77471,Sebastian Polter
5,391933,Lazaros Rota
6,407647,Arian Kastrati
7,90830,Ben Rienstra
8,104982,Mats Seuntjens
9,281508,Roel Janssen
10,243708,Yanick van Osch
11,361694,Zian Flemming
12,362439,Clint Essers
13,369685,Nassim El Ablak
14,334533,Emil Hansson
15,329684,Lisandro Semedo
16,320513,Tesfaldet Tekie
17,122291,Martin Angha
18,383604,George Cox
19,410249,Dimitrios Emmanouilidis
20,391953,Mike van Beijnen
21,400060,Joshua Wehking
22,346494,Alexei Koselev
23,260809,Olivier Boscagli
24,320000,Adrian Fein
25,80382,Mario Götze
26,90235,Lars Unnerstall
27,141328,Timo Baumgartl
28,142466,Philipp Max
29,44096,Eran Zahavi
30,137460,Erick Gutiérrez
31,345333,Armando Obispo
32,351354,Donyell Malen
33,361839,Jordan Teze
34,369542,Joël Piroe
35,70906,Nick Viergever
36,85470,Marco van Ginkel
37,322153,Denzel Dumfries
38,103542,Yvon Mvogo
39,389935,Noni Madueke
40,328075,Ibrahim Sangaré
41,402876,Vincent Müller
42,408059,Yorbe Vertessen
43,369107,Mohamed Ihattaren
