,ID,Name
0,361880,Oussama Darfalou
1,345558,Tomas Hajek
2,319922,Jacob Rasmussen
3,330505,Idrissa Touré
4,226599,Maximilian Wittek
5,130917,Eli Dasa
6,115869,Oussama Tannane
7,401021,Enzo Cornelisse
8,141965,Jeroen Houwen
9,34550,Remko Pasveer
10,96581,Thomas Bruns
11,303076,Danilho Doekhi
12,112719,Sondre Tronstad
13,318295,Matús Bero
14,409126,Alois Dominik Oroz
15,409462,Noah Ohio
16,363618,Loïs Openda
17,365426,Hilary Gong
18,380663,Patrick Vroegh
19,393407,Armando Broja
20,400281,Million Manhoef
21,400282,Daan Huisman
22,300755,Pantelis Hatzidiakos
23,289252,Albert Gudmundsson
24,379783,Yukinari Sugawara
25,83824,Marco Bizot
26,90802,Jordy Clasie
27,90810,Bruno Martins Indi
28,90834,Hobie Verhulst
29,116641,Timo Letschert
30,328550,Owen Wijndal
31,328987,Calvin Stengs
32,343308,Teun Koopmeiners
33,353695,Dani de Wit
34,357081,Myron Boadu
35,363875,Kenzo Goudmijn
36,373340,Zakaria Aboukhlal
37,400978,Beau Reus
38,404191,Maxim Gullit
39,81247,Jonas Svensson
40,320614,Jesper Karlsson
41,356742,Håkon Evjen
42,343382,Tijjani Reijnders
43,409747,Jelle Duin
