,ID,Name
0,147910,Lucas Schoofs
1,367743,Noah Fadiga
2,394980,Marco Rente
3,104885,Janis Blaswich
4,379731,Orestis Kiomourtzoglou
5,296650,Ismail Azzaoui
6,108935,Robin Pröpper
7,116684,Michael Brouwer
8,369095,Koen Bucker
9,369553,Mats Knoester
10,140505,Rai Vloet
11,142242,Jeff Hardeveld
12,35160,Tim Breukers
13,367737,Ahmed Kutucu
14,136302,Sinan Bakis
15,322406,Luca de la Torre
16,361875,Delano Burgzorg
17,379729,Adrian Szöke
18,379730,Teun Bijleveld
19,393081,Giacomo Quagliata
20,395830,Kasper Lunding Jakobsen
21,400244,Benson Manuel
22,104906,Thomas Lam
23,132420,Rico Strieder
24,24764,Reza Ghoochannejhad
25,369545,Yuta Nakayama
26,379595,Xavier Mous
27,120454,Virgil Misidjan
28,231106,Kenneth Paal
29,279173,Pelle Clement
30,317693,Mike Hauptmeijer
31,352844,Thomas Buitink
32,361695,Thomas van den Belt
33,365152,Eliano Reijnders
34,34108,Bram van Polen
35,81962,Jesper Drost
36,96626,Nigel Bertrams
37,97101,Mustafa Saymak
38,100608,Mike van Duinen
39,380731,Sam Kersten
40,379597,Marc-Olivier Doué
41,394981,Immanuel Pherai
42,404099,Samir Lagsir
43,404370,Rav van den Berg
