,ID,Name
0,83809,Nicolás Tagliafico
1,340105,Lisandro Martínez
2,364315,Antony
3,326505,David Neres
4,400166,Mohammed Kudus
5,322696,Edson Álvarez
6,83337,Zakaria Labyad
7,299321,Oussama Idrissi
8,4065,Maarten Stekelenburg
9,108860,Davy Klaassen
10,135271,Sean Klaiber
11,355963,Jurgen Ekkelenkamp
12,361867,Kjell Scherpen
13,362732,Perr Schuurs
14,363884,Ryan Gravenberch
15,401122,Kenneth Taylor
16,29474,Dusan Tadic
17,236544,Sébastien Haller
18,365432,Dominik Kotarski
19,373291,Lassina Traoré
20,388650,Jurriën Timber
21,400165,Devyne Rensch
22,363735,Sam Schreck
23,369525,Ko Itakura
24,141265,Ahmed El Messaoudi
25,255970,Wessel Dammers
26,290832,Alessio Da Cruz
27,298493,Patrick Joosten
28,33002,Bart van Hintum
29,68854,Sergio Padt
30,91123,Mike te Wierik
31,137368,Damil Dankerlui
32,321871,Mo El Hankouri
33,371293,Jan de Boer
34,364306,Daniël van Kaam
35,391048,Kian Slor
36,391304,Joël van Kaam
37,320941,Per Kristian Bråtveit
38,322086,Ramon Pascal Lundqvist
39,387049,Miguel Angel Leal
40,391047,Tomas Suslov
41,406537,Paulos Abraham
