,ID,Name
0,280677,Zinedine Machach
1,320799,Steffen Schäfer
2,35743,Thorsten Kirschbaum
3,80843,Lukas Schmitz
4,146718,Tobias Pachonik
5,347809,Georgios Giakoumakis
6,355961,Evert Linthorst
7,361793,Aaron Bastiaans
8,361795,Yahcuroo Roemer
9,362570,Simon Janssen
10,363052,Stan van Dijck
11,391286,Wassim Essanoussi
12,254253,Jafar Arias
13,136164,Torino Hunte
14,74627,Guus Hupperts
15,33662,Arjan Swinkels
16,34246,Christian Kum
17,343314,Vito van Crooij
18,343315,Bram Verbong
19,344124,Danny Post
20,285951,Delano van Crooij
21,391973,Roy Gelmi
22,402816,Lars Nabbe
23,147910,Lucas Schoofs
24,367743,Noah Fadiga
25,243161,Daniel Mesenhöler
26,394980,Marco Rente
27,404394,Elias Oubella
28,140505,Rai Vloet
29,142242,Jeff Hardeveld
30,369095,Koen Bucker
31,369553,Mats Knoester
32,35160,Tim Breukers
33,108935,Robin Pröpper
34,383580,Jeremy Cijntje
35,400170,Rohat Agca
36,361778,Silvester van der Water
37,136302,Sinan Bakis
38,322406,Luca de la Torre
39,379729,Adrian Szöke
40,379730,Teun Bijleveld
41,361875,Delano Burgzorg
