,ID,Name
0,298718,Dante Rigo
1,310680,Samy Bourard
2,365407,Amar Catic
3,121244,Nikolaos Karelis
4,384871,Ilay Elmkies
5,118137,Dario Del Fabro
6,120312,Robert Zwinkels
7,40342,Michiel Kramer
8,67062,John Goossens
9,148512,Bilal Ould-Chikh
10,301457,Luuk Koopmans
11,321869,Lassana Faye
12,347191,Shaquille Pinas
13,379760,Milan van Ewijk
14,379764,Youri Schoonderwaldt
15,372331,Andrei Ratiu
16,384395,Jonas Arweiler
17,389479,Boy Kemper
18,400171,Kees de Boer
19,400173,Jamal Amofa
20,401071,David Lennart Philipp
21,402120,Pascu
22,405559,Michael Mulder
23,291964,Vaclav Cerny
24,308754,Lazaros Lamprou
25,247849,Queensy Menig
26,275012,Joël Drommel
27,29281,Wout Brama
28,327903,Kik Pierie
29,357080,Godfried Roemeratoe
30,357083,Halil Dervisoglu
31,379702,Jesse Bosch
32,379703,Jeffrey de Lange
33,387682,Ennio van der Gouw
34,400055,Jayden Oosterwolde
35,400058,Thijs van Leeuwen
36,400059,Gijs Smal
37,232248,Tyronne Ebuehi
38,361898,Luka Ilic
39,318754,Julio Pleguezuelo
40,367522,Danilo
41,379699,Lindon Selahi
42,379701,Ramiz Zerrouki
43,400057,Casper Staring
44,402819,Mees Hilgers
45,405560,Daan Rots
