,ID,Name
0,143815,Anas Tahiri
1,367742,Cyril Ngonge
2,379713,Lennerd Daneels
3,399608,Ahmed Touba
4,379712,Said Bakari
5,68850,Kostas Lamprou
6,400277,Nicolas Olsak
7,345511,Vitalie Damascan
8,386605,Ayman Azhil
9,391284,Richard van der Venne
10,393117,Morad El Haddouti
11,380703,Mike Grim
12,379705,Etienne Vaessen
13,379706,Juriën Gaari
14,379707,Melle Meulensteen
15,379708,Paul Quasten
16,365160,Lars Nieuwpoort
17,322159,Finn Stokkers
18,92984,Ola John
19,23373,Hans Mulder
20,63885,Vurnon Anita
21,400276,Luuk Wouters
22,96615,Benjamin van Leer
23,124105,Michael Heylen
24,71267,Jeffry Fortes
25,84195,Lennart Thy
26,25037,Adil Auassar
27,31238,Aaron Meijers
28,44145,Bart Vriends
29,77706,Bryan Smeets
30,328549,Deroy Duarte
31,349895,Abdou Harroui
32,351721,Michael Fabrie
33,361878,Wouter Burger
34,379741,Dirk Abels
35,379742,Laros Duarte
36,383560,Sven Mijnans
37,90636,Tom Beugelsdijk
38,400163,Emanuel Emegha
39,322776,Mica Pinto
40,392339,Maduka Okoye
