,ID,Name
0,280677,Zinedine Machach
1,303078,Leon Guwara
2,35743,Thorsten Kirschbaum
3,80843,Lukas Schmitz
4,146718,Tobias Pachonik
5,121784,Christos Donis
6,347809,Georgios Giakoumakis
7,261267,Anastasios Donis
8,361795,Yahcuroo Roemer
9,362570,Simon Janssen
10,136164,Torino Hunte
11,254253,Jafar Arias
12,35953,Josua John
13,74627,Guus Hupperts
14,33662,Arjan Swinkels
15,34246,Christian Kum
16,285951,Delano van Crooij
17,343311,Tristan Dekker
18,343314,Vito van Crooij
19,343315,Bram Verbong
20,344124,Danny Post
21,341715,Kristopher Da Graca
22,391973,Roy Gelmi
23,143815,Anas Tahiri
24,367742,Cyril Ngonge
25,379713,Lennerd Daneels
26,399608,Ahmed Touba
27,383972,Sebbe Augustijns
28,379712,Said Bakari
29,68850,Kostas Lamprou
30,345511,Vitalie Damascan
31,348644,Sylla Sow
32,322159,Finn Stokkers
33,379705,Etienne Vaessen
34,379706,Juriën Gaari
35,379707,Melle Meulensteen
36,379708,Paul Quasten
37,92984,Ola John
38,23373,Hans Mulder
39,63885,Vurnon Anita
40,380703,Mike Grim
41,391284,Richard van der Venne
42,405003,Thijs Oosting
43,400276,Luuk Wouters
44,400278,Thierry Lutonda
45,400545,Shawn Adewoye
