,ID,Name
0,289252,Albert Gudmundsson
1,379783,Yukinari Sugawara
2,391050,Mees Bakker
3,400978,Beau Reus
4,404191,Maxim Gullit
5,328550,Owen Wijndal
6,328987,Calvin Stengs
7,36133,Ramon Leeuwin
8,83824,Marco Bizot
9,90802,Jordy Clasie
10,90810,Bruno Martins Indi
11,116641,Timo Letschert
12,357081,Myron Boadu
13,363875,Kenzo Goudmijn
14,373340,Zakaria Aboukhlal
15,80137,Fredrik Midtsjø
16,81247,Jonas Svensson
17,320614,Jesper Karlsson
18,343382,Tijjani Reijnders
19,356742,Håkon Evjen
20,409747,Jelle Duin
21,329842,Thibaud Verlinden
22,321391,Gregoire Amiot
23,342571,Samuel Moutoussamy
24,77471,Sebastian Polter
25,391933,Lazaros Rota
26,410249,Dimitrios Emmanouilidis
27,90830,Ben Rienstra
28,104982,Mats Seuntjens
29,120304,Leroy George
30,243708,Yanick van Osch
31,281508,Roel Janssen
32,361694,Zian Flemming
33,362439,Clint Essers
34,407647,Arian Kastrati
35,369685,Nassim El Ablak
36,334533,Emil Hansson
37,329684,Lisandro Semedo
38,320513,Tesfaldet Tekie
39,122291,Martin Angha
40,383604,George Cox
41,400060,Joshua Wehking
42,415194,Ronan Pluijmen
43,368266,Tom Hendriks
