,ID,Name
0,302644,Dario Dumic
1,357080,Godfried Roemeratoe
2,29281,Wout Brama
3,69525,Luciano Narsingh
4,247849,Queensy Menig
5,275012,Joël Drommel
6,379702,Jesse Bosch
7,379703,Jeffrey de Lange
8,387682,Ennio van der Gouw
9,400055,Jayden Oosterwolde
10,400056,Nathangelo Markelo
11,400058,Thijs van Leeuwen
12,400059,Gijs Smal
13,232248,Tyronne Ebuehi
14,361898,Luka Ilic
15,367522,Danilo
16,379701,Ramiz Zerrouki
17,402819,Mees Hilgers
18,405560,Daan Rots
19,406780,Max Bruns
20,400057,Casper Staring
21,403495,Melih Ibrahimoglu
22,147910,Lucas Schoofs
23,367743,Noah Fadiga
24,401096,Mateo Leš
25,394980,Marco Rente
26,104885,Janis Blaswich
27,296650,Ismail Azzaoui
28,108935,Robin Pröpper
29,116684,Michael Brouwer
30,369095,Koen Bucker
31,369553,Mats Knoester
32,140505,Rai Vloet
33,142242,Jeff Hardeveld
34,35160,Tim Breukers
35,400170,Rohat Agca
36,367737,Ahmed Kutucu
37,136302,Sinan Bakis
38,322406,Luca de la Torre
39,361875,Delano Burgzorg
40,379729,Adrian Szoke
41,393081,Giacomo Quagliata
42,400497,Elias Sierra-Cappelleti
43,395830,Kasper Lunding Jakobsen
