,ID,Name
0,367190,Sieben Dewaele
1,404764,Tibor Halilovic
2,22300,Lasse Schöne
3,389378,Oliver Batista Meier
4,56828,Ariel Harush
5,136066,Lucas Woudenberg
6,32196,Siem de Jong
7,34171,Erwin Mulder
8,261017,Henk Veerman
9,296543,Jan Bekkema
10,301423,Mitchell van Bergen
11,379734,Hamdi Akujobi
12,382556,Joey Veerman
13,369119,Arjen van der Heide
14,322157,Sherel Floranus
15,365402,Jan Paul van Hecke
16,142376,Pawel Bochniewicz
17,321192,Ibrahim Dresevic
18,321193,Rami Kaib
19,371073,Rami Hajal
20,399618,Benjamin Nygren
21,409160,Syb van Ottele
22,362459,Othmane Boussaid
23,344041,Moussa Sylla
24,302724,Eric Oelschlägel
25,333527,Odysseus Velanas
26,312702,Justin Hoogma
27,315574,Thijmen Nijhuis
28,329675,Maarten Paes
29,256971,Hidde ter Avest
30,14044,Eljero Elia
31,17491,Urby Emanuelson
32,22842,Willem Janssen
33,39726,Mark van der Maarel
34,89575,Adam Maher
35,110360,Sander van de Streek
36,123556,Joris van Overeem
37,141875,Gyrano Kerk
38,229520,Django Warmerdam
39,393412,Remco Balk
40,249686,Adrián Dalmau
41,283351,Simon Gustafson
42,312913,Emil Bergström
43,409052,Benaissa Benamar
44,382582,Tommy St. Jago
