,ID,Name
0,346767,Mauro Júnior
1,260809,Olivier Boscagli
2,320000,Adrian Fein
3,80382,Mario Götze
4,90235,Lars Unnerstall
5,142466,Philipp Max
6,44096,Eran Zahavi
7,322153,Denzel Dumfries
8,351354,Donyell Malen
9,352825,Cody Gakpo
10,361839,Jordan Teze
11,329647,Pablo Rosario
12,103542,Yvon Mvogo
13,389935,Noni Madueke
14,328075,Ibrahim Sangaré
15,404226,Luis Felipe
16,404776,Ismael Saibari
17,404777,Mathias Kjølø
18,386631,Richard Ledezma
19,343390,Jorn Brondeel
20,365389,John Yeboah
21,323531,Mats Köhlert
22,279751,Görkem Saglam
23,330514,Vangelis Pavlidis
24,332960,Victor van den Bogert
25,379600,Connor van den Berg
26,379601,Rick Zuijderwijk
27,288873,Paul Gladon
28,322083,Leeroy Owusu
29,120444,Jordens Peters
30,34628,Jan-Arie van der Heijden
31,81475,Miquel Nelom
32,109581,Pol Llonch
33,113079,Sebastian Holmén
34,383581,Mike Trésor
35,400010,Derrick Köhn
36,400014,Vincent Schippers
37,402852,Ole Romeny
38,405831,Maarten Schut
39,379599,Ché Nunnely
