,ID,Name
0,328686,Daniel Arzani
1,362459,Othmane Boussaid
2,344041,Moussa Sylla
3,302724,Eric Oelschlägel
4,303078,Leon Guwara
5,379762,Justin Lonwijk
6,312702,Justin Hoogma
7,315574,Thijmen Nijhuis
8,329675,Maarten Paes
9,280289,Giovanni Troupée
10,14044,Eljero Elia
11,17491,Urby Emanuelson
12,22842,Willem Janssen
13,39726,Mark van der Maarel
14,89575,Adam Maher
15,110360,Sander van de Streek
16,123556,Joris van Overeem
17,141875,Gyrano Kerk
18,229520,Django Warmerdam
19,238997,Mimoun Mahi
20,249686,Adrián Dalmau
21,283351,Simon Gustafson
22,382582,Tommy St. Jago
23,83809,Nicolás Tagliafico
24,340105,Lisandro Martínez
25,364315,Antony
26,326505,David Neres
27,260843,André Onana
28,322696,Edson Álvarez
29,349932,Noussair Mazraoui
30,83337,Zakaria Labyad
31,70033,Daley Blind
32,83333,Quincy Promes
33,4065,Maarten Stekelenburg
34,8013,Klaas Jan Huntelaar
35,355963,Jurgen Ekkelenkamp
36,362732,Perr Schuurs
37,363884,Ryan Gravenberch
38,108860,Davy Klaassen
39,135271,Sean Klaiber
40,29474,Dusan Tadic
41,365432,Dominik Kotarski
42,373291,Lassina Traoré
