,ID,Name
0,361880,Oussama Darfalou
1,345558,Tomas Hajek
2,319922,Jacob Rasmussen
3,330505,Idrissa Touré
4,226599,Maximilian Wittek
5,130917,Eli Dasa
6,115869,Oussama Tannane
7,352844,Thomas Buitink
8,133959,Riechedly Bazoer
9,141965,Jeroen Houwen
10,34550,Remko Pasveer
11,96581,Thomas Bruns
12,303076,Danilho Doekhi
13,401021,Enzo Cornelisse
14,112719,Sondre Tronstad
15,363618,Loïs Openda
16,372333,Bilal Bayazit
17,380663,Patrick Vroegh
18,393407,Armando Broja
19,400281,Million Manhoef
20,400282,Daan Huisman
21,400119,Sekou Sidibe
22,244455,Michael Chacón
23,400117,Denis Granecny
24,227870,Nikolai Laursen
25,400115,Lucas Bernadou
26,80426,Felix Wiedwald
27,245626,Glenn Bijl
28,302776,Keziah Veendorp
29,108283,Caner Cavlan
30,109109,Ricardo van Rhijn
31,112534,Stefan van der Lei
32,113087,Hilal Ben Moussa
33,121666,Nick Bakker
34,68590,Dennis Telgenkamp
35,69458,Ferhat Görgülü
36,77725,Michael de Leeuw
37,402024,Luciano Carty
38,125157,Miguel Araujo
39,125170,Sergio Peña
40,259802,Simon Tibbling
41,254684,Desevio Payne
42,400118,Lentini Caciano
