,ID,Name
0,367190,Sieben Dewaele
1,389378,Oliver Batista Meier
2,379734,Hamdi Akujobi
3,382556,Joey Veerman
4,261017,Henk Veerman
5,296543,Jan Bekkema
6,301423,Mitchell van Bergen
7,34171,Erwin Mulder
8,136066,Lucas Woudenberg
9,322157,Sherel Floranus
10,342814,Rodney Kongolo
11,365402,Jan Paul van Hecke
12,142376,Pawel Bochniewicz
13,321192,Ibrahim Dresevic
14,371073,Rami Hajal
15,399618,Benjamin Nygren
16,394864,Ulysses Llanez Jr
17,402735,Joaquín Fernández
18,400007,Jaimy Kroesen
19,400009,Couhaib Driouech
20,389128,Rein Smit
21,300755,Pantelis Chatzidiakos
22,289252,Albert Gudmundsson
23,379783,Yukinari Sugawara
24,400978,Beau Reus
25,404191,Maxim Gullit
26,404192,Tijs Velthuis
27,357081,Myron Boadu
28,373340,Zakaria Aboukhlal
29,36133,Ramon Leeuwin
30,83824,Marco Bizot
31,90810,Bruno Martins Indi
32,90834,Hobie Verhulst
33,116641,Timo Letschert
34,351310,Ferdy Druijf
35,353695,Dani de Wit
36,328550,Owen Wijndal
37,328987,Calvin Stengs
38,343308,Teun Koopmeiners
39,80137,Fredrik Midtsjø
40,81247,Jonas Svensson
41,343382,Tijjani Reijnders
42,356742,Håkon Evjen
43,320614,Jesper Karlsson
