,ID,Name
0,328330,Marcos Senesi
1,24260,Eric Botteghin
2,43004,Bryan Linssen
3,69525,Luciano Narsingh
4,82401,Jens Toornstra
5,89793,Nick Marsman
6,89794,Steven Berghuis
7,115863,Mark Diemers
8,122398,Ridgeciano Haps
9,329941,Ramón ten Hove
10,333781,Dylan Vente
11,345303,Tyrell Malacia
12,345441,Lutsharel Geertruida
13,297527,Bart Nieuwkoop
14,302709,Justin Bijlow
15,361877,Jordy Wehrmann
16,373113,Naoufal Bannis
17,142352,João Teixeira
18,127920,Uros Spajic
19,355870,Orkun Kökcü
20,380696,George Johnston
21,363735,Sam Schreck
22,369525,Ko Itakura
23,141265,Ahmed El Messaoudi
24,255970,Wessel Dammers
25,298493,Patrick Joosten
26,321871,Mo El Hankouri
27,33002,Bart van Hintum
28,68854,Sergio Padt
29,96626,Nigel Bertrams
30,137368,Damil Dankerlui
31,371293,Jan de Boer
32,364306,Daniël van Kaam
33,355960,Azor Matusiwa
34,391304,Joël van Kaam
35,393412,Remco Balk
36,322086,Ramon Pascal Lundqvist
37,330549,Gabriel Gudmundsson
38,383640,Leonel Miguel
39,391047,Tomas Suslov
40,391049,Thomas Poll
