,ID,Name
0,363735,Sam Schreck
1,369525,Ko Itakura
2,141265,Ahmed El Messaoudi
3,364306,Daniël van Kaam
4,255970,Wessel Dammers
5,298493,Patrick Joosten
6,321871,Mo El Hankouri
7,33002,Bart van Hintum
8,68854,Sergio Padt
9,96626,Nigel Bertrams
10,355960,Azor Matusiwa
11,371293,Jan de Boer
12,391304,Joël van Kaam
13,393412,Remco Balk
14,333048,Jørgen Strand Larsen
15,322086,Ramon Pascal Lundqvist
16,330549,Gabriel Gudmundsson
17,383640,Leonel Miguel
18,387049,Miguel Angel Leal
19,391047,Tomas Suslov
20,391049,Thomas Poll
21,361880,Oussama Darfalou
22,345558,Tomas Hajek
23,319922,Jacob Rasmussen
24,226599,Maximilian Wittek
25,130917,Eli Dasa
26,115869,Oussama Tannane
27,303076,Danilho Doekhi
28,141965,Jeroen Houwen
29,34550,Remko Pasveer
30,96581,Thomas Bruns
31,352844,Thomas Buitink
32,112719,Sondre Tronstad
33,318295,Matús Bero
34,363618,Loïs Openda
35,365426,Hilary Gong
36,372333,Bilal Bayazit
37,380663,Patrick Vroegh
38,393407,Armando Broja
39,400281,Million Manhoef
40,400282,Daan Huisman
