,ID,Name
0,83809,Nicolás Tagliafico
1,340105,Lisandro Martínez
2,326505,David Neres
3,260843,André Onana
4,322696,Edson Álvarez
5,349932,Noussair Mazraoui
6,83337,Zakaria Labyad
7,355963,Jurgen Ekkelenkamp
8,361867,Kjell Scherpen
9,362732,Perr Schuurs
10,363884,Ryan Gravenberch
11,108860,Davy Klaassen
12,135271,Sean Klaiber
13,4065,Maarten Stekelenburg
14,8013,Klaas Jan Huntelaar
15,70033,Daley Blind
16,83333,Quincy Promes
17,29474,Dusan Tadic
18,373291,Lassina Traoré
19,388650,Jurriën Timber
20,147910,Lucas Schoofs
21,243161,Daniel Mesenhöler
22,394980,Marco Rente
23,379731,Orestis Kiomourtzoglou
24,296650,Ismail Azzaoui
25,140505,Rai Vloet
26,142242,Jeff Hardeveld
27,35160,Tim Breukers
28,108935,Robin Pröpper
29,116684,Michael Brouwer
30,361778,Silvester van der Water
31,369095,Koen Bucker
32,369553,Mats Knoester
33,383580,Jeremy Cijntje
34,136302,Sinan Bakis
35,322406,Luca de la Torre
36,379730,Teun Bijleveld
37,361875,Delano Burgzorg
38,393081,Giacomo Quagliata
39,395830,Kasper Lunding Jakobsen
