,ID,Name
0,300755,Pantelis Hatzidiakos
1,289252,Albert Gudmundsson
2,379783,Yukinari Sugawara
3,400978,Beau Reus
4,404191,Maxim Gullit
5,36133,Ramon Leeuwin
6,83824,Marco Bizot
7,90810,Bruno Martins Indi
8,90834,Hobie Verhulst
9,116641,Timo Letschert
10,328550,Owen Wijndal
11,328987,Calvin Stengs
12,343308,Teun Koopmeiners
13,351310,Ferdy Druijf
14,353695,Dani de Wit
15,357081,Myron Boadu
16,373340,Zakaria Aboukhlal
17,80137,Fredrik Midtsjø
18,81247,Jonas Svensson
19,320614,Jesper Karlsson
20,356742,Håkon Evjen
21,343382,Tijjani Reijnders
22,244455,Michael Chacón
23,125093,Marko Kolar
24,400117,Denis Granecny
25,227870,Nikolai Laursen
26,400115,Lucas Bernadou
27,80426,Felix Wiedwald
28,30121,Anco Jansen
29,68590,Dennis Telgenkamp
30,77725,Michael de Leeuw
31,108283,Caner Cavlan
32,109109,Ricardo van Rhijn
33,112534,Stefan van der Lei
34,113087,Hilal Ben Moussa
35,121666,Nick Bakker
36,302776,Keziah Veendorp
37,245626,Glenn Bijl
38,125157,Miguel Araujo
39,259802,Simon Tibbling
40,400118,Lentini Caciano
41,142078,Donis Avdijaj
