,ID,Name
0,143815,Anas Tahiri
1,367742,Cyril Ngonge
2,379713,Lennerd Daneels
3,399608,Ahmed Touba
4,379712,Said Bakari
5,68850,Kostas Lamprou
6,400277,Nicolas Olsak
7,345511,Vitalie Damascan
8,386605,Ayman Azhil
9,391284,Richard van der Venne
10,380703,Mike Grim
11,379705,Etienne Vaessen
12,379706,Juriën Gaari
13,379707,Melle Meulensteen
14,379708,Paul Quasten
15,365160,Lars Nieuwpoort
16,322159,Finn Stokkers
17,92984,Ola John
18,23373,Hans Mulder
19,63885,Vurnon Anita
20,400278,Thierry Lutonda
21,400276,Luuk Wouters
22,367190,Sieben Dewaele
23,261017,Henk Veerman
24,296543,Jan Bekkema
25,301423,Mitchell van Bergen
26,379734,Hamdi Akujobi
27,382556,Joey Veerman
28,34171,Erwin Mulder
29,136066,Lucas Woudenberg
30,322157,Sherel Floranus
31,342814,Rodney Kongolo
32,365402,Jan Paul van Hecke
33,142376,Pawel Bochniewicz
34,371073,Rami Hajal
35,321192,Ibrahim Dresevic
36,399618,Benjamin Nygren
37,400007,Jaimy Kroesen
38,400009,Couhaib Driouech
39,406783,Stanislav Shopov
40,389128,Rein Smit
