,ID,Name
0,96615,Benjamin van Leer
1,124105,Michael Heylen
2,71267,Jeffry Fortes
3,84195,Lennart Thy
4,225522,Mario Engels
5,25037,Adil Auassar
6,31238,Aaron Meijers
7,44145,Bart Vriends
8,77706,Bryan Smeets
9,90636,Tom Beugelsdijk
10,133961,Danzell Gravenberch
11,328549,Deroy Duarte
12,349895,Abdou Harroui
13,351721,Michael Fabrie
14,361878,Wouter Burger
15,379741,Dirk Abels
16,379742,Laros Duarte
17,383560,Sven Mijnans
18,400163,Emanuel Emegha
19,322776,Mica Pinto
20,406754,Reda Kharchouch
21,392339,Maduka Okoye
22,298718,Dante Rigo
23,310680,Samy Bourard
24,365407,Amar Catic
25,121244,Nikolaos Karelis
26,384871,Ilay Elmkies
27,118137,Dario Del Fabro
28,93475,Ravel Morrison
29,120312,Robert Zwinkels
30,40342,Michiel Kramer
31,67062,John Goossens
32,148512,Bilal Ould-Chikh
33,301457,Luuk Koopmans
34,379760,Milan van Ewijk
35,321869,Lassana Faye
36,347191,Shaquille Pinas
37,384395,Jonas Arweiler
38,389479,Boy Kemper
39,400172,Vicente Besuijen
40,400173,Jamal Amofa
41,401071,David Lennart Philipp
42,402120,Pascu
43,405559,Michael Mulder
44,406755,Jonathan Mulder
