,ID,Name
0,291964,Vaclav Cerny
1,308754,Lazaros Lamprou
2,29281,Wout Brama
3,275012,Joël Drommel
4,327903,Kik Pierie
5,357083,Halil Dervisoglu
6,379702,Jesse Bosch
7,379703,Jeffrey de Lange
8,387682,Ennio van der Gouw
9,400055,Jayden Oosterwolde
10,400058,Thijs van Leeuwen
11,400059,Gijs Smal
12,232248,Tyronne Ebuehi
13,361898,Luka Ilic
14,318754,Julio Pleguezuelo
15,320626,Alexander Jeremejeff
16,367522,Danilo
17,379699,Lindon Selahi
18,379701,Ramiz Zerrouki
19,402819,Mees Hilgers
20,405560,Daan Rots
21,406780,Max Bruns
22,400057,Casper Staring
23,346767,Mauro Júnior
24,260809,Olivier Boscagli
25,320000,Adrian Fein
26,90235,Lars Unnerstall
27,141328,Timo Baumgartl
28,142466,Philipp Max
29,44096,Eran Zahavi
30,70906,Nick Viergever
31,133305,Jorrit Hendrix
32,322153,Denzel Dumfries
33,351354,Donyell Malen
34,352825,Cody Gakpo
35,361839,Jordan Teze
36,329647,Pablo Rosario
37,103542,Yvon Mvogo
38,389935,Noni Madueke
39,328075,Ibrahim Sangaré
40,369107,Mohamed Ihattaren
