,ID,Name
0,379785,Adnan Ugur
1,260811,Djibril Dianessy
2,342571,Samuel Moutoussamy
3,77471,Sebastian Polter
4,391933,Lazaros Rota
5,90830,Ben Rienstra
6,104982,Mats Seuntjens
7,281508,Roel Janssen
8,243708,Yanick van Osch
9,252209,Jorrit Smeets
10,361694,Zian Flemming
11,362439,Clint Essers
12,334533,Emil Hansson
13,339499,Jaroslaw Jach
14,329684,Lisandro Semedo
15,127000,Branislav Ninaj
16,320513,Tesfaldet Tekie
17,122291,Martin Angha
18,383604,George Cox
19,391953,Mike van Beijnen
20,400060,Joshua Wehking
21,346494,Alexei Koselev
22,328330,Marcos Senesi
23,24260,Eric Botteghin
24,72595,Nicolai Jørgensen
25,82401,Jens Toornstra
26,89793,Nick Marsman
27,89794,Steven Berghuis
28,115863,Mark Diemers
29,43004,Bryan Linssen
30,69525,Luciano Narsingh
31,361877,Jordy Wehrmann
32,373113,Naoufal Bannis
33,329941,Ramón ten Hove
34,333781,Dylan Vente
35,345441,Lutsharel Geertruida
36,297527,Bart Nieuwkoop
37,404937,Thijs Jansen
38,142352,João Teixeira
39,355870,Orkun Kökcü
40,380696,George Johnston
