,ID,Name
0,343390,Jorn Brondeel
1,365389,John Yeboah
2,279751,Görkem Saglam
3,323531,Mats Köhlert
4,330514,Vangelis Pavlidis
5,332960,Victor van den Bogert
6,288873,Paul Gladon
7,322083,Leeroy Owusu
8,34628,Jan-Arie van der Heijden
9,81475,Miquel Nelom
10,379600,Connor van den Berg
11,379601,Rick Zuijderwijk
12,120444,Jordens Peters
13,109581,Pol Llonch
14,113079,Sebastian Holmén
15,383581,Mike Trésor
16,400014,Vincent Schippers
17,402852,Ole Romeny
18,405831,Maarten Schut
19,379599,Ché Nunnely
20,280677,Zinedine Machach
21,146718,Tobias Pachonik
22,35743,Thorsten Kirschbaum
23,80843,Lukas Schmitz
24,320799,Steffen Schäfer
25,347809,Georgios Giakoumakis
26,355961,Evert Linthorst
27,361793,Aaron Bastiaans
28,362570,Simon Janssen
29,363052,Stan van Dijck
30,391286,Wassim Essanoussi
31,343311,Tristan Dekker
32,343314,Vito van Crooij
33,343315,Bram Verbong
34,344124,Danny Post
35,136164,Torino Hunte
36,35953,Josua John
37,74627,Guus Hupperts
38,254253,Jafar Arias
39,285951,Delano van Crooij
40,33662,Arjan Swinkels
41,34246,Christian Kum
42,391973,Roy Gelmi
