,ID,Name
0,104906,Thomas Lam
1,132420,Rico Strieder
2,280191,Michael Zetterer
3,24764,Reza Ghoochannejhad
4,369545,Yuta Nakayama
5,379595,Xavier Mous
6,317693,Mike Hauptmeijer
7,361695,Thomas van den Belt
8,365152,Eliano Reijnders
9,81962,Jesper Drost
10,97101,Mustafa Saymak
11,100608,Mike van Duinen
12,231106,Kenneth Paal
13,244640,Clint Leemans
14,279429,Sai van Wermeskerken
15,380731,Sam Kersten
16,394981,Immanuel Pherai
17,402068,Slobodan Tedic
18,404099,Samir Lagsir
19,379596,Dean Huiberts
20,379597,Marc-Olivier Doué
21,328686,Daniel Arzani
22,362459,Othmane Boussaid
23,344041,Moussa Sylla
24,302724,Eric Oelschlägel
25,303078,Leon Guwara
26,312702,Justin Hoogma
27,315574,Thijmen Nijhuis
28,14044,Eljero Elia
29,17491,Urby Emanuelson
30,22842,Willem Janssen
31,39726,Mark van der Maarel
32,89575,Adam Maher
33,110360,Sander van de Streek
34,123556,Joris van Overeem
35,141875,Gyrano Kerk
36,229520,Django Warmerdam
37,238997,Mimoun Mahi
38,329675,Maarten Paes
39,261082,Bart Ramselaar
40,280289,Giovanni Troupée
41,249686,Adrián Dalmau
42,283351,Simon Gustafson
43,382582,Tommy St. Jago
