,ID,Name
0,361880,Oussama Darfalou
1,345558,Tomas Hajek
2,319922,Jacob Rasmussen
3,330505,Idrissa Touré
4,226599,Maximilian Wittek
5,130917,Eli Dasa
6,115869,Oussama Tannane
7,401021,Enzo Cornelisse
8,133959,Riechedly Bazoer
9,141965,Jeroen Houwen
10,34550,Remko Pasveer
11,96581,Thomas Bruns
12,112719,Sondre Tronstad
13,318295,Matús Bero
14,409126,Alois Dominik Oroz
15,363618,Loïs Openda
16,372333,Bilal Bayazit
17,380663,Patrick Vroegh
18,393407,Armando Broja
19,400282,Daan Huisman
20,379185,Martin Fraisl
21,401099,Tomislav Gomelt
22,379760,Milan van Ewijk
23,19499,Gianni Zuiverloon
24,67062,John Goossens
25,67063,Marko Vejinovic
26,141725,Ricardo Kishna
27,301457,Luuk Koopmans
28,347191,Shaquille Pinas
29,384395,Jonas Arweiler
30,389479,Boy Kemper
31,400171,Kees de Boer
32,400172,Vicente Besuijen
33,401071,David Lennart Philipp
34,402120,Pascu
35,403820,Juan Familia-Castillo
36,411014,Cain Seedorf
37,411954,Xander Severina
38,412899,Silvinho Esajas
