,ID,Name
0,147910,Lucas Schoofs
1,367743,Noah Fadiga
2,104885,Janis Blaswich
3,394980,Marco Rente
4,379731,Orestis Kiomourtzoglou
5,296650,Ismail Azzaoui
6,140505,Rai Vloet
7,142242,Jeff Hardeveld
8,108935,Robin Pröpper
9,116684,Michael Brouwer
10,361778,Silvester van der Water
11,369095,Koen Bucker
12,369553,Mats Knoester
13,35160,Tim Breukers
14,400170,Rohat Agca
15,136302,Sinan Bakis
16,322406,Luca de la Torre
17,379729,Adrian Szöke
18,361875,Delano Burgzorg
19,393081,Giacomo Quagliata
20,395830,Kasper Lunding Jakobsen
21,361880,Oussama Darfalou
22,345558,Tomas Hajek
23,319922,Jacob Rasmussen
24,330505,Idrissa Touré
25,226599,Maximilian Wittek
26,130917,Eli Dasa
27,115869,Oussama Tannane
28,133959,Riechedly Bazoer
29,141965,Jeroen Houwen
30,34550,Remko Pasveer
31,96581,Thomas Bruns
32,303076,Danilho Doekhi
33,352844,Thomas Buitink
34,401021,Enzo Cornelisse
35,318295,Matús Bero
36,363618,Loïs Openda
37,365426,Hilary Gong
38,372333,Bilal Bayazit
39,380663,Patrick Vroegh
40,393407,Armando Broja
41,400281,Million Manhoef
42,400282,Daan Huisman
