,ID,Name
0,400119,Sekou Sidibe
1,125093,Marko Kolar
2,400117,Denis Granecny
3,227870,Nikolai Laursen
4,400115,Lucas Bernadou
5,80426,Felix Wiedwald
6,108283,Caner Cavlan
7,109109,Ricardo van Rhijn
8,112534,Stefan van der Lei
9,113087,Hilal Ben Moussa
10,121666,Nick Bakker
11,30121,Anco Jansen
12,68590,Dennis Telgenkamp
13,69458,Ferhat Görgülü
14,77725,Michael de Leeuw
15,245626,Glenn Bijl
16,302776,Keziah Veendorp
17,302883,Robbert de Vos
18,125157,Miguel Araujo
19,125170,Sergio Peña
20,259802,Simon Tibbling
21,142078,Donis Avdijaj
22,302644,Dario Dumic
23,291964,Vaclav Cerny
24,247849,Queensy Menig
25,275012,Joël Drommel
26,327903,Kik Pierie
27,357080,Godfried Roemeratoe
28,379702,Jesse Bosch
29,379703,Jeffrey de Lange
30,387682,Ennio van der Gouw
31,400055,Jayden Oosterwolde
32,400056,Nathangelo Markelo
33,400058,Thijs van Leeuwen
34,400059,Gijs Smal
35,232248,Tyronne Ebuehi
36,361898,Luka Ilic
37,318754,Julio Pleguezuelo
38,367522,Danilo
39,379699,Lindon Selahi
40,379701,Ramiz Zerrouki
41,400057,Casper Staring
42,405560,Daan Rots
43,406780,Max Bruns
