,ID,Name
0,379713,Lennerd Daneels
1,383972,Sebbe Augustijns
2,399608,Ahmed Touba
3,379712,Said Bakari
4,68850,Kostas Lamprou
5,345511,Vitalie Damascan
6,386605,Ayman Azhil
7,391284,Richard van der Venne
8,380703,Mike Grim
9,400279,David Min
10,348644,Sylla Sow
11,365160,Lars Nieuwpoort
12,379705,Etienne Vaessen
13,379706,Juriën Gaari
14,379707,Melle Meulensteen
15,379708,Paul Quasten
16,300631,James Efmorfidis
17,322159,Finn Stokkers
18,23373,Hans Mulder
19,63885,Vurnon Anita
20,400276,Luuk Wouters
21,400278,Thierry Lutonda
22,298718,Dante Rigo
23,310680,Samy Bourard
24,121244,Nikolaos Karelis
25,118137,Dario Del Fabro
26,32323,Daryl Janmaat
27,40342,Michiel Kramer
28,67062,John Goossens
29,67063,Marko Vejinovic
30,120312,Robert Zwinkels
31,141725,Ricardo Kishna
32,148512,Bilal Ould-Chikh
33,301457,Luuk Koopmans
34,379760,Milan van Ewijk
35,379764,Youri Schoonderwaldt
36,347191,Shaquille Pinas
37,372331,Andrei Ratiu
38,389479,Boy Kemper
39,400171,Kees de Boer
40,400172,Vicente Besuijen
41,400173,Jamal Amofa
42,401071,David Lennart Philipp
43,402120,Pascu
