,ID,Name
0,328686,Daniel Arzani
1,362459,Othmane Boussaid
2,344041,Moussa Sylla
3,302724,Eric Oelschlägel
4,312702,Justin Hoogma
5,315574,Thijmen Nijhuis
6,261082,Bart Ramselaar
7,280289,Giovanni Troupée
8,369408,Sylian Mokono
9,391013,Joey Houweling
10,14044,Eljero Elia
11,17491,Urby Emanuelson
12,22842,Willem Janssen
13,39726,Mark van der Maarel
14,89575,Adam Maher
15,110360,Sander van de Streek
16,123556,Joris van Overeem
17,141875,Gyrano Kerk
18,229520,Django Warmerdam
19,238997,Mimoun Mahi
20,249686,Adrián Dalmau
21,283351,Simon Gustafson
22,409052,Benaissa Benamar
23,363735,Sam Schreck
24,369525,Ko Itakura
25,141265,Ahmed El Messaoudi
26,255970,Wessel Dammers
27,290832,Alessio Da Cruz
28,298493,Patrick Joosten
29,321871,Mo El Hankouri
30,33002,Bart van Hintum
31,68854,Sergio Padt
32,96626,Nigel Bertrams
33,137368,Damil Dankerlui
34,371293,Jan de Boer
35,364306,Daniël van Kaam
36,391048,Kian Slor
37,391304,Joël van Kaam
38,393412,Remco Balk
39,333048,Jørgen Strand Larsen
40,322086,Ramon Pascal Lundqvist
41,330549,Gabriel Gudmundsson
42,387049,Miguel Angel Leal
43,391047,Tomas Suslov
