,ID,Name
0,104906,Thomas Lam
1,132420,Rico Strieder
2,280191,Michael Zetterer
3,24764,Reza Ghoochannejhad
4,369545,Yuta Nakayama
5,379595,Xavier Mous
6,317693,Mike Hauptmeijer
7,361695,Thomas van den Belt
8,365152,Eliano Reijnders
9,34108,Bram van Polen
10,81962,Jesper Drost
11,97101,Mustafa Saymak
12,100608,Mike van Duinen
13,231106,Kenneth Paal
14,244640,Clint Leemans
15,279173,Pelle Clement
16,279429,Sai van Wermeskerken
17,380731,Sam Kersten
18,394981,Immanuel Pherai
19,404099,Samir Lagsir
20,408338,Daijiro Chirino
21,379596,Dean Huiberts
22,379597,Marc-Olivier Doué
23,300755,Pantelis Hatzidiakos
24,289252,Albert Gudmundsson
25,379783,Yukinari Sugawara
26,391050,Mees Bakker
27,404191,Maxim Gullit
28,357081,Myron Boadu
29,363875,Kenzo Goudmijn
30,373340,Zakaria Aboukhlal
31,351310,Ferdy Druijf
32,328550,Owen Wijndal
33,328987,Calvin Stengs
34,343308,Teun Koopmeiners
35,14107,Ron Vlaar
36,36133,Ramon Leeuwin
37,83824,Marco Bizot
38,90810,Bruno Martins Indi
39,90834,Hobie Verhulst
40,80137,Fredrik Midtsjø
41,343382,Tijjani Reijnders
42,356742,Håkon Evjen
43,320614,Jesper Karlsson
