,ID,Name
0,343390,Jorn Brondeel
1,383581,Mike Trésor
2,346731,Kwasi Okyere Wriedt
3,279751,Görkem Saglam
4,323531,Mats Köhlert
5,330514,Vangelis Pavlidis
6,332960,Victor van den Bogert
7,322083,Leeroy Owusu
8,66462,Freek Heerkens
9,120444,Jordens Peters
10,124274,Sven van Beek
11,361791,Driess Saddiki
12,379600,Connor van den Berg
13,379601,Rick Zuijderwijk
14,109581,Pol Llonch
15,379599,Ché Nunnely
16,379699,Lindon Selahi
17,400010,Derrick Köhn
18,400012,Wesley Spieringhs
19,400013,Jop van den Avert
20,362426,Arijanet Muric
21,260809,Olivier Boscagli
22,320000,Adrian Fein
23,90235,Lars Unnerstall
24,142466,Philipp Max
25,70906,Nick Viergever
26,85470,Marco van Ginkel
27,329647,Pablo Rosario
28,345333,Armando Obispo
29,351354,Donyell Malen
30,352825,Cody Gakpo
31,361839,Jordan Teze
32,369542,Joël Piroe
33,322153,Denzel Dumfries
34,103542,Yvon Mvogo
35,389935,Noni Madueke
36,328075,Ibrahim Sangaré
37,402876,Vincent Müller
38,408059,Yorbe Vertessen
