,ID,Name
0,400244,Benson Manuel
1,104906,Thomas Lam
2,132420,Rico Strieder
3,24764,Reza Ghoochannejhad
4,369545,Yuta Nakayama
5,379595,Xavier Mous
6,231106,Kenneth Paal
7,279173,Pelle Clement
8,317693,Mike Hauptmeijer
9,361695,Thomas van den Belt
10,367257,Destan Bajselmani
11,81962,Jesper Drost
12,97101,Mustafa Saymak
13,402068,Slobodan Tedic
14,404099,Samir Lagsir
15,404370,Rav van den Berg
16,408338,Daijiro Chirino
17,414488,Damian van Drenth
18,379597,Marc-Olivier Doué
19,394981,Immanuel Pherai
20,379185,Martin Fraisl
21,365407,Amar Catic
22,401099,Tomislav Gomelt
23,19499,Gianni Zuiverloon
24,32323,Daryl Janmaat
25,67062,John Goossens
26,67063,Marko Vejinovic
27,83442,Youness Mokhtar
28,301457,Luuk Koopmans
29,303113,Abdenasser El Khayati
30,347191,Shaquille Pinas
31,403820,Juan Familia-Castillo
32,411954,Xander Severina
33,379760,Milan van Ewijk
34,382238,Bobby Adekanye
35,384395,Jonas Arweiler
36,389479,Boy Kemper
37,400171,Kees de Boer
38,401071,David Lennart Philipp
39,412899,Silvinho Esajas
40,406755,Jonathan Mulder
41,411014,Cain Seedorf
42,402120,Pascu
