,ID,Name
0,37360,Lucas Pratto
1,328330,Marcos Senesi
2,24260,Eric Botteghin
3,361879,Luis Sinisterra
4,72595,Nicolai Jørgensen
5,89793,Nick Marsman
6,115863,Mark Diemers
7,122398,Ridgeciano Haps
8,35174,Leroy Fer
9,43004,Bryan Linssen
10,302709,Justin Bijlow
11,329941,Ramón ten Hove
12,345303,Tyrell Malacia
13,345441,Lutsharel Geertruida
14,142352,João Teixeira
15,127920,Uros Spajic
16,376967,Robert Bozenik
17,355870,Orkun Kökcü
18,384253,Achraf El Bouchataoui
19,340105,Lisandro Martínez
20,364315,Antony
21,326505,David Neres
22,400166,Mohammed Kudus
23,322696,Edson Álvarez
24,349932,Noussair Mazraoui
25,355963,Jurgen Ekkelenkamp
26,361867,Kjell Scherpen
27,362732,Perr Schuurs
28,363884,Ryan Gravenberch
29,4065,Maarten Stekelenburg
30,108860,Davy Klaassen
31,135271,Sean Klaiber
32,299321,Oussama Idrissi
33,401122,Kenneth Taylor
34,413209,Daan Reiziger
35,29474,Dusan Tadic
36,236544,Sébastien Haller
37,404568,Brian Brobbey
38,373291,Lassina Traoré
39,388650,Jurriën Timber
40,400165,Devyne Rensch
