,ID,Name
0,125093,Marko Kolar
1,227870,Nikolai Laursen
2,400115,Lucas Bernadou
3,245626,Glenn Bijl
4,288873,Paul Gladon
5,298805,Michael Verrips
6,302776,Keziah Veendorp
7,302883,Robbert de Vos
8,68590,Dennis Telgenkamp
9,77725,Michael de Leeuw
10,108283,Caner Cavlan
11,109109,Ricardo van Rhijn
12,112534,Stefan van der Lei
13,113087,Hilal Ben Moussa
14,121666,Nick Bakker
15,400053,Jean-Pierre Rhyner
16,409449,Didier La Torre
17,125157,Miguel Araujo
18,125170,Sergio Peña
19,345544,Luka Adzic
20,259802,Simon Tibbling
21,106336,Kerim Frei
22,409129,Jari Vlak
23,369525,Ko Itakura
24,141265,Ahmed El Messaoudi
25,290832,Alessio Da Cruz
26,298493,Patrick Joosten
27,4173,Arjen Robben
28,33002,Bart van Hintum
29,68854,Sergio Padt
30,91123,Mike te Wierik
31,137368,Damil Dankerlui
32,371293,Jan de Boer
33,321871,Mo El Hankouri
34,355960,Azor Matusiwa
35,364306,Daniël van Kaam
36,333048,Jørgen Strand Larsen
37,320941,Per Kristian Bråtveit
38,322086,Ramon Pascal Lundqvist
39,387049,Miguel Angel Leal
40,391047,Tomas Suslov
41,406537,Paulos Abraham
