,ID,Name
0,400244,Benson Manuel
1,104906,Thomas Lam
2,24764,Reza Ghoochannejhad
3,369545,Yuta Nakayama
4,379595,Xavier Mous
5,380731,Sam Kersten
6,34108,Bram van Polen
7,81962,Jesper Drost
8,96626,Nigel Bertrams
9,97101,Mustafa Saymak
10,100608,Mike van Duinen
11,120454,Virgil Misidjan
12,231106,Kenneth Paal
13,279173,Pelle Clement
14,317693,Mike Hauptmeijer
15,352844,Thomas Buitink
16,361695,Thomas van den Belt
17,365152,Eliano Reijnders
18,367257,Destan Bajselmani
19,402068,Slobodan Tedic
20,404370,Rav van den Berg
21,394981,Immanuel Pherai
22,379596,Dean Huiberts
23,302644,Dario Dumic
24,364014,Issah Abass
25,247849,Queensy Menig
26,275012,Joël Drommel
27,379702,Jesse Bosch
28,379703,Jeffrey de Lange
29,387682,Ennio van der Gouw
30,400055,Jayden Oosterwolde
31,400056,Nathangelo Markelo
32,327903,Kik Pierie
33,357080,Godfried Roemeratoe
34,69525,Luciano Narsingh
35,400058,Thijs van Leeuwen
36,400059,Gijs Smal
37,232248,Tyronne Ebuehi
38,361898,Luka Ilic
39,400057,Casper Staring
40,367522,Danilo
41,379701,Ramiz Zerrouki
42,405560,Daan Rots
43,406780,Max Bruns
