,ID,Name
0,255946,Dario Van den Buijs
1,329842,Thibaud Verlinden
2,321391,Gregoire Amiot
3,342571,Samuel Moutoussamy
4,77471,Sebastian Polter
5,391933,Lazaros Rota
6,410249,Dimitrios Emmanouilidis
7,90830,Ben Rienstra
8,104982,Mats Seuntjens
9,120304,Leroy George
10,281508,Roel Janssen
11,34546,Piet Velthuizen
12,243708,Yanick van Osch
13,361694,Zian Flemming
14,362439,Clint Essers
15,407647,Arian Kastrati
16,334533,Emil Hansson
17,329684,Lisandro Semedo
18,320513,Tesfaldet Tekie
19,122291,Martin Angha
20,383604,George Cox
21,391953,Mike van Beijnen
22,400060,Joshua Wehking
23,227870,Nikolai Laursen
24,80426,Felix Wiedwald
25,68590,Dennis Telgenkamp
26,69458,Ferhat Görgülü
27,108283,Caner Cavlan
28,109109,Ricardo van Rhijn
29,113087,Hilal Ben Moussa
30,121666,Nick Bakker
31,245626,Glenn Bijl
32,288873,Paul Gladon
33,298805,Michael Verrips
34,302776,Keziah Veendorp
35,302883,Robbert de Vos
36,408339,Ben Scholte
37,125157,Miguel Araujo
38,125170,Sergio Peña
39,400053,Jean-Pierre Rhyner
40,409449,Didier La Torre
41,345544,Luka Adzic
42,259802,Simon Tibbling
43,106336,Kerim Frei
44,409129,Jari Vlak
