,ID,Name
0,403495,Melih Ibrahimoglu
1,147910,Lucas Schoofs
2,367743,Noah Fadiga
3,401096,Mateo Leš
4,394980,Marco Rente
5,104885,Janis Blaswich
6,379731,Orestis Kiomourtzoglou
7,369095,Koen Bucker
8,369553,Mats Knoester
9,108935,Robin Pröpper
10,116684,Michael Brouwer
11,35160,Tim Breukers
12,140505,Rai Vloet
13,367737,Ahmed Kutucu
14,136302,Sinan Bakis
15,322406,Luca de la Torre
16,361875,Delano Burgzorg
17,379729,Adrian Szoke
18,379730,Teun Bijleveld
19,393081,Giacomo Quagliata
20,395830,Kasper Lunding Jakobsen
21,400497,Elias Sierra-Cappelleti
22,343390,Jorn Brondeel
23,383581,Mike Trésor
24,279751,Görkem Saglam
25,346731,Kwasi Okyere Wriedt
26,323531,Mats Köhlert
27,330514,Vangelis Pavlidis
28,332960,Victor van den Bogert
29,124274,Sven van Beek
30,361791,Driess Saddiki
31,322083,Leeroy Owusu
32,34628,Jan-Arie van der Heijden
33,379600,Connor van den Berg
34,379601,Rick Zuijderwijk
35,410324,Ian Smeulers
36,109581,Pol Llonch
37,113079,Sebastian Holmén
38,379599,Ché Nunnely
39,379699,Lindon Selahi
40,400010,Derrick Köhn
41,400012,Wesley Spieringhs
42,400013,Jop van den Avert
43,402852,Ole Romeny
44,362426,Arijanet Muric
