,ID,Name
0,289252,Albert Gudmundsson
1,379783,Yukinari Sugawara
2,391050,Mees Bakker
3,357081,Myron Boadu
4,363875,Kenzo Goudmijn
5,373340,Zakaria Aboukhlal
6,328550,Owen Wijndal
7,328987,Calvin Stengs
8,353695,Dani de Wit
9,36133,Ramon Leeuwin
10,83824,Marco Bizot
11,90802,Jordy Clasie
12,90810,Bruno Martins Indi
13,90834,Hobie Verhulst
14,116641,Timo Letschert
15,80137,Fredrik Midtsjø
16,81247,Jonas Svensson
17,320614,Jesper Karlsson
18,356742,Håkon Evjen
19,343382,Tijjani Reijnders
20,409747,Jelle Duin
21,96615,Benjamin van Leer
22,124105,Michael Heylen
23,71267,Jeffry Fortes
24,84195,Lennart Thy
25,225522,Mario Engels
26,133961,Danzell Gravenberch
27,90636,Tom Beugelsdijk
28,77706,Bryan Smeets
29,328549,Deroy Duarte
30,349895,Abdou Harroui
31,351721,Michael Fabrie
32,361878,Wouter Burger
33,379741,Dirk Abels
34,379742,Laros Duarte
35,383560,Sven Mijnans
36,406754,Reda Kharchouch
37,409075,Jason Meerstadt
38,411278,Jeremy Van Mullem
39,31238,Aaron Meijers
40,322776,Mica Pinto
41,392339,Maduka Okoye
42,403844,Delano Vianello
