,ID,Name
0,243516,Ante Coric
1,280677,Zinedine Machach
2,303078,Leon Guwara
3,320799,Steffen Schäfer
4,80843,Lukas Schmitz
5,35743,Thorsten Kirschbaum
6,347809,Georgios Giakoumakis
7,362570,Simon Janssen
8,363052,Stan van Dijck
9,35953,Josua John
10,74627,Guus Hupperts
11,33662,Arjan Swinkels
12,34246,Christian Kum
13,136164,Torino Hunte
14,254253,Jafar Arias
15,285951,Delano van Crooij
16,343311,Tristan Dekker
17,343314,Vito van Crooij
18,343315,Bram Verbong
19,344124,Danny Post
20,341715,Kristopher Da Graca
21,391973,Roy Gelmi
22,400120,Nezar S'Rifi
23,343390,Jorn Brondeel
24,279751,Görkem Saglam
25,346731,Kwasi Okyere Wriedt
26,323531,Mats Köhlert
27,365389,John Yeboah
28,330514,Vangelis Pavlidis
29,322083,Leeroy Owusu
30,34628,Jan-Arie van der Heijden
31,66462,Freek Heerkens
32,379600,Connor van den Berg
33,379601,Rick Zuijderwijk
34,361791,Driess Saddiki
35,120444,Jordens Peters
36,113079,Sebastian Holmén
37,383581,Mike Trésor
38,400010,Derrick Köhn
39,400012,Wesley Spieringhs
40,400014,Vincent Schippers
41,402852,Ole Romeny
42,405831,Maarten Schut
43,379599,Ché Nunnely
