,ID,Name
0,83809,Nicolás Tagliafico
1,340105,Lisandro Martínez
2,364315,Antony
3,260843,André Onana
4,400166,Mohammed Kudus
5,322696,Edson Álvarez
6,83337,Zakaria Labyad
7,349932,Noussair Mazraoui
8,355963,Jurgen Ekkelenkamp
9,362732,Perr Schuurs
10,363884,Ryan Gravenberch
11,108860,Davy Klaassen
12,135271,Sean Klaiber
13,4065,Maarten Stekelenburg
14,70033,Daley Blind
15,83333,Quincy Promes
16,29474,Dusan Tadic
17,236544,Sébastien Haller
18,365432,Dominik Kotarski
19,388650,Jurriën Timber
20,400165,Devyne Rensch
21,346767,Mauro Júnior
22,260809,Olivier Boscagli
23,320000,Adrian Fein
24,141328,Timo Baumgartl
25,142466,Philipp Max
26,90235,Lars Unnerstall
27,44096,Eran Zahavi
28,137460,Erick Gutiérrez
29,322153,Denzel Dumfries
30,70906,Nick Viergever
31,85470,Marco van Ginkel
32,329647,Pablo Rosario
33,369542,Joël Piroe
34,351354,Donyell Malen
35,352825,Cody Gakpo
36,361839,Jordan Teze
37,137327,Ryan Thomas
38,103542,Yvon Mvogo
39,389935,Noni Madueke
40,328075,Ibrahim Sangaré
41,402876,Vincent Müller
42,369107,Mohamed Ihattaren
