,ID,Name
0,367190,Sieben Dewaele
1,389378,Oliver Batista Meier
2,379734,Hamdi Akujobi
3,382556,Joey Veerman
4,369119,Arjen van der Heide
5,342814,Rodney Kongolo
6,365402,Jan Paul van Hecke
7,32196,Siem de Jong
8,34171,Erwin Mulder
9,136066,Lucas Woudenberg
10,261017,Henk Veerman
11,296543,Jan Bekkema
12,301423,Mitchell van Bergen
13,142376,Pawel Bochniewicz
14,399618,Benjamin Nygren
15,321192,Ibrahim Dresevic
16,371073,Rami Hajal
17,394864,Ulysses Llanez Jr
18,402735,Joaquín Fernández
19,408042,Marijn Dijkstra
20,389128,Rein Smit
21,379785,Adnan Ugur
22,260811,Djibril Dianessy
23,321391,Gregoire Amiot
24,342571,Samuel Moutoussamy
25,77471,Sebastian Polter
26,391933,Lazaros Rota
27,407647,Arian Kastrati
28,90830,Ben Rienstra
29,281508,Roel Janssen
30,243708,Yanick van Osch
31,252209,Jorrit Smeets
32,361694,Zian Flemming
33,362439,Clint Essers
34,369685,Nassim El Ablak
35,334533,Emil Hansson
36,329684,Lisandro Semedo
37,127000,Branislav Ninaj
38,320513,Tesfaldet Tekie
39,122291,Martin Angha
40,383604,George Cox
41,391953,Mike van Beijnen
42,400060,Joshua Wehking
43,346494,Alexei Koselev
