,ID,Name
0,96615,Benjamin van Leer
1,124105,Michael Heylen
2,71267,Jeffry Fortes
3,225522,Mario Engels
4,84195,Lennart Thy
5,25037,Adil Auassar
6,31238,Aaron Meijers
7,77706,Bryan Smeets
8,90636,Tom Beugelsdijk
9,133961,Danzell Gravenberch
10,328549,Deroy Duarte
11,349895,Abdou Harroui
12,351721,Michael Fabrie
13,361878,Wouter Burger
14,379741,Dirk Abels
15,379742,Laros Duarte
16,383560,Sven Mijnans
17,406754,Reda Kharchouch
18,322776,Mica Pinto
19,409075,Jason Meerstadt
20,392339,Maduka Okoye
21,403844,Delano Vianello
22,37360,Lucas Pratto
23,328330,Marcos Senesi
24,24260,Eric Botteghin
25,361879,Luis Sinisterra
26,72595,Nicolai Jørgensen
27,35174,Leroy Fer
28,43004,Bryan Linssen
29,69525,Luciano Narsingh
30,82401,Jens Toornstra
31,89793,Nick Marsman
32,89794,Steven Berghuis
33,115863,Mark Diemers
34,122398,Ridgeciano Haps
35,124274,Sven van Beek
36,297527,Bart Nieuwkoop
37,329941,Ramón ten Hove
38,345303,Tyrell Malacia
39,345441,Lutsharel Geertruida
40,361877,Jordy Wehrmann
41,127920,Uros Spajic
42,380696,George Johnston
43,408489,Tein Troost
