,ID,Name
0,280677,Zinedine Machach
1,303078,Leon Guwara
2,320799,Steffen Schäfer
3,35743,Thorsten Kirschbaum
4,80843,Lukas Schmitz
5,146718,Tobias Pachonik
6,347809,Georgios Giakoumakis
7,261267,Anastasios Donis
8,361795,Yahcuroo Roemer
9,362570,Simon Janssen
10,254253,Jafar Arias
11,136164,Torino Hunte
12,35953,Josua John
13,74627,Guus Hupperts
14,33662,Arjan Swinkels
15,34246,Christian Kum
16,285951,Delano van Crooij
17,343311,Tristan Dekker
18,343314,Vito van Crooij
19,343315,Bram Verbong
20,344124,Danny Post
21,341715,Kristopher Da Graca
22,391973,Roy Gelmi
23,260809,Olivier Boscagli
24,320000,Adrian Fein
25,90235,Lars Unnerstall
26,141328,Timo Baumgartl
27,142466,Philipp Max
28,80382,Mario Götze
29,44096,Eran Zahavi
30,70906,Nick Viergever
31,85470,Marco van Ginkel
32,322153,Denzel Dumfries
33,329647,Pablo Rosario
34,345333,Armando Obispo
35,351354,Donyell Malen
36,352825,Cody Gakpo
37,361839,Jordan Teze
38,369542,Joël Piroe
39,103542,Yvon Mvogo
40,389935,Noni Madueke
41,328075,Ibrahim Sangaré
42,400273,Maxime Delanghe
43,408059,Yorbe Vertessen
44,369107,Mohamed Ihattaren
