,ID,Name
0,363735,Sam Schreck
1,369525,Ko Itakura
2,141265,Ahmed El Messaoudi
3,255970,Wessel Dammers
4,290832,Alessio Da Cruz
5,298493,Patrick Joosten
6,4173,Arjen Robben
7,33002,Bart van Hintum
8,68854,Sergio Padt
9,91123,Mike te Wierik
10,137368,Damil Dankerlui
11,371293,Jan de Boer
12,364306,Daniël van Kaam
13,321871,Mo El Hankouri
14,333048,Jørgen Strand Larsen
15,320941,Per Kristian Bråtveit
16,322086,Ramon Pascal Lundqvist
17,330549,Gabriel Gudmundsson
18,387049,Miguel Angel Leal
19,391047,Tomas Suslov
20,406537,Paulos Abraham
21,367190,Sieben Dewaele
22,404764,Tibor Halilovic
23,22300,Lasse Schöne
24,389378,Oliver Batista Meier
25,56828,Ariel Harush
26,136066,Lucas Woudenberg
27,261017,Henk Veerman
28,296543,Jan Bekkema
29,301423,Mitchell van Bergen
30,32196,Siem de Jong
31,34171,Erwin Mulder
32,322157,Sherel Floranus
33,342814,Rodney Kongolo
34,365402,Jan Paul van Hecke
35,369119,Arjen van der Heide
36,382556,Joey Veerman
37,371073,Rami Hajal
38,399618,Benjamin Nygren
39,321192,Ibrahim Dresevic
40,321193,Rami Kaib
41,409160,Syb van Ottele
