,ID,Name
0,362459,Othmane Boussaid
1,344041,Moussa Sylla
2,302724,Eric Oelschlägel
3,333527,Odysseus Velanas
4,315574,Thijmen Nijhuis
5,329675,Maarten Paes
6,256971,Hidde ter Avest
7,280289,Giovanni Troupée
8,14044,Eljero Elia
9,17491,Urby Emanuelson
10,22842,Willem Janssen
11,39726,Mark van der Maarel
12,89575,Adam Maher
13,110360,Sander van de Streek
14,123556,Joris van Overeem
15,141875,Gyrano Kerk
16,229520,Django Warmerdam
17,249686,Adrián Dalmau
18,283351,Simon Gustafson
19,400823,Davy van den Berg
20,409052,Benaissa Benamar
21,37360,Lucas Pratto
22,328330,Marcos Senesi
23,24260,Eric Botteghin
24,361879,Luis Sinisterra
25,35174,Leroy Fer
26,302709,Justin Bijlow
27,329941,Ramón ten Hove
28,345303,Tyrell Malacia
29,345441,Lutsharel Geertruida
30,43004,Bryan Linssen
31,82401,Jens Toornstra
32,89793,Nick Marsman
33,89794,Steven Berghuis
34,115863,Mark Diemers
35,122398,Ridgeciano Haps
36,142352,João Teixeira
37,127920,Uros Spajic
38,376967,Robert Bozenik
39,384253,Achraf El Bouchataoui
40,411680,Aliou Balde
