,ID,Name
0,399608,Ahmed Touba
1,143815,Anas Tahiri
2,367742,Cyril Ngonge
3,379713,Lennerd Daneels
4,383972,Sebbe Augustijns
5,379712,Said Bakari
6,68850,Kostas Lamprou
7,345511,Vitalie Damascan
8,386605,Ayman Azhil
9,391284,Richard van der Venne
10,380703,Mike Grim
11,348644,Sylla Sow
12,365160,Lars Nieuwpoort
13,23373,Hans Mulder
14,92984,Ola John
15,322159,Finn Stokkers
16,379705,Etienne Vaessen
17,379706,Juriën Gaari
18,379707,Melle Meulensteen
19,379708,Paul Quasten
20,405003,Thijs Oosting
21,400278,Thierry Lutonda
22,400545,Shawn Adewoye
23,83809,Nicolás Tagliafico
24,340105,Lisandro Martínez
25,364315,Antony
26,326505,David Neres
27,400166,Mohammed Kudus
28,322696,Edson Álvarez
29,355963,Jurgen Ekkelenkamp
30,361867,Kjell Scherpen
31,363884,Ryan Gravenberch
32,108860,Davy Klaassen
33,135271,Sean Klaiber
34,299321,Oussama Idrissi
35,401122,Kenneth Taylor
36,411078,Quinten Timber
37,29474,Dusan Tadic
38,236544,Sébastien Haller
39,365432,Dominik Kotarski
40,373291,Lassina Traoré
41,388650,Jurriën Timber
42,400165,Devyne Rensch
43,412907,Neraysho Kasanwirjo
44,413209,Daan Reiziger
