,ID,Name
0,147910,Lucas Schoofs
1,401096,Mateo Leš
2,404394,Elias Oubella
3,104885,Janis Blaswich
4,394980,Marco Rente
5,379731,Orestis Kiomourtzoglou
6,369095,Koen Bucker
7,369553,Mats Knoester
8,108935,Robin Pröpper
9,116684,Michael Brouwer
10,140505,Rai Vloet
11,361778,Silvester van der Water
12,35160,Tim Breukers
13,400170,Rohat Agca
14,322406,Luca de la Torre
15,361875,Delano Burgzorg
16,379729,Adrian Szöke
17,379730,Teun Bijleveld
18,393081,Giacomo Quagliata
19,395830,Kasper Lunding Jakobsen
20,379785,Adnan Ugur
21,260811,Djibril Dianessy
22,77471,Sebastian Polter
23,391933,Lazaros Rota
24,407647,Arian Kastrati
25,407657,Bas Breukers
26,90830,Ben Rienstra
27,104982,Mats Seuntjens
28,243708,Yanick van Osch
29,281508,Roel Janssen
30,362439,Clint Essers
31,369685,Nassim El Ablak
32,334533,Emil Hansson
33,329684,Lisandro Semedo
34,127000,Branislav Ninaj
35,320513,Tesfaldet Tekie
36,122291,Martin Angha
37,383604,George Cox
38,346494,Alexei Koselev
39,391953,Mike van Beijnen
40,400060,Joshua Wehking
