,ID,Name
0,83809,Nicolás Tagliafico
1,340105,Lisandro Martínez
2,364315,Antony
3,260843,André Onana
4,322696,Edson Álvarez
5,108860,Davy Klaassen
6,135271,Sean Klaiber
7,4065,Maarten Stekelenburg
8,8013,Klaas Jan Huntelaar
9,70033,Daley Blind
10,83333,Quincy Promes
11,362732,Perr Schuurs
12,363884,Ryan Gravenberch
13,401122,Kenneth Taylor
14,29474,Dusan Tadic
15,365432,Dominik Kotarski
16,400165,Devyne Rensch
17,403644,Victor Jensen
18,132420,Rico Strieder
19,280191,Michael Zetterer
20,24764,Reza Ghoochannejhad
21,369545,Yuta Nakayama
22,34108,Bram van Polen
23,81962,Jesper Drost
24,97101,Mustafa Saymak
25,100608,Mike van Duinen
26,379595,Xavier Mous
27,380731,Sam Kersten
28,317693,Mike Hauptmeijer
29,361695,Thomas van den Belt
30,365152,Eliano Reijnders
31,231106,Kenneth Paal
32,244640,Clint Leemans
33,279173,Pelle Clement
34,279429,Sai van Wermeskerken
35,394981,Immanuel Pherai
36,404099,Samir Lagsir
37,379596,Dean Huiberts
38,379597,Marc-Olivier Doué
