,ID,Name
0,244455,Michael Chacón
1,125093,Marko Kolar
2,227870,Nikolai Laursen
3,400115,Lucas Bernadou
4,80426,Felix Wiedwald
5,108283,Caner Cavlan
6,109109,Ricardo van Rhijn
7,112534,Stefan van der Lei
8,113087,Hilal Ben Moussa
9,121666,Nick Bakker
10,30121,Anco Jansen
11,68590,Dennis Telgenkamp
12,69458,Ferhat Görgülü
13,77725,Michael de Leeuw
14,302776,Keziah Veendorp
15,245626,Glenn Bijl
16,125157,Miguel Araujo
17,125170,Sergio Peña
18,259802,Simon Tibbling
19,400118,Lentini Caciano
20,142078,Donis Avdijaj
21,298718,Dante Rigo
22,310680,Samy Bourard
23,365407,Amar Catic
24,121244,Nikolaos Karelis
25,118137,Dario Del Fabro
26,93475,Ravel Morrison
27,321869,Lassana Faye
28,301457,Luuk Koopmans
29,120312,Robert Zwinkels
30,141725,Ricardo Kishna
31,148512,Bilal Ould-Chikh
32,40342,Michiel Kramer
33,67062,John Goossens
34,379760,Milan van Ewijk
35,379764,Youri Schoonderwaldt
36,372331,Andrei Ratiu
37,384395,Jonas Arweiler
38,389479,Boy Kemper
39,400171,Kees de Boer
40,400172,Vicente Besuijen
41,400173,Jamal Amofa
42,402120,Pascu
43,406755,Jonathan Mulder
