,ID,Name
0,363735,Sam Schreck
1,369525,Ko Itakura
2,141265,Ahmed El Messaoudi
3,255970,Wessel Dammers
4,298493,Patrick Joosten
5,33002,Bart van Hintum
6,68854,Sergio Padt
7,96626,Nigel Bertrams
8,355960,Azor Matusiwa
9,371293,Jan de Boer
10,379687,Thijs Dallinga
11,364306,Daniël van Kaam
12,391048,Kian Slor
13,391304,Joël van Kaam
14,393412,Remco Balk
15,333048,Jørgen Strand Larsen
16,322086,Ramon Pascal Lundqvist
17,330549,Gabriel Gudmundsson
18,391049,Thomas Poll
19,387049,Miguel Angel Leal
20,143815,Anas Tahiri
21,367742,Cyril Ngonge
22,379713,Lennerd Daneels
23,399608,Ahmed Touba
24,379712,Said Bakari
25,68850,Kostas Lamprou
26,345511,Vitalie Damascan
27,386605,Ayman Azhil
28,391284,Richard van der Venne
29,365160,Lars Nieuwpoort
30,380703,Mike Grim
31,379705,Etienne Vaessen
32,379706,Juriën Gaari
33,379707,Melle Meulensteen
34,379708,Paul Quasten
35,92984,Ola John
36,322159,Finn Stokkers
37,23373,Hans Mulder
38,63885,Vurnon Anita
39,400278,Thierry Lutonda
