,ID,Name
0,143815,Anas Tahiri
1,379713,Lennerd Daneels
2,399608,Ahmed Touba
3,379712,Said Bakari
4,68850,Kostas Lamprou
5,345511,Vitalie Damascan
6,386605,Ayman Azhil
7,391284,Richard van der Venne
8,380703,Mike Grim
9,322159,Finn Stokkers
10,348644,Sylla Sow
11,365160,Lars Nieuwpoort
12,379705,Etienne Vaessen
13,379706,Juriën Gaari
14,379707,Melle Meulensteen
15,379708,Paul Quasten
16,92984,Ola John
17,23373,Hans Mulder
18,63885,Vurnon Anita
19,400279,David Min
20,405003,Thijs Oosting
21,400278,Thierry Lutonda
22,400117,Denis Granecny
23,227870,Nikolai Laursen
24,400115,Lucas Bernadou
25,288873,Paul Gladon
26,298805,Michael Verrips
27,302776,Keziah Veendorp
28,302883,Robbert de Vos
29,68590,Dennis Telgenkamp
30,69458,Ferhat Görgülü
31,77725,Michael de Leeuw
32,109109,Ricardo van Rhijn
33,112534,Stefan van der Lei
34,113087,Hilal Ben Moussa
35,121666,Nick Bakker
36,125157,Miguel Araujo
37,125170,Sergio Peña
38,400053,Jean-Pierre Rhyner
39,259802,Simon Tibbling
40,106336,Kerim Frei
41,409129,Jari Vlak
42,409449,Didier La Torre
