,ID,Name
0,361880,Oussama Darfalou
1,345558,Tomas Hajek
2,319922,Jacob Rasmussen
3,330505,Idrissa Touré
4,226599,Maximilian Wittek
5,130917,Eli Dasa
6,115869,Oussama Tannane
7,133959,Riechedly Bazoer
8,141965,Jeroen Houwen
9,34550,Remko Pasveer
10,96581,Thomas Bruns
11,303076,Danilho Doekhi
12,352844,Thomas Buitink
13,401021,Enzo Cornelisse
14,318295,Matús Bero
15,409126,Alois Dominik Oroz
16,363618,Loïs Openda
17,365426,Hilary Gong
18,372333,Bilal Bayazit
19,380663,Patrick Vroegh
20,393407,Armando Broja
21,400281,Million Manhoef
22,400282,Daan Huisman
23,362459,Othmane Boussaid
24,344041,Moussa Sylla
25,302724,Eric Oelschlägel
26,333527,Odysseus Velanas
27,363872,Christopher Mamengi
28,369408,Sylian Mokono
29,391013,Joey Houweling
30,312702,Justin Hoogma
31,315574,Thijmen Nijhuis
32,280289,Giovanni Troupée
33,17491,Urby Emanuelson
34,22842,Willem Janssen
35,39726,Mark van der Maarel
36,89575,Adam Maher
37,110360,Sander van de Streek
38,123556,Joris van Overeem
39,141875,Gyrano Kerk
40,229520,Django Warmerdam
41,238997,Mimoun Mahi
42,249686,Adrián Dalmau
43,283351,Simon Gustafson
44,409052,Benaissa Benamar
