,ID,Name
0,147910,Lucas Schoofs
1,367743,Noah Fadiga
2,401096,Mateo Leš
3,104885,Janis Blaswich
4,379731,Orestis Kiomourtzoglou
5,296650,Ismail Azzaoui
6,140505,Rai Vloet
7,142242,Jeff Hardeveld
8,108935,Robin Pröpper
9,116684,Michael Brouwer
10,361778,Silvester van der Water
11,369095,Koen Bucker
12,369553,Mats Knoester
13,35160,Tim Breukers
14,400170,Rohat Agca
15,136302,Sinan Bakis
16,322406,Luca de la Torre
17,379729,Adrian Szöke
18,361875,Delano Burgzorg
19,393081,Giacomo Quagliata
20,395830,Kasper Lunding Jakobsen
21,400119,Sekou Sidibe
22,125093,Marko Kolar
23,400117,Denis Granecny
24,227870,Nikolai Laursen
25,400115,Lucas Bernadou
26,80426,Felix Wiedwald
27,108283,Caner Cavlan
28,109109,Ricardo van Rhijn
29,112534,Stefan van der Lei
30,113087,Hilal Ben Moussa
31,121666,Nick Bakker
32,30121,Anco Jansen
33,68590,Dennis Telgenkamp
34,69458,Ferhat Görgülü
35,77725,Michael de Leeuw
36,245626,Glenn Bijl
37,302776,Keziah Veendorp
38,302883,Robbert de Vos
39,125157,Miguel Araujo
40,125170,Sergio Peña
41,259802,Simon Tibbling
42,409129,Jari Vlak
43,142078,Donis Avdijaj
