,ID,Name
0,302644,Dario Dumic
1,291964,Vaclav Cerny
2,308754,Lazaros Lamprou
3,29281,Wout Brama
4,123622,Xandro Schenk
5,247849,Queensy Menig
6,275012,Joël Drommel
7,379702,Jesse Bosch
8,379703,Jeffrey de Lange
9,387682,Ennio Van der Gouw
10,400055,Jayden Oosterwolde
11,400056,Nathangelo Markelo
12,357080,Godfried Roemeratoe
13,400058,Thijs van Leeuwen
14,400059,Gijs Smal
15,232248,Tyronne Ebuehi
16,318754,Julio Pleguezuelo
17,320626,Alexander Jeremejeff
18,367522,Danilo
19,379701,Ramiz Zerrouki
20,400057,Casper Staring
21,260811,Djibril Dianessy
22,77471,Sebastian Polter
23,391933,Lazaros Rota
24,90830,Ben Rienstra
25,104982,Mats Seuntjens
26,243708,Yanick van Osch
27,252209,Jorrit Smeets
28,281508,Roel Janssen
29,361694,Zian Flemming
30,362439,Clint Essers
31,369685,Nassim El Ablak
32,334533,Emil Hansson
33,329684,Lisandro Semedo
34,127000,Branislav Ninaj
35,122291,Martin Angha
36,380695,Bassala Sambou
37,383604,George Cox
38,346494,Alexei Koselev
39,400060,Joshua Wehking
