,ID,Name
0,104906,Thomas Lam
1,280191,Michael Zetterer
2,24764,Reza Ghoochannejhad
3,369545,Yuta Nakayama
4,379595,Xavier Mous
5,317693,Mike Hauptmeijer
6,361695,Thomas van den Belt
7,365152,Eliano Reijnders
8,367257,Destan Bajselmani
9,34108,Bram van Polen
10,81962,Jesper Drost
11,97101,Mustafa Saymak
12,100608,Mike van Duinen
13,231106,Kenneth Paal
14,244640,Clint Leemans
15,279429,Sai van Wermeskerken
16,379598,Jarno Westerman
17,380731,Sam Kersten
18,379596,Dean Huiberts
19,379597,Marc-Olivier Doué
20,328330,Marcos Senesi
21,72595,Nicolai Jørgensen
22,82401,Jens Toornstra
23,89793,Nick Marsman
24,89794,Steven Berghuis
25,115863,Mark Diemers
26,122398,Ridgeciano Haps
27,35174,Leroy Fer
28,43004,Bryan Linssen
29,69525,Luciano Narsingh
30,329941,Ramón ten Hove
31,345441,Lutsharel Geertruida
32,297527,Bart Nieuwkoop
33,302709,Justin Bijlow
34,361878,Wouter Burger
35,142352,João Teixeira
36,376967,Robert Bozenik
37,355870,Orkun Kökcü
38,380696,George Johnston
