,ID,Name
0,367190,Sieben Dewaele
1,389378,Oliver Batista Meier
2,379734,Hamdi Akujobi
3,382556,Joey Veerman
4,369119,Arjen van der Heide
5,322157,Sherel Floranus
6,342814,Rodney Kongolo
7,34171,Erwin Mulder
8,136066,Lucas Woudenberg
9,261017,Henk Veerman
10,301423,Mitchell van Bergen
11,142376,Pawel Bochniewicz
12,321192,Ibrahim Dresevic
13,371073,Rami Hajal
14,400007,Jaimy Kroesen
15,400008,Stefan Westra
16,400009,Couhaib Driouech
17,389128,Rein Smit
18,343390,Jorn Brondeel
19,279751,Görkem Saglam
20,323531,Mats Köhlert
21,330514,Vangelis Pavlidis
22,332960,Victor van den Bogert
23,379600,Connor van den Berg
24,288873,Paul Gladon
25,349169,Justin Ogenia
26,361791,Driess Saddiki
27,38423,Robbin Ruiter
28,81475,Miquel Nelom
29,109581,Pol Llonch
30,113079,Sebastian Holmén
31,379599,Ché Nunnely
32,383581,Mike Trésor
33,400010,Derrick Kohn
34,400011,Jasper Dahlhaus
35,400012,Wesley Spieringhs
36,400013,Jop van den Avert
37,400014,Vincent Schippers
