,ID,Name
0,343390,Jorn Brondeel
1,346731,Kwasi Okyere Wriedt
2,365389,John Yeboah
3,279751,Görkem Saglam
4,323531,Mats Köhlert
5,330514,Vangelis Pavlidis
6,322083,Leeroy Owusu
7,34628,Jan-Arie van der Heijden
8,38423,Robbin Ruiter
9,66462,Freek Heerkens
10,379600,Connor van den Berg
11,120444,Jordens Peters
12,113079,Sebastian Holmén
13,383581,Mike Trésor
14,400010,Derrick Köhn
15,400012,Wesley Spieringhs
16,400013,Jop van den Avert
17,408048,Aaron Menelik
18,379599,Ché Nunnely
19,96615,Benjamin van Leer
20,124105,Michael Heylen
21,71267,Jeffry Fortes
22,84195,Lennart Thy
23,225522,Mario Engels
24,25037,Adil Auassar
25,31238,Aaron Meijers
26,44145,Bart Vriends
27,77706,Bryan Smeets
28,90636,Tom Beugelsdijk
29,133961,Danzell Gravenberch
30,400163,Emanuel Emegha
31,328549,Deroy Duarte
32,349895,Abdou Harroui
33,351721,Michael Fabrie
34,361878,Wouter Burger
35,379741,Dirk Abels
36,383560,Sven Mijnans
37,322776,Mica Pinto
38,406754,Reda Kharchouch
39,392339,Maduka Okoye
