,ID,Name
0,243516,Ante Coric
1,280677,Zinedine Machach
2,80843,Lukas Schmitz
3,320799,Steffen Schäfer
4,146718,Tobias Pachonik
5,347809,Georgios Giakoumakis
6,355961,Evert Linthorst
7,361795,Yahcuroo Roemer
8,362570,Simon Janssen
9,343311,Tristan Dekker
10,343314,Vito van Crooij
11,343315,Bram Verbong
12,136164,Torino Hunte
13,254253,Jafar Arias
14,33662,Arjan Swinkels
15,34246,Christian Kum
16,35953,Josua John
17,74627,Guus Hupperts
18,285951,Delano van Crooij
19,391286,Wassim Essanoussi
20,400120,Nezar S'Rifi
21,402816,Lars Nabbe
22,368172,Jens Craenmehr
23,328330,Marcos Senesi
24,24260,Eric Botteghin
25,361879,Luis Sinisterra
26,72595,Nicolai Jørgensen
27,35174,Leroy Fer
28,43004,Bryan Linssen
29,69525,Luciano Narsingh
30,82401,Jens Toornstra
31,89793,Nick Marsman
32,89794,Steven Berghuis
33,115863,Mark Diemers
34,329941,Ramón ten Hove
35,333781,Dylan Vente
36,345303,Tyrell Malacia
37,345441,Lutsharel Geertruida
38,297527,Bart Nieuwkoop
39,361877,Jordy Wehrmann
40,373113,Naoufal Bannis
41,382593,Marouan Azarkan
42,142352,João Teixeira
43,127920,Uros Spajic
44,355870,Orkun Kökcü
45,380696,George Johnston
