,ID,Name
0,361880,Oussama Darfalou
1,345558,Tomas Hajek
2,319922,Jacob Rasmussen
3,226599,Maximilian Wittek
4,115869,Oussama Tannane
5,133959,Riechedly Bazoer
6,141965,Jeroen Houwen
7,34550,Remko Pasveer
8,96581,Thomas Bruns
9,303076,Danilho Doekhi
10,352844,Thomas Buitink
11,389412,Brend Leeflang
12,401021,Enzo Cornelisse
13,112719,Sondre Tronstad
14,318295,Matús Bero
15,404389,Enrico Duenas Hernández
16,400281,Million Manhoef
17,400282,Daan Huisman
18,363618,Loïs Openda
19,365426,Hilary Gong
20,372333,Bilal Bayazit
21,367190,Sieben Dewaele
22,389378,Oliver Batista Meier
23,379734,Hamdi Akujobi
24,382556,Joey Veerman
25,261017,Henk Veerman
26,296543,Jan Bekkema
27,301423,Mitchell van Bergen
28,34171,Erwin Mulder
29,136066,Lucas Woudenberg
30,322157,Sherel Floranus
31,342814,Rodney Kongolo
32,365402,Jan Paul van Hecke
33,142376,Pawel Bochniewicz
34,321192,Ibrahim Dresevic
35,371073,Rami Hajal
36,399618,Benjamin Nygren
37,394864,Ulysses Llanez Jr
38,402735,Joaquín Fernández
39,406783,Stanislav Shopov
40,408042,Marijn Dijkstra
