,ID,Name
0,302644,Dario Dumic
1,291964,Vaclav Cerny
2,308754,Lazaros Lamprou
3,29281,Wout Brama
4,247849,Queensy Menig
5,275012,Joël Drommel
6,327903,Kik Pierie
7,357080,Godfried Roemeratoe
8,357083,Halil Dervisoglu
9,379702,Jesse Bosch
10,379703,Jeffrey de Lange
11,387682,Ennio van der Gouw
12,400055,Jayden Oosterwolde
13,400059,Gijs Smal
14,232248,Tyronne Ebuehi
15,361898,Luka Ilic
16,318754,Julio Pleguezuelo
17,320626,Alexander Jeremejeff
18,367522,Danilo
19,379699,Lindon Selahi
20,379701,Ramiz Zerrouki
21,402819,Mees Hilgers
22,405560,Daan Rots
23,300755,Pantelis Hatzidiakos
24,289252,Albert Gudmundsson
25,379783,Yukinari Sugawara
26,400978,Beau Reus
27,404192,Tijs Velthuis
28,36133,Ramon Leeuwin
29,83824,Marco Bizot
30,90834,Hobie Verhulst
31,116641,Timo Letschert
32,328550,Owen Wijndal
33,328987,Calvin Stengs
34,343308,Teun Koopmeiners
35,351310,Ferdy Druijf
36,357081,Myron Boadu
37,363875,Kenzo Goudmijn
38,373340,Zakaria Aboukhlal
39,356742,Håkon Evjen
40,343382,Tijjani Reijnders
41,320614,Jesper Karlsson
42,405003,Thijs Oosting
43,408102,Peer Koopmeiners
44,403820,Juan Castillo
45,379784,Mohamed Taabouni
