,ID,Name
0,260809,Olivier Boscagli
1,320000,Adrian Fein
2,80382,Mario Götze
3,90235,Lars Unnerstall
4,141328,Timo Baumgartl
5,142466,Philipp Max
6,369542,Joël Piroe
7,329647,Pablo Rosario
8,351354,Donyell Malen
9,352825,Cody Gakpo
10,361839,Jordan Teze
11,70906,Nick Viergever
12,133305,Jorrit Hendrix
13,322153,Denzel Dumfries
14,103542,Yvon Mvogo
15,328075,Ibrahim Sangaré
16,369107,Mohamed Ihattaren
17,402876,Vincent Müller
18,408059,Yorbe Vertessen
19,362459,Othmane Boussaid
20,344041,Moussa Sylla
21,302724,Eric Oelschlägel
22,333527,Odysseus Velanas
23,312702,Justin Hoogma
24,315574,Thijmen Nijhuis
25,329675,Maarten Paes
26,363872,Christopher Mamengi
27,369408,Sylian Mokono
28,14044,Eljero Elia
29,17491,Urby Emanuelson
30,22842,Willem Janssen
31,39726,Mark van der Maarel
32,110360,Sander van de Streek
33,123556,Joris van Overeem
34,141875,Gyrano Kerk
35,229520,Django Warmerdam
36,238997,Mimoun Mahi
37,261082,Bart Ramselaar
38,280289,Giovanni Troupée
39,283351,Simon Gustafson
40,312913,Emil Bergström
41,382582,Tommy St. Jago
