,ID,Name
0,147910,Lucas Schoofs
1,367743,Noah Fadiga
2,104885,Janis Blaswich
3,394980,Marco Rente
4,379731,Orestis Kiomourtzoglou
5,296650,Ismail Azzaoui
6,140505,Rai Vloet
7,142242,Jeff Hardeveld
8,108935,Robin Pröpper
9,116684,Michael Brouwer
10,369095,Koen Bucker
11,369553,Mats Knoester
12,361778,Silvester van der Water
13,35160,Tim Breukers
14,400170,Rohat Agca
15,367737,Ahmed Kutucu
16,136302,Sinan Bakis
17,322406,Luca de la Torre
18,393081,Giacomo Quagliata
19,361875,Delano Burgzorg
20,379729,Adrian Szöke
21,379730,Teun Bijleveld
22,83809,Nicolás Tagliafico
23,340105,Lisandro Martínez
24,364315,Antony
25,326505,David Neres
26,400166,Mohammed Kudus
27,322696,Edson Álvarez
28,83337,Zakaria Labyad
29,349932,Noussair Mazraoui
30,355963,Jurgen Ekkelenkamp
31,361867,Kjell Scherpen
32,362732,Perr Schuurs
33,363884,Ryan Gravenberch
34,108860,Davy Klaassen
35,135271,Sean Klaiber
36,70033,Daley Blind
37,4065,Maarten Stekelenburg
38,29474,Dusan Tadic
39,236544,Sébastien Haller
40,404568,Brian Brobbey
41,365432,Dominik Kotarski
42,373291,Lassina Traoré
43,388650,Jurriën Timber
44,400165,Devyne Rensch
