,ID,Name
0,96615,Benjamin van Leer
1,124105,Michael Heylen
2,71267,Jeffry Fortes
3,84195,Lennart Thy
4,225522,Mario Engels
5,25037,Adil Auassar
6,44145,Bart Vriends
7,77706,Bryan Smeets
8,90636,Tom Beugelsdijk
9,133961,Danzell Gravenberch
10,328549,Deroy Duarte
11,349895,Abdou Harroui
12,351721,Michael Fabrie
13,361878,Wouter Burger
14,379741,Dirk Abels
15,379742,Laros Duarte
16,383560,Sven Mijnans
17,400163,Emanuel Emegha
18,406754,Reda Kharchouch
19,322776,Mica Pinto
20,403844,Delano Vianello
21,409075,Jason Meerstadt
22,392339,Maduka Okoye
23,255946,Dario Van den Buijs
24,329842,Thibaud Verlinden
25,391257,Mickael Tirpan
26,342571,Samuel Moutoussamy
27,77471,Sebastian Polter
28,391933,Lazaros Rota
29,90830,Ben Rienstra
30,104982,Mats Seuntjens
31,120304,Leroy George
32,243708,Yanick van Osch
33,281508,Roel Janssen
34,361694,Zian Flemming
35,362439,Clint Essers
36,407647,Arian Kastrati
37,334533,Emil Hansson
38,329684,Lisandro Semedo
39,320513,Tesfaldet Tekie
40,122291,Martin Angha
41,383604,George Cox
42,346494,Alexei Koselev
43,391953,Mike van Beijnen
44,400060,Joshua Wehking
45,410249,Dimitrios Emmanouilidis
