,ID,Name
0,363735,Sam Schreck
1,369525,Ko Itakura
2,391048,Kian Slor
3,391304,Joël van Kaam
4,371293,Jan de Boer
5,364306,Daniël van Kaam
6,321871,Mo El Hankouri
7,33002,Bart van Hintum
8,68854,Sergio Padt
9,91123,Mike te Wierik
10,137368,Damil Dankerlui
11,255970,Wessel Dammers
12,290832,Alessio Da Cruz
13,320941,Per Kristian Bråtveit
14,333048,Jørgen Strand Larsen
15,322086,Ramon Pascal Lundqvist
16,330549,Gabriel Gudmundsson
17,387049,Miguel Angel Leal
18,391047,Tomas Suslov
19,406537,Paulos Abraham
20,400244,Manuel Benson
21,104906,Thomas Lam
22,132420,Rico Strieder
23,24764,Reza Ghoochannejhad
24,369545,Yuta Nakayama
25,379595,Xavier Mous
26,120454,Virgil Misidjan
27,231106,Kenneth Paal
28,279173,Pelle Clement
29,279429,Sai van Wermeskerken
30,317693,Mike Hauptmeijer
31,352844,Thomas Buitink
32,361695,Thomas van den Belt
33,365152,Eliano Reijnders
34,81962,Jesper Drost
35,96626,Nigel Bertrams
36,97101,Mustafa Saymak
37,379596,Dean Huiberts
38,379597,Marc-Olivier Doué
39,394981,Immanuel Pherai
40,404099,Samir Lagsir
41,408338,Daijiro Chirino
