,ID,Name
0,379185,Martin Fraisl
1,365407,Amar Catic
2,401099,Tomislav Gomelt
3,118137,Dario Del Fabro
4,148512,Bilal Ould-Chikh
5,301457,Luuk Koopmans
6,347191,Shaquille Pinas
7,19499,Gianni Zuiverloon
8,40342,Michiel Kramer
9,67062,John Goossens
10,83442,Youness Mokhtar
11,379760,Milan van Ewijk
12,402120,Pascu
13,403820,Juan Familia-Castillo
14,382238,Bobby Adekanye
15,384395,Jonas Arweiler
16,389479,Boy Kemper
17,400171,Kees de Boer
18,400172,Vicente Besuijen
19,400173,Jamal Amofa
20,401071,David Lennart Philipp
21,346767,Mauro Júnior
22,260809,Olivier Boscagli
23,320000,Adrian Fein
24,141328,Timo Baumgartl
25,142466,Philipp Max
26,90235,Lars Unnerstall
27,44096,Eran Zahavi
28,137460,Erick Gutiérrez
29,369542,Joël Piroe
30,351354,Donyell Malen
31,361839,Jordan Teze
32,85470,Marco van Ginkel
33,329647,Pablo Rosario
34,345333,Armando Obispo
35,322153,Denzel Dumfries
36,137327,Ryan Thomas
37,103542,Yvon Mvogo
38,328075,Ibrahim Sangaré
39,369107,Mohamed Ihattaren
40,400273,Maxime Delanghe
41,408059,Yorbe Vertessen
