,ID,Name
0,379785,Adnan Ugur
1,391257,Mickael Tirpan
2,342571,Samuel Moutoussamy
3,260811,Djibril Dianessy
4,77471,Sebastian Polter
5,391933,Lazaros Rota
6,90830,Ben Rienstra
7,104982,Mats Seuntjens
8,281508,Roel Janssen
9,243708,Yanick van Osch
10,252209,Jorrit Smeets
11,361694,Zian Flemming
12,362439,Clint Essers
13,369685,Nassim El Ablak
14,407647,Arian Kastrati
15,334533,Emil Hansson
16,329684,Lisandro Semedo
17,320513,Tesfaldet Tekie
18,122291,Martin Angha
19,383604,George Cox
20,346494,Alexei Koselev
21,391953,Mike van Beijnen
22,400060,Joshua Wehking
23,96615,Benjamin van Leer
24,124105,Michael Heylen
25,71267,Jeffry Fortes
26,84195,Lennart Thy
27,225522,Mario Engels
28,25037,Adil Auassar
29,31238,Aaron Meijers
30,77706,Bryan Smeets
31,328549,Deroy Duarte
32,349895,Abdou Harroui
33,351721,Michael Fabrie
34,361878,Wouter Burger
35,379741,Dirk Abels
36,379742,Laros Duarte
37,383560,Sven Mijnans
38,400163,Emanuel Emegha
39,90636,Tom Beugelsdijk
40,133961,Danzell Gravenberch
41,406754,Reda Kharchouch
42,322776,Mica Pinto
43,392339,Maduka Okoye
44,403844,Delano Vianello
45,409075,Jason Meerstadt
