,ID,Name
0,37360,Lucas Pratto
1,328330,Marcos Senesi
2,24260,Eric Botteghin
3,361879,Luis Sinisterra
4,72595,Nicolai Jørgensen
5,297527,Bart Nieuwkoop
6,82401,Jens Toornstra
7,89793,Nick Marsman
8,89794,Steven Berghuis
9,115863,Mark Diemers
10,122398,Ridgeciano Haps
11,124274,Sven van Beek
12,35174,Leroy Fer
13,43004,Bryan Linssen
14,69525,Luciano Narsingh
15,329941,Ramón ten Hove
16,345303,Tyrell Malacia
17,345441,Lutsharel Geertruida
18,361877,Jordy Wehrmann
19,127920,Uros Spajic
20,380696,George Johnston
21,408489,Tein Troost
22,104906,Thomas Lam
23,132420,Rico Strieder
24,280191,Michael Zetterer
25,24764,Reza Ghoochannejhad
26,369545,Yuta Nakayama
27,379595,Xavier Mous
28,380731,Sam Kersten
29,34108,Bram van Polen
30,81962,Jesper Drost
31,100608,Mike van Duinen
32,120454,Virgil Misidjan
33,317693,Mike Hauptmeijer
34,361695,Thomas van den Belt
35,365152,Eliano Reijnders
36,231106,Kenneth Paal
37,244640,Clint Leemans
38,279173,Pelle Clement
39,279429,Sai van Wermeskerken
40,394981,Immanuel Pherai
41,404099,Samir Lagsir
42,408338,Daijiro Chirino
43,379596,Dean Huiberts
44,379597,Marc-Olivier Doué
