,ID,Name
0,346767,Mauro Júnior
1,260809,Olivier Boscagli
2,320000,Adrian Fein
3,90235,Lars Unnerstall
4,141328,Timo Baumgartl
5,142466,Philipp Max
6,44096,Eran Zahavi
7,137460,Erick Gutiérrez
8,85470,Marco van Ginkel
9,322153,Denzel Dumfries
10,351354,Donyell Malen
11,361839,Jordan Teze
12,329647,Pablo Rosario
13,369542,Joël Piroe
14,137327,Ryan Thomas
15,103542,Yvon Mvogo
16,328075,Ibrahim Sangaré
17,369107,Mohamed Ihattaren
18,400273,Maxime Delanghe
19,300755,Pantelis Hatzidiakos
20,289252,Albert Gudmundsson
21,379783,Yukinari Sugawara
22,328550,Owen Wijndal
23,328987,Calvin Stengs
24,343308,Teun Koopmeiners
25,36133,Ramon Leeuwin
26,83824,Marco Bizot
27,90802,Jordy Clasie
28,90810,Bruno Martins Indi
29,90834,Hobie Verhulst
30,116641,Timo Letschert
31,391050,Mees Bakker
32,404191,Maxim Gullit
33,405003,Thijs Oosting
34,357081,Myron Boadu
35,373340,Zakaria Aboukhlal
36,80137,Fredrik Midtsjø
37,343382,Tijjani Reijnders
38,356742,Håkon Evjen
39,320614,Jesper Karlsson
