,ID,Name
0,298718,Dante Rigo
1,310680,Samy Bourard
2,121244,Nikolaos Karelis
3,118137,Dario Del Fabro
4,120312,Robert Zwinkels
5,141725,Ricardo Kishna
6,148512,Bilal Ould-Chikh
7,32323,Daryl Janmaat
8,40342,Michiel Kramer
9,67062,John Goossens
10,67063,Marko Vejinovic
11,379760,Milan van Ewijk
12,379764,Youri Schoonderwaldt
13,347191,Shaquille Pinas
14,301457,Luuk Koopmans
15,372331,Andrei Ratiu
16,389479,Boy Kemper
17,400171,Kees de Boer
18,400172,Vicente Besuijen
19,400173,Jamal Amofa
20,401071,David Lennart Philipp
21,402120,Pascu
22,403820,Juan Castillo
23,243516,Ante Coric
24,280677,Zinedine Machach
25,35743,Thorsten Kirschbaum
26,303078,Leon Guwara
27,320799,Steffen Schäfer
28,80843,Lukas Schmitz
29,347809,Georgios Giakoumakis
30,35953,Josua John
31,74627,Guus Hupperts
32,33662,Arjan Swinkels
33,34246,Christian Kum
34,285951,Delano van Crooij
35,254253,Jafar Arias
36,343311,Tristan Dekker
37,343314,Vito van Crooij
38,343315,Bram Verbong
39,344124,Danny Post
40,361795,Yahcuroo Roemer
41,362570,Simon Janssen
42,391286,Wassim Essanoussi
43,341715,Kristopher Da Graca
44,391973,Roy Gelmi
45,400120,Nezar S'Rifi
