,ID,Name
0,363735,Sam Schreck
1,369525,Ko Itakura
2,141265,Ahmed El Messaoudi
3,255970,Wessel Dammers
4,290832,Alessio Da Cruz
5,298493,Patrick Joosten
6,33002,Bart van Hintum
7,68854,Sergio Padt
8,137368,Damil Dankerlui
9,321871,Mo El Hankouri
10,371293,Jan de Boer
11,364306,Daniël van Kaam
12,391048,Kian Slor
13,391304,Joël van Kaam
14,320941,Per Kristian Bråtveit
15,322086,Ramon Pascal Lundqvist
16,406537,Paulos Abraham
17,387049,Miguel Angel Leal
18,391047,Tomas Suslov
19,125093,Marko Kolar
20,227870,Nikolai Laursen
21,400115,Lucas Bernadou
22,245626,Glenn Bijl
23,288873,Paul Gladon
24,298805,Michael Verrips
25,302776,Keziah Veendorp
26,302883,Robbert de Vos
27,109109,Ricardo van Rhijn
28,112534,Stefan van der Lei
29,121666,Nick Bakker
30,68590,Dennis Telgenkamp
31,69458,Ferhat Görgülü
32,77725,Michael de Leeuw
33,125157,Miguel Araujo
34,125170,Sergio Peña
35,400053,Jean-Pierre Rhyner
36,345544,Luka Adzic
37,259802,Simon Tibbling
38,106336,Kerim Frei
39,409129,Jari Vlak
40,409449,Didier La Torre
