,ID,Name
0,343390,Jorn Brondeel
1,346731,Kwasi Okyere Wriedt
2,279751,Görkem Saglam
3,323531,Mats Köhlert
4,330514,Vangelis Pavlidis
5,332960,Victor van den Bogert
6,322083,Leeroy Owusu
7,120444,Jordens Peters
8,124274,Sven van Beek
9,379600,Connor van den Berg
10,379601,Rick Zuijderwijk
11,109581,Pol Llonch
12,113079,Sebastian Holmén
13,379599,Ché Nunnely
14,379699,Lindon Selahi
15,383581,Mike Trésor
16,400010,Derrick Köhn
17,400012,Wesley Spieringhs
18,400014,Vincent Schippers
19,402852,Ole Romeny
20,410324,Ian Smeulers
21,362426,Arijanet Muric
22,404764,Tibor Halilovic
23,22300,Lasse Schöne
24,389378,Oliver Batista Meier
25,56828,Ariel Harush
26,136066,Lucas Woudenberg
27,382556,Joey Veerman
28,322157,Sherel Floranus
29,342814,Rodney Kongolo
30,365402,Jan Paul van Hecke
31,369119,Arjen van der Heide
32,32196,Siem de Jong
33,34171,Erwin Mulder
34,261017,Henk Veerman
35,296543,Jan Bekkema
36,301423,Mitchell van Bergen
37,142376,Pawel Bochniewicz
38,371073,Rami Hajal
39,321192,Ibrahim Dresevic
40,321193,Rami Kaib
41,399618,Benjamin Nygren
42,409160,Syb van Ottele
