,ID,Name
0,379185,Martin Fraisl
1,365407,Amar Catic
2,401099,Tomislav Gomelt
3,118137,Dario Del Fabro
4,141725,Ricardo Kishna
5,301457,Luuk Koopmans
6,303113,Abdenasser El Khayati
7,347191,Shaquille Pinas
8,40342,Michiel Kramer
9,67062,John Goossens
10,67063,Marko Vejinovic
11,83442,Youness Mokhtar
12,379760,Milan van Ewijk
13,402120,Pascu
14,403820,Juan Familia-Castillo
15,406755,Jonathan Mulder
16,411014,Cain Seedorf
17,382238,Bobby Adekanye
18,384395,Jonas Arweiler
19,400171,Kees de Boer
20,400172,Vicente Besuijen
21,400173,Jamal Amofa
22,401071,David Lennart Philipp
23,147910,Lucas Schoofs
24,367743,Noah Fadiga
25,104885,Janis Blaswich
26,394980,Marco Rente
27,379731,Orestis Kiomourtzoglou
28,296650,Ismail Azzaoui
29,35160,Tim Breukers
30,140505,Rai Vloet
31,142242,Jeff Hardeveld
32,108935,Robin Pröpper
33,116684,Michael Brouwer
34,369095,Koen Bucker
35,369553,Mats Knoester
36,367737,Ahmed Kutucu
37,136302,Sinan Bakis
38,322406,Luca de la Torre
39,361875,Delano Burgzorg
40,393081,Giacomo Quagliata
41,379729,Adrian Szöke
42,379730,Teun Bijleveld
