,ID,Name
0,340105,Lisandro Martínez
1,364315,Antony
2,326505,David Neres
3,400166,Mohammed Kudus
4,401122,Kenneth Taylor
5,411079,Calvin Raatsie
6,355963,Jurgen Ekkelenkamp
7,362732,Perr Schuurs
8,363884,Ryan Gravenberch
9,4065,Maarten Stekelenburg
10,108860,Davy Klaassen
11,135271,Sean Klaiber
12,299321,Oussama Idrissi
13,413209,Daan Reiziger
14,29474,Dusan Tadic
15,236544,Sébastien Haller
16,411691,Enric Llansana
17,373291,Lassina Traoré
18,388650,Jurriën Timber
19,400165,Devyne Rensch
20,280677,Zinedine Machach
21,146718,Tobias Pachonik
22,303078,Leon Guwara
23,320799,Steffen Schäfer
24,35743,Thorsten Kirschbaum
25,80843,Lukas Schmitz
26,347809,Georgios Giakoumakis
27,361795,Yahcuroo Roemer
28,362570,Simon Janssen
29,391286,Wassim Essanoussi
30,136164,Torino Hunte
31,35953,Josua John
32,74627,Guus Hupperts
33,33662,Arjan Swinkels
34,343314,Vito van Crooij
35,343315,Bram Verbong
36,344124,Danny Post
37,254253,Jafar Arias
38,285951,Delano van Crooij
39,341715,Kristopher Da Graca
40,391973,Roy Gelmi
41,402816,Lars Nabbe
