,ID,Name
0,96615,Benjamin van Leer
1,124105,Michael Heylen
2,71267,Jeffry Fortes
3,84195,Lennart Thy
4,225522,Mario Engels
5,25037,Adil Auassar
6,31238,Aaron Meijers
7,44145,Bart Vriends
8,77706,Bryan Smeets
9,90636,Tom Beugelsdijk
10,133961,Danzell Gravenberch
11,400163,Emanuel Emegha
12,328549,Deroy Duarte
13,349895,Abdou Harroui
14,351721,Michael Fabrie
15,361878,Wouter Burger
16,379741,Dirk Abels
17,383560,Sven Mijnans
18,406754,Reda Kharchouch
19,322776,Mica Pinto
20,403844,Delano Vianello
21,392339,Maduka Okoye
22,362459,Othmane Boussaid
23,344041,Moussa Sylla
24,302724,Eric Oelschlägel
25,312702,Justin Hoogma
26,256971,Hidde ter Avest
27,315574,Thijmen Nijhuis
28,329675,Maarten Paes
29,14044,Eljero Elia
30,17491,Urby Emanuelson
31,22842,Willem Janssen
32,39726,Mark van der Maarel
33,89575,Adam Maher
34,110360,Sander van de Streek
35,123556,Joris van Overeem
36,141875,Gyrano Kerk
37,229520,Django Warmerdam
38,393412,Remco Balk
39,249686,Adrián Dalmau
40,283351,Simon Gustafson
41,312913,Emil Bergström
42,382582,Tommy St. Jago
43,409052,Benaissa Benamar
