,ID,Name
0,255946,Dario Van den Buijs
1,329842,Thibaud Verlinden
2,321391,Gregoire Amiot
3,342571,Samuel Moutoussamy
4,77471,Sebastian Polter
5,410249,Dimitrios Emmanouilidis
6,391933,Lazaros Rota
7,407647,Arian Kastrati
8,90830,Ben Rienstra
9,104982,Mats Seuntjens
10,120304,Leroy George
11,281508,Roel Janssen
12,34546,Piet Velthuizen
13,243708,Yanick van Osch
14,361694,Zian Flemming
15,362439,Clint Essers
16,369685,Nassim El Ablak
17,334533,Emil Hansson
18,329684,Lisandro Semedo
19,320513,Tesfaldet Tekie
20,122291,Martin Angha
21,383604,George Cox
22,400060,Joshua Wehking
23,361880,Oussama Darfalou
24,345558,Tomas Hajek
25,319922,Jacob Rasmussen
26,226599,Maximilian Wittek
27,330505,Idrissa Touré
28,130917,Eli Dasa
29,115869,Oussama Tannane
30,34550,Remko Pasveer
31,96581,Thomas Bruns
32,133959,Riechedly Bazoer
33,141965,Jeroen Houwen
34,303076,Danilho Doekhi
35,401021,Enzo Cornelisse
36,112719,Sondre Tronstad
37,318295,Matús Bero
38,363618,Loïs Openda
39,365426,Hilary Gong
40,393407,Armando Broja
41,400281,Million Manhoef
42,400282,Daan Huisman
43,409126,Alois Dominik Oroz
