,ID,Name
0,125093,Marko Kolar
1,227870,Nikolai Laursen
2,245626,Glenn Bijl
3,408339,Ben Scholte
4,288873,Paul Gladon
5,298805,Michael Verrips
6,302776,Keziah Veendorp
7,302883,Robbert de Vos
8,68590,Dennis Telgenkamp
9,77725,Michael de Leeuw
10,108283,Caner Cavlan
11,109109,Ricardo van Rhijn
12,112534,Stefan van der Lei
13,113087,Hilal Ben Moussa
14,121666,Nick Bakker
15,125157,Miguel Araujo
16,125170,Sergio Peña
17,400053,Jean-Pierre Rhyner
18,409449,Didier La Torre
19,345544,Luka Adzic
20,259802,Simon Tibbling
21,106336,Kerim Frei
22,409129,Jari Vlak
23,367190,Sieben Dewaele
24,404764,Tibor Halilovic
25,22300,Lasse Schöne
26,56828,Ariel Harush
27,136066,Lucas Woudenberg
28,322157,Sherel Floranus
29,342814,Rodney Kongolo
30,365402,Jan Paul van Hecke
31,379734,Hamdi Akujobi
32,382556,Joey Veerman
33,32196,Siem de Jong
34,34171,Erwin Mulder
35,261017,Henk Veerman
36,296543,Jan Bekkema
37,301423,Mitchell van Bergen
38,142376,Pawel Bochniewicz
39,399618,Benjamin Nygren
40,371073,Rami Hajal
41,321192,Ibrahim Dresevic
42,321193,Rami Kaib
43,409160,Syb van Ottele
