,ID,Name
0,403495,Melih Ibrahimoglu
1,147910,Lucas Schoofs
2,367743,Noah Fadiga
3,401096,Mateo Leš
4,394980,Marco Rente
5,104885,Janis Blaswich
6,379731,Orestis Kiomourtzoglou
7,296650,Ismail Azzaoui
8,108935,Robin Pröpper
9,116684,Michael Brouwer
10,369095,Koen Bucker
11,369553,Mats Knoester
12,140505,Rai Vloet
13,142242,Jeff Hardeveld
14,35160,Tim Breukers
15,367737,Ahmed Kutucu
16,136302,Sinan Bakis
17,322406,Luca de la Torre
18,361875,Delano Burgzorg
19,379729,Adrian Szoke
20,393081,Giacomo Quagliata
21,395830,Kasper Lunding Jakobsen
22,400497,Elias Sierra-Cappelleti
23,328330,Marcos Senesi
24,24260,Eric Botteghin
25,361879,Luis Sinisterra
26,72595,Nicolai Jørgensen
27,82401,Jens Toornstra
28,89793,Nick Marsman
29,89794,Steven Berghuis
30,115863,Mark Diemers
31,122398,Ridgeciano Haps
32,35174,Leroy Fer
33,329941,Ramón ten Hove
34,345441,Lutsharel Geertruida
35,302709,Justin Bijlow
36,142352,João Teixeira
37,127920,Uros Spajic
38,376967,Robert Bozenik
39,355870,Orkun Kökcü
40,384253,Achraf El Bouchataoui
