,ID,Name
0,96615,Benjamin van Leer
1,124105,Michael Heylen
2,71267,Jeffry Fortes
3,84195,Lennart Thy
4,225522,Mario Engels
5,25037,Adil Auassar
6,31238,Aaron Meijers
7,44145,Bart Vriends
8,77706,Bryan Smeets
9,90636,Tom Beugelsdijk
10,133961,Danzell Gravenberch
11,328549,Deroy Duarte
12,349895,Abdou Harroui
13,351721,Michael Fabrie
14,361878,Wouter Burger
15,379741,Dirk Abels
16,379742,Laros Duarte
17,383560,Sven Mijnans
18,400163,Emanuel Emegha
19,406754,Reda Kharchouch
20,409075,Jason Meerstadt
21,403844,Delano Vianello
22,392339,Maduka Okoye
23,143815,Anas Tahiri
24,367742,Cyril Ngonge
25,379713,Lennerd Daneels
26,399608,Ahmed Touba
27,379712,Said Bakari
28,68850,Kostas Lamprou
29,386605,Ayman Azhil
30,405003,Thijs Oosting
31,400279,David Min
32,92984,Ola John
33,23373,Hans Mulder
34,63885,Vurnon Anita
35,379705,Etienne Vaessen
36,379706,Juriën Gaari
37,379707,Melle Meulensteen
38,379708,Paul Quasten
39,300631,James Efmorfidis
40,322159,Finn Stokkers
41,348644,Sylla Sow
42,365160,Lars Nieuwpoort
43,400545,Shawn Adewoye
44,400278,Thierry Lutonda
