,ID,Name
0,363735,Sam Schreck
1,369525,Ko Itakura
2,141265,Ahmed El Messaoudi
3,290832,Alessio Da Cruz
4,298493,Patrick Joosten
5,4173,Arjen Robben
6,33002,Bart van Hintum
7,68854,Sergio Padt
8,91123,Mike te Wierik
9,137368,Damil Dankerlui
10,371293,Jan de Boer
11,321871,Mo El Hankouri
12,355960,Azor Matusiwa
13,364306,Daniël van Kaam
14,333048,Jørgen Strand Larsen
15,320941,Per Kristian Bråtveit
16,322086,Ramon Pascal Lundqvist
17,387049,Miguel Angel Leal
18,391047,Tomas Suslov
19,406537,Paulos Abraham
20,289252,Albert Gudmundsson
21,379783,Yukinari Sugawara
22,357081,Myron Boadu
23,363875,Kenzo Goudmijn
24,373340,Zakaria Aboukhlal
25,328550,Owen Wijndal
26,328987,Calvin Stengs
27,343308,Teun Koopmeiners
28,83824,Marco Bizot
29,90802,Jordy Clasie
30,90810,Bruno Martins Indi
31,90834,Hobie Verhulst
32,391050,Mees Bakker
33,404191,Maxim Gullit
34,80137,Fredrik Midtsjø
35,81247,Jonas Svensson
36,343382,Tijjani Reijnders
37,356742,Håkon Evjen
38,320614,Jesper Karlsson
39,415670,Jorn Berkhout
