,ID,Name
0,289252,Albert Gudmundsson
1,379783,Yukinari Sugawara
2,400978,Beau Reus
3,36133,Ramon Leeuwin
4,83824,Marco Bizot
5,90802,Jordy Clasie
6,90810,Bruno Martins Indi
7,90834,Hobie Verhulst
8,116641,Timo Letschert
9,328550,Owen Wijndal
10,328987,Calvin Stengs
11,343308,Teun Koopmeiners
12,353695,Dani de Wit
13,357081,Myron Boadu
14,363875,Kenzo Goudmijn
15,373340,Zakaria Aboukhlal
16,81247,Jonas Svensson
17,409747,Jelle Duin
18,320614,Jesper Karlsson
19,356742,Håkon Evjen
20,343382,Tijjani Reijnders
21,302644,Dario Dumic
22,364014,Issah Abass
23,29281,Wout Brama
24,69525,Luciano Narsingh
25,327903,Kik Pierie
26,357080,Godfried Roemeratoe
27,247849,Queensy Menig
28,275012,Joël Drommel
29,379702,Jesse Bosch
30,379703,Jeffrey de Lange
31,387682,Ennio van der Gouw
32,400055,Jayden Oosterwolde
33,400056,Nathangelo Markelo
34,400058,Thijs van Leeuwen
35,400059,Gijs Smal
36,232248,Tyronne Ebuehi
37,361898,Luka Ilic
38,400057,Casper Staring
39,367522,Danilo
40,379701,Ramiz Zerrouki
41,405560,Daan Rots
42,406780,Max Bruns
