,ID,Name
0,143815,Anas Tahiri
1,367742,Cyril Ngonge
2,379713,Lennerd Daneels
3,383972,Sebbe Augustijns
4,399608,Ahmed Touba
5,379712,Said Bakari
6,68850,Kostas Lamprou
7,345511,Vitalie Damascan
8,348644,Sylla Sow
9,322159,Finn Stokkers
10,92984,Ola John
11,23373,Hans Mulder
12,63885,Vurnon Anita
13,391284,Richard van der Venne
14,380703,Mike Grim
15,379705,Etienne Vaessen
16,379706,Juriën Gaari
17,379707,Melle Meulensteen
18,379708,Paul Quasten
19,405003,Thijs Oosting
20,400276,Luuk Wouters
21,400278,Thierry Lutonda
22,400545,Shawn Adewoye
23,302644,Dario Dumic
24,364014,Issah Abass
25,357080,Godfried Roemeratoe
26,247849,Queensy Menig
27,275012,Joël Drommel
28,379703,Jeffrey de Lange
29,387682,Ennio van der Gouw
30,400055,Jayden Oosterwolde
31,400056,Nathangelo Markelo
32,29281,Wout Brama
33,69525,Luciano Narsingh
34,400058,Thijs van Leeuwen
35,400059,Gijs Smal
36,232248,Tyronne Ebuehi
37,361898,Luka Ilic
38,400057,Casper Staring
39,402819,Mees Hilgers
40,405560,Daan Rots
41,406780,Max Bruns
42,367522,Danilo
43,379701,Ramiz Zerrouki
