,ID,Name
0,379185,Martin Fraisl
1,365407,Amar Catic
2,401099,Tomislav Gomelt
3,403820,Juan Familia-Castillo
4,379760,Milan van Ewijk
5,19499,Gianni Zuiverloon
6,32323,Daryl Janmaat
7,40342,Michiel Kramer
8,67062,John Goossens
9,67063,Marko Vejinovic
10,83442,Youness Mokhtar
11,301457,Luuk Koopmans
12,303113,Abdenasser El Khayati
13,347191,Shaquille Pinas
14,411014,Cain Seedorf
15,402120,Pascu
16,382238,Bobby Adekanye
17,384395,Jonas Arweiler
18,389479,Boy Kemper
19,400171,Kees de Boer
20,400172,Vicente Besuijen
21,401071,David Lennart Philipp
22,343390,Jorn Brondeel
23,383581,Mike Trésor
24,346731,Kwasi Okyere Wriedt
25,279751,Görkem Saglam
26,323531,Mats Köhlert
27,400010,Derrick Köhn
28,330514,Vangelis Pavlidis
29,322083,Leeroy Owusu
30,361791,Driess Saddiki
31,66462,Freek Heerkens
32,120444,Jordens Peters
33,124274,Sven van Beek
34,400013,Jop van den Avert
35,379600,Connor van den Berg
36,379601,Rick Zuijderwijk
37,109581,Pol Llonch
38,113079,Sebastian Holmén
39,379699,Lindon Selahi
40,379599,Ché Nunnely
41,400012,Wesley Spieringhs
42,362426,Arijanet Muric
