,ID,Name
0,260809,Olivier Boscagli
1,320000,Adrian Fein
2,90235,Lars Unnerstall
3,142466,Philipp Max
4,44096,Eran Zahavi
5,70906,Nick Viergever
6,85470,Marco van Ginkel
7,322153,Denzel Dumfries
8,329647,Pablo Rosario
9,345333,Armando Obispo
10,351354,Donyell Malen
11,352825,Cody Gakpo
12,361839,Jordan Teze
13,369542,Joël Piroe
14,103542,Yvon Mvogo
15,389935,Noni Madueke
16,328075,Ibrahim Sangaré
17,402876,Vincent Müller
18,408059,Yorbe Vertessen
19,400244,Benson Manuel
20,104906,Thomas Lam
21,132420,Rico Strieder
22,24764,Reza Ghoochannejhad
23,369545,Yuta Nakayama
24,379595,Xavier Mous
25,81962,Jesper Drost
26,97101,Mustafa Saymak
27,100608,Mike van Duinen
28,231106,Kenneth Paal
29,279173,Pelle Clement
30,317693,Mike Hauptmeijer
31,361695,Thomas van den Belt
32,365152,Eliano Reijnders
33,367257,Destan Bajselmani
34,120454,Virgil Misidjan
35,379597,Marc-Olivier Doué
36,394981,Immanuel Pherai
37,402068,Slobodan Tedic
38,404099,Samir Lagsir
39,408338,Daijiro Chirino
40,414488,Damian van Drenth
