,ID,Name
0,143815,Anas Tahiri
1,379710,Nando Nöstlinger
2,379713,Lennerd Daneels
3,383972,Sebbe Augustijns
4,399608,Ahmed Touba
5,379712,Said Bakari
6,68850,Kostas Lamprou
7,400277,Nicolas Olsak
8,400279,David Min
9,391284,Richard van der Venne
10,393117,Morad El Haddouti
11,380703,Mike Grim
12,63885,Vurnon Anita
13,300631,James Efmorfidis
14,322159,Finn Stokkers
15,348644,Sylla Sow
16,365160,Lars Nieuwpoort
17,379706,Juriën Gaari
18,400278,Thierry Lutonda
19,400276,Luuk Wouters
20,361880,Oussama Darfalou
21,345558,Tomas Hajek
22,319922,Jacob Rasmussen
23,330505,Idrissa Touré
24,226599,Maximilian Wittek
25,130917,Eli Dasa
26,115869,Oussama Tannane
27,133959,Riechedly Bazoer
28,141965,Jeroen Houwen
29,34550,Remko Pasveer
30,96581,Thomas Bruns
31,303076,Danilho Doekhi
32,352844,Thomas Buitink
33,400280,Job Froeling
34,318295,Matús Bero
35,400281,Million Manhoef
36,400282,Daan Huisman
37,363618,Loïs Openda
38,365426,Hilary Gong
39,380663,Patrick Vroegh
40,393407,Armando Broja
