,ID,Name
0,147910,Lucas Schoofs
1,377444,Mohamed Amissi
2,104885,Janis Blaswich
3,394980,Marco Rente
4,379731,Orestis Kiomourtzoglou
5,383580,Jeremy Cijntje
6,361778,Silvester van der Water
7,369095,Koen Bucker
8,369553,Mats Knoester
9,108935,Robin Pröpper
10,116684,Michael Brouwer
11,140505,Rai Vloet
12,142242,Jeff Hardeveld
13,400170,Rohat Agca
14,35160,Tim Breukers
15,136302,Sinan Bakis
16,322406,Luca de la Torre
17,361875,Delano Burgzorg
18,379729,Adrian Szöke
19,379730,Teun Bijleveld
20,298718,Dante Rigo
21,310680,Samy Bourard
22,365407,Amar Catic
23,40342,Michiel Kramer
24,67062,John Goossens
25,120312,Robert Zwinkels
26,122972,Danny Bakker
27,148512,Bilal Ould-Chikh
28,276402,Peet Bijen
29,347191,Shaquille Pinas
30,301457,Luuk Koopmans
31,379760,Milan van Ewijk
32,379764,Youri Schoonderwaldt
33,400174,Evan Rottier
34,372331,Andrei Ratiu
35,384395,Jonas Arweiler
36,389479,Boy Kemper
37,400171,Kees de Boer
38,400172,Vicente Besuijen
39,400173,Jamal Amofa
