,ID,Name
0,363735,Sam Schreck
1,369525,Ko Itakura
2,141265,Ahmed El Messaoudi
3,255970,Wessel Dammers
4,298493,Patrick Joosten
5,321871,Mo El Hankouri
6,4173,Arjen Robben
7,33002,Bart van Hintum
8,68854,Sergio Padt
9,96626,Nigel Bertrams
10,137368,Damil Dankerlui
11,371293,Jan de Boer
12,381718,Romano Postema
13,364306,Daniël van Kaam
14,355960,Azor Matusiwa
15,333048,Jørgen Strand Larsen
16,322086,Ramon Pascal Lundqvist
17,383640,Leonel Miguel
18,391047,Tomas Suslov
19,391049,Thomas Poll
20,303779,Maximiliano Romero
21,346767,Mauro Júnior
22,361838,Michal Sadilek
23,260809,Olivier Boscagli
24,90235,Lars Unnerstall
25,141328,Timo Baumgartl
26,142466,Philipp Max
27,133305,Jorrit Hendrix
28,70906,Nick Viergever
29,361839,Jordan Teze
30,351354,Donyell Malen
31,352825,Cody Gakpo
32,322153,Denzel Dumfries
33,328269,Sam Lammers
34,329647,Pablo Rosario
35,369542,Joël Piroe
36,137327,Ryan Thomas
37,117980,Bruma
38,103542,Yvon Mvogo
39,389935,Noni Madueke
40,400273,Maxime Delanghe
41,369107,Mohamed Ihattaren
