,ID,Name
0,96615,Benjamin van Leer
1,124105,Michael Heylen
2,71267,Jeffry Fortes
3,84195,Lennart Thy
4,25037,Adil Auassar
5,44145,Bart Vriends
6,77706,Bryan Smeets
7,133309,Mohamed Rayhi
8,133961,Danzell Gravenberch
9,321869,Lassana Faye
10,328549,Deroy Duarte
11,349895,Abdou Harroui
12,351721,Michael Fabrie
13,379741,Dirk Abels
14,379742,Laros Duarte
15,383560,Sven Mijnans
16,90636,Tom Beugelsdijk
17,400163,Emanuel Emegha
18,400164,Bradley Martis
19,322776,Mica Pinto
20,392339,Maduka Okoye
21,400162,Lorenzo Fonseca
22,83809,Nicolás Tagliafico
23,326505,David Neres
24,364315,Antony
25,260843,André Onana
26,322696,Edson Álvarez
27,83337,Zakaria Labyad
28,349932,Noussair Mazraoui
29,354283,Noa Lang
30,355963,Jurgen Ekkelenkamp
31,361867,Kjell Scherpen
32,362732,Perr Schuurs
33,363884,Ryan Gravenberch
34,321910,Carel Eiting
35,70033,Daley Blind
36,83333,Quincy Promes
37,4065,Maarten Stekelenburg
38,8013,Klaas Jan Huntelaar
39,29474,Dusan Tadic
40,379205,Sergiño Dest
41,388650,Jurrien Timber
42,400165,Devyne Rensch
43,400166,Mohammed Kudus
44,373291,Lassina Traoré
