,ID,Name
0,400119,Sekou Sidibe
1,244455,Michael Chacón
2,125093,Marko Kolar
3,400117,Denis Granecny
4,227870,Nikolai Laursen
5,400115,Lucas Bernadou
6,302776,Keziah Veendorp
7,302883,Robbert de Vos
8,380635,Robin Jalving
9,245626,Glenn Bijl
10,68590,Dennis Telgenkamp
11,108283,Caner Cavlan
12,112534,Stefan van der Lei
13,113087,Hilal Ben Moussa
14,121666,Nick Bakker
15,125157,Miguel Araujo
16,125170,Sergio Peña
17,259802,Simon Tibbling
18,254684,Desevio Payne
19,400116,Aron Timmerman
20,400118,Lentini Caciano
21,35743,Thorsten Kirschbaum
22,80843,Lukas Schmitz
23,146718,Tobias Pachonik
24,320799,Steffen Schäfer
25,347809,Georgios Giakoumakis
26,355961,Evert Linthorst
27,361793,Aaron Bastiaans
28,361795,Yahcuroo Roemer
29,362570,Simon Janssen
30,363052,Stan van Dijck
31,391286,Wassim Essanoussi
32,254253,Jafar Arias
33,285951,Delano van Crooij
34,35953,Josua John
35,74627,Guus Hupperts
36,33662,Arjan Swinkels
37,34246,Christian Kum
38,343311,Tristan Dekker
39,343314,Vito van Crooij
40,343315,Bram Verbong
41,344124,Danny Post
42,391973,Roy Gelmi
43,400120,Nezar S'Rifi
