,ID,Name
0,37360,Lucas Pratto
1,328330,Marcos Senesi
2,24260,Eric Botteghin
3,361879,Luis Sinisterra
4,72595,Nicolai Jørgensen
5,374625,Christian Conteh
6,297527,Bart Nieuwkoop
7,302709,Justin Bijlow
8,329941,Ramón ten Hove
9,345303,Tyrell Malacia
10,345441,Lutsharel Geertruida
11,82401,Jens Toornstra
12,89793,Nick Marsman
13,89794,Steven Berghuis
14,115863,Mark Diemers
15,122398,Ridgeciano Haps
16,35174,Leroy Fer
17,43004,Bryan Linssen
18,127920,Uros Spajic
19,376967,Robert Bozenik
20,355870,Orkun Kökcü
21,384253,Achraf El Bouchataoui
22,343390,Jorn Brondeel
23,279751,Görkem Saglam
24,346731,Kwasi Okyere Wriedt
25,323531,Mats Köhlert
26,330514,Vangelis Pavlidis
27,322083,Leeroy Owusu
28,120444,Jordens Peters
29,124274,Sven van Beek
30,34628,Jan-Arie van der Heijden
31,379600,Connor van den Berg
32,379601,Rick Zuijderwijk
33,113079,Sebastian Holmén
34,379699,Lindon Selahi
35,383581,Mike Trésor
36,400010,Derrick Köhn
37,400012,Wesley Spieringhs
38,400014,Vincent Schippers
39,402852,Ole Romeny
40,410324,Ian Smeulers
41,379599,Ché Nunnely
42,362426,Arijanet Muric
