,ID,Name
0,300755,Pantelis Hatzidiakos
1,289252,Albert Gudmundsson
2,379783,Yukinari Sugawara
3,357081,Myron Boadu
4,363875,Kenzo Goudmijn
5,373340,Zakaria Aboukhlal
6,328550,Owen Wijndal
7,328987,Calvin Stengs
8,343308,Teun Koopmeiners
9,36133,Ramon Leeuwin
10,83824,Marco Bizot
11,90810,Bruno Martins Indi
12,90834,Hobie Verhulst
13,116641,Timo Letschert
14,391050,Mees Bakker
15,404191,Maxim Gullit
16,80137,Fredrik Midtsjø
17,409747,Jelle Duin
18,320614,Jesper Karlsson
19,343382,Tijjani Reijnders
20,356742,Håkon Evjen
21,379784,Mohamed Taabouni
22,404764,Tibor Halilovic
23,22300,Lasse Schöne
24,389378,Oliver Batista Meier
25,56828,Ariel Harush
26,136066,Lucas Woudenberg
27,379734,Hamdi Akujobi
28,382556,Joey Veerman
29,322157,Sherel Floranus
30,342814,Rodney Kongolo
31,365402,Jan Paul van Hecke
32,369119,Arjen van der Heide
33,32196,Siem de Jong
34,34171,Erwin Mulder
35,261017,Henk Veerman
36,296543,Jan Bekkema
37,301423,Mitchell van Bergen
38,142376,Pawel Bochniewicz
39,371073,Rami Hajal
40,321192,Ibrahim Dresevic
41,321193,Rami Kaib
42,399618,Benjamin Nygren
43,409160,Syb van Ottele
