,ID,Name
0,362459,Othmane Boussaid
1,344041,Moussa Sylla
2,302724,Eric Oelschlägel
3,333527,Odysseus Velanas
4,393412,Remco Balk
5,369408,Sylian Mokono
6,315574,Thijmen Nijhuis
7,329675,Maarten Paes
8,256971,Hidde ter Avest
9,261082,Bart Ramselaar
10,280289,Giovanni Troupée
11,17491,Urby Emanuelson
12,22842,Willem Janssen
13,39726,Mark van der Maarel
14,89575,Adam Maher
15,110360,Sander van de Streek
16,123556,Joris van Overeem
17,141875,Gyrano Kerk
18,229520,Django Warmerdam
19,238997,Mimoun Mahi
20,249686,Adrián Dalmau
21,409052,Benaissa Benamar
22,382582,Tommy St. Jago
23,280677,Zinedine Machach
24,146718,Tobias Pachonik
25,303078,Leon Guwara
26,320799,Steffen Schäfer
27,35743,Thorsten Kirschbaum
28,354599,Meritan Shabani
29,261267,Anastasios Donis
30,347809,Georgios Giakoumakis
31,121784,Christos Donis
32,136164,Torino Hunte
33,35953,Josua John
34,33662,Arjan Swinkels
35,34246,Christian Kum
36,343314,Vito van Crooij
37,344124,Danny Post
38,254253,Jafar Arias
39,285951,Delano van Crooij
40,391286,Wassim Essanoussi
41,361795,Yahcuroo Roemer
42,362570,Simon Janssen
43,341715,Kristopher Da Graca
44,391973,Roy Gelmi
45,368172,Jens Craenmehr
