,ID,Name
0,361880,Oussama Darfalou
1,345558,Tomas Hajek
2,319922,Jacob Rasmussen
3,330505,Idrissa Touré
4,226599,Maximilian Wittek
5,130917,Eli Dasa
6,115869,Oussama Tannane
7,401021,Enzo Cornelisse
8,133959,Riechedly Bazoer
9,141965,Jeroen Houwen
10,34550,Remko Pasveer
11,96581,Thomas Bruns
12,303076,Danilho Doekhi
13,112719,Sondre Tronstad
14,318295,Matús Bero
15,409126,Alois Dominik Oroz
16,409462,Noah Ohio
17,363618,Loïs Openda
18,365426,Hilary Gong
19,380663,Patrick Vroegh
20,393407,Armando Broja
21,400281,Million Manhoef
22,400282,Daan Huisman
23,302644,Dario Dumic
24,364014,Issah Abass
25,327903,Kik Pierie
26,357080,Godfried Roemeratoe
27,69525,Luciano Narsingh
28,247849,Queensy Menig
29,275012,Joël Drommel
30,379702,Jesse Bosch
31,379703,Jeffrey de Lange
32,387682,Ennio van der Gouw
33,400055,Jayden Oosterwolde
34,400056,Nathangelo Markelo
35,400058,Thijs van Leeuwen
36,400059,Gijs Smal
37,232248,Tyronne Ebuehi
38,367522,Danilo
39,379701,Ramiz Zerrouki
40,402819,Mees Hilgers
41,405560,Daan Rots
42,406780,Max Bruns
43,400057,Casper Staring
