,ID,Name
0,343390,Jorn Brondeel
1,346731,Kwasi Okyere Wriedt
2,365389,John Yeboah
3,279751,Görkem Saglam
4,323531,Mats Köhlert
5,330514,Vangelis Pavlidis
6,120444,Jordens Peters
7,322083,Leeroy Owusu
8,34628,Jan-Arie van der Heijden
9,66462,Freek Heerkens
10,361791,Driess Saddiki
11,379600,Connor van den Berg
12,109581,Pol Llonch
13,113079,Sebastian Holmén
14,383581,Mike Trésor
15,400010,Derrick Köhn
16,400012,Wesley Spieringhs
17,400014,Vincent Schippers
18,402852,Ole Romeny
19,405831,Maarten Schut
20,379599,Ché Nunnely
21,363735,Sam Schreck
22,369525,Ko Itakura
23,141265,Ahmed El Messaoudi
24,255970,Wessel Dammers
25,290832,Alessio Da Cruz
26,298493,Patrick Joosten
27,321871,Mo El Hankouri
28,33002,Bart van Hintum
29,68854,Sergio Padt
30,96626,Nigel Bertrams
31,137368,Damil Dankerlui
32,371293,Jan de Boer
33,364306,Daniël van Kaam
34,391048,Kian Slor
35,391304,Joël van Kaam
36,393412,Remco Balk
37,355960,Azor Matusiwa
38,333048,Jørgen Strand Larsen
39,322086,Ramon Pascal Lundqvist
40,330549,Gabriel Gudmundsson
41,387049,Miguel Angel Leal
42,391047,Tomas Suslov
