,ID,Name
0,302644,Dario Dumic
1,291964,Vaclav Cerny
2,247849,Queensy Menig
3,275012,Joël Drommel
4,327903,Kik Pierie
5,357080,Godfried Roemeratoe
6,379702,Jesse Bosch
7,379703,Jeffrey de Lange
8,387682,Ennio van der Gouw
9,400055,Jayden Oosterwolde
10,400056,Nathangelo Markelo
11,400058,Thijs van Leeuwen
12,400059,Gijs Smal
13,232248,Tyronne Ebuehi
14,361898,Luka Ilic
15,318754,Julio Pleguezuelo
16,367522,Danilo
17,379701,Ramiz Zerrouki
18,405560,Daan Rots
19,406780,Max Bruns
20,400057,Casper Staring
21,83809,Nicolás Tagliafico
22,340105,Lisandro Martínez
23,364315,Antony
24,260843,André Onana
25,403644,Victor Jensen
26,322696,Edson Álvarez
27,349932,Noussair Mazraoui
28,83337,Zakaria Labyad
29,355963,Jurgen Ekkelenkamp
30,362732,Perr Schuurs
31,363884,Ryan Gravenberch
32,70033,Daley Blind
33,83333,Quincy Promes
34,4065,Maarten Stekelenburg
35,8013,Klaas Jan Huntelaar
36,108860,Davy Klaassen
37,135271,Sean Klaiber
38,29474,Dusan Tadic
39,236544,Sébastien Haller
40,365432,Dominik Kotarski
41,388650,Jurriën Timber
