,ID,Name
0,367190,Sieben Dewaele
1,404764,Tibor Halilovic
2,389378,Oliver Batista Meier
3,56828,Ariel Harush
4,136066,Lucas Woudenberg
5,32196,Siem de Jong
6,34171,Erwin Mulder
7,261017,Henk Veerman
8,296543,Jan Bekkema
9,301423,Mitchell van Bergen
10,379734,Hamdi Akujobi
11,382556,Joey Veerman
12,369119,Arjen van der Heide
13,342814,Rodney Kongolo
14,365402,Jan Paul van Hecke
15,142376,Pawel Bochniewicz
16,321192,Ibrahim Dresevic
17,371073,Rami Hajal
18,399618,Benjamin Nygren
19,402735,Joaquín Fernández
20,409160,Syb van Ottele
21,143815,Anas Tahiri
22,379713,Lennerd Daneels
23,383972,Sebbe Augustijns
24,399608,Ahmed Touba
25,379712,Said Bakari
26,68850,Kostas Lamprou
27,345511,Vitalie Damascan
28,386605,Ayman Azhil
29,391284,Richard van der Venne
30,380703,Mike Grim
31,23373,Hans Mulder
32,300631,James Efmorfidis
33,322159,Finn Stokkers
34,348644,Sylla Sow
35,365160,Lars Nieuwpoort
36,379706,Juriën Gaari
37,379707,Melle Meulensteen
38,92984,Ola John
39,400279,David Min
40,400278,Thierry Lutonda
