,ID,Name
0,400244,Benson Manuel
1,104906,Thomas Lam
2,24764,Reza Ghoochannejhad
3,369545,Yuta Nakayama
4,379595,Xavier Mous
5,380731,Sam Kersten
6,34108,Bram van Polen
7,81962,Jesper Drost
8,96626,Nigel Bertrams
9,97101,Mustafa Saymak
10,100608,Mike van Duinen
11,120454,Virgil Misidjan
12,231106,Kenneth Paal
13,279173,Pelle Clement
14,317693,Mike Hauptmeijer
15,352844,Thomas Buitink
16,361695,Thomas van den Belt
17,365152,Eliano Reijnders
18,367257,Destan Bajselmani
19,402068,Slobodan Tedic
20,404370,Rav van den Berg
21,394981,Immanuel Pherai
22,379596,Dean Huiberts
23,83809,Nicolás Tagliafico
24,340105,Lisandro Martínez
25,326505,David Neres
26,364315,Antony
27,400166,Mohammed Kudus
28,322696,Edson Álvarez
29,83337,Zakaria Labyad
30,299321,Oussama Idrissi
31,355963,Jurgen Ekkelenkamp
32,361867,Kjell Scherpen
33,362732,Perr Schuurs
34,363884,Ryan Gravenberch
35,4065,Maarten Stekelenburg
36,108860,Davy Klaassen
37,135271,Sean Klaiber
38,29474,Dusan Tadic
39,236544,Sébastien Haller
40,404568,Brian Brobbey
41,411691,Enric Llansana
42,365432,Dominik Kotarski
43,400165,Devyne Rensch
