,ID,Name
0,260809,Olivier Boscagli
1,320000,Adrian Fein
2,80382,Mario Götze
3,90235,Lars Unnerstall
4,142466,Philipp Max
5,44096,Eran Zahavi
6,137460,Erick Gutiérrez
7,70906,Nick Viergever
8,85470,Marco van Ginkel
9,322153,Denzel Dumfries
10,329647,Pablo Rosario
11,345333,Armando Obispo
12,351354,Donyell Malen
13,352825,Cody Gakpo
14,361839,Jordan Teze
15,369542,Joël Piroe
16,103542,Yvon Mvogo
17,389935,Noni Madueke
18,328075,Ibrahim Sangaré
19,369107,Mohamed Ihattaren
20,400273,Maxime Delanghe
21,408059,Yorbe Vertessen
22,37360,Lucas Pratto
23,328330,Marcos Senesi
24,24260,Eric Botteghin
25,361879,Luis Sinisterra
26,72595,Nicolai Jørgensen
27,82401,Jens Toornstra
28,89793,Nick Marsman
29,89794,Steven Berghuis
30,122398,Ridgeciano Haps
31,329941,Ramón ten Hove
32,345303,Tyrell Malacia
33,345441,Lutsharel Geertruida
34,35174,Leroy Fer
35,43004,Bryan Linssen
36,302709,Justin Bijlow
37,142352,João Teixeira
38,127920,Uros Spajic
39,376967,Robert Bozenik
40,355870,Orkun Kökcü
41,384253,Achraf El Bouchataoui
42,411680,Aliou Balde
