,ID,Name
0,35743,Thorsten Kirschbaum
1,80843,Lukas Schmitz
2,146718,Tobias Pachonik
3,303078,Leon Guwara
4,320799,Steffen Schäfer
5,354599,Meritan Shabani
6,261267,Anastasios Donis
7,347809,Georgios Giakoumakis
8,343314,Vito van Crooij
9,343315,Bram Verbong
10,344124,Danny Post
11,285951,Delano van Crooij
12,361795,Yahcuroo Roemer
13,362570,Simon Janssen
14,391286,Wassim Essanoussi
15,254253,Jafar Arias
16,136164,Torino Hunte
17,35953,Josua John
18,33662,Arjan Swinkels
19,34246,Christian Kum
20,341715,Kristopher Da Graca
21,400120,Nezar S'Rifi
22,402816,Lars Nabbe
23,255946,Dario Van den Buijs
24,329842,Thibaud Verlinden
25,391257,Mickael Tirpan
26,342571,Samuel Moutoussamy
27,321391,Gregoire Amiot
28,77471,Sebastian Polter
29,391933,Lazaros Rota
30,361694,Zian Flemming
31,362439,Clint Essers
32,369685,Nassim El Ablak
33,407647,Arian Kastrati
34,243708,Yanick van Osch
35,90830,Ben Rienstra
36,104982,Mats Seuntjens
37,281508,Roel Janssen
38,334533,Emil Hansson
39,329684,Lisandro Semedo
40,320513,Tesfaldet Tekie
41,122291,Martin Angha
42,383604,George Cox
43,391953,Mike van Beijnen
44,400060,Joshua Wehking
45,346494,Alexei Koselev
