,ID,Name
0,362459,Othmane Boussaid
1,302724,Eric Oelschlägel
2,333527,Odysseus Velanas
3,357396,Mohamed Mallahi
4,315574,Thijmen Nijhuis
5,329675,Maarten Paes
6,369408,Sylian Mokono
7,17491,Urby Emanuelson
8,22842,Willem Janssen
9,39726,Mark van der Maarel
10,89575,Adam Maher
11,110360,Sander van de Streek
12,123556,Joris van Overeem
13,141875,Gyrano Kerk
14,229520,Django Warmerdam
15,238997,Mimoun Mahi
16,256971,Hidde ter Avest
17,261082,Bart Ramselaar
18,280289,Giovanni Troupée
19,312913,Emil Bergström
20,382582,Tommy St. Jago
21,409052,Benaissa Benamar
22,409244,Jeredy Hilterman
23,361880,Oussama Darfalou
24,345558,Tomas Hajek
25,319922,Jacob Rasmussen
26,330505,Idrissa Touré
27,226599,Maximilian Wittek
28,130917,Eli Dasa
29,133959,Riechedly Bazoer
30,141965,Jeroen Houwen
31,303076,Danilho Doekhi
32,34550,Remko Pasveer
33,96581,Thomas Bruns
34,112719,Sondre Tronstad
35,363618,Loïs Openda
36,365426,Hilary Gong
37,380663,Patrick Vroegh
38,393407,Armando Broja
39,400281,Million Manhoef
40,400282,Daan Huisman
41,409126,Alois Dominik Oroz
42,409462,Noah Ohio
