,ID,Name
0,104906,Thomas Lam
1,132420,Rico Strieder
2,280191,Michael Zetterer
3,24764,Reza Ghoochannejhad
4,369545,Yuta Nakayama
5,379595,Xavier Mous
6,317693,Mike Hauptmeijer
7,361695,Thomas van den Belt
8,365152,Eliano Reijnders
9,34108,Bram van Polen
10,81962,Jesper Drost
11,100608,Mike van Duinen
12,231106,Kenneth Paal
13,244640,Clint Leemans
14,279173,Pelle Clement
15,279429,Sai van Wermeskerken
16,380731,Sam Kersten
17,120454,Virgil Misidjan
18,394981,Immanuel Pherai
19,404099,Samir Lagsir
20,408338,Daijiro Chirino
21,379596,Dean Huiberts
22,379597,Marc-Olivier Doué
23,391257,Mickael Tirpan
24,379785,Adnan Ugur
25,260811,Djibril Dianessy
26,342571,Samuel Moutoussamy
27,77471,Sebastian Polter
28,391933,Lazaros Rota
29,90830,Ben Rienstra
30,104982,Mats Seuntjens
31,281508,Roel Janssen
32,243708,Yanick van Osch
33,252209,Jorrit Smeets
34,361694,Zian Flemming
35,362439,Clint Essers
36,369685,Nassim El Ablak
37,407647,Arian Kastrati
38,334533,Emil Hansson
39,329684,Lisandro Semedo
40,320513,Tesfaldet Tekie
41,122291,Martin Angha
42,383604,George Cox
43,346494,Alexei Koselev
44,391953,Mike van Beijnen
45,400060,Joshua Wehking
