,ID,Name
0,300755,Pantelis Hatzidiakos
1,289252,Albert Gudmundsson
2,379783,Yukinari Sugawara
3,391050,Mees Bakker
4,404191,Maxim Gullit
5,405003,Thijs Oosting
6,328550,Owen Wijndal
7,328987,Calvin Stengs
8,343308,Teun Koopmeiners
9,36133,Ramon Leeuwin
10,83824,Marco Bizot
11,90802,Jordy Clasie
12,90810,Bruno Martins Indi
13,90834,Hobie Verhulst
14,116641,Timo Letschert
15,357081,Myron Boadu
16,363875,Kenzo Goudmijn
17,373340,Zakaria Aboukhlal
18,80137,Fredrik Midtsjø
19,320614,Jesper Karlsson
20,343382,Tijjani Reijnders
21,356742,Håkon Evjen
22,298718,Dante Rigo
23,310680,Samy Bourard
24,121244,Nikolaos Karelis
25,118137,Dario Del Fabro
26,40342,Michiel Kramer
27,67062,John Goossens
28,67063,Marko Vejinovic
29,120312,Robert Zwinkels
30,141725,Ricardo Kishna
31,148512,Bilal Ould-Chikh
32,301457,Luuk Koopmans
33,379760,Milan van Ewijk
34,379764,Youri Schoonderwaldt
35,347191,Shaquille Pinas
36,372331,Andrei Ratiu
37,384395,Jonas Arweiler
38,389479,Boy Kemper
39,400171,Kees de Boer
40,400172,Vicente Besuijen
41,400173,Jamal Amofa
42,401071,David Lennart Philipp
43,402120,Pascu
44,403820,Juan Familia-Castillo
