,ID,Name
0,328686,Daniel Arzani
1,302724,Eric Oelschlägel
2,333527,Odysseus Velanas
3,329675,Maarten Paes
4,369408,Sylian Mokono
5,312702,Justin Hoogma
6,315574,Thijmen Nijhuis
7,256971,Hidde ter Avest
8,261082,Bart Ramselaar
9,17491,Urby Emanuelson
10,22842,Willem Janssen
11,39726,Mark van der Maarel
12,89575,Adam Maher
13,110360,Sander van de Streek
14,123556,Joris van Overeem
15,141875,Gyrano Kerk
16,229520,Django Warmerdam
17,238997,Mimoun Mahi
18,249686,Adrián Dalmau
19,283351,Simon Gustafson
20,382582,Tommy St. Jago
21,409052,Benaissa Benamar
22,409244,Jeredy Hilterman
23,147910,Lucas Schoofs
24,367743,Noah Fadiga
25,401096,Mateo Leš
26,394980,Marco Rente
27,104885,Janis Blaswich
28,379731,Orestis Kiomourtzoglou
29,296650,Ismail Azzaoui
30,361778,Silvester van der Water
31,369095,Koen Bucker
32,108935,Robin Pröpper
33,116684,Michael Brouwer
34,140505,Rai Vloet
35,142242,Jeff Hardeveld
36,35160,Tim Breukers
37,136302,Sinan Bakis
38,322406,Luca de la Torre
39,361875,Delano Burgzorg
40,379729,Adrian Szöke
41,379730,Teun Bijleveld
42,393081,Giacomo Quagliata
43,395830,Kasper Lunding Jakobsen
