,ID,Name
0,96615,Benjamin van Leer
1,124105,Michael Heylen
2,71267,Jeffry Fortes
3,84195,Lennart Thy
4,225522,Mario Engels
5,25037,Adil Auassar
6,31238,Aaron Meijers
7,77706,Bryan Smeets
8,90636,Tom Beugelsdijk
9,133961,Danzell Gravenberch
10,400163,Emanuel Emegha
11,328549,Deroy Duarte
12,351721,Michael Fabrie
13,361878,Wouter Burger
14,379741,Dirk Abels
15,379742,Laros Duarte
16,383560,Sven Mijnans
17,406754,Reda Kharchouch
18,322776,Mica Pinto
19,409075,Jason Meerstadt
20,403844,Delano Vianello
21,392339,Maduka Okoye
22,346767,Mauro Júnior
23,260809,Olivier Boscagli
24,320000,Adrian Fein
25,90235,Lars Unnerstall
26,141328,Timo Baumgartl
27,142466,Philipp Max
28,44096,Eran Zahavi
29,137460,Erick Gutiérrez
30,322153,Denzel Dumfries
31,351354,Donyell Malen
32,352825,Cody Gakpo
33,361839,Jordan Teze
34,329647,Pablo Rosario
35,369542,Joël Piroe
36,137327,Ryan Thomas
37,103542,Yvon Mvogo
38,389935,Noni Madueke
39,328075,Ibrahim Sangaré
40,369107,Mohamed Ihattaren
41,400273,Maxime Delanghe
