,ID,Name
0,400119,Sekou Sidibe
1,125093,Marko Kolar
2,400117,Denis Granecny
3,227870,Nikolai Laursen
4,400115,Lucas Bernadou
5,80426,Felix Wiedwald
6,108283,Caner Cavlan
7,109109,Ricardo van Rhijn
8,112534,Stefan van der Lei
9,113087,Hilal Ben Moussa
10,121666,Nick Bakker
11,30121,Anco Jansen
12,68590,Dennis Telgenkamp
13,69458,Ferhat Görgülü
14,77725,Michael de Leeuw
15,302776,Keziah Veendorp
16,302883,Robbert de Vos
17,125170,Sergio Peña
18,259802,Simon Tibbling
19,400116,Aron Timmerman
20,409129,Jari Vlak
21,142078,Donis Avdijaj
22,361880,Oussama Darfalou
23,345558,Tomas Hajek
24,319922,Jacob Rasmussen
25,330505,Idrissa Touré
26,226599,Maximilian Wittek
27,130917,Eli Dasa
28,115869,Oussama Tannane
29,133959,Riechedly Bazoer
30,141965,Jeroen Houwen
31,34550,Remko Pasveer
32,96581,Thomas Bruns
33,303076,Danilho Doekhi
34,352844,Thomas Buitink
35,401021,Enzo Cornelisse
36,318295,Matús Bero
37,363618,Loïs Openda
38,365426,Hilary Gong
39,372333,Bilal Bayazit
40,380663,Patrick Vroegh
41,393407,Armando Broja
42,400281,Million Manhoef
43,400282,Daan Huisman
44,409126,Alois Dominik Oroz
