,ID,Name
0,361880,Oussama Darfalou
1,345558,Tomas Hajek
2,319922,Jacob Rasmussen
3,330505,Idrissa Touré
4,226599,Maximilian Wittek
5,130917,Eli Dasa
6,115869,Oussama Tannane
7,409462,Noah Ohio
8,401021,Enzo Cornelisse
9,404389,Enrico Hernández
10,133959,Riechedly Bazoer
11,141965,Jeroen Houwen
12,34550,Remko Pasveer
13,96581,Thomas Bruns
14,303076,Danilho Doekhi
15,112719,Sondre Tronstad
16,409126,Alois Dominik Oroz
17,363618,Loïs Openda
18,365426,Hilary Gong
19,372333,Bilal Bayazit
20,393407,Armando Broja
21,400281,Million Manhoef
22,400282,Daan Huisman
23,340105,Lisandro Martínez
24,364315,Antony
25,326505,David Neres
26,400166,Mohammed Kudus
27,349932,Noussair Mazraoui
28,83337,Zakaria Labyad
29,135271,Sean Klaiber
30,4065,Maarten Stekelenburg
31,355963,Jurgen Ekkelenkamp
32,362732,Perr Schuurs
33,363884,Ryan Gravenberch
34,299321,Oussama Idrissi
35,411079,Calvin Raatsie
36,413209,Daan Reiziger
37,29474,Dusan Tadic
38,236544,Sébastien Haller
39,404568,Brian Brobbey
40,373291,Lassina Traoré
41,388650,Jurriën Timber
42,400165,Devyne Rensch
43,415781,Kian Fitz-Jim
44,411691,Enric Llansana
