,ID,Name
0,289252,Albert Gudmundsson
1,379783,Yukinari Sugawara
2,391050,Mees Bakker
3,404191,Maxim Gullit
4,36133,Ramon Leeuwin
5,83824,Marco Bizot
6,90802,Jordy Clasie
7,90810,Bruno Martins Indi
8,90834,Hobie Verhulst
9,328550,Owen Wijndal
10,328987,Calvin Stengs
11,343308,Teun Koopmeiners
12,353695,Dani de Wit
13,357081,Myron Boadu
14,363875,Kenzo Goudmijn
15,373340,Zakaria Aboukhlal
16,80137,Fredrik Midtsjø
17,81247,Jonas Svensson
18,415670,Jorn Berkhout
19,415772,Zico Buurmeester
20,320614,Jesper Karlsson
21,356742,Håkon Evjen
22,343382,Tijjani Reijnders
23,403495,Melih Ibrahimoglu
24,147910,Lucas Schoofs
25,367743,Noah Fadiga
26,377444,Mohamed Amissi
27,401096,Mateo Leš
28,404394,Elias Oubella
29,104885,Janis Blaswich
30,379731,Orestis Kiomourtzoglou
31,296650,Ismail Azzaoui
32,369095,Koen Bucker
33,369553,Mats Knoester
34,116684,Michael Brouwer
35,35160,Tim Breukers
36,142242,Jeff Hardeveld
37,400170,Rohat Agca
38,136302,Sinan Bakis
39,367737,Ahmed Kutucu
40,322406,Luca de la Torre
41,361875,Delano Burgzorg
42,379729,Adrian Szoke
43,400497,Elias Sierra-Cappelleti
44,393081,Giacomo Quagliata
45,395830,Kasper Lunding Jakobsen
