,ID,Name
0,343390,Jorn Brondeel
1,383581,Mike Trésor
2,400010,Derrick Köhn
3,346731,Kwasi Okyere Wriedt
4,279751,Görkem Saglam
5,323531,Mats Köhlert
6,330514,Vangelis Pavlidis
7,322083,Leeroy Owusu
8,66462,Freek Heerkens
9,120444,Jordens Peters
10,124274,Sven van Beek
11,361791,Driess Saddiki
12,379600,Connor van den Berg
13,379601,Rick Zuijderwijk
14,400013,Jop van den Avert
15,109581,Pol Llonch
16,113079,Sebastian Holmén
17,379699,Lindon Selahi
18,400012,Wesley Spieringhs
19,379599,Ché Nunnely
20,362426,Arijanet Muric
21,329842,Thibaud Verlinden
22,321391,Gregoire Amiot
23,342571,Samuel Moutoussamy
24,77471,Sebastian Polter
25,391933,Lazaros Rota
26,410249,Dimitrios Emmanouilidis
27,407647,Arian Kastrati
28,90830,Ben Rienstra
29,104982,Mats Seuntjens
30,120304,Leroy George
31,34546,Piet Velthuizen
32,243708,Yanick van Osch
33,281508,Roel Janssen
34,361694,Zian Flemming
35,362439,Clint Essers
36,369685,Nassim El Ablak
37,334533,Emil Hansson
38,329684,Lisandro Semedo
39,320513,Tesfaldet Tekie
40,122291,Martin Angha
41,383604,George Cox
42,391953,Mike van Beijnen
43,400060,Joshua Wehking
