,ID,Name
0,362459,Othmane Boussaid
1,344041,Moussa Sylla
2,302724,Eric Oelschlägel
3,393412,Remco Balk
4,312702,Justin Hoogma
5,256971,Hidde ter Avest
6,315574,Thijmen Nijhuis
7,329675,Maarten Paes
8,14044,Eljero Elia
9,17491,Urby Emanuelson
10,22842,Willem Janssen
11,39726,Mark van der Maarel
12,110360,Sander van de Streek
13,123556,Joris van Overeem
14,141875,Gyrano Kerk
15,229520,Django Warmerdam
16,238997,Mimoun Mahi
17,249686,Adrián Dalmau
18,283351,Simon Gustafson
19,312913,Emil Bergström
20,400823,Davy van den Berg
21,409052,Benaissa Benamar
22,382582,Tommy St. Jago
23,260809,Olivier Boscagli
24,141328,Timo Baumgartl
25,142466,Philipp Max
26,320000,Adrian Fein
27,80382,Mario Götze
28,90235,Lars Unnerstall
29,44096,Eran Zahavi
30,70906,Nick Viergever
31,85470,Marco van Ginkel
32,345333,Armando Obispo
33,352825,Cody Gakpo
34,361839,Jordan Teze
35,369542,Joël Piroe
36,322153,Denzel Dumfries
37,103542,Yvon Mvogo
38,389935,Noni Madueke
39,328075,Ibrahim Sangaré
40,402876,Vincent Müller
41,404225,Shurandy Sambo
42,408059,Yorbe Vertessen
