,ID,Name
0,328330,Marcos Senesi
1,24260,Eric Botteghin
2,361879,Luis Sinisterra
3,72595,Nicolai Jørgensen
4,374625,Christian Conteh
5,329941,Ramón ten Hove
6,345303,Tyrell Malacia
7,345441,Lutsharel Geertruida
8,82401,Jens Toornstra
9,89793,Nick Marsman
10,89794,Steven Berghuis
11,115863,Mark Diemers
12,122398,Ridgeciano Haps
13,35174,Leroy Fer
14,302709,Justin Bijlow
15,142352,João Teixeira
16,127920,Uros Spajic
17,376967,Robert Bozenik
18,355870,Orkun Kökcü
19,384253,Achraf El Bouchataoui
20,143815,Anas Tahiri
21,367742,Cyril Ngonge
22,383972,Sebbe Augustijns
23,379713,Lennerd Daneels
24,379712,Said Bakari
25,68850,Kostas Lamprou
26,345511,Vitalie Damascan
27,348644,Sylla Sow
28,322159,Finn Stokkers
29,92984,Ola John
30,23373,Hans Mulder
31,63885,Vurnon Anita
32,389411,Yassin Oukili
33,391284,Richard van der Venne
34,393117,Morad El Haddouti
35,379705,Etienne Vaessen
36,379707,Melle Meulensteen
37,379708,Paul Quasten
38,405003,Thijs Oosting
39,380703,Mike Grim
40,400276,Luuk Wouters
41,400278,Thierry Lutonda
42,400545,Shawn Adewoye
