,ID,Name
0,280677,Zinedine Machach
1,303078,Leon Guwara
2,320799,Steffen Schäfer
3,146718,Tobias Pachonik
4,254253,Jafar Arias
5,33662,Arjan Swinkels
6,35953,Josua John
7,74627,Guus Hupperts
8,285951,Delano van Crooij
9,343311,Tristan Dekker
10,343314,Vito van Crooij
11,343315,Bram Verbong
12,344124,Danny Post
13,361795,Yahcuroo Roemer
14,362570,Simon Janssen
15,391286,Wassim Essanoussi
16,341715,Kristopher Da Graca
17,391973,Roy Gelmi
18,400120,Nezar S'Rifi
19,402816,Lars Nabbe
20,125093,Marko Kolar
21,227870,Nikolai Laursen
22,400115,Lucas Bernadou
23,408339,Ben Scholte
24,245626,Glenn Bijl
25,288873,Paul Gladon
26,298805,Michael Verrips
27,302776,Keziah Veendorp
28,302883,Robbert de Vos
29,68590,Dennis Telgenkamp
30,77725,Michael de Leeuw
31,108283,Caner Cavlan
32,109109,Ricardo van Rhijn
33,112534,Stefan van der Lei
34,113087,Hilal Ben Moussa
35,121666,Nick Bakker
36,125157,Miguel Araujo
37,125170,Sergio Peña
38,409449,Didier La Torre
39,400053,Jean-Pierre Rhyner
40,345544,Luka Adzic
41,259802,Simon Tibbling
42,106336,Kerim Frei
