,ID,Name
0,302644,Dario Dumic
1,364014,Issah Abass
2,357080,Godfried Roemeratoe
3,29281,Wout Brama
4,69525,Luciano Narsingh
5,247849,Queensy Menig
6,275012,Joël Drommel
7,379702,Jesse Bosch
8,379703,Jeffrey de Lange
9,387682,Ennio van der Gouw
10,400055,Jayden Oosterwolde
11,400056,Nathangelo Markelo
12,400058,Thijs van Leeuwen
13,400059,Gijs Smal
14,232248,Tyronne Ebuehi
15,361898,Luka Ilic
16,379701,Ramiz Zerrouki
17,402819,Mees Hilgers
18,405560,Daan Rots
19,406780,Max Bruns
20,400057,Casper Staring
21,379185,Martin Fraisl
22,365407,Amar Catic
23,401099,Tomislav Gomelt
24,403820,Juan Familia-Castillo
25,19499,Gianni Zuiverloon
26,40342,Michiel Kramer
27,67062,John Goossens
28,67063,Marko Vejinovic
29,83442,Youness Mokhtar
30,148512,Bilal Ould-Chikh
31,301457,Luuk Koopmans
32,303113,Abdenasser El Khayati
33,347191,Shaquille Pinas
34,411954,Xander Severina
35,406755,Jonathan Mulder
36,411014,Cain Seedorf
37,402120,Pascu
38,382238,Bobby Adekanye
39,389479,Boy Kemper
40,400171,Kees de Boer
41,400172,Vicente Besuijen
42,401071,David Lennart Philipp
43,412899,Silvinho Esajas
