,ID,Name
0,400244,Benson Manuel
1,132420,Rico Strieder
2,24764,Reza Ghoochannejhad
3,369545,Yuta Nakayama
4,379595,Xavier Mous
5,34108,Bram van Polen
6,81962,Jesper Drost
7,100608,Mike van Duinen
8,120454,Virgil Misidjan
9,231106,Kenneth Paal
10,279173,Pelle Clement
11,317693,Mike Hauptmeijer
12,361695,Thomas van den Belt
13,365152,Eliano Reijnders
14,367257,Destan Bajselmani
15,379597,Marc-Olivier Doué
16,394981,Immanuel Pherai
17,402068,Slobodan Tedic
18,404099,Samir Lagsir
19,408338,Daijiro Chirino
20,414488,Damian van Drenth
21,363735,Sam Schreck
22,369525,Ko Itakura
23,141265,Ahmed El Messaoudi
24,298493,Patrick Joosten
25,321871,Mo El Hankouri
26,364306,Daniël van Kaam
27,68854,Sergio Padt
28,371293,Jan de Boer
29,379687,Thijs Dallinga
30,355960,Azor Matusiwa
31,333048,Jørgen Strand Larsen
32,320941,Per Kristian Bråtveit
33,322086,Ramon Pascal Lundqvist
34,383640,Leonel Miguel
35,387049,Miguel Angel Leal
36,391047,Tomas Suslov
37,406537,Paulos Abraham
38,415774,Luciano Valente
39,415775,Bjorn Meijer
40,415776,Thijmen Blokzijl
41,415777,Tika de Jonge
