,ID,Name
0,367190,Sieben Dewaele
1,404764,Tibor Halilovic
2,379734,Hamdi Akujobi
3,382556,Joey Veerman
4,369119,Arjen van der Heide
5,322157,Sherel Floranus
6,342814,Rodney Kongolo
7,365402,Jan Paul van Hecke
8,32196,Siem de Jong
9,34171,Erwin Mulder
10,136066,Lucas Woudenberg
11,261017,Henk Veerman
12,296543,Jan Bekkema
13,301423,Mitchell van Bergen
14,142376,Pawel Bochniewicz
15,321192,Ibrahim Dresevic
16,321193,Rami Kaib
17,371073,Rami Hajal
18,399618,Benjamin Nygren
19,406783,Stanislav Shopov
20,408042,Marijn Dijkstra
21,96615,Benjamin van Leer
22,124105,Michael Heylen
23,71267,Jeffry Fortes
24,225522,Mario Engels
25,84195,Lennart Thy
26,406754,Reda Kharchouch
27,409075,Jason Meerstadt
28,411278,Jeremy Van Mullem
29,328549,Deroy Duarte
30,349895,Abdou Harroui
31,351721,Michael Fabrie
32,361878,Wouter Burger
33,379741,Dirk Abels
34,383560,Sven Mijnans
35,77706,Bryan Smeets
36,31238,Aaron Meijers
37,44145,Bart Vriends
38,133961,Danzell Gravenberch
39,400163,Emanuel Emegha
40,403844,Delano Vianello
41,392339,Maduka Okoye
