,ID,Name
0,143815,Anas Tahiri
1,379713,Lennerd Daneels
2,383972,Sebbe Augustijns
3,399608,Ahmed Touba
4,379712,Said Bakari
5,68850,Kostas Lamprou
6,345511,Vitalie Damascan
7,386605,Ayman Azhil
8,391284,Richard van der Venne
9,23373,Hans Mulder
10,380703,Mike Grim
11,348644,Sylla Sow
12,365160,Lars Nieuwpoort
13,379705,Etienne Vaessen
14,379706,Juriën Gaari
15,379707,Melle Meulensteen
16,379708,Paul Quasten
17,92984,Ola John
18,300631,James Efmorfidis
19,322159,Finn Stokkers
20,400279,David Min
21,400278,Thierry Lutonda
22,343390,Jorn Brondeel
23,279751,Görkem Saglam
24,323531,Mats Köhlert
25,346731,Kwasi Okyere Wriedt
26,365389,John Yeboah
27,330514,Vangelis Pavlidis
28,322083,Leeroy Owusu
29,34628,Jan-Arie van der Heijden
30,66462,Freek Heerkens
31,379600,Connor van den Berg
32,120444,Jordens Peters
33,109581,Pol Llonch
34,113079,Sebastian Holmén
35,379699,Lindon Selahi
36,383581,Mike Trésor
37,400010,Derrick Köhn
38,400012,Wesley Spieringhs
39,400014,Vincent Schippers
40,402852,Ole Romeny
41,405831,Maarten Schut
42,379599,Ché Nunnely
