,ID,Name
0,83809,Nicolás Tagliafico
1,340105,Lisandro Martínez
2,364315,Antony
3,326505,David Neres
4,260843,André Onana
5,322696,Edson Álvarez
6,83337,Zakaria Labyad
7,349932,Noussair Mazraoui
8,355963,Jurgen Ekkelenkamp
9,362732,Perr Schuurs
10,363884,Ryan Gravenberch
11,108860,Davy Klaassen
12,135271,Sean Klaiber
13,4065,Maarten Stekelenburg
14,70033,Daley Blind
15,83333,Quincy Promes
16,29474,Dusan Tadic
17,236544,Sébastien Haller
18,365432,Dominik Kotarski
19,388650,Jurriën Timber
20,404568,Brian Brobbey
21,37360,Lucas Pratto
22,328330,Marcos Senesi
23,24260,Eric Botteghin
24,361879,Luis Sinisterra
25,72595,Nicolai Jørgensen
26,82401,Jens Toornstra
27,89793,Nick Marsman
28,89794,Steven Berghuis
29,115863,Mark Diemers
30,122398,Ridgeciano Haps
31,124274,Sven van Beek
32,35174,Leroy Fer
33,43004,Bryan Linssen
34,69525,Luciano Narsingh
35,297527,Bart Nieuwkoop
36,361877,Jordy Wehrmann
37,329941,Ramón ten Hove
38,345303,Tyrell Malacia
39,345441,Lutsharel Geertruida
40,127920,Uros Spajic
41,355870,Orkun Kökcü
42,380696,George Johnston
43,408489,Tein Troost
