,ID,Name
0,243516,Ante Coric
1,280677,Zinedine Machach
2,35743,Thorsten Kirschbaum
3,303078,Leon Guwara
4,320799,Steffen Schäfer
5,80843,Lukas Schmitz
6,347809,Georgios Giakoumakis
7,361793,Aaron Bastiaans
8,361795,Yahcuroo Roemer
9,362570,Simon Janssen
10,391286,Wassim Essanoussi
11,343311,Tristan Dekker
12,343315,Bram Verbong
13,344124,Danny Post
14,35953,Josua John
15,74627,Guus Hupperts
16,33662,Arjan Swinkels
17,34246,Christian Kum
18,285951,Delano van Crooij
19,254253,Jafar Arias
20,341715,Kristopher Da Graca
21,391973,Roy Gelmi
22,400120,Nezar S'Rifi
23,367190,Sieben Dewaele
24,404764,Tibor Halilovic
25,389378,Oliver Batista Meier
26,56828,Ariel Harush
27,136066,Lucas Woudenberg
28,32196,Siem de Jong
29,34171,Erwin Mulder
30,261017,Henk Veerman
31,296543,Jan Bekkema
32,301423,Mitchell van Bergen
33,379734,Hamdi Akujobi
34,382556,Joey Veerman
35,369119,Arjen van der Heide
36,322157,Sherel Floranus
37,342814,Rodney Kongolo
38,365402,Jan Paul van Hecke
39,142376,Pawel Bochniewicz
40,321192,Ibrahim Dresevic
41,371073,Rami Hajal
42,399618,Benjamin Nygren
43,402735,Joaquín Fernández
44,409160,Syb van Ottele
