,ID,Name
0,363735,Sam Schreck
1,369525,Ko Itakura
2,141265,Ahmed El Messaoudi
3,255970,Wessel Dammers
4,290832,Alessio Da Cruz
5,321871,Mo El Hankouri
6,33002,Bart van Hintum
7,68854,Sergio Padt
8,96626,Nigel Bertrams
9,137368,Damil Dankerlui
10,371293,Jan de Boer
11,364306,Daniël van Kaam
12,355960,Azor Matusiwa
13,391048,Kian Slor
14,391304,Joël van Kaam
15,393412,Remco Balk
16,333048,Jørgen Strand Larsen
17,322086,Ramon Pascal Lundqvist
18,330549,Gabriel Gudmundsson
19,387049,Miguel Angel Leal
20,391047,Tomas Suslov
21,302644,Dario Dumic
22,364014,Issah Abass
23,327903,Kik Pierie
24,357080,Godfried Roemeratoe
25,379702,Jesse Bosch
26,379703,Jeffrey de Lange
27,387682,Ennio van der Gouw
28,400056,Nathangelo Markelo
29,247849,Queensy Menig
30,275012,Joël Drommel
31,29281,Wout Brama
32,400058,Thijs van Leeuwen
33,400059,Gijs Smal
34,232248,Tyronne Ebuehi
35,361898,Luka Ilic
36,318754,Julio Pleguezuelo
37,367522,Danilo
38,379701,Ramiz Zerrouki
39,400057,Casper Staring
40,405560,Daan Rots
41,406780,Max Bruns
