,ID,Name
0,343390,Jorn Brondeel
1,365389,John Yeboah
2,279751,Görkem Saglam
3,323531,Mats Köhlert
4,330514,Vangelis Pavlidis
5,332960,Victor van den Bogert
6,288873,Paul Gladon
7,322083,Leeroy Owusu
8,34628,Jan-Arie van der Heijden
9,38423,Robbin Ruiter
10,81475,Miquel Nelom
11,361791,Driess Saddiki
12,379600,Connor van den Berg
13,113079,Sebastian Holmén
14,383581,Mike Trésor
15,400010,Derrick Kohn
16,400014,Vincent Schippers
17,402852,Ole Romeny
18,379599,Ché Nunnely
19,302644,Dario Dumic
20,291964,Vaclav Cerny
21,308754,Lazaros Lamprou
22,29281,Wout Brama
23,247849,Queensy Menig
24,275012,Joël Drommel
25,357080,Godfried Roemeratoe
26,357083,Halil Dervisoglu
27,379702,Jesse Bosch
28,379703,Jeffrey de Lange
29,387682,Ennio Van der Gouw
30,400055,Jayden Oosterwolde
31,400058,Thijs van Leeuwen
32,400059,Gijs Smal
33,232248,Tyronne Ebuehi
34,318754,Julio Pleguezuelo
35,320626,Alexander Jeremejeff
36,402819,Mees Hilgers
37,367522,Danilo
38,379699,Lindon Selahi
39,379701,Ramiz Zerrouki
