,ID,Name
0,147910,Lucas Schoofs
1,367743,Noah Fadiga
2,394980,Marco Rente
3,243161,Daniel Mesenhöler
4,379731,Orestis Kiomourtzoglou
5,383580,Jeremy Cijntje
6,361778,Silvester van der Water
7,369095,Koen Bucker
8,369553,Mats Knoester
9,140505,Rai Vloet
10,142242,Jeff Hardeveld
11,35160,Tim Breukers
12,108935,Robin Pröpper
13,116684,Michael Brouwer
14,136302,Sinan Bakis
15,322406,Luca de la Torre
16,379729,Adrian Szöke
17,379730,Teun Bijleveld
18,361875,Delano Burgzorg
19,393081,Giacomo Quagliata
20,395830,Kasper Lunding Jakobsen
21,143815,Anas Tahiri
22,367742,Cyril Ngonge
23,379713,Lennerd Daneels
24,399608,Ahmed Touba
25,379712,Said Bakari
26,68850,Kostas Lamprou
27,400277,Nicolas Olsak
28,345511,Vitalie Damascan
29,386605,Ayman Azhil
30,391284,Richard van der Venne
31,393117,Morad El Haddouti
32,380703,Mike Grim
33,63885,Vurnon Anita
34,379706,Juriën Gaari
35,379707,Melle Meulensteen
36,348644,Sylla Sow
37,365160,Lars Nieuwpoort
38,322159,Finn Stokkers
39,92984,Ola John
40,400278,Thierry Lutonda
41,400276,Luuk Wouters
