,ID,Name
0,300755,Pantelis Hatzidiakos
1,289252,Albert Gudmundsson
2,379783,Yukinari Sugawara
3,297496,André Krul
4,36133,Ramon Leeuwin
5,90810,Bruno Martins Indi
6,90834,Hobie Verhulst
7,328550,Owen Wijndal
8,328987,Calvin Stengs
9,343308,Teun Koopmeiners
10,353695,Dani de Wit
11,357081,Myron Boadu
12,373340,Zakaria Aboukhlal
13,80137,Fredrik Midtsjø
14,81247,Jonas Svensson
15,320614,Jesper Karlsson
16,371314,Elber Évora
17,356742,Håkon Evjen
18,343382,Tijjani Reijnders
19,403820,Juan Castillo
20,243516,Ante Coric
21,280677,Zinedine Machach
22,320799,Steffen Schäfer
23,80843,Lukas Schmitz
24,347809,Georgios Giakoumakis
25,136164,Torino Hunte
26,33662,Arjan Swinkels
27,34246,Christian Kum
28,35953,Josua John
29,74627,Guus Hupperts
30,343311,Tristan Dekker
31,343314,Vito van Crooij
32,343315,Bram Verbong
33,285951,Delano van Crooij
34,254253,Jafar Arias
35,355961,Evert Linthorst
36,361795,Yahcuroo Roemer
37,363052,Stan van Dijck
38,391286,Wassim Essanoussi
39,391973,Roy Gelmi
40,402816,Lars Nabbe
41,368172,Jens Craenmehr
