,ID,Name
0,132420,Rico Strieder
1,280191,Michael Zetterer
2,24764,Reza Ghoochannejhad
3,369545,Yuta Nakayama
4,379595,Xavier Mous
5,317693,Mike Hauptmeijer
6,361695,Thomas van den Belt
7,365152,Eliano Reijnders
8,34108,Bram van Polen
9,81962,Jesper Drost
10,97101,Mustafa Saymak
11,100608,Mike van Duinen
12,231106,Kenneth Paal
13,244640,Clint Leemans
14,279173,Pelle Clement
15,279429,Sai van Wermeskerken
16,380731,Sam Kersten
17,402068,Slobodan Tedic
18,404099,Samir Lagsir
19,408338,Daijiro Chirino
20,379596,Dean Huiberts
21,379597,Marc-Olivier Doué
22,400119,Sekou Sidibe
23,244455,Michael Chacón
24,125093,Marko Kolar
25,227870,Nikolai Laursen
26,80426,Felix Wiedwald
27,108283,Caner Cavlan
28,109109,Ricardo van Rhijn
29,112534,Stefan van der Lei
30,121666,Nick Bakker
31,245626,Glenn Bijl
32,30121,Anco Jansen
33,68590,Dennis Telgenkamp
34,69458,Ferhat Görgülü
35,408339,Ben Scholte
36,302776,Keziah Veendorp
37,302883,Robbert de Vos
38,125157,Miguel Araujo
39,125170,Sergio Peña
40,259802,Simon Tibbling
41,400118,Lentini Caciano
42,142078,Donis Avdijaj
