,ID,Name
0,83809,Nicolás Tagliafico
1,340105,Lisandro Martínez
2,326505,David Neres
3,364315,Antony
4,260843,André Onana
5,322696,Edson Álvarez
6,349932,Noussair Mazraoui
7,355963,Jurgen Ekkelenkamp
8,361867,Kjell Scherpen
9,362732,Perr Schuurs
10,363884,Ryan Gravenberch
11,108860,Davy Klaassen
12,135271,Sean Klaiber
13,4065,Maarten Stekelenburg
14,8013,Klaas Jan Huntelaar
15,70033,Daley Blind
16,83333,Quincy Promes
17,29474,Dusan Tadic
18,373291,Lassina Traoré
19,400166,Mohammed Kudus
20,367190,Sieben Dewaele
21,389378,Oliver Batista Meier
22,34171,Erwin Mulder
23,136066,Lucas Woudenberg
24,382556,Joey Veerman
25,322157,Sherel Floranus
26,342814,Rodney Kongolo
27,365402,Jan-Paul van Hecke
28,261017,Henk Veerman
29,296543,Jan Bekkema
30,301423,Mitchell van Bergen
31,142376,Pawel Bochniewicz
32,321192,Ibrahim Dresevic
33,371073,Rami Hajal
34,399618,Benjamin Nygren
35,394864,Ulysses Llanez Jr
36,400007,Jaimy Kroesen
37,400009,Couhaib Driouech
38,402735,Joaquín Fernández
