,ID,Name
0,280191,Michael Zetterer
1,24764,Reza Ghoochannejhad
2,369545,Yuta Nakayama
3,379595,Xavier Mous
4,317693,Mike Hauptmeijer
5,361695,Thomas van den Belt
6,365152,Eliano Reijnders
7,367257,Destan Bajselmani
8,34108,Bram van Polen
9,81962,Jesper Drost
10,97101,Mustafa Saymak
11,100608,Mike van Duinen
12,244640,Clint Leemans
13,279173,Pelle Clement
14,279429,Sai van Wermeskerken
15,380731,Sam Kersten
16,394981,Immanuel Pherai
17,402068,Slobodan Tedic
18,379596,Dean Huiberts
19,379597,Marc-Olivier Doué
20,346767,Mauro Júnior
21,260809,Olivier Boscagli
22,320000,Adrian Fein
23,80382,Mario Götze
24,90235,Lars Unnerstall
25,141328,Timo Baumgartl
26,142466,Philipp Max
27,70906,Nick Viergever
28,133305,Jorrit Hendrix
29,322153,Denzel Dumfries
30,351354,Donyell Malen
31,352825,Cody Gakpo
32,369542,Joël Piroe
33,329647,Pablo Rosario
34,103542,Yvon Mvogo
35,389935,Noni Madueke
36,328075,Ibrahim Sangaré
37,369107,Mohamed Ihattaren
38,402876,Vincent Müller
