,ID,Name
0,298718,Dante Rigo
1,310680,Samy Bourard
2,365407,Amar Catic
3,121244,Nikolaos Karelis
4,384871,Ilay Elmkies
5,118137,Dario Del Fabro
6,93475,Ravel Morrison
7,379760,Milan van Ewijk
8,379764,Youri Schoonderwaldt
9,120312,Robert Zwinkels
10,40342,Michiel Kramer
11,67062,John Goossens
12,276402,Peet Bijen
13,301457,Luuk Koopmans
14,321869,Lassana Faye
15,347191,Shaquille Pinas
16,372331,Andrei Ratiu
17,389479,Boy Kemper
18,400171,Kees de Boer
19,400172,Vicente Besuijen
20,401071,David Lennart Philipp
21,402120,Pascu
22,384395,Jonas Arweiler
23,361880,Oussama Darfalou
24,345558,Tomas Hajek
25,319922,Jacob Rasmussen
26,330505,Idrissa Touré
27,226599,Maximilian Wittek
28,130917,Eli Dasa
29,115869,Oussama Tannane
30,133959,Riechedly Bazoer
31,141965,Jeroen Houwen
32,34550,Remko Pasveer
33,352844,Thomas Buitink
34,401021,Enzo Cornelisse
35,112719,Sondre Tronstad
36,361444,Filip Møller Delaveris
37,363618,Loïs Openda
38,372333,Bilal Bayazit
39,380663,Patrick Vroegh
40,393407,Armando Broja
41,400282,Daan Huisman
