,ID,Name
0,328330,Marcos Senesi
1,72595,Nicolai Jørgensen
2,374625,Christian Conteh
3,361877,Jordy Wehrmann
4,329941,Ramón ten Hove
5,345303,Tyrell Malacia
6,345441,Lutsharel Geertruida
7,82401,Jens Toornstra
8,89793,Nick Marsman
9,89794,Steven Berghuis
10,115863,Mark Diemers
11,122398,Ridgeciano Haps
12,35174,Leroy Fer
13,43004,Bryan Linssen
14,69525,Luciano Narsingh
15,297527,Bart Nieuwkoop
16,302709,Justin Bijlow
17,142352,João Teixeira
18,127920,Uros Spajic
19,355870,Orkun Kökcü
20,380696,George Johnston
21,96615,Benjamin van Leer
22,124105,Michael Heylen
23,71267,Jeffry Fortes
24,84195,Lennart Thy
25,225522,Mario Engels
26,25037,Adil Auassar
27,31238,Aaron Meijers
28,44145,Bart Vriends
29,90636,Tom Beugelsdijk
30,328549,Deroy Duarte
31,349895,Abdou Harroui
32,351721,Michael Fabrie
33,361878,Wouter Burger
34,379741,Dirk Abels
35,379742,Laros Duarte
36,383560,Sven Mijnans
37,400163,Emanuel Emegha
38,322776,Mica Pinto
39,403844,Delano Vianello
40,403845,Jomar Gomes
