,ID,Name
0,363735,Sam Schreck
1,369525,Ko Itakura
2,141265,Ahmed El Messaoudi
3,255970,Wessel Dammers
4,290832,Alessio Da Cruz
5,298493,Patrick Joosten
6,321871,Mo El Hankouri
7,4173,Arjen Robben
8,33002,Bart van Hintum
9,68854,Sergio Padt
10,96626,Nigel Bertrams
11,137368,Damil Dankerlui
12,364306,Daniel van Kaam
13,355960,Azor Matusiwa
14,391304,Joël van Kaam
15,393412,Remco Balk
16,333048,Jørgen Strand Larsen
17,322086,Ramon Pascal Lundqvist
18,330549,Gabriel Gudmundsson
19,383640,Leonel Miguel
20,387049,Miguel Angel Leal
21,391047,Tomas Suslov
22,391049,Thomas Poll
23,328686,Daniel Arzani
24,362459,Othmane Boussaid
25,344041,Moussa Sylla
26,302724,Eric Oelschlägel
27,312702,Justin Hoogma
28,363872,Christopher Mamengi
29,315574,Thijmen Nijhuis
30,391013,Joey Houweling
31,14044,Eljero Elia
32,17491,Urby Emanuelson
33,22842,Willem Janssen
34,39726,Mark van der Maarel
35,89575,Adam Maher
36,110360,Sander van de Streek
37,123556,Joris van Overeem
38,141875,Gyrano Kerk
39,229520,Django Warmerdam
40,261082,Bart Ramselaar
41,280289,Giovanni Troupée
42,283351,Simon Gustafson
43,312913,Emil Bergström
44,382582,Tommy St. Jago
