,ID,Name
0,400119,Sekou Sidibe
1,244455,Michael Chacón
2,400117,Denis Granecny
3,227870,Nikolai Laursen
4,400115,Lucas Bernadou
5,80426,Felix Wiedwald
6,108283,Caner Cavlan
7,109109,Ricardo van Rhijn
8,112534,Stefan van der Lei
9,113087,Hilal Ben Moussa
10,121666,Nick Bakker
11,245626,Glenn Bijl
12,30121,Anco Jansen
13,68590,Dennis Telgenkamp
14,69458,Ferhat Görgülü
15,77725,Michael de Leeuw
16,302883,Robbert de Vos
17,125157,Miguel Araujo
18,125170,Sergio Peña
19,259802,Simon Tibbling
20,254684,Desevio Payne
21,400118,Lentini Caciano
22,260811,Djibril Dianessy
23,342571,Samuel Moutoussamy
24,77471,Sebastian Polter
25,391933,Lazaros Rota
26,361694,Zian Flemming
27,362439,Clint Essers
28,369685,Nassim El Ablak
29,104982,Mats Seuntjens
30,281508,Roel Janssen
31,243708,Yanick van Osch
32,252209,Jorrit Smeets
33,334533,Emil Hansson
34,339499,Jaroslaw Jach
35,329684,Lisandro Semedo
36,127000,Branislav Ninaj
37,320513,Tesfaldet Tekie
38,122291,Martin Angha
39,383604,George Cox
40,400060,Joshua Wehking
41,346494,Alexei Koselev
