,ID,Name
0,320799,Steffen Schäfer
1,35743,Thorsten Kirschbaum
2,80843,Lukas Schmitz
3,146718,Tobias Pachonik
4,347809,Georgios Giakoumakis
5,355961,Evert Linthorst
6,361793,Aaron Bastiaans
7,361795,Yahcuroo Roemer
8,362570,Simon Janssen
9,363052,Stan van Dijck
10,391286,Wassim Essanoussi
11,254253,Jafar Arias
12,285951,Delano van Crooij
13,35953,Josua John
14,74627,Guus Hupperts
15,33662,Arjan Swinkels
16,34246,Christian Kum
17,343311,Tristan Dekker
18,343314,Vito van Crooij
19,343315,Bram Verbong
20,344124,Danny Post
21,391973,Roy Gelmi
22,400120,Nezar S'Rifi
23,328686,Daniel Arzani
24,362459,Othmane Boussaid
25,303078,Leon Guwara
26,333527,Odysseus Velanas
27,315574,Thijmen Nijhuis
28,312702,Justin Hoogma
29,329675,Maarten Paes
30,14044,Eljero Elia
31,17491,Urby Emanuelson
32,39726,Mark van der Maarel
33,89575,Adam Maher
34,110360,Sander van de Streek
35,123556,Joris van Overeem
36,135271,Sean Klaiber
37,141875,Gyrano Kerk
38,229520,Django Warmerdam
39,238997,Mimoun Mahi
40,261082,Bart Ramselaar
41,283351,Simon Gustafson
42,312913,Emil Bergström
43,382581,Fabian de Keijzer
44,382582,Tommy St. Jago
45,400823,Davy van den Berg
