,ID,Name
0,243516,Ante Coric
1,280677,Zinedine Machach
2,146718,Tobias Pachonik
3,35743,Thorsten Kirschbaum
4,80843,Lukas Schmitz
5,320799,Steffen Schäfer
6,347809,Georgios Giakoumakis
7,285951,Delano van Crooij
8,355961,Evert Linthorst
9,361795,Yahcuroo Roemer
10,363052,Stan van Dijck
11,391286,Wassim Essanoussi
12,343311,Tristan Dekker
13,343314,Vito van Crooij
14,343315,Bram Verbong
15,344124,Danny Post
16,136164,Torino Hunte
17,35953,Josua John
18,74627,Guus Hupperts
19,34246,Christian Kum
20,254253,Jafar Arias
21,400120,Nezar S'Rifi
22,402816,Lars Nabbe
23,302644,Dario Dumic
24,291964,Vaclav Cerny
25,308754,Lazaros Lamprou
26,29281,Wout Brama
27,327903,Kik Pierie
28,357080,Godfried Roemeratoe
29,357083,Halil Dervisoglu
30,379702,Jesse Bosch
31,379703,Jeffrey de Lange
32,387682,Ennio van der Gouw
33,400055,Jayden Oosterwolde
34,400056,Nathangelo Markelo
35,400059,Gijs Smal
36,247849,Queensy Menig
37,275012,Joël Drommel
38,232248,Tyronne Ebuehi
39,361898,Luka Ilic
40,318754,Julio Pleguezuelo
41,320626,Alexander Jeremejeff
42,367522,Danilo
43,379699,Lindon Selahi
44,379701,Ramiz Zerrouki
45,402819,Mees Hilgers
