,ID,Name
0,362459,Othmane Boussaid
1,344041,Moussa Sylla
2,302724,Eric Oelschlägel
3,333527,Odysseus Velanas
4,391013,Joey Houweling
5,312702,Justin Hoogma
6,315574,Thijmen Nijhuis
7,261082,Bart Ramselaar
8,280289,Giovanni Troupée
9,363872,Christopher Mamengi
10,369408,Sylian Mokono
11,14044,Eljero Elia
12,17491,Urby Emanuelson
13,22842,Willem Janssen
14,39726,Mark van der Maarel
15,110360,Sander van de Streek
16,123556,Joris van Overeem
17,141875,Gyrano Kerk
18,229520,Django Warmerdam
19,238997,Mimoun Mahi
20,249686,Adrián Dalmau
21,382582,Tommy St. Jago
22,379785,Adnan Ugur
23,260811,Djibril Dianessy
24,342571,Samuel Moutoussamy
25,77471,Sebastian Polter
26,90830,Ben Rienstra
27,104982,Mats Seuntjens
28,281508,Roel Janssen
29,243708,Yanick van Osch
30,252209,Jorrit Smeets
31,361694,Zian Flemming
32,362439,Clint Essers
33,369685,Nassim El Ablak
34,407647,Arian Kastrati
35,334533,Emil Hansson
36,339499,Jaroslaw Jach
37,329684,Lisandro Semedo
38,127000,Branislav Ninaj
39,320513,Tesfaldet Tekie
40,122291,Martin Angha
41,383604,George Cox
42,391953,Mike van Beijnen
43,400060,Joshua Wehking
44,346494,Alexei Koselev
