,ID,Name
0,96615,Benjamin van Leer
1,124105,Michael Heylen
2,71267,Jeffry Fortes
3,84195,Lennart Thy
4,225522,Mario Engels
5,25037,Adil Auassar
6,31238,Aaron Meijers
7,44145,Bart Vriends
8,77706,Bryan Smeets
9,90636,Tom Beugelsdijk
10,133961,Danzell Gravenberch
11,400163,Emanuel Emegha
12,328549,Deroy Duarte
13,349895,Abdou Harroui
14,351721,Michael Fabrie
15,361878,Wouter Burger
16,379741,Dirk Abels
17,383560,Sven Mijnans
18,406754,Reda Kharchouch
19,322776,Mica Pinto
20,403844,Delano Vianello
21,392339,Maduka Okoye
22,363735,Sam Schreck
23,369525,Ko Itakura
24,141265,Ahmed El Messaoudi
25,255970,Wessel Dammers
26,321871,Mo El Hankouri
27,33002,Bart van Hintum
28,68854,Sergio Padt
29,96626,Nigel Bertrams
30,137368,Damil Dankerlui
31,371293,Jan de Boer
32,379687,Thijs Dallinga
33,364306,Daniël van Kaam
34,391048,Kian Slor
35,391304,Joël van Kaam
36,393412,Remco Balk
37,333048,Jørgen Strand Larsen
38,322086,Ramon Pascal Lundqvist
39,330549,Gabriel Gudmundsson
40,391049,Thomas Poll
41,383640,Leonel Miguel
42,387049,Miguel Angel Leal
43,391047,Tomas Suslov
