,ID,Name
0,143815,Anas Tahiri
1,367742,Cyril Ngonge
2,379713,Lennerd Daneels
3,399608,Ahmed Touba
4,379712,Said Bakari
5,68850,Kostas Lamprou
6,345511,Vitalie Damascan
7,386605,Ayman Azhil
8,391284,Richard van der Venne
9,380703,Mike Grim
10,379705,Etienne Vaessen
11,379706,Juriën Gaari
12,379707,Melle Meulensteen
13,379708,Paul Quasten
14,348644,Sylla Sow
15,365160,Lars Nieuwpoort
16,322159,Finn Stokkers
17,92984,Ola John
18,23373,Hans Mulder
19,63885,Vurnon Anita
20,400278,Thierry Lutonda
21,260809,Olivier Boscagli
22,320000,Adrian Fein
23,80382,Mario Götze
24,90235,Lars Unnerstall
25,141328,Timo Baumgartl
26,142466,Philipp Max
27,70906,Nick Viergever
28,322153,Denzel Dumfries
29,329647,Pablo Rosario
30,351354,Donyell Malen
31,352825,Cody Gakpo
32,361839,Jordan Teze
33,369542,Joël Piroe
34,133305,Jorrit Hendrix
35,103542,Yvon Mvogo
36,389935,Noni Madueke
37,328075,Ibrahim Sangaré
38,369107,Mohamed Ihattaren
39,402876,Vincent Müller
40,403097,Fredrik Oppegard
41,404225,Shurandy Sambo
