,ID,Name
0,343390,Jorn Brondeel
1,346731,Kwasi Okyere Wriedt
2,279751,Görkem Saglam
3,323531,Mats Köhlert
4,330514,Vangelis Pavlidis
5,322083,Leeroy Owusu
6,34628,Jan-Arie van der Heijden
7,120444,Jordens Peters
8,124274,Sven van Beek
9,379600,Connor van den Berg
10,379601,Rick Zuijderwijk
11,113079,Sebastian Holmén
12,379699,Lindon Selahi
13,383581,Mike Trésor
14,400010,Derrick Köhn
15,400012,Wesley Spieringhs
16,400014,Vincent Schippers
17,402852,Ole Romeny
18,410324,Ian Smeulers
19,379599,Ché Nunnely
20,362426,Arijanet Muric
21,362459,Othmane Boussaid
22,344041,Moussa Sylla
23,302724,Eric Oelschlägel
24,333527,Odysseus Velanas
25,357396,Mohamed Mallahi
26,315574,Thijmen Nijhuis
27,329675,Maarten Paes
28,17491,Urby Emanuelson
29,22842,Willem Janssen
30,39726,Mark van der Maarel
31,89575,Adam Maher
32,110360,Sander van de Streek
33,123556,Joris van Overeem
34,141875,Gyrano Kerk
35,229520,Django Warmerdam
36,238997,Mimoun Mahi
37,256971,Hidde ter Avest
38,261082,Bart Ramselaar
39,280289,Giovanni Troupée
40,369408,Sylian Mokono
41,382582,Tommy St. Jago
42,409052,Benaissa Benamar
