,ID,Name
0,404764,Tibor Halilovic
1,22300,Lasse Schöne
2,389378,Oliver Batista Meier
3,56828,Ariel Harush
4,136066,Lucas Woudenberg
5,32196,Siem de Jong
6,34171,Erwin Mulder
7,296543,Jan Bekkema
8,301423,Mitchell van Bergen
9,379734,Hamdi Akujobi
10,382556,Joey Veerman
11,322157,Sherel Floranus
12,342814,Rodney Kongolo
13,365402,Jan Paul van Hecke
14,369119,Arjen van der Heide
15,142376,Pawel Bochniewicz
16,321192,Ibrahim Dresevic
17,321193,Rami Kaib
18,371073,Rami Hajal
19,399618,Benjamin Nygren
20,389128,Rein Smit
21,409160,Syb van Ottele
22,302644,Dario Dumic
23,364014,Issah Abass
24,247849,Queensy Menig
25,275012,Joël Drommel
26,379702,Jesse Bosch
27,379703,Jeffrey de Lange
28,387682,Ennio van der Gouw
29,400055,Jayden Oosterwolde
30,400056,Nathangelo Markelo
31,29281,Wout Brama
32,69525,Luciano Narsingh
33,327903,Kik Pierie
34,357080,Godfried Roemeratoe
35,400058,Thijs van Leeuwen
36,400059,Gijs Smal
37,232248,Tyronne Ebuehi
38,361898,Luka Ilic
39,400057,Casper Staring
40,367522,Danilo
41,379701,Ramiz Zerrouki
42,405560,Daan Rots
