,ID,Name
0,260811,Djibril Dianessy
1,77471,Sebastian Polter
2,391933,Lazaros Rota
3,90830,Ben Rienstra
4,104982,Mats Seuntjens
5,281508,Roel Janssen
6,243708,Yanick van Osch
7,252209,Jorrit Smeets
8,361694,Zian Flemming
9,362439,Clint Essers
10,369685,Nassim El Ablak
11,334533,Emil Hansson
12,329684,Lisandro Semedo
13,127000,Branislav Ninaj
14,320513,Tesfaldet Tekie
15,122291,Martin Angha
16,380695,Bassala Sambou
17,383604,George Cox
18,346494,Alexei Koselev
19,400060,Joshua Wehking
20,367190,Sieben Dewaele
21,389378,Oliver Batista Meier
22,34171,Erwin Mulder
23,261017,Henk Veerman
24,301423,Mitchell van Bergen
25,322157,Sherel Floranus
26,342814,Rodney Kongolo
27,365402,Jan-Paul van Hecke
28,369119,Arjen van der Heide
29,136066,Lucas Woudenberg
30,379734,Hamdi Akujobi
31,382556,Joey Veerman
32,129241,Runar Espejord
33,142376,Pawel Bochniewicz
34,371073,Rami Hajal
35,400007,Jaimy Kroesen
36,400008,Stefan Westra
37,400009,Couhaib Driouech
38,401046,Timo Zaal
39,389128,Rein Smit
