,ID,Name
0,361880,Oussama Darfalou
1,345558,Tomas Hajek
2,226599,Maximilian Wittek
3,330505,Idrissa Touré
4,130917,Eli Dasa
5,115869,Oussama Tannane
6,352844,Thomas Buitink
7,303076,Danilho Doekhi
8,133959,Riechedly Bazoer
9,141965,Jeroen Houwen
10,34550,Remko Pasveer
11,96581,Thomas Bruns
12,400280,Job Froeling
13,318295,Matús Bero
14,400281,Million Manhoef
15,400282,Daan Huisman
16,401021,Enzo Cornelisse
17,363618,Loïs Openda
18,365426,Hilary Gong
19,380663,Patrick Vroegh
20,393407,Armando Broja
21,361444,Filip Møller Delaveris
22,96615,Benjamin van Leer
23,124105,Michael Heylen
24,71267,Jeffry Fortes
25,84195,Lennart Thy
26,25037,Adil Auassar
27,31238,Aaron Meijers
28,44145,Bart Vriends
29,90636,Tom Beugelsdijk
30,77706,Bryan Smeets
31,133309,Mohamed Rayhi
32,133961,Danzell Gravenberch
33,349895,Abdou Harroui
34,351721,Michael Fabrie
35,379741,Dirk Abels
36,379742,Laros Duarte
37,383560,Sven Mijnans
38,400163,Emanuel Emegha
39,322776,Mica Pinto
40,392339,Maduka Okoye
