,ID,Name
0,303779,Maximiliano Romero
1,346767,Mauro Júnior
2,361838,Michal Sadilek
3,260809,Olivier Boscagli
4,90235,Lars Unnerstall
5,141328,Timo Baumgartl
6,142466,Philipp Max
7,133305,Jorrit Hendrix
8,70906,Nick Viergever
9,361839,Jordan Teze
10,369542,Joël Piroe
11,351354,Donyell Malen
12,352825,Cody Gakpo
13,322153,Denzel Dumfries
14,329647,Pablo Rosario
15,137327,Ryan Thomas
16,117980,Bruma
17,103542,Yvon Mvogo
18,389935,Noni Madueke
19,400273,Maxime Delanghe
20,369107,Mohamed Ihattaren
21,400119,Sekou Sidibe
22,244455,Michael Chacón
23,125093,Marko Kolar
24,400117,Denis Granecny
25,227870,Nikolai Laursen
26,400115,Lucas Bernadou
27,245626,Glenn Bijl
28,302776,Keziah Veendorp
29,302883,Robbert de Vos
30,380635,Robin Jalving
31,30121,Anco Jansen
32,68590,Dennis Telgenkamp
33,108283,Caner Cavlan
34,112534,Stefan van der Lei
35,113087,Hilal Ben Moussa
36,121666,Nick Bakker
37,125157,Miguel Araujo
38,125170,Sergio Peña
39,259802,Simon Tibbling
40,254684,Desevio Payne
41,400118,Lentini Caciano
