,ID,Name
0,300755,Pantelis Hatzidiakos
1,289252,Albert Gudmundsson
2,379783,Yukinari Sugawara
3,357081,Myron Boadu
4,363875,Kenzo Goudmijn
5,373340,Zakaria Aboukhlal
6,36133,Ramon Leeuwin
7,351310,Ferdy Druijf
8,353695,Dani de Wit
9,328550,Owen Wijndal
10,328987,Calvin Stengs
11,343308,Teun Koopmeiners
12,83824,Marco Bizot
13,90834,Hobie Verhulst
14,116641,Timo Letschert
15,276442,Joris Kramer
16,80137,Fredrik Midtsjø
17,81247,Jonas Svensson
18,356742,Håkon Evjen
19,400978,Beau Reus
20,343382,Tijjani Reijnders
21,104906,Thomas Lam
22,280191,Michael Zetterer
23,24764,Reza Ghoochannejhad
24,369545,Yuta Nakayama
25,379595,Xavier Mous
26,317693,Mike Hauptmeijer
27,361695,Thomas van den Belt
28,365152,Eliano Reijnders
29,367257,Destan Bajselmani
30,34108,Bram van Polen
31,81962,Jesper Drost
32,97101,Mustafa Saymak
33,100608,Mike van Duinen
34,231106,Kenneth Paal
35,244640,Clint Leemans
36,279429,Sai van Wermeskerken
37,379598,Jarno Westerman
38,380731,Sam Kersten
39,379596,Dean Huiberts
40,379597,Marc-Olivier Doué
41,394981,Immanuel Pherai
