,ID,Name
0,310680,Samy Bourard
1,298718,Dante Rigo
2,365407,Amar Catic
3,121244,Nikolaos Karelis
4,118137,Dario Del Fabro
5,321869,Lassana Faye
6,120312,Robert Zwinkels
7,40342,Michiel Kramer
8,67062,John Goossens
9,141725,Ricardo Kishna
10,148512,Bilal Ould-Chikh
11,301457,Luuk Koopmans
12,379760,Milan van Ewijk
13,372331,Andrei Ratiu
14,384395,Jonas Arweiler
15,389479,Boy Kemper
16,400171,Kees de Boer
17,400172,Vicente Besuijen
18,400173,Jamal Amofa
19,401071,David Lennart Philipp
20,402120,Pascu
21,405559,Michael Mulder
22,406755,Jonathan Mulder
23,83809,Nicolás Tagliafico
24,340105,Lisandro Martínez
25,364315,Antony
26,260843,André Onana
27,403644,Victor Jensen
28,322696,Edson Álvarez
29,83337,Zakaria Labyad
30,401122,Kenneth Taylor
31,108860,Davy Klaassen
32,135271,Sean Klaiber
33,355963,Jurgen Ekkelenkamp
34,361867,Kjell Scherpen
35,362732,Perr Schuurs
36,363884,Ryan Gravenberch
37,4065,Maarten Stekelenburg
38,8013,Klaas Jan Huntelaar
39,70033,Daley Blind
40,83333,Quincy Promes
41,29474,Dusan Tadic
42,400165,Devyne Rensch
