,ID,Name
0,367190,Sieben Dewaele
1,389378,Oliver Batista Meier
2,379734,Hamdi Akujobi
3,382556,Joey Veerman
4,261017,Henk Veerman
5,296543,Jan Bekkema
6,301423,Mitchell van Bergen
7,34171,Erwin Mulder
8,136066,Lucas Woudenberg
9,322157,Sherel Floranus
10,342814,Rodney Kongolo
11,365402,Jan Paul van Hecke
12,142376,Pawel Bochniewicz
13,321192,Ibrahim Dresevic
14,371073,Rami Hajal
15,399618,Benjamin Nygren
16,394864,Ulysses Llanez Jr
17,400007,Jaimy Kroesen
18,406783,Stanislav Shopov
19,389128,Rein Smit
20,147910,Lucas Schoofs
21,401096,Mateo Leš
22,394980,Marco Rente
23,104885,Janis Blaswich
24,379731,Orestis Kiomourtzoglou
25,296650,Ismail Azzaoui
26,140505,Rai Vloet
27,142242,Jeff Hardeveld
28,108935,Robin Pröpper
29,116684,Michael Brouwer
30,361778,Silvester van der Water
31,369095,Koen Bucker
32,369553,Mats Knoester
33,35160,Tim Breukers
34,136302,Sinan Bakis
35,322406,Luca de la Torre
36,379729,Adrian Szöke
37,379730,Teun Bijleveld
38,361875,Delano Burgzorg
39,393081,Giacomo Quagliata
40,395830,Kasper Lunding Jakobsen
