,ID,Name
0,361880,Oussama Darfalou
1,345558,Tomas Hajek
2,319922,Jacob Rasmussen
3,330505,Idrissa Touré
4,226599,Maximilian Wittek
5,130917,Eli Dasa
6,115869,Oussama Tannane
7,133959,Riechedly Bazoer
8,141965,Jeroen Houwen
9,34550,Remko Pasveer
10,96581,Thomas Bruns
11,303076,Danilho Doekhi
12,352844,Thomas Buitink
13,401021,Enzo Cornelisse
14,112719,Sondre Tronstad
15,318295,Matús Bero
16,404389,Enrico Duenas Hernández
17,363618,Loïs Openda
18,365426,Hilary Gong
19,372333,Bilal Bayazit
20,380663,Patrick Vroegh
21,400281,Million Manhoef
22,400282,Daan Huisman
23,328330,Marcos Senesi
24,24260,Eric Botteghin
25,361879,Luis Sinisterra
26,72595,Nicolai Jørgensen
27,297527,Bart Nieuwkoop
28,373113,Naoufal Bannis
29,329941,Ramón ten Hove
30,333781,Dylan Vente
31,345303,Tyrell Malacia
32,345441,Lutsharel Geertruida
33,361877,Jordy Wehrmann
34,82401,Jens Toornstra
35,89793,Nick Marsman
36,115863,Mark Diemers
37,35174,Leroy Fer
38,43004,Bryan Linssen
39,69525,Luciano Narsingh
40,382593,Marouan Azarkan
41,404937,Thijs Jansen
42,127920,Uros Spajic
43,380696,George Johnston
