,ID,Name
0,300755,Pantelis Hatzidiakos
1,379783,Yukinari Sugawara
2,357081,Myron Boadu
3,363875,Kenzo Goudmijn
4,373340,Zakaria Aboukhlal
5,351310,Ferdy Druijf
6,36133,Ramon Leeuwin
7,83824,Marco Bizot
8,90834,Hobie Verhulst
9,116641,Timo Letschert
10,328550,Owen Wijndal
11,328987,Calvin Stengs
12,343308,Teun Koopmeiners
13,400978,Beau Reus
14,404192,Tijs Velthuis
15,405003,Thijs Oosting
16,80137,Fredrik Midtsjø
17,403820,Juan Castillo
18,343382,Tijjani Reijnders
19,356742,Håkon Evjen
20,320614,Jesper Karlsson
21,379784,Mohamed Taabouni
22,343390,Jorn Brondeel
23,346731,Kwasi Okyere Wriedt
24,365389,John Yeboah
25,279751,Görkem Saglam
26,323531,Mats Köhlert
27,330514,Vangelis Pavlidis
28,288873,Paul Gladon
29,322083,Leeroy Owusu
30,34628,Jan-Arie van der Heijden
31,38423,Robbin Ruiter
32,66462,Freek Heerkens
33,379600,Connor van den Berg
34,379601,Rick Zuijderwijk
35,113079,Sebastian Holmén
36,383581,Mike Trésor
37,400010,Derrick Köhn
38,400012,Wesley Spieringhs
39,400013,Jop van den Avert
40,400014,Vincent Schippers
41,379599,Ché Nunnely
