,ID,Name
0,255946,Dario Van den Buijs
1,329842,Thibaud Verlinden
2,391257,Mickael Tirpan
3,342571,Samuel Moutoussamy
4,77471,Sebastian Polter
5,391933,Lazaros Rota
6,90830,Ben Rienstra
7,104982,Mats Seuntjens
8,120304,Leroy George
9,281508,Roel Janssen
10,243708,Yanick van Osch
11,361694,Zian Flemming
12,362439,Clint Essers
13,407647,Arian Kastrati
14,334533,Emil Hansson
15,329684,Lisandro Semedo
16,320513,Tesfaldet Tekie
17,122291,Martin Angha
18,383604,George Cox
19,410249,Dimitrios Emmanouilidis
20,346494,Alexei Koselev
21,391953,Mike van Beijnen
22,400060,Joshua Wehking
23,379185,Martin Fraisl
24,365407,Amar Catic
25,401099,Tomislav Gomelt
26,118137,Dario Del Fabro
27,141725,Ricardo Kishna
28,148512,Bilal Ould-Chikh
29,301457,Luuk Koopmans
30,303113,Abdenasser El Khayati
31,379760,Milan van Ewijk
32,19499,Gianni Zuiverloon
33,40342,Michiel Kramer
34,67062,John Goossens
35,67063,Marko Vejinovic
36,83442,Youness Mokhtar
37,382238,Bobby Adekanye
38,384395,Jonas Arweiler
39,389479,Boy Kemper
40,400171,Kees de Boer
41,400172,Vicente Besuijen
42,400173,Jamal Amofa
43,401071,David Lennart Philipp
44,402120,Pascu
45,403820,Juan Familia-Castillo
