,ID,Name
0,280677,Zinedine Machach
1,303078,Leon Guwara
2,320799,Steffen Schäfer
3,35743,Thorsten Kirschbaum
4,146718,Tobias Pachonik
5,354599,Meritan Shabani
6,121784,Christos Donis
7,261267,Anastasios Donis
8,347809,Georgios Giakoumakis
9,361795,Yahcuroo Roemer
10,362570,Simon Janssen
11,391286,Wassim Essanoussi
12,343314,Vito van Crooij
13,343315,Bram Verbong
14,344124,Danny Post
15,285951,Delano van Crooij
16,136164,Torino Hunte
17,254253,Jafar Arias
18,35953,Josua John
19,33662,Arjan Swinkels
20,34246,Christian Kum
21,341715,Kristopher Da Graca
22,391973,Roy Gelmi
23,289252,Albert Gudmundsson
24,379783,Yukinari Sugawara
25,400978,Beau Reus
26,404191,Maxim Gullit
27,357081,Myron Boadu
28,363875,Kenzo Goudmijn
29,373340,Zakaria Aboukhlal
30,36133,Ramon Leeuwin
31,328550,Owen Wijndal
32,343308,Teun Koopmeiners
33,353695,Dani de Wit
34,83824,Marco Bizot
35,90802,Jordy Clasie
36,90810,Bruno Martins Indi
37,90834,Hobie Verhulst
38,116641,Timo Letschert
39,80137,Fredrik Midtsjø
40,320614,Jesper Karlsson
41,356742,Håkon Evjen
42,343382,Tijjani Reijnders
43,409747,Jelle Duin
