,ID,Name
0,125093,Marko Kolar
1,227870,Nikolai Laursen
2,400115,Lucas Bernadou
3,245626,Glenn Bijl
4,288873,Paul Gladon
5,298805,Michael Verrips
6,302776,Keziah Veendorp
7,302883,Robbert de Vos
8,68590,Dennis Telgenkamp
9,77725,Michael de Leeuw
10,108283,Caner Cavlan
11,109109,Ricardo van Rhijn
12,112534,Stefan van der Lei
13,113087,Hilal Ben Moussa
14,121666,Nick Bakker
15,400053,Jean-Pierre Rhyner
16,125157,Miguel Araujo
17,125170,Sergio Peña
18,345544,Luka Adzic
19,259802,Simon Tibbling
20,106336,Kerim Frei
21,409129,Jari Vlak
22,409449,Didier La Torre
23,400244,Manuel Benson
24,104906,Thomas Lam
25,132420,Rico Strieder
26,24764,Reza Ghoochannejhad
27,369545,Yuta Nakayama
28,379595,Xavier Mous
29,34108,Bram van Polen
30,81962,Jesper Drost
31,96626,Nigel Bertrams
32,97101,Mustafa Saymak
33,231106,Kenneth Paal
34,317693,Mike Hauptmeijer
35,352844,Thomas Buitink
36,361695,Thomas van den Belt
37,365152,Eliano Reijnders
38,120454,Virgil Misidjan
39,379596,Dean Huiberts
40,379597,Marc-Olivier Doué
41,394981,Immanuel Pherai
42,404099,Samir Lagsir
43,404370,Rav van den Berg
44,408338,Daijiro Chirino
