,ID,Name
0,255946,Dario Van den Buijs
1,329842,Thibaud Verlinden
2,391257,Mickael Tirpan
3,342571,Samuel Moutoussamy
4,77471,Sebastian Polter
5,410249,Dimitrios Emmanouilidis
6,391933,Lazaros Rota
7,361694,Zian Flemming
8,362439,Clint Essers
9,90830,Ben Rienstra
10,104982,Mats Seuntjens
11,281508,Roel Janssen
12,243708,Yanick van Osch
13,369685,Nassim El Ablak
14,407647,Arian Kastrati
15,334533,Emil Hansson
16,329684,Lisandro Semedo
17,320513,Tesfaldet Tekie
18,122291,Martin Angha
19,346494,Alexei Koselev
20,368266,Tom Hendriks
21,391953,Mike van Beijnen
22,362459,Othmane Boussaid
23,344041,Moussa Sylla
24,302724,Eric Oelschlägel
25,333527,Odysseus Velanas
26,369408,Sylian Mokono
27,17491,Urby Emanuelson
28,22842,Willem Janssen
29,39726,Mark van der Maarel
30,89575,Adam Maher
31,123556,Joris van Overeem
32,141875,Gyrano Kerk
33,229520,Django Warmerdam
34,238997,Mimoun Mahi
35,315574,Thijmen Nijhuis
36,329675,Maarten Paes
37,256971,Hidde ter Avest
38,261082,Bart Ramselaar
39,249686,Adrián Dalmau
40,312913,Emil Bergström
41,382582,Tommy St. Jago
42,409052,Benaissa Benamar
43,409244,Jeredy Hilterman
