,ID,Name
0,143815,Anas Tahiri
1,367742,Cyril Ngonge
2,379713,Lennerd Daneels
3,399608,Ahmed Touba
4,379712,Said Bakari
5,68850,Kostas Lamprou
6,345511,Vitalie Damascan
7,386605,Ayman Azhil
8,405003,Thijs Oosting
9,400279,David Min
10,391284,Richard van der Venne
11,379705,Etienne Vaessen
12,379706,Juriën Gaari
13,379707,Melle Meulensteen
14,379708,Paul Quasten
15,348644,Sylla Sow
16,300631,James Efmorfidis
17,322159,Finn Stokkers
18,92984,Ola John
19,23373,Hans Mulder
20,63885,Vurnon Anita
21,400545,Shawn Adewoye
22,400278,Thierry Lutonda
23,363735,Sam Schreck
24,369525,Ko Itakura
25,141265,Ahmed El Messaoudi
26,255970,Wessel Dammers
27,290832,Alessio Da Cruz
28,298493,Patrick Joosten
29,33002,Bart van Hintum
30,68854,Sergio Padt
31,91123,Mike te Wierik
32,137368,Damil Dankerlui
33,364306,Daniël van Kaam
34,355960,Azor Matusiwa
35,321871,Mo El Hankouri
36,371293,Jan de Boer
37,391048,Kian Slor
38,391304,Joël van Kaam
39,320941,Per Kristian Bråtveit
40,330549,Gabriel Gudmundsson
41,406537,Paulos Abraham
42,387049,Miguel Angel Leal
43,391047,Tomas Suslov
