,ID,Name
0,37360,Lucas Pratto
1,328330,Marcos Senesi
2,24260,Eric Botteghin
3,361879,Luis Sinisterra
4,72595,Nicolai Jørgensen
5,82401,Jens Toornstra
6,89793,Nick Marsman
7,89794,Steven Berghuis
8,122398,Ridgeciano Haps
9,43004,Bryan Linssen
10,329941,Ramón ten Hove
11,345303,Tyrell Malacia
12,345441,Lutsharel Geertruida
13,302709,Justin Bijlow
14,142352,João Teixeira
15,127920,Uros Spajic
16,376967,Robert Bozenik
17,355870,Orkun Kökcü
18,384253,Achraf El Bouchataoui
19,411680,Aliou Balde
20,125093,Marko Kolar
21,400117,Denis Granecny
22,227870,Nikolai Laursen
23,400115,Lucas Bernadou
24,80426,Felix Wiedwald
25,69458,Ferhat Görgülü
26,77725,Michael de Leeuw
27,108283,Caner Cavlan
28,109109,Ricardo van Rhijn
29,112534,Stefan van der Lei
30,113087,Hilal Ben Moussa
31,121666,Nick Bakker
32,245626,Glenn Bijl
33,288873,Paul Gladon
34,298805,Michael Verrips
35,302883,Robbert de Vos
36,409449,Didier La Torre
37,125157,Miguel Araujo
38,125170,Sergio Peña
39,345544,Luka Adzic
40,259802,Simon Tibbling
41,106336,Kerim Frei
42,409129,Jari Vlak
