,ID,Name
0,328330,Marcos Senesi
1,24260,Eric Botteghin
2,72595,Nicolai Jørgensen
3,82401,Jens Toornstra
4,89793,Nick Marsman
5,89794,Steven Berghuis
6,115863,Mark Diemers
7,122398,Ridgeciano Haps
8,35174,Leroy Fer
9,43004,Bryan Linssen
10,69525,Luciano Narsingh
11,329941,Ramón ten Hove
12,345441,Lutsharel Geertruida
13,297527,Bart Nieuwkoop
14,302709,Justin Bijlow
15,361878,Wouter Burger
16,142352,João Teixeira
17,376967,Robert Bozenik
18,355870,Orkun Kökcü
19,380696,George Johnston
20,302644,Dario Dumic
21,291964,Vaclav Cerny
22,308754,Lazaros Lamprou
23,123622,Xandro Schenk
24,247849,Queensy Menig
25,275012,Joël Drommel
26,327903,Kik Pierie
27,357080,Godfried Roemeratoe
28,379702,Jesse Bosch
29,379703,Jeffrey de Lange
30,387682,Ennio Van der Gouw
31,400055,Jayden Oosterwolde
32,400056,Nathangelo Markelo
33,400058,Thijs van Leeuwen
34,400059,Gijs Smal
35,232248,Tyronne Ebuehi
36,318754,Julio Pleguezuelo
37,320626,Alexander Jeremejeff
38,367522,Danilo
39,379699,Lindon Selahi
40,379701,Ramiz Zerrouki
