,ID,Name
0,343390,Jorn Brondeel
1,365389,John Yeboah
2,279751,Görkem Saglam
3,323531,Mats Köhlert
4,330514,Vangelis Pavlidis
5,120444,Jordens Peters
6,332960,Victor van den Bogert
7,288873,Paul Gladon
8,38423,Robbin Ruiter
9,81475,Miquel Nelom
10,349169,Justin Ogenia
11,361791,Driess Saddiki
12,379600,Connor van den Berg
13,109581,Pol Llonch
14,113079,Sebastian Holmén
15,383581,Mike Trésor
16,400010,Derrick Kohn
17,400011,Jasper Dahlhaus
18,400013,Jop van den Avert
19,379599,Ché Nunnely
20,147910,Lucas Schoofs
21,377444,Mohamed Amissi
22,104885,Janis Blaswich
23,394980,Marco Rente
24,379731,Orestis Kiomourtzoglou
25,383580,Jeremy Cijntje
26,369095,Koen Bucker
27,369553,Mats Knoester
28,108935,Robin Pröpper
29,116684,Michael Brouwer
30,35160,Tim Breukers
31,140505,Rai Vloet
32,142242,Jeff Hardeveld
33,400170,Rohat Agca
34,136302,Sinan Bakis
35,322406,Luca de la Torre
36,361875,Delano Burgzorg
37,379729,Adrian Szöke
38,379730,Teun Bijleveld
39,401096,Mateo Leš
