,ID,Name
0,298718,Dante Rigo
1,310680,Samy Bourard
2,365407,Amar Catic
3,384871,Ilay Elmkies
4,379760,Milan van Ewijk
5,379764,Youri Schoonderwaldt
6,321869,Lassana Faye
7,347191,Shaquille Pinas
8,301457,Luuk Koopmans
9,40342,Michiel Kramer
10,67062,John Goossens
11,120312,Robert Zwinkels
12,122972,Danny Bakker
13,148512,Bilal Ould-Chikh
14,276402,Peet Bijen
15,372331,Andrei Ratiu
16,384395,Jonas Arweiler
17,400171,Kees de Boer
18,400172,Vicente Besuijen
19,400173,Jamal Amofa
20,401071,David Lennart Philipp
21,369525,Ko Itakura
22,141265,Ahmed El Messaoudi
23,255970,Wessel Dammers
24,298493,Patrick Joosten
25,321871,Mo El Hankouri
26,33002,Bart van Hintum
27,68854,Sergio Padt
28,96626,Nigel Bertrams
29,137368,Damil Dankerlui
30,371293,Jan de Boer
31,381718,Romano Postema
32,355960,Azor Matusiwa
33,364306,Daniël van Kaam
34,333048,Jørgen Strand Larsen
35,333365,Ajdin Hrustic
36,322086,Ramon Pascal Lundqvist
37,381719,Nicklas Strunck Jakobsen
38,383640,Leonel Miguel
39,391047,Tomas Suslov
40,391049,Thomas Poll
