,ID,Name
0,340105,Lisandro Martínez
1,364315,Antony
2,326505,David Neres
3,260843,André Onana
4,322696,Edson Álvarez
5,83337,Zakaria Labyad
6,349932,Noussair Mazraoui
7,354283,Noa Lang
8,355963,Jurgen Ekkelenkamp
9,362732,Perr Schuurs
10,4065,Maarten Stekelenburg
11,8013,Klaas Jan Huntelaar
12,70033,Daley Blind
13,83333,Quincy Promes
14,29474,Dusan Tadic
15,379205,Sergiño Dest
16,388650,Jurrien Timber
17,400166,Mohammed Kudus
18,401122,Kenneth Taylor
19,365432,Dominik Kotarski
20,373291,Lassina Traoré
21,143815,Anas Tahiri
22,379713,Lennerd Daneels
23,399608,Ahmed Touba
24,379712,Said Bakari
25,68850,Kostas Lamprou
26,400277,Nicolas Olsak
27,345511,Vitalie Damascan
28,348644,Sylla Sow
29,365160,Lars Nieuwpoort
30,379705,Etienne Vaessen
31,379706,Juriën Gaari
32,379707,Melle Meulensteen
33,23373,Hans Mulder
34,63885,Vurnon Anita
35,300631,James Efmorfidis
36,322159,Finn Stokkers
37,380703,Mike Grim
38,393117,Morad El Haddouti
39,400276,Luuk Wouters
40,400278,Thierry Lutonda
