,ID,Name
0,404764,Tibor Halilovic
1,22300,Lasse Schöne
2,389378,Oliver Batista Meier
3,56828,Ariel Harush
4,136066,Lucas Woudenberg
5,32196,Siem de Jong
6,34171,Erwin Mulder
7,261017,Henk Veerman
8,296543,Jan Bekkema
9,301423,Mitchell van Bergen
10,379734,Hamdi Akujobi
11,382556,Joey Veerman
12,322157,Sherel Floranus
13,342814,Rodney Kongolo
14,369119,Arjen van der Heide
15,142376,Pawel Bochniewicz
16,321192,Ibrahim Dresevic
17,321193,Rami Kaib
18,371073,Rami Hajal
19,399618,Benjamin Nygren
20,409160,Syb van Ottele
21,363735,Sam Schreck
22,369525,Ko Itakura
23,371293,Jan de Boer
24,364306,Daniël van Kaam
25,391048,Kian Slor
26,391304,Joël van Kaam
27,321871,Mo El Hankouri
28,33002,Bart van Hintum
29,68854,Sergio Padt
30,91123,Mike te Wierik
31,137368,Damil Dankerlui
32,255970,Wessel Dammers
33,290832,Alessio Da Cruz
34,320941,Per Kristian Bråtveit
35,333048,Jørgen Strand Larsen
36,330549,Gabriel Gudmundsson
37,406537,Paulos Abraham
38,387049,Miguel Angel Leal
39,391047,Tomas Suslov
