,ID,Name
0,143815,Anas Tahiri
1,367742,Cyril Ngonge
2,379713,Lennerd Daneels
3,399608,Ahmed Touba
4,379712,Said Bakari
5,68850,Kostas Lamprou
6,386605,Ayman Azhil
7,391284,Richard van der Venne
8,380703,Mike Grim
9,379705,Etienne Vaessen
10,379706,Juriën Gaari
11,379707,Melle Meulensteen
12,379708,Paul Quasten
13,92984,Ola John
14,23373,Hans Mulder
15,63885,Vurnon Anita
16,322159,Finn Stokkers
17,348644,Sylla Sow
18,365160,Lars Nieuwpoort
19,400279,David Min
20,405003,Thijs Oosting
21,400278,Thierry Lutonda
22,147910,Lucas Schoofs
23,367743,Noah Fadiga
24,401096,Mateo Leš
25,394980,Marco Rente
26,104885,Janis Blaswich
27,379731,Orestis Kiomourtzoglou
28,108935,Robin Pröpper
29,116684,Michael Brouwer
30,35160,Tim Breukers
31,369095,Koen Bucker
32,369553,Mats Knoester
33,140505,Rai Vloet
34,142242,Jeff Hardeveld
35,400170,Rohat Agca
36,367737,Ahmed Kutucu
37,136302,Sinan Bakis
38,322406,Luca de la Torre
39,361875,Delano Burgzorg
40,379729,Adrian Szöke
41,379730,Teun Bijleveld
42,395830,Kasper Lunding Jakobsen
