,ID,Name
0,346767,Mauro Júnior
1,141328,Timo Baumgartl
2,142466,Philipp Max
3,320000,Adrian Fein
4,80382,Mario Götze
5,90235,Lars Unnerstall
6,44096,Eran Zahavi
7,137460,Erick Gutiérrez
8,329647,Pablo Rosario
9,70906,Nick Viergever
10,85470,Marco van Ginkel
11,322153,Denzel Dumfries
12,351354,Donyell Malen
13,361839,Jordan Teze
14,369542,Joël Piroe
15,137327,Ryan Thomas
16,103542,Yvon Mvogo
17,328075,Ibrahim Sangaré
18,400273,Maxime Delanghe
19,408059,Yorbe Vertessen
20,361880,Oussama Darfalou
21,345558,Tomas Hajek
22,319922,Jacob Rasmussen
23,330505,Idrissa Touré
24,226599,Maximilian Wittek
25,130917,Eli Dasa
26,115869,Oussama Tannane
27,34550,Remko Pasveer
28,96581,Thomas Bruns
29,133959,Riechedly Bazoer
30,141965,Jeroen Houwen
31,303076,Danilho Doekhi
32,401021,Enzo Cornelisse
33,112719,Sondre Tronstad
34,318295,Matús Bero
35,409126,Alois Dominik Oroz
36,409462,Noah Ohio
37,363618,Loïs Openda
38,365426,Hilary Gong
39,380663,Patrick Vroegh
40,393407,Armando Broja
41,400281,Million Manhoef
42,400282,Daan Huisman
