,ID,Name
0,302644,Dario Dumic
1,364014,Issah Abass
2,327903,Kik Pierie
3,357080,Godfried Roemeratoe
4,69525,Luciano Narsingh
5,247849,Queensy Menig
6,275012,Joël Drommel
7,379702,Jesse Bosch
8,379703,Jeffrey de Lange
9,387682,Ennio van der Gouw
10,400055,Jayden Oosterwolde
11,400056,Nathangelo Markelo
12,400058,Thijs van Leeuwen
13,400059,Gijs Smal
14,232248,Tyronne Ebuehi
15,367522,Danilo
16,379701,Ramiz Zerrouki
17,402819,Mees Hilgers
18,405560,Daan Rots
19,406780,Max Bruns
20,400057,Casper Staring
21,37360,Lucas Pratto
22,328330,Marcos Senesi
23,24260,Eric Botteghin
24,361879,Luis Sinisterra
25,72595,Nicolai Jørgensen
26,374625,Christian Conteh
27,329941,Ramón ten Hove
28,345303,Tyrell Malacia
29,345441,Lutsharel Geertruida
30,82401,Jens Toornstra
31,89793,Nick Marsman
32,89794,Steven Berghuis
33,115863,Mark Diemers
34,122398,Ridgeciano Haps
35,35174,Leroy Fer
36,43004,Bryan Linssen
37,297527,Bart Nieuwkoop
38,127920,Uros Spajic
39,376967,Robert Bozenik
40,355870,Orkun Kökcü
41,384253,Achraf El Bouchataoui
42,408489,Tein Troost
