,ID,Name
0,340105,Lisandro Martínez
1,364315,Antony
2,326505,David Neres
3,400166,Mohammed Kudus
4,322696,Edson Álvarez
5,83337,Zakaria Labyad
6,108860,Davy Klaassen
7,135271,Sean Klaiber
8,4065,Maarten Stekelenburg
9,70033,Daley Blind
10,299321,Oussama Idrissi
11,355963,Jurgen Ekkelenkamp
12,361867,Kjell Scherpen
13,362732,Perr Schuurs
14,363884,Ryan Gravenberch
15,29474,Dusan Tadic
16,236544,Sébastien Haller
17,365432,Dominik Kotarski
18,373291,Lassina Traoré
19,388650,Jurriën Timber
20,400165,Devyne Rensch
21,404568,Brian Brobbey
22,96615,Benjamin van Leer
23,124105,Michael Heylen
24,71267,Jeffry Fortes
25,84195,Lennart Thy
26,225522,Mario Engels
27,90636,Tom Beugelsdijk
28,77706,Bryan Smeets
29,328549,Deroy Duarte
30,349895,Abdou Harroui
31,351721,Michael Fabrie
32,361878,Wouter Burger
33,379741,Dirk Abels
34,379742,Laros Duarte
35,383560,Sven Mijnans
36,133961,Danzell Gravenberch
37,400163,Emanuel Emegha
38,406754,Reda Kharchouch
39,44145,Bart Vriends
40,322776,Mica Pinto
41,392339,Maduka Okoye
42,409075,Jason Meerstadt
43,403844,Delano Vianello
