,ID,Name
0,83809,Nicolás Tagliafico
1,340105,Lisandro Martínez
2,326505,David Neres
3,400166,Mohammed Kudus
4,322696,Edson Álvarez
5,83337,Zakaria Labyad
6,70033,Daley Blind
7,4065,Maarten Stekelenburg
8,108860,Davy Klaassen
9,135271,Sean Klaiber
10,299321,Oussama Idrissi
11,355963,Jurgen Ekkelenkamp
12,361867,Kjell Scherpen
13,362732,Perr Schuurs
14,363884,Ryan Gravenberch
15,29474,Dusan Tadic
16,365432,Dominik Kotarski
17,373291,Lassina Traoré
18,400165,Devyne Rensch
19,404568,Brian Brobbey
20,379185,Martin Fraisl
21,365407,Amar Catic
22,401099,Tomislav Gomelt
23,118137,Dario Del Fabro
24,141725,Ricardo Kishna
25,148512,Bilal Ould-Chikh
26,301457,Luuk Koopmans
27,303113,Abdenasser El Khayati
28,347191,Shaquille Pinas
29,379760,Milan van Ewijk
30,67062,John Goossens
31,83442,Youness Mokhtar
32,382238,Bobby Adekanye
33,384395,Jonas Arweiler
34,389479,Boy Kemper
35,400171,Kees de Boer
36,400172,Vicente Besuijen
37,400173,Jamal Amofa
38,401071,David Lennart Philipp
39,402120,Pascu
40,403820,Juan Familia-Castillo
41,411014,Cain Seedorf
42,411954,Xander Severina
