,ID,Name
0,289252,Albert Gudmundsson
1,379783,Yukinari Sugawara
2,400978,Beau Reus
3,36133,Ramon Leeuwin
4,83824,Marco Bizot
5,90802,Jordy Clasie
6,90810,Bruno Martins Indi
7,90834,Hobie Verhulst
8,116641,Timo Letschert
9,328550,Owen Wijndal
10,328987,Calvin Stengs
11,343308,Teun Koopmeiners
12,353695,Dani de Wit
13,357081,Myron Boadu
14,363875,Kenzo Goudmijn
15,373340,Zakaria Aboukhlal
16,80137,Fredrik Midtsjø
17,81247,Jonas Svensson
18,409747,Jelle Duin
19,320614,Jesper Karlsson
20,356742,Håkon Evjen
21,343382,Tijjani Reijnders
22,80382,Mario Götze
23,90235,Lars Unnerstall
24,142466,Philipp Max
25,320000,Adrian Fein
26,44096,Eran Zahavi
27,137460,Erick Gutiérrez
28,369542,Joël Piroe
29,70906,Nick Viergever
30,85470,Marco van Ginkel
31,322153,Denzel Dumfries
32,329647,Pablo Rosario
33,345333,Armando Obispo
34,351354,Donyell Malen
35,352825,Cody Gakpo
36,361839,Jordan Teze
37,103542,Yvon Mvogo
38,389935,Noni Madueke
39,328075,Ibrahim Sangaré
40,369107,Mohamed Ihattaren
41,402876,Vincent Müller
42,408059,Yorbe Vertessen
