,ID,Name
0,361880,Oussama Darfalou
1,345558,Tomas Hajek
2,319922,Jacob Rasmussen
3,330505,Idrissa Touré
4,226599,Maximilian Wittek
5,130917,Eli Dasa
6,115869,Oussama Tannane
7,401021,Enzo Cornelisse
8,409462,Noah Ohio
9,141965,Jeroen Houwen
10,34550,Remko Pasveer
11,303076,Danilho Doekhi
12,112719,Sondre Tronstad
13,318295,Matús Bero
14,409126,Alois Dominik Oroz
15,363618,Loïs Openda
16,365426,Hilary Gong
17,372333,Bilal Bayazit
18,380663,Patrick Vroegh
19,393407,Armando Broja
20,400281,Million Manhoef
21,400282,Daan Huisman
22,343390,Jorn Brondeel
23,383581,Mike Trésor
24,346731,Kwasi Okyere Wriedt
25,279751,Görkem Saglam
26,323531,Mats Köhlert
27,330514,Vangelis Pavlidis
28,120444,Jordens Peters
29,124274,Sven van Beek
30,322083,Leeroy Owusu
31,379600,Connor van den Berg
32,379601,Rick Zuijderwijk
33,410324,Ian Smeulers
34,109581,Pol Llonch
35,113079,Sebastian Holmén
36,379699,Lindon Selahi
37,379599,Ché Nunnely
38,400010,Derrick Köhn
39,400012,Wesley Spieringhs
40,402852,Ole Romeny
41,362426,Arijanet Muric
