,ID,Name
0,400244,Benson Manuel
1,104906,Thomas Lam
2,24764,Reza Ghoochannejhad
3,369545,Yuta Nakayama
4,379595,Xavier Mous
5,380731,Sam Kersten
6,34108,Bram van Polen
7,81962,Jesper Drost
8,96626,Nigel Bertrams
9,97101,Mustafa Saymak
10,100608,Mike van Duinen
11,120454,Virgil Misidjan
12,231106,Kenneth Paal
13,279173,Pelle Clement
14,317693,Mike Hauptmeijer
15,352844,Thomas Buitink
16,361695,Thomas van den Belt
17,365152,Eliano Reijnders
18,367257,Destan Bajselmani
19,402068,Slobodan Tedic
20,404370,Rav van den Berg
21,394981,Immanuel Pherai
22,379596,Dean Huiberts
23,35743,Thorsten Kirschbaum
24,80843,Lukas Schmitz
25,146718,Tobias Pachonik
26,303078,Leon Guwara
27,320799,Steffen Schäfer
28,347809,Georgios Giakoumakis
29,261267,Anastasios Donis
30,285951,Delano van Crooij
31,254253,Jafar Arias
32,343311,Tristan Dekker
33,343314,Vito van Crooij
34,343315,Bram Verbong
35,344124,Danny Post
36,136164,Torino Hunte
37,35953,Josua John
38,74627,Guus Hupperts
39,33662,Arjan Swinkels
40,34246,Christian Kum
41,361795,Yahcuroo Roemer
42,362570,Simon Janssen
43,391286,Wassim Essanoussi
44,341715,Kristopher Da Graca
45,391973,Roy Gelmi
