,ID,Name
0,147910,Lucas Schoofs
1,367743,Noah Fadiga
2,394980,Marco Rente
3,104885,Janis Blaswich
4,379731,Orestis Kiomourtzoglou
5,296650,Ismail Azzaoui
6,108935,Robin Pröpper
7,116684,Michael Brouwer
8,369095,Koen Bucker
9,369553,Mats Knoester
10,140505,Rai Vloet
11,142242,Jeff Hardeveld
12,35160,Tim Breukers
13,367737,Ahmed Kutucu
14,136302,Sinan Bakis
15,322406,Luca de la Torre
16,361875,Delano Burgzorg
17,379729,Adrian Szoke
18,379730,Teun Bijleveld
19,393081,Giacomo Quagliata
20,395830,Kasper Lunding Jakobsen
21,96615,Benjamin van Leer
22,124105,Michael Heylen
23,71267,Jeffry Fortes
24,84195,Lennart Thy
25,25037,Adil Auassar
26,31238,Aaron Meijers
27,44145,Bart Vriends
28,77706,Bryan Smeets
29,328549,Deroy Duarte
30,349895,Abdou Harroui
31,351721,Michael Fabrie
32,361878,Wouter Burger
33,379741,Dirk Abels
34,379742,Laros Duarte
35,383560,Sven Mijnans
36,406754,Reda Kharchouch
37,409075,Jason Meerstadt
38,400163,Emanuel Emegha
39,322776,Mica Pinto
40,392339,Maduka Okoye
41,403844,Delano Vianello
