,ID,Name
0,143815,Anas Tahiri
1,367742,Cyril Ngonge
2,379713,Lennerd Daneels
3,399608,Ahmed Touba
4,68850,Kostas Lamprou
5,400277,Nicolas Olsak
6,345511,Vitalie Damascan
7,386605,Ayman Azhil
8,391284,Richard van der Venne
9,393117,Morad El Haddouti
10,380703,Mike Grim
11,348644,Sylla Sow
12,379706,Juriën Gaari
13,379707,Melle Meulensteen
14,92984,Ola John
15,322159,Finn Stokkers
16,63885,Vurnon Anita
17,400278,Thierry Lutonda
18,400276,Luuk Wouters
19,132420,Rico Strieder
20,280191,Michael Zetterer
21,24764,Reza Ghoochannejhad
22,369545,Yuta Nakayama
23,34108,Bram van Polen
24,81962,Jesper Drost
25,97101,Mustafa Saymak
26,100608,Mike van Duinen
27,244640,Clint Leemans
28,279173,Pelle Clement
29,279429,Sai van Wermeskerken
30,317693,Mike Hauptmeijer
31,361695,Thomas van den Belt
32,365152,Eliano Reijnders
33,367257,Destan Bajselmani
34,380731,Sam Kersten
35,379595,Xavier Mous
36,379597,Marc-Olivier Doué
37,394981,Immanuel Pherai
38,402068,Slobodan Tedic
39,404099,Samir Lagsir
