,ID,Name
0,83809,Nicolás Tagliafico
1,340105,Lisandro Martínez
2,364315,Antony
3,326505,David Neres
4,400166,Mohammed Kudus
5,322696,Edson Álvarez
6,349932,Noussair Mazraoui
7,83337,Zakaria Labyad
8,299321,Oussama Idrissi
9,4065,Maarten Stekelenburg
10,108860,Davy Klaassen
11,135271,Sean Klaiber
12,355963,Jurgen Ekkelenkamp
13,361867,Kjell Scherpen
14,362732,Perr Schuurs
15,363884,Ryan Gravenberch
16,29474,Dusan Tadic
17,236544,Sébastien Haller
18,373291,Lassina Traoré
19,388650,Jurriën Timber
20,400165,Devyne Rensch
21,404568,Brian Brobbey
22,413209,Daan Reiziger
23,362459,Othmane Boussaid
24,344041,Moussa Sylla
25,302724,Eric Oelschlägel
26,256971,Hidde ter Avest
27,14044,Eljero Elia
28,17491,Urby Emanuelson
29,22842,Willem Janssen
30,39726,Mark van der Maarel
31,89575,Adam Maher
32,110360,Sander van de Streek
33,123556,Joris van Overeem
34,141875,Gyrano Kerk
35,229520,Django Warmerdam
36,238997,Mimoun Mahi
37,393412,Remco Balk
38,315574,Thijmen Nijhuis
39,329675,Maarten Paes
40,249686,Adrián Dalmau
41,283351,Simon Gustafson
42,312913,Emil Bergström
43,382582,Tommy St. Jago
