,ID,Name
0,343390,Jorn Brondeel
1,279751,Görkem Saglam
2,323531,Mats Köhlert
3,346731,Kwasi Okyere Wriedt
4,330514,Vangelis Pavlidis
5,322083,Leeroy Owusu
6,34628,Jan-Arie van der Heijden
7,66462,Freek Heerkens
8,379600,Connor van den Berg
9,379601,Rick Zuijderwijk
10,120444,Jordens Peters
11,109581,Pol Llonch
12,113079,Sebastian Holmén
13,379699,Lindon Selahi
14,383581,Mike Trésor
15,400010,Derrick Köhn
16,400012,Wesley Spieringhs
17,400014,Vincent Schippers
18,402852,Ole Romeny
19,405831,Maarten Schut
20,379599,Ché Nunnely
21,104906,Thomas Lam
22,280191,Michael Zetterer
23,24764,Reza Ghoochannejhad
24,369545,Yuta Nakayama
25,379595,Xavier Mous
26,317693,Mike Hauptmeijer
27,361695,Thomas van den Belt
28,365152,Eliano Reijnders
29,34108,Bram van Polen
30,81962,Jesper Drost
31,100608,Mike van Duinen
32,120454,Virgil Misidjan
33,231106,Kenneth Paal
34,244640,Clint Leemans
35,279173,Pelle Clement
36,279429,Sai van Wermeskerken
37,380731,Sam Kersten
38,379596,Dean Huiberts
39,379597,Marc-Olivier Doué
40,394981,Immanuel Pherai
41,404099,Samir Lagsir
