,ID,Name
0,343390,Jorn Brondeel
1,383581,Mike Trésor
2,323531,Mats Köhlert
3,346731,Kwasi Okyere Wriedt
4,330514,Vangelis Pavlidis
5,332960,Victor van den Bogert
6,379600,Connor van den Berg
7,361791,Driess Saddiki
8,120444,Jordens Peters
9,124274,Sven van Beek
10,322083,Leeroy Owusu
11,109581,Pol Llonch
12,113079,Sebastian Holmén
13,379699,Lindon Selahi
14,400010,Derrick Köhn
15,400012,Wesley Spieringhs
16,400013,Jop van den Avert
17,379599,Ché Nunnely
18,362426,Arijanet Muric
19,143815,Anas Tahiri
20,367742,Cyril Ngonge
21,379713,Lennerd Daneels
22,383972,Sebbe Augustijns
23,399608,Ahmed Touba
24,379712,Said Bakari
25,68850,Kostas Lamprou
26,345511,Vitalie Damascan
27,386605,Ayman Azhil
28,391284,Richard van der Venne
29,380703,Mike Grim
30,379705,Etienne Vaessen
31,379706,Juriën Gaari
32,379707,Melle Meulensteen
33,379708,Paul Quasten
34,348644,Sylla Sow
35,365160,Lars Nieuwpoort
36,322159,Finn Stokkers
37,92984,Ola John
38,63885,Vurnon Anita
39,405003,Thijs Oosting
40,400278,Thierry Lutonda
41,400545,Shawn Adewoye
