,ID,Name
0,298718,Dante Rigo
1,310680,Samy Bourard
2,365407,Amar Catic
3,121244,Nikolaos Karelis
4,118137,Dario Del Fabro
5,93475,Ravel Morrison
6,120312,Robert Zwinkels
7,40342,Michiel Kramer
8,67062,John Goossens
9,141725,Ricardo Kishna
10,148512,Bilal Ould-Chikh
11,301457,Luuk Koopmans
12,379760,Milan van Ewijk
13,321869,Lassana Faye
14,372331,Andrei Ratiu
15,384395,Jonas Arweiler
16,389479,Boy Kemper
17,400171,Kees de Boer
18,400172,Vicente Besuijen
19,400173,Jamal Amofa
20,401071,David Lennart Philipp
21,402120,Pascu
22,406755,Jonathan Mulder
23,104906,Thomas Lam
24,132420,Rico Strieder
25,280191,Michael Zetterer
26,24764,Reza Ghoochannejhad
27,369545,Yuta Nakayama
28,379595,Xavier Mous
29,380731,Sam Kersten
30,34108,Bram van Polen
31,81962,Jesper Drost
32,100608,Mike van Duinen
33,317693,Mike Hauptmeijer
34,361695,Thomas van den Belt
35,365152,Eliano Reijnders
36,231106,Kenneth Paal
37,244640,Clint Leemans
38,279173,Pelle Clement
39,279429,Sai van Wermeskerken
40,394981,Immanuel Pherai
41,404099,Samir Lagsir
42,408338,Daijiro Chirino
43,379596,Dean Huiberts
44,379597,Marc-Olivier Doué
