,ID,Name
0,379185,Martin Fraisl
1,310680,Samy Bourard
2,365407,Amar Catic
3,401099,Tomislav Gomelt
4,121244,Nikolaos Karelis
5,118137,Dario Del Fabro
6,141725,Ricardo Kishna
7,148512,Bilal Ould-Chikh
8,301457,Luuk Koopmans
9,347191,Shaquille Pinas
10,40342,Michiel Kramer
11,67062,John Goossens
12,67063,Marko Vejinovic
13,379760,Milan van Ewijk
14,372331,Andrei Ratiu
15,402120,Pascu
16,403820,Juan Familia-Castillo
17,389479,Boy Kemper
18,400171,Kees de Boer
19,400172,Vicente Besuijen
20,400173,Jamal Amofa
21,401071,David Lennart Philipp
22,227870,Nikolai Laursen
23,400115,Lucas Bernadou
24,80426,Felix Wiedwald
25,302776,Keziah Veendorp
26,302883,Robbert de Vos
27,245626,Glenn Bijl
28,30121,Anco Jansen
29,68590,Dennis Telgenkamp
30,69458,Ferhat Görgülü
31,77725,Michael de Leeuw
32,108283,Caner Cavlan
33,109109,Ricardo van Rhijn
34,112534,Stefan van der Lei
35,113087,Hilal Ben Moussa
36,121666,Nick Bakker
37,125157,Miguel Araujo
38,125170,Sergio Peña
39,259802,Simon Tibbling
40,106336,Kerim Frei
41,409129,Jari Vlak
42,409449,Didier La Torre
43,142078,Donis Avdijaj
