,ID,Name
0,147910,Lucas Schoofs
1,367743,Noah Fadiga
2,401096,Mateo Leš
3,394980,Marco Rente
4,243161,Daniel Mesenhöler
5,104885,Janis Blaswich
6,379731,Orestis Kiomourtzoglou
7,296650,Ismail Azzaoui
8,108935,Robin Pröpper
9,116684,Michael Brouwer
10,35160,Tim Breukers
11,140505,Rai Vloet
12,142242,Jeff Hardeveld
13,361778,Silvester van der Water
14,367737,Ahmed Kutucu
15,136302,Sinan Bakis
16,322406,Luca de la Torre
17,379729,Adrian Szöke
18,379730,Teun Bijleveld
19,361875,Delano Burgzorg
20,393081,Giacomo Quagliata
21,367190,Sieben Dewaele
22,404764,Tibor Halilovic
23,389378,Oliver Batista Meier
24,56828,Ariel Harush
25,136066,Lucas Woudenberg
26,322157,Sherel Floranus
27,342814,Rodney Kongolo
28,365402,Jan Paul van Hecke
29,369119,Arjen van der Heide
30,379734,Hamdi Akujobi
31,382556,Joey Veerman
32,32196,Siem de Jong
33,34171,Erwin Mulder
34,261017,Henk Veerman
35,296543,Jan Bekkema
36,301423,Mitchell van Bergen
37,142376,Pawel Bochniewicz
38,371073,Rami Hajal
39,321192,Ibrahim Dresevic
40,321193,Rami Kaib
41,399618,Benjamin Nygren
42,409160,Syb van Ottele
