,ID,Name
0,346767,Mauro Júnior
1,260809,Olivier Boscagli
2,320000,Adrian Fein
3,90235,Lars Unnerstall
4,141328,Timo Baumgartl
5,44096,Eran Zahavi
6,137460,Erick Gutiérrez
7,329647,Pablo Rosario
8,351354,Donyell Malen
9,361839,Jordan Teze
10,85470,Marco van Ginkel
11,322153,Denzel Dumfries
12,137327,Ryan Thomas
13,103542,Yvon Mvogo
14,389935,Noni Madueke
15,328075,Ibrahim Sangaré
16,369107,Mohamed Ihattaren
17,400273,Maxime Delanghe
18,143815,Anas Tahiri
19,379713,Lennerd Daneels
20,383972,Sebbe Augustijns
21,399608,Ahmed Touba
22,379712,Said Bakari
23,68850,Kostas Lamprou
24,400277,Nicolas Olsak
25,345511,Vitalie Damascan
26,386605,Ayman Azhil
27,380703,Mike Grim
28,300631,James Efmorfidis
29,322159,Finn Stokkers
30,348644,Sylla Sow
31,365160,Lars Nieuwpoort
32,379705,Etienne Vaessen
33,379706,Juriën Gaari
34,379707,Melle Meulensteen
35,23373,Hans Mulder
36,400279,David Min
37,405003,Thijs Oosting
38,400276,Luuk Wouters
39,400278,Thierry Lutonda
