,ID,Name
0,361880,Oussama Darfalou
1,345558,Tomas Hajek
2,319922,Jacob Rasmussen
3,330505,Idrissa Touré
4,226599,Maximilian Wittek
5,130917,Eli Dasa
6,115869,Oussama Tannane
7,401021,Enzo Cornelisse
8,133959,Riechedly Bazoer
9,141965,Jeroen Houwen
10,34550,Remko Pasveer
11,96581,Thomas Bruns
12,303076,Danilho Doekhi
13,318295,Matús Bero
14,409126,Alois Dominik Oroz
15,409462,Noah Ohio
16,363618,Loïs Openda
17,365426,Hilary Gong
18,372333,Bilal Bayazit
19,380663,Patrick Vroegh
20,393407,Armando Broja
21,400281,Million Manhoef
22,400282,Daan Huisman
23,363735,Sam Schreck
24,369525,Ko Itakura
25,141265,Ahmed El Messaoudi
26,255970,Wessel Dammers
27,290832,Alessio Da Cruz
28,298493,Patrick Joosten
29,321871,Mo El Hankouri
30,355960,Azor Matusiwa
31,33002,Bart van Hintum
32,68854,Sergio Padt
33,91123,Mike te Wierik
34,137368,Damil Dankerlui
35,371293,Jan de Boer
36,364306,Daniël van Kaam
37,391048,Kian Slor
38,391304,Joël van Kaam
39,333048,Jørgen Strand Larsen
40,320941,Per Kristian Bråtveit
41,322086,Ramon Pascal Lundqvist
42,330549,Gabriel Gudmundsson
43,387049,Miguel Angel Leal
44,391047,Tomas Suslov
