,ID,Name
0,96615,Benjamin van Leer
1,124105,Michael Heylen
2,225522,Mario Engels
3,84195,Lennart Thy
4,25037,Adil Auassar
5,31238,Aaron Meijers
6,77706,Bryan Smeets
7,90636,Tom Beugelsdijk
8,406754,Reda Kharchouch
9,409075,Jason Meerstadt
10,411278,Jeremy Van Mullem
11,328549,Deroy Duarte
12,349895,Abdou Harroui
13,351721,Michael Fabrie
14,361878,Wouter Burger
15,379741,Dirk Abels
16,379742,Laros Duarte
17,383560,Sven Mijnans
18,400163,Emanuel Emegha
19,403844,Delano Vianello
20,392339,Maduka Okoye
21,280677,Zinedine Machach
22,303078,Leon Guwara
23,320799,Steffen Schäfer
24,35743,Thorsten Kirschbaum
25,80843,Lukas Schmitz
26,146718,Tobias Pachonik
27,121784,Christos Donis
28,261267,Anastasios Donis
29,33662,Arjan Swinkels
30,34246,Christian Kum
31,136164,Torino Hunte
32,254253,Jafar Arias
33,35953,Josua John
34,74627,Guus Hupperts
35,285951,Delano van Crooij
36,343311,Tristan Dekker
37,343314,Vito van Crooij
38,343315,Bram Verbong
39,344124,Danny Post
40,361795,Yahcuroo Roemer
41,391286,Wassim Essanoussi
42,341715,Kristopher Da Graca
43,402816,Lars Nabbe
