,ID,Name
0,260809,Olivier Boscagli
1,80382,Mario Götze
2,90235,Lars Unnerstall
3,141328,Timo Baumgartl
4,142466,Philipp Max
5,44096,Eran Zahavi
6,322153,Denzel Dumfries
7,70906,Nick Viergever
8,85470,Marco van Ginkel
9,329647,Pablo Rosario
10,345333,Armando Obispo
11,351354,Donyell Malen
12,352825,Cody Gakpo
13,361839,Jordan Teze
14,369542,Joël Piroe
15,103542,Yvon Mvogo
16,389935,Noni Madueke
17,328075,Ibrahim Sangaré
18,400273,Maxime Delanghe
19,402876,Vincent Müller
20,408059,Yorbe Vertessen
21,369107,Mohamed Ihattaren
22,363735,Sam Schreck
23,369525,Ko Itakura
24,141265,Ahmed El Messaoudi
25,255970,Wessel Dammers
26,290832,Alessio Da Cruz
27,298493,Patrick Joosten
28,68854,Sergio Padt
29,91123,Mike te Wierik
30,137368,Damil Dankerlui
31,371293,Jan de Boer
32,321871,Mo El Hankouri
33,355960,Azor Matusiwa
34,364306,Daniël van Kaam
35,333048,Jørgen Strand Larsen
36,320941,Per Kristian Bråtveit
37,322086,Ramon Pascal Lundqvist
38,330549,Gabriel Gudmundsson
39,387049,Miguel Angel Leal
40,391047,Tomas Suslov
41,406537,Paulos Abraham
