,ID,Name
0,367190,Sieben Dewaele
1,404764,Tibor Halilovic
2,22300,Lasse Schöne
3,389378,Oliver Batista Meier
4,56828,Ariel Harush
5,136066,Lucas Woudenberg
6,296543,Jan Bekkema
7,301423,Mitchell van Bergen
8,32196,Siem de Jong
9,34171,Erwin Mulder
10,322157,Sherel Floranus
11,342814,Rodney Kongolo
12,365402,Jan Paul van Hecke
13,369119,Arjen van der Heide
14,379734,Hamdi Akujobi
15,371073,Rami Hajal
16,399618,Benjamin Nygren
17,321192,Ibrahim Dresevic
18,321193,Rami Kaib
19,409160,Syb van Ottele
20,389128,Rein Smit
21,400244,Benson Manuel
22,104906,Thomas Lam
23,132420,Rico Strieder
24,24764,Reza Ghoochannejhad
25,369545,Yuta Nakayama
26,379595,Xavier Mous
27,34108,Bram van Polen
28,81962,Jesper Drost
29,96626,Nigel Bertrams
30,97101,Mustafa Saymak
31,100608,Mike van Duinen
32,231106,Kenneth Paal
33,279173,Pelle Clement
34,317693,Mike Hauptmeijer
35,361695,Thomas van den Belt
36,380731,Sam Kersten
37,379596,Dean Huiberts
38,379597,Marc-Olivier Doué
39,402068,Slobodan Tedic
40,404099,Samir Lagsir
41,404370,Rav van den Berg
