,ID,Name
0,343390,Jorn Brondeel
1,346731,Kwasi Okyere Wriedt
2,323531,Mats Köhlert
3,279751,Görkem Saglam
4,330514,Vangelis Pavlidis
5,322083,Leeroy Owusu
6,120444,Jordens Peters
7,124274,Sven van Beek
8,34628,Jan-Arie van der Heijden
9,66462,Freek Heerkens
10,379600,Connor van den Berg
11,379601,Rick Zuijderwijk
12,109581,Pol Llonch
13,113079,Sebastian Holmén
14,379699,Lindon Selahi
15,383581,Mike Trésor
16,400010,Derrick Köhn
17,400012,Wesley Spieringhs
18,402852,Ole Romeny
19,410324,Ian Smeulers
20,379599,Ché Nunnely
21,362426,Arijanet Muric
22,379185,Martin Fraisl
23,401099,Tomislav Gomelt
24,118137,Dario Del Fabro
25,141725,Ricardo Kishna
26,148512,Bilal Ould-Chikh
27,301457,Luuk Koopmans
28,303113,Abdenasser El Khayati
29,347191,Shaquille Pinas
30,19499,Gianni Zuiverloon
31,40342,Michiel Kramer
32,67062,John Goossens
33,67063,Marko Vejinovic
34,83442,Youness Mokhtar
35,379760,Milan van Ewijk
36,382238,Bobby Adekanye
37,384395,Jonas Arweiler
38,389479,Boy Kemper
39,400171,Kees de Boer
40,400172,Vicente Besuijen
41,400173,Jamal Amofa
42,401071,David Lennart Philipp
43,402120,Pascu
44,403820,Juan Familia-Castillo
