,ID,Name
0,363735,Sam Schreck
1,369525,Ko Itakura
2,371293,Jan de Boer
3,364306,Daniël van Kaam
4,321871,Mo El Hankouri
5,33002,Bart van Hintum
6,68854,Sergio Padt
7,91123,Mike te Wierik
8,137368,Damil Dankerlui
9,255970,Wessel Dammers
10,290832,Alessio Da Cruz
11,298493,Patrick Joosten
12,391048,Kian Slor
13,391304,Joël van Kaam
14,333048,Jørgen Strand Larsen
15,320941,Per Kristian Bråtveit
16,322086,Ramon Pascal Lundqvist
17,330549,Gabriel Gudmundsson
18,406537,Paulos Abraham
19,387049,Miguel Angel Leal
20,391047,Tomas Suslov
21,37360,Lucas Pratto
22,328330,Marcos Senesi
23,24260,Eric Botteghin
24,361879,Luis Sinisterra
25,72595,Nicolai Jørgensen
26,374625,Christian Conteh
27,82401,Jens Toornstra
28,89793,Nick Marsman
29,89794,Steven Berghuis
30,115863,Mark Diemers
31,122398,Ridgeciano Haps
32,35174,Leroy Fer
33,329941,Ramón ten Hove
34,345303,Tyrell Malacia
35,345441,Lutsharel Geertruida
36,43004,Bryan Linssen
37,297527,Bart Nieuwkoop
38,127920,Uros Spajic
39,376967,Robert Bozenik
40,355870,Orkun Kökcü
41,384253,Achraf El Bouchataoui
42,408489,Tein Troost
