,ID,Name
0,37360,Lucas Pratto
1,328330,Marcos Senesi
2,24260,Eric Botteghin
3,361879,Luis Sinisterra
4,72595,Nicolai Jørgensen
5,374625,Christian Conteh
6,297527,Bart Nieuwkoop
7,82401,Jens Toornstra
8,89793,Nick Marsman
9,89794,Steven Berghuis
10,115863,Mark Diemers
11,122398,Ridgeciano Haps
12,124274,Sven van Beek
13,35174,Leroy Fer
14,43004,Bryan Linssen
15,329941,Ramón ten Hove
16,345303,Tyrell Malacia
17,345441,Lutsharel Geertruida
18,361877,Jordy Wehrmann
19,127920,Uros Spajic
20,376967,Robert Bozenik
21,408489,Tein Troost
22,300755,Pantelis Hatzidiakos
23,289252,Albert Gudmundsson
24,379783,Yukinari Sugawara
25,391050,Mees Bakker
26,404191,Maxim Gullit
27,357081,Myron Boadu
28,363875,Kenzo Goudmijn
29,373340,Zakaria Aboukhlal
30,36133,Ramon Leeuwin
31,328550,Owen Wijndal
32,328987,Calvin Stengs
33,343308,Teun Koopmeiners
34,83824,Marco Bizot
35,90802,Jordy Clasie
36,90810,Bruno Martins Indi
37,90834,Hobie Verhulst
38,116641,Timo Letschert
39,80137,Fredrik Midtsjø
40,343382,Tijjani Reijnders
41,356742,Håkon Evjen
42,320614,Jesper Karlsson
