,ID,Name
0,362459,Othmane Boussaid
1,302724,Eric Oelschlägel
2,312702,Justin Hoogma
3,315574,Thijmen Nijhuis
4,256971,Hidde ter Avest
5,261082,Bart Ramselaar
6,280289,Giovanni Troupée
7,391013,Joey Houweling
8,393412,Remco Balk
9,17491,Urby Emanuelson
10,22842,Willem Janssen
11,39726,Mark van der Maarel
12,89575,Adam Maher
13,110360,Sander van de Streek
14,123556,Joris van Overeem
15,141875,Gyrano Kerk
16,229520,Django Warmerdam
17,238997,Mimoun Mahi
18,249686,Adrián Dalmau
19,409052,Benaissa Benamar
20,382582,Tommy St. Jago
21,96615,Benjamin van Leer
22,124105,Michael Heylen
23,71267,Jeffry Fortes
24,84195,Lennart Thy
25,225522,Mario Engels
26,25037,Adil Auassar
27,31238,Aaron Meijers
28,77706,Bryan Smeets
29,90636,Tom Beugelsdijk
30,133961,Danzell Gravenberch
31,328549,Deroy Duarte
32,349895,Abdou Harroui
33,351721,Michael Fabrie
34,361878,Wouter Burger
35,379741,Dirk Abels
36,379742,Laros Duarte
37,383560,Sven Mijnans
38,400163,Emanuel Emegha
39,406754,Reda Kharchouch
40,392339,Maduka Okoye
41,409075,Jason Meerstadt
42,403844,Delano Vianello
