,ID,Name
0,302644,Dario Dumic
1,364014,Issah Abass
2,327903,Kik Pierie
3,357080,Godfried Roemeratoe
4,69525,Luciano Narsingh
5,247849,Queensy Menig
6,275012,Joël Drommel
7,379702,Jesse Bosch
8,379703,Jeffrey de Lange
9,387682,Ennio van der Gouw
10,400056,Nathangelo Markelo
11,400058,Thijs van Leeuwen
12,400059,Gijs Smal
13,361898,Luka Ilic
14,318754,Julio Pleguezuelo
15,367522,Danilo
16,379701,Ramiz Zerrouki
17,405560,Daan Rots
18,406780,Max Bruns
19,400057,Casper Staring
20,243516,Ante Coric
21,280677,Zinedine Machach
22,303078,Leon Guwara
23,320799,Steffen Schäfer
24,35743,Thorsten Kirschbaum
25,146718,Tobias Pachonik
26,121784,Christos Donis
27,347809,Georgios Giakoumakis
28,355961,Evert Linthorst
29,361795,Yahcuroo Roemer
30,362570,Simon Janssen
31,136164,Torino Hunte
32,254253,Jafar Arias
33,35953,Josua John
34,33662,Arjan Swinkels
35,34246,Christian Kum
36,285951,Delano van Crooij
37,343311,Tristan Dekker
38,343314,Vito van Crooij
39,343315,Bram Verbong
40,344124,Danny Post
41,341715,Kristopher Da Graca
42,391973,Roy Gelmi
