,ID,Name
0,379785,Adnan Ugur
1,391257,Mickael Tirpan
2,329842,Thibaud Verlinden
3,342571,Samuel Moutoussamy
4,77471,Sebastian Polter
5,391933,Lazaros Rota
6,407647,Arian Kastrati
7,90830,Ben Rienstra
8,104982,Mats Seuntjens
9,243708,Yanick van Osch
10,252209,Jorrit Smeets
11,281508,Roel Janssen
12,361694,Zian Flemming
13,362439,Clint Essers
14,369685,Nassim El Ablak
15,334533,Emil Hansson
16,329684,Lisandro Semedo
17,320513,Tesfaldet Tekie
18,122291,Martin Angha
19,383604,George Cox
20,391953,Mike van Beijnen
21,368266,Tom Hendriks
22,346494,Alexei Koselev
23,83809,Nicolás Tagliafico
24,340105,Lisandro Martínez
25,364315,Antony
26,326505,David Neres
27,260843,André Onana
28,322696,Edson Álvarez
29,349932,Noussair Mazraoui
30,83337,Zakaria Labyad
31,355963,Jurgen Ekkelenkamp
32,361867,Kjell Scherpen
33,362732,Perr Schuurs
34,363884,Ryan Gravenberch
35,108860,Davy Klaassen
36,4065,Maarten Stekelenburg
37,70033,Daley Blind
38,83333,Quincy Promes
39,29474,Dusan Tadic
40,236544,Sébastien Haller
41,388650,Jurriën Timber
42,400165,Devyne Rensch
43,404568,Brian Brobbey
