,ID,Name
0,328686,Daniel Arzani
1,362459,Othmane Boussaid
2,344041,Moussa Sylla
3,302724,Eric Oelschlägel
4,303078,Leon Guwara
5,312702,Justin Hoogma
6,315574,Thijmen Nijhuis
7,363872,Christopher Mamengi
8,379762,Justin Lonwijk
9,14044,Eljero Elia
10,17491,Urby Emanuelson
11,22842,Willem Janssen
12,39726,Mark van der Maarel
13,89575,Adam Maher
14,110360,Sander van de Streek
15,123556,Joris van Overeem
16,141875,Gyrano Kerk
17,229520,Django Warmerdam
18,261082,Bart Ramselaar
19,280289,Giovanni Troupée
20,329675,Maarten Paes
21,283351,Simon Gustafson
22,382582,Tommy St. Jago
23,302644,Dario Dumic
24,291964,Vaclav Cerny
25,308754,Lazaros Lamprou
26,247849,Queensy Menig
27,275012,Joël Drommel
28,29281,Wout Brama
29,357080,Godfried Roemeratoe
30,357083,Halil Dervisoglu
31,379702,Jesse Bosch
32,379703,Jeffrey de Lange
33,387682,Ennio van der Gouw
34,400055,Jayden Oosterwolde
35,400058,Thijs van Leeuwen
36,400059,Gijs Smal
37,232248,Tyronne Ebuehi
38,318754,Julio Pleguezuelo
39,402819,Mees Hilgers
40,367522,Danilo
41,379699,Lindon Selahi
42,379701,Ramiz Zerrouki
