,ID,Name
0,243516,Ante Coric
1,280677,Zinedine Machach
2,80843,Lukas Schmitz
3,320799,Steffen Schäfer
4,146718,Tobias Pachonik
5,347809,Georgios Giakoumakis
6,391286,Wassim Essanoussi
7,355961,Evert Linthorst
8,361795,Yahcuroo Roemer
9,362570,Simon Janssen
10,363052,Stan van Dijck
11,343311,Tristan Dekker
12,343314,Vito van Crooij
13,343315,Bram Verbong
14,344124,Danny Post
15,136164,Torino Hunte
16,33662,Arjan Swinkels
17,34246,Christian Kum
18,74627,Guus Hupperts
19,285951,Delano van Crooij
20,254253,Jafar Arias
21,391973,Roy Gelmi
22,368172,Jens Craenmehr
23,83809,Nicolás Tagliafico
24,340105,Lisandro Martínez
25,364315,Antony
26,326505,David Neres
27,260843,André Onana
28,322696,Edson Álvarez
29,349932,Noussair Mazraoui
30,83337,Zakaria Labyad
31,70033,Daley Blind
32,83333,Quincy Promes
33,4065,Maarten Stekelenburg
34,8013,Klaas Jan Huntelaar
35,355963,Jurgen Ekkelenkamp
36,362732,Perr Schuurs
37,363884,Ryan Gravenberch
38,108860,Davy Klaassen
39,135271,Sean Klaiber
40,401122,Kenneth Taylor
41,29474,Dusan Tadic
42,365432,Dominik Kotarski
43,373291,Lassina Traoré
