,ID,Name
0,132420,Rico Strieder
1,280191,Michael Zetterer
2,24764,Reza Ghoochannejhad
3,369545,Yuta Nakayama
4,379595,Xavier Mous
5,34108,Bram van Polen
6,81962,Jesper Drost
7,97101,Mustafa Saymak
8,100608,Mike van Duinen
9,244640,Clint Leemans
10,279173,Pelle Clement
11,279429,Sai van Wermeskerken
12,317693,Mike Hauptmeijer
13,361695,Thomas van den Belt
14,365152,Eliano Reijnders
15,367257,Destan Bajselmani
16,380731,Sam Kersten
17,379596,Dean Huiberts
18,386209,Anthony Dekono
19,394981,Immanuel Pherai
20,402068,Slobodan Tedic
21,404099,Samir Lagsir
22,404370,Rav van den Berg
23,343390,Jorn Brondeel
24,365389,John Yeboah
25,323531,Mats Köhlert
26,279751,Görkem Saglam
27,330514,Vangelis Pavlidis
28,288873,Paul Gladon
29,322083,Leeroy Owusu
30,34628,Jan-Arie van der Heijden
31,38423,Robbin Ruiter
32,81475,Miquel Nelom
33,332960,Victor van den Bogert
34,379600,Connor van den Berg
35,120444,Jordens Peters
36,109581,Pol Llonch
37,113079,Sebastian Holmén
38,383581,Mike Trésor
39,400010,Derrick Kohn
40,400014,Vincent Schippers
41,402852,Ole Romeny
42,379599,Ché Nunnely
