,ID,Name
0,367190,Sieben Dewaele
1,389378,Oliver Batista Meier
2,379734,Hamdi Akujobi
3,382556,Joey Veerman
4,261017,Henk Veerman
5,296543,Jan Bekkema
6,301423,Mitchell van Bergen
7,34171,Erwin Mulder
8,136066,Lucas Woudenberg
9,322157,Sherel Floranus
10,342814,Rodney Kongolo
11,365402,Jan Paul van Hecke
12,142376,Pawel Bochniewicz
13,321192,Ibrahim Dresevic
14,371073,Rami Hajal
15,399618,Benjamin Nygren
16,394864,Ulysses Llanez Jr
17,400007,Jaimy Kroesen
18,400009,Couhaib Driouech
19,402735,Joaquín Fernández
20,389128,Rein Smit
21,400119,Sekou Sidibe
22,244455,Michael Chacón
23,400117,Denis Granecny
24,227870,Nikolai Laursen
25,400115,Lucas Bernadou
26,80426,Felix Wiedwald
27,108283,Caner Cavlan
28,112534,Stefan van der Lei
29,113087,Hilal Ben Moussa
30,121666,Nick Bakker
31,68590,Dennis Telgenkamp
32,69458,Ferhat Görgülü
33,77725,Michael de Leeuw
34,245626,Glenn Bijl
35,302776,Keziah Veendorp
36,302883,Robbert de Vos
37,125157,Miguel Araujo
38,125170,Sergio Peña
39,259802,Simon Tibbling
40,254684,Desevio Payne
41,400118,Lentini Caciano
42,402024,Luciano Carty
