,ID,Name
0,379185,Martin Fraisl
1,365407,Amar Catic
2,401099,Tomislav Gomelt
3,19499,Gianni Zuiverloon
4,40342,Michiel Kramer
5,67062,John Goossens
6,67063,Marko Vejinovic
7,141725,Ricardo Kishna
8,301457,Luuk Koopmans
9,303113,Abdenasser El Khayati
10,379760,Milan van Ewijk
11,382238,Bobby Adekanye
12,384395,Jonas Arweiler
13,389479,Boy Kemper
14,400171,Kees de Boer
15,400172,Vicente Besuijen
16,401071,David Lennart Philipp
17,402120,Pascu
18,403820,Juan Familia-Castillo
19,411014,Cain Seedorf
20,411954,Xander Severina
21,412899,Silvinho Esajas
22,255946,Dario Van den Buijs
23,329842,Thibaud Verlinden
24,321391,Gregoire Amiot
25,342571,Samuel Moutoussamy
26,77471,Sebastian Polter
27,391933,Lazaros Rota
28,410249,Dimitrios Emmanouilidis
29,407647,Arian Kastrati
30,369685,Nassim El Ablak
31,90830,Ben Rienstra
32,104982,Mats Seuntjens
33,120304,Leroy George
34,34546,Piet Velthuizen
35,361694,Zian Flemming
36,362439,Clint Essers
37,334533,Emil Hansson
38,329684,Lisandro Semedo
39,320513,Tesfaldet Tekie
40,383604,George Cox
41,391953,Mike van Beijnen
42,400060,Joshua Wehking
43,368266,Tom Hendriks
