,ID,Name
0,302644,Dario Dumic
1,364014,Issah Abass
2,327903,Kik Pierie
3,357080,Godfried Roemeratoe
4,69525,Luciano Narsingh
5,247849,Queensy Menig
6,275012,Joël Drommel
7,379702,Jesse Bosch
8,379703,Jeffrey de Lange
9,387682,Ennio van der Gouw
10,400055,Jayden Oosterwolde
11,400056,Nathangelo Markelo
12,400058,Thijs van Leeuwen
13,400059,Gijs Smal
14,232248,Tyronne Ebuehi
15,367522,Danilo
16,379701,Ramiz Zerrouki
17,402819,Mees Hilgers
18,405560,Daan Rots
19,406780,Max Bruns
20,400057,Casper Staring
21,362459,Othmane Boussaid
22,344041,Moussa Sylla
23,302724,Eric Oelschlägel
24,333527,Odysseus Velanas
25,315574,Thijmen Nijhuis
26,329675,Maarten Paes
27,256971,Hidde ter Avest
28,261082,Bart Ramselaar
29,14044,Eljero Elia
30,17491,Urby Emanuelson
31,22842,Willem Janssen
32,39726,Mark van der Maarel
33,89575,Adam Maher
34,110360,Sander van de Streek
35,123556,Joris van Overeem
36,141875,Gyrano Kerk
37,229520,Django Warmerdam
38,393412,Remco Balk
39,249686,Adrián Dalmau
40,312913,Emil Bergström
41,409052,Benaissa Benamar
42,382582,Tommy St. Jago
