,ID,Name
0,227870,Nikolai Laursen
1,400115,Lucas Bernadou
2,408339,Ben Scholte
3,245626,Glenn Bijl
4,288873,Paul Gladon
5,298805,Michael Verrips
6,302776,Keziah Veendorp
7,302883,Robbert de Vos
8,68590,Dennis Telgenkamp
9,69458,Ferhat Görgülü
10,77725,Michael de Leeuw
11,108283,Caner Cavlan
12,109109,Ricardo van Rhijn
13,112534,Stefan van der Lei
14,113087,Hilal Ben Moussa
15,125157,Miguel Araujo
16,125170,Sergio Peña
17,400053,Jean-Pierre Rhyner
18,409449,Didier La Torre
19,345544,Luka Adzic
20,259802,Simon Tibbling
21,106336,Kerim Frei
22,409129,Jari Vlak
23,403495,Melih Ibrahimoglu
24,147910,Lucas Schoofs
25,367743,Noah Fadiga
26,401096,Mateo Leš
27,104885,Janis Blaswich
28,394980,Marco Rente
29,379731,Orestis Kiomourtzoglou
30,296650,Ismail Azzaoui
31,108935,Robin Pröpper
32,116684,Michael Brouwer
33,369095,Koen Bucker
34,369553,Mats Knoester
35,140505,Rai Vloet
36,367737,Ahmed Kutucu
37,136302,Sinan Bakis
38,322406,Luca de la Torre
39,361875,Delano Burgzorg
40,379728,Navajo Bakboord
41,379729,Adrian Szoke
42,393081,Giacomo Quagliata
43,395830,Kasper Lunding Jakobsen
44,400497,Elias Sierra-Cappelleti
