,ID,Name
0,37360,Lucas Pratto
1,328330,Marcos Senesi
2,24260,Eric Botteghin
3,361879,Luis Sinisterra
4,72595,Nicolai Jørgensen
5,302709,Justin Bijlow
6,82401,Jens Toornstra
7,89793,Nick Marsman
8,89794,Steven Berghuis
9,115863,Mark Diemers
10,122398,Ridgeciano Haps
11,35174,Leroy Fer
12,43004,Bryan Linssen
13,329941,Ramón ten Hove
14,345303,Tyrell Malacia
15,345441,Lutsharel Geertruida
16,142352,João Teixeira
17,127920,Uros Spajic
18,376967,Robert Bozenik
19,355870,Orkun Kökcü
20,384253,Achraf El Bouchataoui
21,411680,Aliou Balde
22,361880,Oussama Darfalou
23,345558,Tomas Hajek
24,330505,Idrissa Touré
25,226599,Maximilian Wittek
26,115869,Oussama Tannane
27,133959,Riechedly Bazoer
28,141965,Jeroen Houwen
29,303076,Danilho Doekhi
30,34550,Remko Pasveer
31,96581,Thomas Bruns
32,401021,Enzo Cornelisse
33,409462,Noah Ohio
34,112719,Sondre Tronstad
35,318295,Matús Bero
36,404389,Enrico Hernández
37,409126,Alois Dominik Oroz
38,363618,Loïs Openda
39,365426,Hilary Gong
40,372333,Bilal Bayazit
41,393407,Armando Broja
42,400281,Million Manhoef
43,400282,Daan Huisman
