,ID,Name
0,83809,Nicolás Tagliafico
1,340105,Lisandro Martínez
2,364315,Antony
3,326505,David Neres
4,400166,Mohammed Kudus
5,322696,Edson Álvarez
6,349932,Noussair Mazraoui
7,83337,Zakaria Labyad
8,299321,Oussama Idrissi
9,4065,Maarten Stekelenburg
10,108860,Davy Klaassen
11,135271,Sean Klaiber
12,355963,Jurgen Ekkelenkamp
13,361867,Kjell Scherpen
14,362732,Perr Schuurs
15,363884,Ryan Gravenberch
16,29474,Dusan Tadic
17,236544,Sébastien Haller
18,373291,Lassina Traoré
19,388650,Jurriën Timber
20,400165,Devyne Rensch
21,404568,Brian Brobbey
22,413209,Daan Reiziger
23,289252,Albert Gudmundsson
24,379783,Yukinari Sugawara
25,83824,Marco Bizot
26,90810,Bruno Martins Indi
27,90834,Hobie Verhulst
28,116641,Timo Letschert
29,36133,Ramon Leeuwin
30,328550,Owen Wijndal
31,328987,Calvin Stengs
32,343308,Teun Koopmeiners
33,391050,Mees Bakker
34,353695,Dani de Wit
35,357081,Myron Boadu
36,363875,Kenzo Goudmijn
37,373340,Zakaria Aboukhlal
38,80137,Fredrik Midtsjø
39,320614,Jesper Karlsson
40,343382,Tijjani Reijnders
41,356742,Håkon Evjen
42,409747,Jelle Duin
