,ID,Name
0,96615,Benjamin van Leer
1,124105,Michael Heylen
2,71267,Jeffry Fortes
3,84195,Lennart Thy
4,225522,Mario Engels
5,25037,Adil Auassar
6,31238,Aaron Meijers
7,44145,Bart Vriends
8,90636,Tom Beugelsdijk
9,133961,Danzell Gravenberch
10,328549,Deroy Duarte
11,349895,Abdou Harroui
12,351721,Michael Fabrie
13,361878,Wouter Burger
14,379741,Dirk Abels
15,379742,Laros Duarte
16,383560,Sven Mijnans
17,400163,Emanuel Emegha
18,322776,Mica Pinto
19,403844,Delano Vianello
20,392339,Maduka Okoye
21,147910,Lucas Schoofs
22,401096,Mateo Leš
23,394980,Marco Rente
24,243161,Daniel Mesenhöler
25,379731,Orestis Kiomourtzoglou
26,361778,Silvester van der Water
27,369095,Koen Bucker
28,369553,Mats Knoester
29,140505,Rai Vloet
30,142242,Jeff Hardeveld
31,35160,Tim Breukers
32,116684,Michael Brouwer
33,400170,Rohat Agca
34,136302,Sinan Bakis
35,322406,Luca de la Torre
36,379729,Adrian Szöke
37,379730,Teun Bijleveld
38,361875,Delano Burgzorg
39,393081,Giacomo Quagliata
40,395830,Kasper Lunding Jakobsen
41,404394,Elias Oubella
