,ID,Name
0,399608,Ahmed Touba
1,143815,Anas Tahiri
2,367742,Cyril Ngonge
3,379713,Lennerd Daneels
4,379712,Said Bakari
5,68850,Kostas Lamprou
6,400277,Nicolas Olsak
7,345511,Vitalie Damascan
8,386605,Ayman Azhil
9,391284,Richard van der Venne
10,393117,Morad El Haddouti
11,380703,Mike Grim
12,348644,Sylla Sow
13,365160,Lars Nieuwpoort
14,63885,Vurnon Anita
15,92984,Ola John
16,322159,Finn Stokkers
17,379705,Etienne Vaessen
18,379706,Juriën Gaari
19,379707,Melle Meulensteen
20,379708,Paul Quasten
21,400278,Thierry Lutonda
22,400276,Luuk Wouters
23,328330,Marcos Senesi
24,24260,Eric Botteghin
25,72595,Nicolai Jørgensen
26,374625,Christian Conteh
27,82401,Jens Toornstra
28,89793,Nick Marsman
29,89794,Steven Berghuis
30,115863,Mark Diemers
31,122398,Ridgeciano Haps
32,43004,Bryan Linssen
33,69525,Luciano Narsingh
34,297527,Bart Nieuwkoop
35,302709,Justin Bijlow
36,329941,Ramón ten Hove
37,345303,Tyrell Malacia
38,345441,Lutsharel Geertruida
39,361877,Jordy Wehrmann
40,142352,João Teixeira
41,127920,Uros Spajic
42,355870,Orkun Kökcü
43,380696,George Johnston
