,ID,Name
0,361880,Oussama Darfalou
1,345558,Tomas Hajek
2,319922,Jacob Rasmussen
3,330505,Idrissa Touré
4,226599,Maximilian Wittek
5,130917,Eli Dasa
6,133959,Riechedly Bazoer
7,141965,Jeroen Houwen
8,34550,Remko Pasveer
9,303076,Danilho Doekhi
10,352844,Thomas Buitink
11,389412,Brend Leeflang
12,401021,Enzo Cornelisse
13,112719,Sondre Tronstad
14,404389,Enrico Duenas Hernández
15,404390,Nouri Cheung
16,393407,Armando Broja
17,400282,Daan Huisman
18,363618,Loïs Openda
19,372333,Bilal Bayazit
20,346767,Mauro Júnior
21,260809,Olivier Boscagli
22,320000,Adrian Fein
23,90235,Lars Unnerstall
24,142466,Philipp Max
25,44096,Eran Zahavi
26,70906,Nick Viergever
27,133305,Jorrit Hendrix
28,351354,Donyell Malen
29,361839,Jordan Teze
30,137327,Ryan Thomas
31,103542,Yvon Mvogo
32,389935,Noni Madueke
33,328075,Ibrahim Sangaré
34,402876,Vincent Müller
35,369107,Mohamed Ihattaren
