,ID,Name
0,260811,Djibril Dianessy
1,342571,Samuel Moutoussamy
2,77471,Sebastian Polter
3,391933,Lazaros Rota
4,104982,Mats Seuntjens
5,243708,Yanick van Osch
6,252209,Jorrit Smeets
7,281508,Roel Janssen
8,361694,Zian Flemming
9,362439,Clint Essers
10,369685,Nassim El Ablak
11,334533,Emil Hansson
12,339499,Jaroslaw Jach
13,329684,Lisandro Semedo
14,127000,Branislav Ninaj
15,320513,Tesfaldet Tekie
16,122291,Martin Angha
17,383604,George Cox
18,346494,Alexei Koselev
19,400060,Joshua Wehking
20,363735,Sam Schreck
21,369525,Ko Itakura
22,141265,Ahmed El Messaoudi
23,255970,Wessel Dammers
24,290832,Alessio Da Cruz
25,298493,Patrick Joosten
26,321871,Mo El Hankouri
27,33002,Bart van Hintum
28,68854,Sergio Padt
29,96626,Nigel Bertrams
30,137368,Damil Dankerlui
31,371293,Jan de Boer
32,355960,Azor Matusiwa
33,364306,Daniël van Kaam
34,393412,Remco Balk
35,333048,Jørgen Strand Larsen
36,322086,Ramon Pascal Lundqvist
37,330549,Gabriel Gudmundsson
38,387049,Miguel Angel Leal
39,391047,Tomas Suslov
40,391049,Thomas Poll
