,ID,Name
0,298718,Dante Rigo
1,310680,Samy Bourard
2,365407,Amar Catic
3,121244,Nikolaos Karelis
4,384871,Ilay Elmkies
5,118137,Dario Del Fabro
6,93475,Ravel Morrison
7,379760,Milan van Ewijk
8,120312,Robert Zwinkels
9,40342,Michiel Kramer
10,67062,John Goossens
11,148512,Bilal Ould-Chikh
12,276402,Peet Bijen
13,301457,Luuk Koopmans
14,321869,Lassana Faye
15,347191,Shaquille Pinas
16,372331,Andrei Ratiu
17,389479,Boy Kemper
18,400171,Kees de Boer
19,400172,Vicente Besuijen
20,401071,David Lennart Philipp
21,402120,Pascu
22,384395,Jonas Arweiler
23,300755,Pantelis Hatzidiakos
24,289252,Albert Gudmundsson
25,379783,Yukinari Sugawara
26,328550,Owen Wijndal
27,328987,Calvin Stengs
28,343308,Teun Koopmeiners
29,353695,Dani de Wit
30,363875,Kenzo Goudmijn
31,297496,André Krul
32,83824,Marco Bizot
33,90810,Bruno Martins Indi
34,36133,Ramon Leeuwin
35,80137,Fredrik Midtsjø
36,371314,Elber Evora
37,404191,Maxim Gullit
38,404192,Tijs Velthuis
39,404488,Des Kunst
40,404489,Fedde de Jong
41,404490,Yusuf Barasi
42,320614,Jesper Karlsson
