,ID,Name
0,302644,Dario Dumic
1,291964,Vaclav Cerny
2,308754,Lazaros Lamprou
3,327903,Kik Pierie
4,357080,Godfried Roemeratoe
5,29281,Wout Brama
6,123622,Xandro Schenk
7,247849,Queensy Menig
8,275012,Joël Drommel
9,379702,Jesse Bosch
10,379703,Jeffrey de Lange
11,387682,Ennio Van der Gouw
12,400055,Jayden Oosterwolde
13,400056,Nathangelo Markelo
14,400058,Thijs van Leeuwen
15,400059,Gijs Smal
16,232248,Tyronne Ebuehi
17,318754,Julio Pleguezuelo
18,320626,Alexander Jeremejeff
19,367522,Danilo
20,379699,Lindon Selahi
21,379701,Ramiz Zerrouki
22,369525,Ko Itakura
23,141265,Ahmed El Messaoudi
24,255970,Wessel Dammers
25,298493,Patrick Joosten
26,321871,Mo El Hankouri
27,371293,Jan de Boer
28,381718,Romano Postema
29,355960,Azor Matusiwa
30,364306,Daniël van Kaam
31,33002,Bart van Hintum
32,68854,Sergio Padt
33,96626,Nigel Bertrams
34,137368,Damil Dankerlui
35,391048,Kian Slor
36,393412,Remco Balk
37,333048,Jørgen Strand Larsen
38,322086,Ramon Pascal Lundqvist
39,383640,Leonel Miguel
40,387049,Miguel Angel Leal
41,391047,Tomas Suslov
42,391049,Thomas Poll
