,ID,Name
0,400244,Benson Manuel
1,104906,Thomas Lam
2,132420,Rico Strieder
3,24764,Reza Ghoochannejhad
4,369545,Yuta Nakayama
5,379595,Xavier Mous
6,120454,Virgil Misidjan
7,380731,Sam Kersten
8,34108,Bram van Polen
9,81962,Jesper Drost
10,96626,Nigel Bertrams
11,97101,Mustafa Saymak
12,100608,Mike van Duinen
13,231106,Kenneth Paal
14,317693,Mike Hauptmeijer
15,352844,Thomas Buitink
16,361695,Thomas van den Belt
17,365152,Eliano Reijnders
18,404099,Samir Lagsir
19,404370,Rav van den Berg
20,394981,Immanuel Pherai
21,379596,Dean Huiberts
22,379597,Marc-Olivier Doué
23,404764,Tibor Halilovic
24,22300,Lasse Schöne
25,389378,Oliver Batista Meier
26,56828,Ariel Harush
27,136066,Lucas Woudenberg
28,322157,Sherel Floranus
29,342814,Rodney Kongolo
30,365402,Jan Paul van Hecke
31,369119,Arjen van der Heide
32,32196,Siem de Jong
33,34171,Erwin Mulder
34,261017,Henk Veerman
35,296543,Jan Bekkema
36,301423,Mitchell van Bergen
37,382556,Joey Veerman
38,142376,Pawel Bochniewicz
39,399618,Benjamin Nygren
40,371073,Rami Hajal
41,321192,Ibrahim Dresevic
42,321193,Rami Kaib
43,409160,Syb van Ottele
