,ID,Name
0,400117,Denis Granecny
1,227870,Nikolai Laursen
2,400115,Lucas Bernadou
3,80426,Felix Wiedwald
4,302776,Keziah Veendorp
5,302883,Robbert de Vos
6,30121,Anco Jansen
7,68590,Dennis Telgenkamp
8,69458,Ferhat Görgülü
9,77725,Michael de Leeuw
10,108283,Caner Cavlan
11,109109,Ricardo van Rhijn
12,112534,Stefan van der Lei
13,113087,Hilal Ben Moussa
14,121666,Nick Bakker
15,125157,Miguel Araujo
16,125170,Sergio Peña
17,259802,Simon Tibbling
18,106336,Kerim Frei
19,409129,Jari Vlak
20,409449,Didier La Torre
21,142078,Donis Avdijaj
22,346767,Mauro Júnior
23,260809,Olivier Boscagli
24,320000,Adrian Fein
25,141328,Timo Baumgartl
26,142466,Philipp Max
27,90235,Lars Unnerstall
28,44096,Eran Zahavi
29,137460,Erick Gutiérrez
30,322153,Denzel Dumfries
31,351354,Donyell Malen
32,361839,Jordan Teze
33,369542,Joël Piroe
34,329647,Pablo Rosario
35,137327,Ryan Thomas
36,103542,Yvon Mvogo
37,328075,Ibrahim Sangaré
38,400273,Maxime Delanghe
39,403097,Fredrik Oppegard
40,404225,Shurandy Sambo
41,409538,Jeremy Antonisse
42,409539,Mees Kreekels
