,ID,Name
0,104906,Thomas Lam
1,132420,Rico Strieder
2,280191,Michael Zetterer
3,24764,Reza Ghoochannejhad
4,369545,Yuta Nakayama
5,380731,Sam Kersten
6,379595,Xavier Mous
7,317693,Mike Hauptmeijer
8,352844,Thomas Buitink
9,361695,Thomas van den Belt
10,365152,Eliano Reijnders
11,34108,Bram van Polen
12,120454,Virgil Misidjan
13,244640,Clint Leemans
14,279173,Pelle Clement
15,279429,Sai van Wermeskerken
16,394981,Immanuel Pherai
17,404099,Samir Lagsir
18,379596,Dean Huiberts
19,379597,Marc-Olivier Doué
20,147910,Lucas Schoofs
21,367743,Noah Fadiga
22,401096,Mateo Leš
23,104885,Janis Blaswich
24,394980,Marco Rente
25,379731,Orestis Kiomourtzoglou
26,296650,Ismail Azzaoui
27,361778,Silvester van der Water
28,369095,Koen Bucker
29,108935,Robin Pröpper
30,116684,Michael Brouwer
31,140505,Rai Vloet
32,142242,Jeff Hardeveld
33,383580,Jeremy Cijntje
34,35160,Tim Breukers
35,367737,Ahmed Kutucu
36,136302,Sinan Bakis
37,322406,Luca de la Torre
38,361875,Delano Burgzorg
39,379729,Adrian Szöke
40,379730,Teun Bijleveld
41,393081,Giacomo Quagliata
