,ID,Name
0,363735,Sam Schreck
1,369525,Ko Itakura
2,371293,Jan de Boer
3,379687,Thijs Dallinga
4,364306,Daniël van Kaam
5,321871,Mo El Hankouri
6,33002,Bart van Hintum
7,68854,Sergio Padt
8,91123,Mike te Wierik
9,137368,Damil Dankerlui
10,255970,Wessel Dammers
11,290832,Alessio Da Cruz
12,298493,Patrick Joosten
13,391048,Kian Slor
14,391304,Joël van Kaam
15,333048,Jørgen Strand Larsen
16,320941,Per Kristian Bråtveit
17,322086,Ramon Pascal Lundqvist
18,330549,Gabriel Gudmundsson
19,387049,Miguel Angel Leal
20,391047,Tomas Suslov
21,379185,Martin Fraisl
22,310680,Samy Bourard
23,365407,Amar Catic
24,401099,Tomislav Gomelt
25,121244,Nikolaos Karelis
26,118137,Dario Del Fabro
27,347191,Shaquille Pinas
28,379760,Milan van Ewijk
29,141725,Ricardo Kishna
30,148512,Bilal Ould-Chikh
31,301457,Luuk Koopmans
32,19499,Gianni Zuiverloon
33,40342,Michiel Kramer
34,67062,John Goossens
35,67063,Marko Vejinovic
36,372331,Andrei Ratiu
37,389479,Boy Kemper
38,400171,Kees de Boer
39,400172,Vicente Besuijen
40,400173,Jamal Amofa
41,401071,David Lennart Philipp
42,402120,Pascu
43,403820,Juan Familia-Castillo
