,ID,Name
0,260811,Djibril Dianessy
1,77471,Sebastian Polter
2,391933,Lazaros Rota
3,369685,Nassim El Ablak
4,361694,Zian Flemming
5,362439,Clint Essers
6,104982,Mats Seuntjens
7,243708,Yanick van Osch
8,252209,Jorrit Smeets
9,281508,Roel Janssen
10,334533,Emil Hansson
11,329684,Lisandro Semedo
12,127000,Branislav Ninaj
13,320513,Tesfaldet Tekie
14,122291,Martin Angha
15,380695,Bassala Sambou
16,383604,George Cox
17,346494,Alexei Koselev
18,368266,Tom Hendriks
19,300755,Pantelis Hatzidiakos
20,289252,Albert Gudmundsson
21,379783,Yukinari Sugawara
22,400978,Beau Reus
23,357081,Myron Boadu
24,373340,Zakaria Aboukhlal
25,351310,Ferdy Druijf
26,353695,Dani de Wit
27,328550,Owen Wijndal
28,343308,Teun Koopmeiners
29,83824,Marco Bizot
30,90834,Hobie Verhulst
31,116641,Timo Letschert
32,276442,Joris Kramer
33,36133,Ramon Leeuwin
34,80137,Fredrik Midtsjø
35,81247,Jonas Svensson
36,356742,Håkon Evjen
37,343382,Tijjani Reijnders
