,ID,Name
0,83809,Nicolás Tagliafico
1,340105,Lisandro Martínez
2,326505,David Neres
3,364315,Antony
4,260843,André Onana
5,322696,Edson Álvarez
6,83337,Zakaria Labyad
7,349932,Noussair Mazraoui
8,401122,Kenneth Taylor
9,355963,Jurgen Ekkelenkamp
10,362732,Perr Schuurs
11,4065,Maarten Stekelenburg
12,8013,Klaas Jan Huntelaar
13,70033,Daley Blind
14,83333,Quincy Promes
15,29474,Dusan Tadic
16,379205,Sergiño Dest
17,388650,Jurrien Timber
18,400165,Devyne Rensch
19,400166,Mohammed Kudus
20,365432,Dominik Kotarski
21,373291,Lassina Traoré
22,361880,Oussama Darfalou
23,345558,Tomas Hajek
24,226599,Maximilian Wittek
25,330505,Idrissa Touré
26,130917,Eli Dasa
27,115869,Oussama Tannane
28,303076,Danilho Doekhi
29,133959,Riechedly Bazoer
30,141965,Jeroen Houwen
31,34550,Remko Pasveer
32,96581,Thomas Bruns
33,352844,Thomas Buitink
34,400280,Job Froeling
35,401021,Enzo Cornelisse
36,112719,Sondre Tronstad
37,318295,Matús Bero
38,363618,Loïs Openda
39,380663,Patrick Vroegh
40,393407,Armando Broja
41,400281,Million Manhoef
