,ID,Name
0,280191,Michael Zetterer
1,24764,Reza Ghoochannejhad
2,369545,Yuta Nakayama
3,379598,Jarno Westerman
4,380731,Sam Kersten
5,379595,Xavier Mous
6,317693,Mike Hauptmeijer
7,361695,Thomas van den Belt
8,365152,Eliano Reijnders
9,367257,Destan Bajselmani
10,34108,Bram van Polen
11,81962,Jesper Drost
12,97101,Mustafa Saymak
13,100608,Mike van Duinen
14,231106,Kenneth Paal
15,244640,Clint Leemans
16,279429,Sai van Wermeskerken
17,394981,Immanuel Pherai
18,402068,Slobodan Tedic
19,379596,Dean Huiberts
20,379597,Marc-Olivier Doué
21,96615,Benjamin van Leer
22,71267,Jeffry Fortes
23,84195,Lennart Thy
24,25037,Adil Auassar
25,31238,Aaron Meijers
26,44145,Bart Vriends
27,90636,Tom Beugelsdijk
28,133309,Mohamed Rayhi
29,133961,Danzell Gravenberch
30,349895,Abdou Harroui
31,351721,Michael Fabrie
32,379741,Dirk Abels
33,379742,Laros Duarte
34,383560,Sven Mijnans
35,400163,Emanuel Emegha
36,322776,Mica Pinto
37,392339,Maduka Okoye
38,400162,Lorenzo Fonseca
