,ID,Name
0,367190,Sieben Dewaele
1,389378,Oliver Batista Meier
2,379734,Hamdi Akujobi
3,382556,Joey Veerman
4,369119,Arjen van der Heide
5,322157,Sherel Floranus
6,342814,Rodney Kongolo
7,365402,Jan-Paul van Hecke
8,34171,Erwin Mulder
9,136066,Lucas Woudenberg
10,261017,Henk Veerman
11,301423,Mitchell van Bergen
12,142376,Pawel Bochniewicz
13,321192,Ibrahim Dresevic
14,371073,Rami Hajal
15,389128,Rein Smit
16,400007,Jaimy Kroesen
17,400009,Couhaib Driouech
18,35743,Thorsten Kirschbaum
19,146718,Tobias Pachonik
20,320799,Steffen Schäfer
21,347809,Georgios Giakoumakis
22,355961,Evert Linthorst
23,361793,Aaron Bastiaans
24,361795,Yahcuroo Roemer
25,362570,Simon Janssen
26,363052,Stan van Dijck
27,391286,Wassim Essanoussi
28,343311,Tristan Dekker
29,343314,Vito van Crooij
30,343315,Bram Verbong
31,344124,Danny Post
32,34246,Christian Kum
33,254253,Jafar Arias
34,285951,Delano van Crooij
35,35953,Josua John
36,74627,Guus Hupperts
37,391973,Roy Gelmi
38,400120,Nezar S'Rifi
