,ID,Name
0,379185,Martin Fraisl
1,365407,Amar Catic
2,118137,Dario Del Fabro
3,141725,Ricardo Kishna
4,148512,Bilal Ould-Chikh
5,301457,Luuk Koopmans
6,303113,Abdenasser El Khayati
7,347191,Shaquille Pinas
8,40342,Michiel Kramer
9,67062,John Goossens
10,67063,Marko Vejinovic
11,83442,Youness Mokhtar
12,379760,Milan van Ewijk
13,382238,Bobby Adekanye
14,384395,Jonas Arweiler
15,389479,Boy Kemper
16,400171,Kees de Boer
17,400172,Vicente Besuijen
18,400173,Jamal Amofa
19,401071,David Lennart Philipp
20,402120,Pascu
21,403820,Juan Familia-Castillo
22,411014,Cain Seedorf
23,143815,Anas Tahiri
24,367742,Cyril Ngonge
25,379713,Lennerd Daneels
26,399608,Ahmed Touba
27,379712,Said Bakari
28,68850,Kostas Lamprou
29,386605,Ayman Azhil
30,391284,Richard van der Venne
31,400279,David Min
32,405003,Thijs Oosting
33,92984,Ola John
34,23373,Hans Mulder
35,63885,Vurnon Anita
36,322159,Finn Stokkers
37,348644,Sylla Sow
38,365160,Lars Nieuwpoort
39,380703,Mike Grim
40,379705,Etienne Vaessen
41,379706,Juriën Gaari
42,379707,Melle Meulensteen
43,379708,Paul Quasten
44,400278,Thierry Lutonda
