,ID,Name
0,362459,Othmane Boussaid
1,344041,Moussa Sylla
2,302724,Eric Oelschlägel
3,333527,Odysseus Velanas
4,315574,Thijmen Nijhuis
5,329675,Maarten Paes
6,17491,Urby Emanuelson
7,22842,Willem Janssen
8,39726,Mark van der Maarel
9,89575,Adam Maher
10,110360,Sander van de Streek
11,123556,Joris van Overeem
12,141875,Gyrano Kerk
13,229520,Django Warmerdam
14,238997,Mimoun Mahi
15,256971,Hidde ter Avest
16,261082,Bart Ramselaar
17,312913,Emil Bergström
18,382582,Tommy St. Jago
19,409052,Benaissa Benamar
20,125093,Marko Kolar
21,227870,Nikolai Laursen
22,245626,Glenn Bijl
23,288873,Paul Gladon
24,298805,Michael Verrips
25,302776,Keziah Veendorp
26,302883,Robbert de Vos
27,68590,Dennis Telgenkamp
28,69458,Ferhat Görgülü
29,77725,Michael de Leeuw
30,108283,Caner Cavlan
31,109109,Ricardo van Rhijn
32,112534,Stefan van der Lei
33,113087,Hilal Ben Moussa
34,121666,Nick Bakker
35,125157,Miguel Araujo
36,125170,Sergio Peña
37,400053,Jean-Pierre Rhyner
38,345544,Luka Adzic
39,259802,Simon Tibbling
40,106336,Kerim Frei
41,409129,Jari Vlak
42,409449,Didier La Torre
