,ID,Name
0,243516,Ante Coric
1,280677,Zinedine Machach
2,35743,Thorsten Kirschbaum
3,303078,Leon Guwara
4,320799,Steffen Schäfer
5,146718,Tobias Pachonik
6,347809,Georgios Giakoumakis
7,121784,Christos Donis
8,136164,Torino Hunte
9,33662,Arjan Swinkels
10,34246,Christian Kum
11,285951,Delano van Crooij
12,254253,Jafar Arias
13,355961,Evert Linthorst
14,361793,Aaron Bastiaans
15,361795,Yahcuroo Roemer
16,362570,Simon Janssen
17,391286,Wassim Essanoussi
18,343314,Vito van Crooij
19,343315,Bram Verbong
20,344124,Danny Post
21,341715,Kristopher Da Graca
22,391973,Roy Gelmi
23,361880,Oussama Darfalou
24,345558,Tomas Hajek
25,319922,Jacob Rasmussen
26,330505,Idrissa Touré
27,226599,Maximilian Wittek
28,130917,Eli Dasa
29,115869,Oussama Tannane
30,34550,Remko Pasveer
31,96581,Thomas Bruns
32,133959,Riechedly Bazoer
33,141965,Jeroen Houwen
34,303076,Danilho Doekhi
35,401021,Enzo Cornelisse
36,318295,Matús Bero
37,409126,Alois Dominik Oroz
38,409462,Noah Ohio
39,363618,Loïs Openda
40,372333,Bilal Bayazit
41,380663,Patrick Vroegh
42,393407,Armando Broja
43,400281,Million Manhoef
44,400282,Daan Huisman
