,ID,Name
0,143815,Anas Tahiri
1,379713,Lennerd Daneels
2,383972,Sebbe Augustijns
3,399608,Ahmed Touba
4,379712,Said Bakari
5,68850,Kostas Lamprou
6,400277,Nicolas Olsak
7,345511,Vitalie Damascan
8,386605,Ayman Azhil
9,391284,Richard van der Venne
10,380703,Mike Grim
11,400279,David Min
12,405003,Thijs Oosting
13,348644,Sylla Sow
14,365160,Lars Nieuwpoort
15,379705,Etienne Vaessen
16,379706,Juriën Gaari
17,379707,Melle Meulensteen
18,379708,Paul Quasten
19,23373,Hans Mulder
20,322159,Finn Stokkers
21,400278,Thierry Lutonda
22,329842,Thibaud Verlinden
23,391257,Mickael Tirpan
24,379785,Adnan Ugur
25,342571,Samuel Moutoussamy
26,321391,Gregoire Amiot
27,391933,Lazaros Rota
28,90830,Ben Rienstra
29,104982,Mats Seuntjens
30,120304,Leroy George
31,243708,Yanick van Osch
32,252209,Jorrit Smeets
33,361694,Zian Flemming
34,362439,Clint Essers
35,369685,Nassim El Ablak
36,407647,Arian Kastrati
37,334533,Emil Hansson
38,329684,Lisandro Semedo
39,320513,Tesfaldet Tekie
40,122291,Martin Angha
41,383604,George Cox
42,346494,Alexei Koselev
43,391953,Mike van Beijnen
44,400060,Joshua Wehking
