,ID,Name
0,367190,Sieben Dewaele
1,404764,Tibor Halilovic
2,389378,Oliver Batista Meier
3,56828,Ariel Harush
4,136066,Lucas Woudenberg
5,32196,Siem de Jong
6,34171,Erwin Mulder
7,261017,Henk Veerman
8,296543,Jan Bekkema
9,301423,Mitchell van Bergen
10,379734,Hamdi Akujobi
11,382556,Joey Veerman
12,369119,Arjen van der Heide
13,322157,Sherel Floranus
14,342814,Rodney Kongolo
15,365402,Jan Paul van Hecke
16,142376,Pawel Bochniewicz
17,321192,Ibrahim Dresevic
18,321193,Rami Kaib
19,371073,Rami Hajal
20,399618,Benjamin Nygren
21,409160,Syb van Ottele
22,328330,Marcos Senesi
23,37360,Lucas Pratto
24,24260,Eric Botteghin
25,361879,Luis Sinisterra
26,72595,Nicolai Jørgensen
27,374625,Christian Conteh
28,82401,Jens Toornstra
29,89793,Nick Marsman
30,89794,Steven Berghuis
31,115863,Mark Diemers
32,122398,Ridgeciano Haps
33,124274,Sven van Beek
34,35174,Leroy Fer
35,329941,Ramón ten Hove
36,345303,Tyrell Malacia
37,345441,Lutsharel Geertruida
38,361877,Jordy Wehrmann
39,43004,Bryan Linssen
40,382593,Marouan Azarkan
41,297527,Bart Nieuwkoop
42,127920,Uros Spajic
43,376967,Robert Bozenik
44,408489,Tein Troost
