,ID,Name
0,300755,Pantelis Hatzidiakos
1,289252,Albert Gudmundsson
2,379783,Yukinari Sugawara
3,391050,Mees Bakker
4,404191,Maxim Gullit
5,36133,Ramon Leeuwin
6,83824,Marco Bizot
7,90802,Jordy Clasie
8,90810,Bruno Martins Indi
9,90834,Hobie Verhulst
10,116641,Timo Letschert
11,328550,Owen Wijndal
12,328987,Calvin Stengs
13,343308,Teun Koopmeiners
14,357081,Myron Boadu
15,363875,Kenzo Goudmijn
16,373340,Zakaria Aboukhlal
17,80137,Fredrik Midtsjø
18,320614,Jesper Karlsson
19,343382,Tijjani Reijnders
20,356742,Håkon Evjen
21,362459,Othmane Boussaid
22,344041,Moussa Sylla
23,302724,Eric Oelschlägel
24,17491,Urby Emanuelson
25,22842,Willem Janssen
26,39726,Mark van der Maarel
27,89575,Adam Maher
28,110360,Sander van de Streek
29,123556,Joris van Overeem
30,141875,Gyrano Kerk
31,229520,Django Warmerdam
32,312702,Justin Hoogma
33,315574,Thijmen Nijhuis
34,329675,Maarten Paes
35,357396,Mohamed Mallahi
36,256971,Hidde ter Avest
37,261082,Bart Ramselaar
38,280289,Giovanni Troupée
39,393412,Remco Balk
40,249686,Adrián Dalmau
41,382582,Tommy St. Jago
42,409052,Benaissa Benamar
43,409244,Jeredy Hilterman
