,ID,Name
0,291964,Vaclav Cerny
1,308754,Lazaros Lamprou
2,275012,Joël Drommel
3,29281,Wout Brama
4,327903,Kik Pierie
5,357080,Godfried Roemeratoe
6,357083,Halil Dervisoglu
7,379702,Jesse Bosch
8,379703,Jeffrey de Lange
9,387682,Ennio van der Gouw
10,400058,Thijs van Leeuwen
11,400059,Gijs Smal
12,232248,Tyronne Ebuehi
13,361898,Luka Ilic
14,318754,Julio Pleguezuelo
15,320626,Alexander Jeremejeff
16,367522,Danilo
17,379699,Lindon Selahi
18,379701,Ramiz Zerrouki
19,402819,Mees Hilgers
20,405560,Daan Rots
21,406780,Max Bruns
22,400057,Casper Staring
23,143815,Anas Tahiri
24,367742,Cyril Ngonge
25,379713,Lennerd Daneels
26,399608,Ahmed Touba
27,379712,Said Bakari
28,68850,Kostas Lamprou
29,400277,Nicolas Olsak
30,345511,Vitalie Damascan
31,386605,Ayman Azhil
32,391284,Richard van der Venne
33,380703,Mike Grim
34,365160,Lars Nieuwpoort
35,379705,Etienne Vaessen
36,379706,Juriën Gaari
37,379707,Melle Meulensteen
38,379708,Paul Quasten
39,92984,Ola John
40,322159,Finn Stokkers
41,23373,Hans Mulder
42,63885,Vurnon Anita
43,400278,Thierry Lutonda
