,ID,Name
0,328686,Daniel Arzani
1,362459,Othmane Boussaid
2,303078,Leon Guwara
3,333527,Odysseus Velanas
4,315574,Thijmen Nijhuis
5,312702,Justin Hoogma
6,329675,Maarten Paes
7,379762,Justin Lonwijk
8,14044,Eljero Elia
9,17491,Urby Emanuelson
10,39726,Mark van der Maarel
11,110360,Sander van de Streek
12,135271,Sean Klaiber
13,141875,Gyrano Kerk
14,229520,Django Warmerdam
15,238997,Mimoun Mahi
16,261082,Bart Ramselaar
17,280289,Giovanni Troupée
18,283351,Simon Gustafson
19,312913,Emil Bergström
20,382582,Tommy St. Jago
21,400823,Davy van den Berg
22,143815,Anas Tahiri
23,367742,Cyril Ngonge
24,379713,Lennerd Daneels
25,399608,Ahmed Touba
26,379712,Said Bakari
27,68850,Kostas Lamprou
28,400277,Nicolas Olsak
29,345511,Vitalie Damascan
30,348644,Sylla Sow
31,365160,Lars Nieuwpoort
32,300631,James Efmorfidis
33,322159,Finn Stokkers
34,23373,Hans Mulder
35,63885,Vurnon Anita
36,380703,Mike Grim
37,393117,Morad El Haddouti
38,379705,Etienne Vaessen
39,379706,Juriën Gaari
40,379707,Melle Meulensteen
41,400278,Thierry Lutonda
42,400276,Luuk Wouters
