,ID,Name
0,328330,Marcos Senesi
1,329941,Ramón ten Hove
2,345441,Lutsharel Geertruida
3,297527,Bart Nieuwkoop
4,302709,Justin Bijlow
5,361878,Wouter Burger
6,35174,Leroy Fer
7,43004,Bryan Linssen
8,69525,Luciano Narsingh
9,82401,Jens Toornstra
10,89793,Nick Marsman
11,89794,Steven Berghuis
12,122398,Ridgeciano Haps
13,142352,João Teixeira
14,376967,Robert Bozenik
15,355870,Orkun Kökcü
16,380696,George Johnston
17,298718,Dante Rigo
18,310680,Samy Bourard
19,365407,Amar Catic
20,321869,Lassana Faye
21,347191,Shaquille Pinas
22,301457,Luuk Koopmans
23,40342,Michiel Kramer
24,67062,John Goossens
25,120312,Robert Zwinkels
26,122972,Danny Bakker
27,148512,Bilal Ould-Chikh
28,276402,Peet Bijen
29,379760,Milan van Ewijk
30,379764,Youri Schoonderwaldt
31,372331,Andrei Ratiu
32,384395,Jonas Arweiler
33,389479,Boy Kemper
34,400171,Kees de Boer
35,400172,Vicente Besuijen
36,400173,Jamal Amofa
37,402120,Pascu
