,ID,Name
0,400119,Sekou Sidibe
1,125093,Marko Kolar
2,400117,Denis Granecny
3,227870,Nikolai Laursen
4,400115,Lucas Bernadou
5,302883,Robbert de Vos
6,380635,Robin Jalving
7,245626,Glenn Bijl
8,30121,Anco Jansen
9,68590,Dennis Telgenkamp
10,77725,Michael de Leeuw
11,108283,Caner Cavlan
12,112534,Stefan van der Lei
13,113087,Hilal Ben Moussa
14,121666,Nick Bakker
15,125157,Miguel Araujo
16,125170,Sergio Peña
17,259802,Simon Tibbling
18,254684,Desevio Payne
19,402024,Luciano Carty
20,399366,Behadil Sabani
21,400116,Aron Timmerman
22,343390,Jorn Brondeel
23,279751,Görkem Saglam
24,323531,Mats Köhlert
25,365389,John Yeboah
26,330514,Vangelis Pavlidis
27,361791,Driess Saddiki
28,38423,Robbin Ruiter
29,81475,Miquel Nelom
30,379600,Connor van den Berg
31,109581,Pol Llonch
32,113079,Sebastian Holmén
33,383581,Mike Trésor
34,400010,Derrick Kohn
35,400011,Jasper Dahlhaus
36,400012,Wesley Spieringhs
37,400013,Jop van den Avert
38,400014,Vincent Schippers
39,379599,Ché Nunnely
