,ID,Name
0,147910,Lucas Schoofs
1,401096,Mateo Leš
2,394980,Marco Rente
3,379731,Orestis Kiomourtzoglou
4,383580,Jeremy Cijntje
5,361778,Silvester van der Water
6,369095,Koen Bucker
7,369553,Mats Knoester
8,140505,Rai Vloet
9,142242,Jeff Hardeveld
10,35160,Tim Breukers
11,108935,Robin Pröpper
12,116684,Michael Brouwer
13,136302,Sinan Bakis
14,322406,Luca de la Torre
15,379729,Adrian Szöke
16,379730,Teun Bijleveld
17,361875,Delano Burgzorg
18,393081,Giacomo Quagliata
19,402163,Harm Dieker
20,346767,Mauro Júnior
21,361838,Michal Sadilek
22,260809,Olivier Boscagli
23,141328,Timo Baumgartl
24,142466,Philipp Max
25,133305,Jorrit Hendrix
26,70906,Nick Viergever
27,322153,Denzel Dumfries
28,329647,Pablo Rosario
29,361839,Jordan Teze
30,351354,Donyell Malen
31,352825,Cody Gakpo
32,137327,Ryan Thomas
33,117980,Bruma
34,103542,Yvon Mvogo
35,389935,Noni Madueke
36,400273,Maxime Delanghe
37,369107,Mohamed Ihattaren
