,ID,Name
0,96615,Benjamin van Leer
1,124105,Michael Heylen
2,71267,Jeffry Fortes
3,84195,Lennart Thy
4,225522,Mario Engels
5,25037,Adil Auassar
6,31238,Aaron Meijers
7,44145,Bart Vriends
8,77706,Bryan Smeets
9,90636,Tom Beugelsdijk
10,133961,Danzell Gravenberch
11,328549,Deroy Duarte
12,349895,Abdou Harroui
13,351721,Michael Fabrie
14,361878,Wouter Burger
15,379741,Dirk Abels
16,379742,Laros Duarte
17,383560,Sven Mijnans
18,406754,Reda Kharchouch
19,400163,Emanuel Emegha
20,322776,Mica Pinto
21,403844,Delano Vianello
22,392339,Maduka Okoye
23,343390,Jorn Brondeel
24,279751,Görkem Saglam
25,346731,Kwasi Okyere Wriedt
26,323531,Mats Köhlert
27,330514,Vangelis Pavlidis
28,322083,Leeroy Owusu
29,379600,Connor van den Berg
30,379601,Rick Zuijderwijk
31,332960,Victor van den Bogert
32,124274,Sven van Beek
33,109581,Pol Llonch
34,113079,Sebastian Holmén
35,383581,Mike Trésor
36,400010,Derrick Köhn
37,400012,Wesley Spieringhs
38,400013,Jop van den Avert
39,400014,Vincent Schippers
40,402852,Ole Romeny
41,410324,Ian Smeulers
42,379599,Ché Nunnely
43,362426,Arijanet Muric
