,ID,Name
0,260809,Olivier Boscagli
1,320000,Adrian Fein
2,80382,Mario Götze
3,90235,Lars Unnerstall
4,141328,Timo Baumgartl
5,142466,Philipp Max
6,44096,Eran Zahavi
7,137460,Erick Gutiérrez
8,70906,Nick Viergever
9,85470,Marco van Ginkel
10,322153,Denzel Dumfries
11,329647,Pablo Rosario
12,345333,Armando Obispo
13,351354,Donyell Malen
14,361839,Jordan Teze
15,369542,Joël Piroe
16,137327,Ryan Thomas
17,103542,Yvon Mvogo
18,400273,Maxime Delanghe
19,408059,Yorbe Vertessen
20,340105,Lisandro Martínez
21,364315,Antony
22,326505,David Neres
23,400166,Mohammed Kudus
24,322696,Edson Álvarez
25,299321,Oussama Idrissi
26,4065,Maarten Stekelenburg
27,70033,Daley Blind
28,108860,Davy Klaassen
29,135271,Sean Klaiber
30,355963,Jurgen Ekkelenkamp
31,361867,Kjell Scherpen
32,362732,Perr Schuurs
33,363884,Ryan Gravenberch
34,29474,Dusan Tadic
35,236544,Sébastien Haller
36,373291,Lassina Traoré
37,388650,Jurriën Timber
38,400165,Devyne Rensch
39,404568,Brian Brobbey
40,411078,Quinten Timber
41,411079,Calvin Raatsie
