,ID,Name
0,363735,Sam Schreck
1,369525,Ko Itakura
2,371293,Jan de Boer
3,364306,Daniël van Kaam
4,321871,Mo El Hankouri
5,33002,Bart van Hintum
6,68854,Sergio Padt
7,91123,Mike te Wierik
8,137368,Damil Dankerlui
9,255970,Wessel Dammers
10,290832,Alessio Da Cruz
11,298493,Patrick Joosten
12,391048,Kian Slor
13,391304,Joël van Kaam
14,333048,Jørgen Strand Larsen
15,320941,Per Kristian Bråtveit
16,322086,Ramon Pascal Lundqvist
17,406537,Paulos Abraham
18,387049,Miguel Angel Leal
19,391047,Tomas Suslov
20,255946,Dario Van den Buijs
21,329842,Thibaud Verlinden
22,391257,Mickael Tirpan
23,342571,Samuel Moutoussamy
24,77471,Sebastian Polter
25,391933,Lazaros Rota
26,90830,Ben Rienstra
27,104982,Mats Seuntjens
28,34546,Piet Velthuizen
29,281508,Roel Janssen
30,361694,Zian Flemming
31,362439,Clint Essers
32,369685,Nassim El Ablak
33,407647,Arian Kastrati
34,334533,Emil Hansson
35,329684,Lisandro Semedo
36,320513,Tesfaldet Tekie
37,122291,Martin Angha
38,383604,George Cox
39,410249,Dimitrios Emmanouilidis
40,346494,Alexei Koselev
41,391953,Mike van Beijnen
42,400060,Joshua Wehking
