,ID,Name
0,300755,Pantelis Hatzidiakos
1,289252,Albert Gudmundsson
2,379783,Yukinari Sugawara
3,400978,Beau Reus
4,404191,Maxim Gullit
5,83824,Marco Bizot
6,90802,Jordy Clasie
7,90810,Bruno Martins Indi
8,90834,Hobie Verhulst
9,116641,Timo Letschert
10,328550,Owen Wijndal
11,328987,Calvin Stengs
12,343308,Teun Koopmeiners
13,353695,Dani de Wit
14,357081,Myron Boadu
15,363875,Kenzo Goudmijn
16,373340,Zakaria Aboukhlal
17,80137,Fredrik Midtsjø
18,81247,Jonas Svensson
19,409747,Jelle Duin
20,320614,Jesper Karlsson
21,356742,Håkon Evjen
22,343382,Tijjani Reijnders
23,37360,Lucas Pratto
24,328330,Marcos Senesi
25,24260,Eric Botteghin
26,361879,Luis Sinisterra
27,72595,Nicolai Jørgensen
28,374625,Christian Conteh
29,35174,Leroy Fer
30,43004,Bryan Linssen
31,297527,Bart Nieuwkoop
32,302709,Justin Bijlow
33,82401,Jens Toornstra
34,89793,Nick Marsman
35,89794,Steven Berghuis
36,115863,Mark Diemers
37,122398,Ridgeciano Haps
38,329941,Ramón ten Hove
39,345303,Tyrell Malacia
40,345441,Lutsharel Geertruida
41,142352,João Teixeira
42,127920,Uros Spajic
43,376967,Robert Bozenik
44,355870,Orkun Kökcü
45,384253,Achraf El Bouchataoui
