,ID,Name
0,96615,Benjamin van Leer
1,124105,Michael Heylen
2,71267,Jeffry Fortes
3,84195,Lennart Thy
4,225522,Mario Engels
5,25037,Adil Auassar
6,133961,Danzell Gravenberch
7,90636,Tom Beugelsdijk
8,77706,Bryan Smeets
9,328549,Deroy Duarte
10,349895,Abdou Harroui
11,351721,Michael Fabrie
12,361878,Wouter Burger
13,379741,Dirk Abels
14,379742,Laros Duarte
15,383560,Sven Mijnans
16,400163,Emanuel Emegha
17,406754,Reda Kharchouch
18,322776,Mica Pinto
19,409075,Jason Meerstadt
20,403844,Delano Vianello
21,392339,Maduka Okoye
22,302644,Dario Dumic
23,364014,Issah Abass
24,400058,Thijs van Leeuwen
25,400059,Gijs Smal
26,327903,Kik Pierie
27,357080,Godfried Roemeratoe
28,379702,Jesse Bosch
29,379703,Jeffrey de Lange
30,387682,Ennio van der Gouw
31,400056,Nathangelo Markelo
32,69525,Luciano Narsingh
33,247849,Queensy Menig
34,275012,Joël Drommel
35,232248,Tyronne Ebuehi
36,361898,Luka Ilic
37,318754,Julio Pleguezuelo
38,400057,Casper Staring
39,405560,Daan Rots
40,406780,Max Bruns
41,367522,Danilo
42,379701,Ramiz Zerrouki
