,ID,Name
0,83809,Nicolás Tagliafico
1,340105,Lisandro Martínez
2,326505,David Neres
3,364315,Antony
4,260843,André Onana
5,322696,Edson Álvarez
6,83337,Zakaria Labyad
7,349932,Noussair Mazraoui
8,355963,Jurgen Ekkelenkamp
9,361867,Kjell Scherpen
10,362732,Perr Schuurs
11,363884,Ryan Gravenberch
12,108860,Davy Klaassen
13,135271,Sean Klaiber
14,4065,Maarten Stekelenburg
15,70033,Daley Blind
16,83333,Quincy Promes
17,29474,Dusan Tadic
18,236544,Sébastien Haller
19,373291,Lassina Traoré
20,388650,Jurriën Timber
21,404568,Brian Brobbey
22,343390,Jorn Brondeel
23,279751,Görkem Saglam
24,346731,Kwasi Okyere Wriedt
25,323531,Mats Köhlert
26,330514,Vangelis Pavlidis
27,322083,Leeroy Owusu
28,34628,Jan-Arie van der Heijden
29,66462,Freek Heerkens
30,379600,Connor van den Berg
31,379601,Rick Zuijderwijk
32,332960,Victor van den Bogert
33,120444,Jordens Peters
34,109581,Pol Llonch
35,379699,Lindon Selahi
36,383581,Mike Trésor
37,400010,Derrick Köhn
38,400012,Wesley Spieringhs
39,400014,Vincent Schippers
40,402852,Ole Romeny
41,405831,Maarten Schut
42,379599,Ché Nunnely
