,ID,Name
0,244455,Michael Chacón
1,125093,Marko Kolar
2,400117,Denis Granecny
3,227870,Nikolai Laursen
4,80426,Felix Wiedwald
5,108283,Caner Cavlan
6,109109,Ricardo van Rhijn
7,112534,Stefan van der Lei
8,113087,Hilal Ben Moussa
9,121666,Nick Bakker
10,30121,Anco Jansen
11,68590,Dennis Telgenkamp
12,77725,Michael de Leeuw
13,302776,Keziah Veendorp
14,245626,Glenn Bijl
15,125157,Miguel Araujo
16,259802,Simon Tibbling
17,400118,Lentini Caciano
18,142078,Donis Avdijaj
19,83809,Nicolás Tagliafico
20,340105,Lisandro Martínez
21,364315,Antony
22,326505,David Neres
23,260843,André Onana
24,322696,Edson Álvarez
25,349932,Noussair Mazraoui
26,83337,Zakaria Labyad
27,83333,Quincy Promes
28,108860,Davy Klaassen
29,135271,Sean Klaiber
30,355963,Jurgen Ekkelenkamp
31,361867,Kjell Scherpen
32,362732,Perr Schuurs
33,363884,Ryan Gravenberch
34,4065,Maarten Stekelenburg
35,8013,Klaas Jan Huntelaar
36,29474,Dusan Tadic
37,373291,Lassina Traoré
38,400165,Devyne Rensch
