,ID,Name
0,280677,Zinedine Machach
1,320799,Steffen Schäfer
2,35743,Thorsten Kirschbaum
3,146718,Tobias Pachonik
4,347809,Georgios Giakoumakis
5,355961,Evert Linthorst
6,361793,Aaron Bastiaans
7,361795,Yahcuroo Roemer
8,362570,Simon Janssen
9,363052,Stan van Dijck
10,391286,Wassim Essanoussi
11,254253,Jafar Arias
12,33662,Arjan Swinkels
13,34246,Christian Kum
14,35953,Josua John
15,74627,Guus Hupperts
16,136164,Torino Hunte
17,343311,Tristan Dekker
18,343314,Vito van Crooij
19,343315,Bram Verbong
20,344124,Danny Post
21,285951,Delano van Crooij
22,391973,Roy Gelmi
23,104906,Thomas Lam
24,132420,Rico Strieder
25,280191,Michael Zetterer
26,369545,Yuta Nakayama
27,379595,Xavier Mous
28,380731,Sam Kersten
29,317693,Mike Hauptmeijer
30,361695,Thomas van den Belt
31,365152,Eliano Reijnders
32,231106,Kenneth Paal
33,244640,Clint Leemans
34,279429,Sai van Wermeskerken
35,81962,Jesper Drost
36,97101,Mustafa Saymak
37,100608,Mike van Duinen
38,394981,Immanuel Pherai
39,404099,Samir Lagsir
40,407311,Jan Quispel
41,379596,Dean Huiberts
42,379597,Marc-Olivier Doué
