,ID,Name
0,298718,Dante Rigo
1,310680,Samy Bourard
2,121244,Nikolaos Karelis
3,384871,Ilay Elmkies
4,118137,Dario Del Fabro
5,120312,Robert Zwinkels
6,40342,Michiel Kramer
7,67062,John Goossens
8,141725,Ricardo Kishna
9,301457,Luuk Koopmans
10,321869,Lassana Faye
11,347191,Shaquille Pinas
12,379760,Milan van Ewijk
13,372331,Andrei Ratiu
14,384395,Jonas Arweiler
15,389479,Boy Kemper
16,400171,Kees de Boer
17,400172,Vicente Besuijen
18,400173,Jamal Amofa
19,401071,David Lennart Philipp
20,402120,Pascu
21,406755,Jonathan Mulder
22,407300,Hugo Wentges
23,34171,Erwin Mulder
24,136066,Lucas Woudenberg
25,261017,Henk Veerman
26,296543,Jan Bekkema
27,301423,Mitchell van Bergen
28,322157,Sherel Floranus
29,342814,Rodney Kongolo
30,365402,Jan Paul van Hecke
31,379734,Hamdi Akujobi
32,382556,Joey Veerman
33,142376,Pawel Bochniewicz
34,371073,Rami Hajal
35,321192,Ibrahim Dresevic
36,399618,Benjamin Nygren
37,400007,Jaimy Kroesen
38,400009,Couhaib Driouech
39,406783,Stanislav Shopov
40,389128,Rein Smit
