,ID,Name
0,328330,Marcos Senesi
1,24260,Eric Botteghin
2,72595,Nicolai Jørgensen
3,89793,Nick Marsman
4,89794,Steven Berghuis
5,115863,Mark Diemers
6,43004,Bryan Linssen
7,69525,Luciano Narsingh
8,329941,Ramón ten Hove
9,333781,Dylan Vente
10,345441,Lutsharel Geertruida
11,361877,Jordy Wehrmann
12,373113,Naoufal Bannis
13,404937,Thijs Jansen
14,142352,João Teixeira
15,127920,Uros Spajic
16,380696,George Johnston
17,384253,Achraf El Bouchataoui
18,328686,Daniel Arzani
19,362459,Othmane Boussaid
20,344041,Moussa Sylla
21,302724,Eric Oelschlägel
22,303078,Leon Guwara
23,312702,Justin Hoogma
24,329675,Maarten Paes
25,315574,Thijmen Nijhuis
26,261082,Bart Ramselaar
27,280289,Giovanni Troupée
28,14044,Eljero Elia
29,17491,Urby Emanuelson
30,39726,Mark van der Maarel
31,110360,Sander van de Streek
32,123556,Joris van Overeem
33,141875,Gyrano Kerk
34,229520,Django Warmerdam
35,238997,Mimoun Mahi
36,363872,Christopher Mamengi
37,369408,Sylian Mokono
38,249686,Adrián Dalmau
39,283351,Simon Gustafson
40,312913,Emil Bergström
