,ID,Name
0,346767,Mauro Júnior
1,260809,Olivier Boscagli
2,320000,Adrian Fein
3,80382,Mario Götze
4,90235,Lars Unnerstall
5,141328,Timo Baumgartl
6,142466,Philipp Max
7,44096,Eran Zahavi
8,70906,Nick Viergever
9,322153,Denzel Dumfries
10,133305,Jorrit Hendrix
11,329647,Pablo Rosario
12,351354,Donyell Malen
13,352825,Cody Gakpo
14,361839,Jordan Teze
15,103542,Yvon Mvogo
16,389935,Noni Madueke
17,328075,Ibrahim Sangaré
18,386631,Richard Ledezma
19,400273,Maxime Delanghe
20,96615,Benjamin van Leer
21,124105,Michael Heylen
22,71267,Jeffry Fortes
23,84195,Lennart Thy
24,225522,Mario Engels
25,25037,Adil Auassar
26,31238,Aaron Meijers
27,44145,Bart Vriends
28,90636,Tom Beugelsdijk
29,77706,Bryan Smeets
30,328549,Deroy Duarte
31,349895,Abdou Harroui
32,351721,Michael Fabrie
33,361878,Wouter Burger
34,379741,Dirk Abels
35,379742,Laros Duarte
36,383560,Sven Mijnans
37,133961,Danzell Gravenberch
38,400163,Emanuel Emegha
39,322776,Mica Pinto
40,392339,Maduka Okoye
41,406754,Reda Kharchouch
