,ID,Name
0,361880,Oussama Darfalou
1,345558,Tomas Hajek
2,319922,Jacob Rasmussen
3,226599,Maximilian Wittek
4,130917,Eli Dasa
5,115869,Oussama Tannane
6,303076,Danilho Doekhi
7,141965,Jeroen Houwen
8,34550,Remko Pasveer
9,96581,Thomas Bruns
10,352844,Thomas Buitink
11,401021,Enzo Cornelisse
12,112719,Sondre Tronstad
13,318295,Matús Bero
14,363618,Loïs Openda
15,365426,Hilary Gong
16,372333,Bilal Bayazit
17,380663,Patrick Vroegh
18,393407,Armando Broja
19,400281,Million Manhoef
20,400282,Daan Huisman
21,379785,Adnan Ugur
22,260811,Djibril Dianessy
23,342571,Samuel Moutoussamy
24,77471,Sebastian Polter
25,391933,Lazaros Rota
26,90830,Ben Rienstra
27,104982,Mats Seuntjens
28,281508,Roel Janssen
29,243708,Yanick van Osch
30,252209,Jorrit Smeets
31,361694,Zian Flemming
32,362439,Clint Essers
33,334533,Emil Hansson
34,339499,Jaroslaw Jach
35,329684,Lisandro Semedo
36,127000,Branislav Ninaj
37,320513,Tesfaldet Tekie
38,122291,Martin Angha
39,383604,George Cox
40,368266,Tom Hendriks
41,391953,Mike van Beijnen
42,346494,Alexei Koselev
