,ID,Name
0,147910,Lucas Schoofs
1,401096,Mateo Leš
2,243161,Daniel Mesenhöler
3,394980,Marco Rente
4,379731,Orestis Kiomourtzoglou
5,383580,Jeremy Cijntje
6,369095,Koen Bucker
7,369553,Mats Knoester
8,140505,Rai Vloet
9,400170,Rohat Agca
10,35160,Tim Breukers
11,108935,Robin Pröpper
12,116684,Michael Brouwer
13,136302,Sinan Bakis
14,322406,Luca de la Torre
15,361875,Delano Burgzorg
16,395830,Kasper Lunding Jakobsen
17,379730,Teun Bijleveld
18,393081,Giacomo Quagliata
19,300755,Pantelis Hatzidiakos
20,289252,Albert Gudmundsson
21,379783,Yukinari Sugawara
22,400978,Beau Reus
23,357081,Myron Boadu
24,373340,Zakaria Aboukhlal
25,351310,Ferdy Druijf
26,353695,Dani de Wit
27,328550,Owen Wijndal
28,328987,Calvin Stengs
29,343308,Teun Koopmeiners
30,36133,Ramon Leeuwin
31,83824,Marco Bizot
32,90810,Bruno Martins Indi
33,90834,Hobie Verhulst
34,116641,Timo Letschert
35,80137,Fredrik Midtsjø
36,81247,Jonas Svensson
37,343382,Tijjani Reijnders
38,356742,Håkon Evjen
39,320614,Jesper Karlsson
40,403820,Juan Castillo
