,ID,Name
0,363735,Sam Schreck
1,369525,Ko Itakura
2,141265,Ahmed El Messaoudi
3,290832,Alessio Da Cruz
4,298493,Patrick Joosten
5,321871,Mo El Hankouri
6,33002,Bart van Hintum
7,68854,Sergio Padt
8,96626,Nigel Bertrams
9,137368,Damil Dankerlui
10,371293,Jan de Boer
11,364306,Daniël van Kaam
12,355960,Azor Matusiwa
13,391304,Joël van Kaam
14,393412,Remco Balk
15,333048,Jørgen Strand Larsen
16,322086,Ramon Pascal Lundqvist
17,330549,Gabriel Gudmundsson
18,383640,Leonel Miguel
19,387049,Miguel Angel Leal
20,391047,Tomas Suslov
21,391049,Thomas Poll
22,343390,Jorn Brondeel
23,365389,John Yeboah
24,279751,Görkem Saglam
25,323531,Mats Köhlert
26,330514,Vangelis Pavlidis
27,332960,Victor van den Bogert
28,288873,Paul Gladon
29,322083,Leeroy Owusu
30,34628,Jan-Arie van der Heijden
31,66462,Freek Heerkens
32,81475,Miquel Nelom
33,120444,Jordens Peters
34,379600,Connor van den Berg
35,379601,Rick Zuijderwijk
36,109581,Pol Llonch
37,383581,Mike Trésor
38,400012,Wesley Spieringhs
39,400014,Vincent Schippers
40,379599,Ché Nunnely
