,ID,Name
0,147910,Lucas Schoofs
1,367743,Noah Fadiga
2,104885,Janis Blaswich
3,394980,Marco Rente
4,379731,Orestis Kiomourtzoglou
5,296650,Ismail Azzaoui
6,140505,Rai Vloet
7,142242,Jeff Hardeveld
8,108935,Robin Pröpper
9,116684,Michael Brouwer
10,369095,Koen Bucker
11,369553,Mats Knoester
12,361778,Silvester van der Water
13,35160,Tim Breukers
14,367737,Ahmed Kutucu
15,136302,Sinan Bakis
16,322406,Luca de la Torre
17,361875,Delano Burgzorg
18,379729,Adrian Szöke
19,379730,Teun Bijleveld
20,393081,Giacomo Quagliata
21,363735,Sam Schreck
22,369525,Ko Itakura
23,371293,Jan de Boer
24,379687,Thijs Dallinga
25,321871,Mo El Hankouri
26,33002,Bart van Hintum
27,68854,Sergio Padt
28,91123,Mike te Wierik
29,137368,Damil Dankerlui
30,255970,Wessel Dammers
31,290832,Alessio Da Cruz
32,364306,Daniël van Kaam
33,391048,Kian Slor
34,391304,Joël van Kaam
35,333048,Jørgen Strand Larsen
36,320941,Per Kristian Bråtveit
37,322086,Ramon Pascal Lundqvist
38,330549,Gabriel Gudmundsson
39,387049,Miguel Angel Leal
40,391047,Tomas Suslov
