,ID,Name
0,361880,Oussama Darfalou
1,345558,Tomas Hajek
2,319922,Jacob Rasmussen
3,330505,Idrissa Touré
4,226599,Maximilian Wittek
5,130917,Eli Dasa
6,115869,Oussama Tannane
7,401021,Enzo Cornelisse
8,133959,Riechedly Bazoer
9,141965,Jeroen Houwen
10,34550,Remko Pasveer
11,96581,Thomas Bruns
12,303076,Danilho Doekhi
13,112719,Sondre Tronstad
14,318295,Matús Bero
15,409126,Alois Dominik Oroz
16,409462,Noah Ohio
17,363618,Loïs Openda
18,372333,Bilal Bayazit
19,380663,Patrick Vroegh
20,393407,Armando Broja
21,400281,Million Manhoef
22,400282,Daan Huisman
23,143815,Anas Tahiri
24,379713,Lennerd Daneels
25,399608,Ahmed Touba
26,379712,Said Bakari
27,68850,Kostas Lamprou
28,345511,Vitalie Damascan
29,386605,Ayman Azhil
30,391284,Richard van der Venne
31,380703,Mike Grim
32,348644,Sylla Sow
33,365160,Lars Nieuwpoort
34,379705,Etienne Vaessen
35,379706,Juriën Gaari
36,379707,Melle Meulensteen
37,379708,Paul Quasten
38,322159,Finn Stokkers
39,23373,Hans Mulder
40,63885,Vurnon Anita
41,405003,Thijs Oosting
42,400278,Thierry Lutonda
