,ID,Name
0,362459,Othmane Boussaid
1,344041,Moussa Sylla
2,302724,Eric Oelschlägel
3,333527,Odysseus Velanas
4,393412,Remco Balk
5,256971,Hidde ter Avest
6,261082,Bart Ramselaar
7,280289,Giovanni Troupée
8,312702,Justin Hoogma
9,315574,Thijmen Nijhuis
10,329675,Maarten Paes
11,17491,Urby Emanuelson
12,22842,Willem Janssen
13,39726,Mark van der Maarel
14,89575,Adam Maher
15,110360,Sander van de Streek
16,123556,Joris van Overeem
17,141875,Gyrano Kerk
18,229520,Django Warmerdam
19,249686,Adrián Dalmau
20,409052,Benaissa Benamar
21,409244,Jeredy Hilterman
22,382582,Tommy St. Jago
23,400244,Manuel Benson
24,104906,Thomas Lam
25,280191,Michael Zetterer
26,132420,Rico Strieder
27,24764,Reza Ghoochannejhad
28,369545,Yuta Nakayama
29,379595,Xavier Mous
30,317693,Mike Hauptmeijer
31,352844,Thomas Buitink
32,361695,Thomas van den Belt
33,365152,Eliano Reijnders
34,34108,Bram van Polen
35,120454,Virgil Misidjan
36,279173,Pelle Clement
37,279429,Sai van Wermeskerken
38,380731,Sam Kersten
39,379596,Dean Huiberts
40,379597,Marc-Olivier Doué
41,394981,Immanuel Pherai
42,404099,Samir Lagsir
