,ID,Name
0,255946,Dario Van den Buijs
1,329842,Thibaud Verlinden
2,391257,Mickael Tirpan
3,342571,Samuel Moutoussamy
4,391933,Lazaros Rota
5,407647,Arian Kastrati
6,361694,Zian Flemming
7,362439,Clint Essers
8,369685,Nassim El Ablak
9,281508,Roel Janssen
10,243708,Yanick van Osch
11,252209,Jorrit Smeets
12,90830,Ben Rienstra
13,104982,Mats Seuntjens
14,120304,Leroy George
15,334533,Emil Hansson
16,329684,Lisandro Semedo
17,320513,Tesfaldet Tekie
18,122291,Martin Angha
19,383604,George Cox
20,346494,Alexei Koselev
21,391953,Mike van Beijnen
22,400060,Joshua Wehking
23,243516,Ante Coric
24,280677,Zinedine Machach
25,80843,Lukas Schmitz
26,146718,Tobias Pachonik
27,35743,Thorsten Kirschbaum
28,303078,Leon Guwara
29,320799,Steffen Schäfer
30,347809,Georgios Giakoumakis
31,121784,Christos Donis
32,136164,Torino Hunte
33,285951,Delano van Crooij
34,254253,Jafar Arias
35,35953,Josua John
36,33662,Arjan Swinkels
37,34246,Christian Kum
38,361795,Yahcuroo Roemer
39,362570,Simon Janssen
40,391286,Wassim Essanoussi
41,343314,Vito van Crooij
42,343315,Bram Verbong
43,344124,Danny Post
44,341715,Kristopher Da Graca
45,391973,Roy Gelmi
