,ID,Name
0,300755,Pantelis Hatzidiakos
1,289252,Albert Gudmundsson
2,379783,Yukinari Sugawara
3,357081,Myron Boadu
4,363875,Kenzo Goudmijn
5,373340,Zakaria Aboukhlal
6,391050,Mees Bakker
7,404191,Maxim Gullit
8,328550,Owen Wijndal
9,328987,Calvin Stengs
10,343308,Teun Koopmeiners
11,36133,Ramon Leeuwin
12,83824,Marco Bizot
13,90810,Bruno Martins Indi
14,90834,Hobie Verhulst
15,116641,Timo Letschert
16,80137,Fredrik Midtsjø
17,320614,Jesper Karlsson
18,343382,Tijjani Reijnders
19,356742,Håkon Evjen
20,409747,Jelle Duin
21,340105,Lisandro Martínez
22,364315,Antony
23,326505,David Neres
24,260843,André Onana
25,322696,Edson Álvarez
26,83337,Zakaria Labyad
27,108860,Davy Klaassen
28,135271,Sean Klaiber
29,4065,Maarten Stekelenburg
30,70033,Daley Blind
31,83333,Quincy Promes
32,355963,Jurgen Ekkelenkamp
33,361867,Kjell Scherpen
34,362732,Perr Schuurs
35,363884,Ryan Gravenberch
36,29474,Dusan Tadic
37,236544,Sébastien Haller
38,373291,Lassina Traoré
39,388650,Jurriën Timber
40,400165,Devyne Rensch
41,404568,Brian Brobbey
