,ID,Name
0,37360,Lucas Pratto
1,328330,Marcos Senesi
2,24260,Eric Botteghin
3,361879,Luis Sinisterra
4,72595,Nicolai Jørgensen
5,374625,Christian Conteh
6,297527,Bart Nieuwkoop
7,82401,Jens Toornstra
8,89793,Nick Marsman
9,89794,Steven Berghuis
10,115863,Mark Diemers
11,122398,Ridgeciano Haps
12,124274,Sven van Beek
13,35174,Leroy Fer
14,43004,Bryan Linssen
15,329941,Ramón ten Hove
16,345303,Tyrell Malacia
17,345441,Lutsharel Geertruida
18,361877,Jordy Wehrmann
19,127920,Uros Spajic
20,376967,Robert Bozenik
21,408489,Tein Troost
22,346767,Mauro Júnior
23,260809,Olivier Boscagli
24,320000,Adrian Fein
25,141328,Timo Baumgartl
26,142466,Philipp Max
27,90235,Lars Unnerstall
28,44096,Eran Zahavi
29,137460,Erick Gutiérrez
30,329647,Pablo Rosario
31,369542,Joël Piroe
32,351354,Donyell Malen
33,361839,Jordan Teze
34,85470,Marco van Ginkel
35,322153,Denzel Dumfries
36,137327,Ryan Thomas
37,103542,Yvon Mvogo
38,328075,Ibrahim Sangaré
39,369107,Mohamed Ihattaren
40,400273,Maxime Delanghe
41,408059,Yorbe Vertessen
