,ID,Name
0,302644,Dario Dumic
1,364014,Issah Abass
2,327903,Kik Pierie
3,357080,Godfried Roemeratoe
4,69525,Luciano Narsingh
5,247849,Queensy Menig
6,275012,Joël Drommel
7,379702,Jesse Bosch
8,379703,Jeffrey de Lange
9,387682,Ennio van der Gouw
10,400056,Nathangelo Markelo
11,400058,Thijs van Leeuwen
12,400059,Gijs Smal
13,232248,Tyronne Ebuehi
14,361898,Luka Ilic
15,318754,Julio Pleguezuelo
16,367522,Danilo
17,379701,Ramiz Zerrouki
18,402819,Mees Hilgers
19,405560,Daan Rots
20,406780,Max Bruns
21,400057,Casper Staring
22,404764,Tibor Halilovic
23,389378,Oliver Batista Meier
24,56828,Ariel Harush
25,136066,Lucas Woudenberg
26,379734,Hamdi Akujobi
27,382556,Joey Veerman
28,322157,Sherel Floranus
29,342814,Rodney Kongolo
30,365402,Jan Paul van Hecke
31,369119,Arjen van der Heide
32,32196,Siem de Jong
33,34171,Erwin Mulder
34,261017,Henk Veerman
35,296543,Jan Bekkema
36,301423,Mitchell van Bergen
37,142376,Pawel Bochniewicz
38,371073,Rami Hajal
39,321192,Ibrahim Dresevic
40,321193,Rami Kaib
41,399618,Benjamin Nygren
42,409160,Syb van Ottele
