,ID,Name
0,379185,Martin Fraisl
1,310680,Samy Bourard
2,365407,Amar Catic
3,401099,Tomislav Gomelt
4,118137,Dario Del Fabro
5,141725,Ricardo Kishna
6,301457,Luuk Koopmans
7,347191,Shaquille Pinas
8,19499,Gianni Zuiverloon
9,40342,Michiel Kramer
10,67062,John Goossens
11,67063,Marko Vejinovic
12,83442,Youness Mokhtar
13,379760,Milan van Ewijk
14,402120,Pascu
15,403820,Juan Familia-Castillo
16,382238,Bobby Adekanye
17,384395,Jonas Arweiler
18,389479,Boy Kemper
19,400171,Kees de Boer
20,400172,Vicente Besuijen
21,401071,David Lennart Philipp
22,96615,Benjamin van Leer
23,124105,Michael Heylen
24,71267,Jeffry Fortes
25,84195,Lennart Thy
26,225522,Mario Engels
27,25037,Adil Auassar
28,31238,Aaron Meijers
29,90636,Tom Beugelsdijk
30,77706,Bryan Smeets
31,133961,Danzell Gravenberch
32,349895,Abdou Harroui
33,351721,Michael Fabrie
34,361878,Wouter Burger
35,379741,Dirk Abels
36,379742,Laros Duarte
37,383560,Sven Mijnans
38,400163,Emanuel Emegha
39,406754,Reda Kharchouch
40,322776,Mica Pinto
41,392339,Maduka Okoye
42,409075,Jason Meerstadt
43,403844,Delano Vianello
