,ID,Name
0,343390,Jorn Brondeel
1,346731,Kwasi Okyere Wriedt
2,279751,Görkem Saglam
3,323531,Mats Köhlert
4,330514,Vangelis Pavlidis
5,332960,Victor van den Bogert
6,322083,Leeroy Owusu
7,34628,Jan-Arie van der Heijden
8,66462,Freek Heerkens
9,379600,Connor van den Berg
10,379601,Rick Zuijderwijk
11,109581,Pol Llonch
12,113079,Sebastian Holmén
13,379599,Ché Nunnely
14,379699,Lindon Selahi
15,383581,Mike Trésor
16,400010,Derrick Köhn
17,400012,Wesley Spieringhs
18,400014,Vincent Schippers
19,402852,Ole Romeny
20,405831,Maarten Schut
21,227870,Nikolai Laursen
22,400115,Lucas Bernadou
23,80426,Felix Wiedwald
24,30121,Anco Jansen
25,68590,Dennis Telgenkamp
26,69458,Ferhat Görgülü
27,77725,Michael de Leeuw
28,245626,Glenn Bijl
29,302776,Keziah Veendorp
30,302883,Robbert de Vos
31,108283,Caner Cavlan
32,109109,Ricardo van Rhijn
33,112534,Stefan van der Lei
34,113087,Hilal Ben Moussa
35,121666,Nick Bakker
36,125157,Miguel Araujo
37,125170,Sergio Peña
38,400053,Jean-Pierre Rhyner
39,259802,Simon Tibbling
40,106336,Kerim Frei
41,409129,Jari Vlak
42,409449,Didier La Torre
