,ID,Name
0,363735,Sam Schreck
1,369525,Ko Itakura
2,141265,Ahmed El Messaoudi
3,255970,Wessel Dammers
4,290832,Alessio Da Cruz
5,298493,Patrick Joosten
6,321871,Mo El Hankouri
7,33002,Bart van Hintum
8,68854,Sergio Padt
9,96626,Nigel Bertrams
10,137368,Damil Dankerlui
11,371293,Jan de Boer
12,364306,Daniël van Kaam
13,355960,Azor Matusiwa
14,391304,Joël van Kaam
15,393412,Remco Balk
16,333048,Jørgen Strand Larsen
17,322086,Ramon Pascal Lundqvist
18,330549,Gabriel Gudmundsson
19,383640,Leonel Miguel
20,387049,Miguel Angel Leal
21,391047,Tomas Suslov
22,391049,Thomas Poll
23,280677,Zinedine Machach
24,146718,Tobias Pachonik
25,35743,Thorsten Kirschbaum
26,320799,Steffen Schäfer
27,347809,Georgios Giakoumakis
28,355961,Evert Linthorst
29,361793,Aaron Bastiaans
30,361795,Yahcuroo Roemer
31,362570,Simon Janssen
32,363052,Stan van Dijck
33,391286,Wassim Essanoussi
34,74627,Guus Hupperts
35,136164,Torino Hunte
36,33662,Arjan Swinkels
37,254253,Jafar Arias
38,285951,Delano van Crooij
39,343314,Vito van Crooij
40,343315,Bram Verbong
41,344124,Danny Post
42,391973,Roy Gelmi
43,400120,Nezar S'Rifi
44,402816,Lars Nabbe
