,ID,Name
0,340105,Lisandro Martínez
1,364315,Antony
2,326505,David Neres
3,260843,André Onana
4,322696,Edson Álvarez
5,349932,Noussair Mazraoui
6,355963,Jurgen Ekkelenkamp
7,361867,Kjell Scherpen
8,362732,Perr Schuurs
9,363884,Ryan Gravenberch
10,4065,Maarten Stekelenburg
11,8013,Klaas Jan Huntelaar
12,70033,Daley Blind
13,83333,Quincy Promes
14,108860,Davy Klaassen
15,135271,Sean Klaiber
16,29474,Dusan Tadic
17,373291,Lassina Traoré
18,388650,Jurriën Timber
19,404568,Brian Brobbey
20,260811,Djibril Dianessy
21,342571,Samuel Moutoussamy
22,77471,Sebastian Polter
23,391933,Lazaros Rota
24,90830,Ben Rienstra
25,104982,Mats Seuntjens
26,243708,Yanick van Osch
27,252209,Jorrit Smeets
28,361694,Zian Flemming
29,362439,Clint Essers
30,369685,Nassim El Ablak
31,334533,Emil Hansson
32,339499,Jaroslaw Jach
33,329684,Lisandro Semedo
34,127000,Branislav Ninaj
35,320513,Tesfaldet Tekie
36,122291,Martin Angha
37,383604,George Cox
38,400060,Joshua Wehking
39,346494,Alexei Koselev
