,ID,Name
0,291964,Vaclav Cerny
1,308754,Lazaros Lamprou
2,400058,Thijs van Leeuwen
3,400059,Gijs Smal
4,29281,Wout Brama
5,247849,Queensy Menig
6,275012,Joël Drommel
7,327903,Kik Pierie
8,357080,Godfried Roemeratoe
9,357083,Halil Dervisoglu
10,379702,Jesse Bosch
11,379703,Jeffrey de Lange
12,387682,Ennio van der Gouw
13,400055,Jayden Oosterwolde
14,232248,Tyronne Ebuehi
15,361898,Luka Ilic
16,318754,Julio Pleguezuelo
17,320626,Alexander Jeremejeff
18,367522,Danilo
19,379699,Lindon Selahi
20,379701,Ramiz Zerrouki
21,400057,Casper Staring
22,402819,Mees Hilgers
23,104906,Thomas Lam
24,132420,Rico Strieder
25,280191,Michael Zetterer
26,24764,Reza Ghoochannejhad
27,369545,Yuta Nakayama
28,379595,Xavier Mous
29,317693,Mike Hauptmeijer
30,361695,Thomas van den Belt
31,365152,Eliano Reijnders
32,367257,Destan Bajselmani
33,81962,Jesper Drost
34,100608,Mike van Duinen
35,244640,Clint Leemans
36,279429,Sai van Wermeskerken
37,380731,Sam Kersten
38,379596,Dean Huiberts
39,379597,Marc-Olivier Doué
40,394981,Immanuel Pherai
41,404099,Samir Lagsir
