,ID,Name
0,343390,Jorn Brondeel
1,365389,John Yeboah
2,279751,Görkem Saglam
3,323531,Mats Köhlert
4,330514,Vangelis Pavlidis
5,120444,Jordens Peters
6,332960,Victor van den Bogert
7,288873,Paul Gladon
8,322083,Leeroy Owusu
9,34628,Jan-Arie van der Heijden
10,81475,Miquel Nelom
11,379600,Connor van den Berg
12,379601,Rick Zuijderwijk
13,109581,Pol Llonch
14,113079,Sebastian Holmén
15,379599,Ché Nunnely
16,383581,Mike Trésor
17,400010,Derrick Kohn
18,400014,Vincent Schippers
19,402852,Ole Romeny
20,361880,Oussama Darfalou
21,345558,Tomas Hajek
22,319922,Jacob Rasmussen
23,330505,Idrissa Touré
24,130917,Eli Dasa
25,133959,Riechedly Bazoer
26,141965,Jeroen Houwen
27,303076,Danilho Doekhi
28,352844,Thomas Buitink
29,401021,Enzo Cornelisse
30,34550,Remko Pasveer
31,96581,Thomas Bruns
32,112719,Sondre Tronstad
33,404389,Enrico Duenas Hernández
34,363618,Loïs Openda
35,372333,Bilal Bayazit
36,380663,Patrick Vroegh
37,393407,Armando Broja
38,400281,Million Manhoef
39,400282,Daan Huisman
