,ID,Name
0,344071,Landry Dimata
1,422807,Magnus Mattsson
2,22300,Lasse Schöne
3,386625,Andri Baldursson
4,115869,Oussama Tannane
5,422805,Souffian El Karouani
6,422804,Bart van Rooij
7,90811,Jasper Cillessen
8,321959,Philippe Sandler
9,422806,Dirk Proper
10,422810,Elayis Tavsan
11,422809,Ilias Bronkhorst
12,400143,Anthony Musaba
13,97367,Mattijs Branderhorst
14,429380,Rijk Janse
15,437616,Ibrahim Cissoko
16,276442,Joris Kramer
17,299511,Jordy Bruijn
18,367813,Pedro Marques
19,279967,Iván Márquez
20,455506,Terry Sanniez
21,124021,Phillipp Mwene
22,427824,Johan Bakayoko
23,443818,Kjell Peersman
24,101537,Thorgan Hazard
25,428122,Fedde Leysen
26,98101,André Ramalho
27,397821,Sávio
28,260809,Olivier Boscagli
29,137460,Érick Gutiérrez
30,404776,Ismael Saibari
31,26916,Boy Waterman
32,361839,Jordan Teze
33,399772,Xavi Simons
34,68585,Luuk de Jong
35,78221,Patrick van Aanholt
36,382556,Joey Veerman
37,322148,Guus Til
38,275012,Joël Drommel
39,428694,Jenson Seelt
40,232261,Anwar El Ghazi
41,380655,Fábio Silva
42,328075,Ibrahim Sangaré
