,ID,Name
0,240976,David Sambissa
1,93012,Navarone Foor
2,393412,Remco Balk
3,349777,Michael Breij
4,364306,Daniël van Kaam
5,108655,Mitchel Paulissen
6,38423,Robbin Ruiter
7,105316,Doke Schmidt
8,422861,Marco Tol
9,431350,Sekou Sylla
10,77699,Calvin Mac-Intosch
11,436147,Milan Smit
12,279429,Sai van Wermeskerken
13,90830,Ben Rienstra
14,422862,Brett Minnema
15,361897,Jamie Jacobs
16,349183,Léon Bergsma
17,343196,Bjørn Johnsen
18,362852,João Virgínia
19,422857,Alex Bangura
20,351532,Mees Hoedemakers
21,444618,Floris Smand
22,361880,Oussama Darfalou
23,383819,Mohamed Bouchouari
24,124105,Michaël Heylen
25,444658,Arnaud Luzayadio
26,302724,Eric Oelschlägel
27,141265,Ahmed El Messaoudi
28,122206,Richairo Zivkovic
29,445052,Kyan van Dorp
30,121834,Mickey van der Hart
31,36131,Jeroen Veldmate
32,104292,Lorenzo Burnet
33,91123,Mike te Wierik
34,115863,Mark Diemers
35,302776,Keziah Veendorp
36,43410,Danny Hoesen
37,428695,Dennis Vos
38,125157,Miguel Araujo
39,409538,Jeremy Antonisse
40,444655,Julius Dirksen
41,399824,Jasin-Amin Assehnoun
42,402852,Ole Romeny
43,469550,Floris Quaedvlieg
