,ID,Name
0,328432,Siebe Horemans
1,373556,Arthur Zagre
2,308754,Lazaros Lamprou
3,116632,Yassin Ayoub
4,444621,Nathan Tjoe-A-On
5,444738,Noah Naujoks
6,406754,Reda Kharchouch
7,444624,Serano Seymor
8,100608,Mike van Duinen
9,327903,Kik Pierie
10,444622,Joshua Eijgenraam
11,400056,Nathangelo Markelo
12,139666,Norbert Alblas
13,400009,Couhaib Driouech
14,444623,Julian Baas
15,408102,Peer Koopmeiners
16,444620,Redouan El Yaakoubi
17,444619,Stijn van Gassel
18,123554,Sven Nieuwpoort
19,363875,Kenzo Goudmijn
20,445053,Nikolas Agrafiotis
21,379701,Ramiz Zerrouki
22,291964,Václav Cerny
23,90235,Lars Unnerstall
24,307362,Alfons Sampsted
25,368289,Issam El Maach
26,361794,Sem Steijn
27,387172,Denilho Cleonise
28,405560,Daan Rots
29,29281,Wout Brama
30,119741,Joshua Brenet
31,400059,Gijs Smal
32,406780,Max Bruns
33,322149,Michel Vlap
34,437387,Anass Salah-Eddine
35,37344,Ricky van Wolfswinkel
36,120454,Virgil Misidjan
37,475578,Mats Rots
38,34545,Przemyslaw Tyton
39,318754,Julio Pleguezuelo
40,478021,Juliën Mesbahi
41,475579,Gijs Besselink
