,ID,Name
0,383972,Sebbe Augustijns
1,400545,Shawn Adewoye
2,400278,Thierry Lutonda
3,255946,Dario Van den Buijs
4,379712,Saïd Bakari
5,444674,Kevin Felida
6,400276,Luuk Wouters
7,279173,Pelle Clement
8,389411,Yassin Oukili
9,63885,Vurnon Anita
10,90696,Florian Jozefzoon
11,104982,Mats Seuntjens
12,380663,Patrick Vroegh
13,365160,Lars Nieuwpoort
14,379705,Etienne Vaessen
15,289015,Julian Lelieveld
16,379706,Juriën Gaari
17,40342,Michiel Kramer
18,429373,Roy Kuijpers
19,432167,Mark Spenkelink
20,312584,Joel Pereira
21,391317,Julen Lobete
22,430909,Mika Biereth
23,409126,Dominik Oroz
24,424368,Gabriel Vidovic
25,345558,Tomás Hájek
26,384141,Romaric Yapi
27,89947,Nicolas Isimat-Mirin
28,313385,Carlens Arcus
29,141965,Jeroen Houwen
30,429928,Gyan de Regt
31,414250,Mohamed Sankoh
32,413209,Daan Reiziger
33,361867,Kjell Scherpen
34,401021,Enzo Cornelisse
35,379707,Melle Meulensteen
36,400281,Million Manhoef
37,437426,Miliano Jonathans
38,115574,Mitchell Dijks
39,436060,Simon van Duivenbooden
40,85470,Marco van Ginkel
41,112719,Sondre Tronstad
42,401131,Bartosz Bialek
43,412349,Kacper Kozlowski
44,363704,Toni Domgjoni
45,444737,Ryan Flamingo
