,ID,Name
0,81523,Mathew Ryan
1,337826,Zinho Vanheusden
2,362553,Jens Odgaard
3,300755,Pantelis Hatzidiakos
4,330514,Vangelis Pavlidis
5,424273,Milos Kerkez
6,379783,Yukinari Sugawara
7,422739,Sam Beukema
8,383560,Sven Mijnans
9,90802,Jordy Clasie
10,404490,Yusuf Barasi
11,438484,Myron van Brederode
12,90834,Hobie Verhulst
13,415772,Zico Buurmeester
14,133959,Riechedly Bazoer
15,472183,Wouter Goes
16,433950,Mexx Meerdink
17,422867,Mees de Wit
18,444780,Mayckel Lahdo
19,320614,Jesper Karlsson
20,334726,Djordje Mihailovic
21,343382,Tijjani Reijnders
22,470735,Rome-Jayden Owusu-Oduro
23,143815,Anas Tahiri
24,399607,Antoine Colassin
25,404764,Tibor Halilovic
26,323531,Mats Köhlert
27,409160,Syb van Ottele
28,379760,Milan van Ewijk
29,238897,Pelle van Amersfoort
30,361900,Sydney van Hooijdonk
31,80881,Jeffrey Bruma
32,379595,Xavier Mous
33,124380,Thom Haye
34,379599,Ché Nunnely
35,366886,Osame Sahraoui
36,142376,Pawel Bochniewicz
37,327724,Simon Olsson
38,321193,Rami Kaib
39,371073,Rami Al Hajj
40,406536,Hussein Ali
41,436158,Daniel Karlsbakk
42,473488,Jesper van der Mark
43,472399,Bernt Klaverboer
44,444482,Alex Timossi Andersson
