,ID,Name
0,383972,Sebbe Augustijns
1,400278,Thierry Lutonda
2,400545,Shawn Adewoye
3,379712,Saïd Bakari
4,400276,Luuk Wouters
5,429373,Roy Kuijpers
6,432167,Mark Spenkelink
7,389411,Yassin Oukili
8,365160,Lars Nieuwpoort
9,379705,Etienne Vaessen
10,379706,Juriën Gaari
11,23373,Hans Mulder
12,40342,Michiel Kramer
13,63885,Vurnon Anita
14,90696,Florian Jozefzoon
15,104982,Mats Seuntjens
16,279173,Pelle Clement
17,289015,Julian Lelieveld
18,312584,Joel Pereira
19,391317,Julen Lobete
20,444674,Kevin Felida
21,469502,Chris Lokesa
22,288859,Gerrit Nauber
23,362691,Luca Plogmann
24,388033,Willum Willumsson
25,143992,Federico Mattiello
26,322159,Finn Stokkers
27,348644,Sylla Sow
28,355132,Rashaan Fernandes
29,355961,Evert Linthorst
30,400173,Jamal Amofa
31,379703,Jeffrey de Lange
32,382238,Bobby Adekanye
33,422633,Mats Deijl
34,422637,Jay Idzes
35,425219,Jahnoah Markelo
36,34171,Erwin Mulder
37,403097,Fredrik Oppegård
38,395424,José Fontán
39,284451,Isac Lidberg
40,411691,Enric Llansana
41,383616,Oliver Valaker Edvardsen
42,444781,Xander Blomme
