,ID,Name
0,367742,Cyril Ngonge
1,404224,Emmanuel Matuta
2,322591,Marin Sverko
3,371293,Jan de Boer
4,91123,Mike te Wierik
5,97719,Joey Pelupessy
6,133960,Peter Leeuwenburgh
7,137368,Damil Dankerlui
8,298805,Michael Verrips
9,412907,Neraysho Kasanwirjo
10,379742,Laros Duarte
11,422635,Ragnar Oratmangoen
12,433575,Liam van Gelderen
13,438480,Nordin Musampa
14,391047,Tomás Suslov
15,322086,Ramon Pascal Lundqvist
16,377466,Ricardo Pepi
17,366865,Florian Krüger
18,395826,Isak Määttä
19,415927,Luciano Valente
20,444710,Radinio Balker
21,459078,Thom van Bergen
22,337826,Zinho Vanheusden
23,377279,Peter Vindahl
24,300755,Pantelis Hatzidiakos
25,424273,Milos Kerkez
26,379783,Yukinari Sugawara
27,404489,Fedde de Jong
28,404490,Yusuf Barasi
29,408102,Peer Koopmeiners
30,415772,Zico Buurmeester
31,90802,Jordy Clasie
32,90834,Hobie Verhulst
33,133959,Riechedly Bazoer
34,434318,Maxim Dekker
35,438484,Myron van Brederode
36,353695,Dani de Wit
37,422739,Sam Beukema
38,320614,Jesper Karlsson
39,422738,Sem Westerveld
40,343382,Tijjani Reijnders
41,444780,Mayckel Lahdo
42,456703,Iman Griffith
