,ID,Name
0,240976,David Sambissa
1,422859,Jhondly van der Meer
2,364306,Daniël van Kaam
3,393412,Remco Balk
4,422861,Marco Tol
5,422862,Brett Minnema
6,436147,Milan Smit
7,38423,Robbin Ruiter
8,77699,Calvin Mac-Intosch
9,105316,Doke Schmidt
10,108655,Mitchel Paulissen
11,279429,Sai van Wermeskerken
12,343393,Tom Boere
13,349183,Léon Bergsma
14,349777,Michael Breij
15,361778,Silvester van der Water
16,361897,Jamie Jacobs
17,362852,João Virgínia
18,383858,Felix Mambimbi
19,444618,Floris Smand
20,459067,Damian Timan
21,130304,Walter Benítez
22,124021,Phillipp Mwene
23,408059,Yorbe Vertessen
24,427824,Johan Bakayoko
25,397821,Sávio
26,98101,André Ramalho
27,142466,Philipp Max
28,137460,Érick Gutiérrez
29,404776,Ismael Saibari
30,399772,Xavi Simons
31,382556,Joey Veerman
32,26916,Boy Waterman
33,232261,Anwar El Ghazi
34,275012,Joël Drommel
35,322148,Guus Til
36,345333,Armando Obispo
37,352825,Cody Gakpo
38,361839,Jordan Teze
39,368547,Ki-Jana Hoever
40,403097,Fredrik Oppegård
41,386631,Richard Ledezma
42,381045,Jarrad Branthwaite
43,328075,Ibrahim Sangaré
