,ID,Name
0,379701,Ramiz Zerrouki
1,422782,Manfred Ugalde
2,291964,Václav Cerny
3,399296,Christos Tzolis
4,368289,Issam El Maach
5,436492,Sam Karssies
6,437387,Anass Salah-Eddine
7,400057,Casper Staring
8,400058,Thijs van Leeuwen
9,400059,Gijs Smal
10,402819,Mees Hilgers
11,322149,Michel Vlap
12,361794,Sem Steijn
13,406780,Max Bruns
14,422781,Luca Everink
15,29281,Wout Brama
16,37344,Ricky van Wolfswinkel
17,108935,Robin Pröpper
18,119741,Joshua Brenet
19,120454,Virgil Misidjan
20,34545,Przemyslaw Tyton
21,318754,Julio Pleguezuelo
22,404777,Mathias Kjølø
23,424368,Gabriel Vidovic
24,345558,Tomás Hájek
25,384141,Romaric Yapi
26,226599,Maximilian Wittek
27,313385,Carlens Arcus
28,141965,Jeroen Houwen
29,379707,Melle Meulensteen
30,352844,Thomas Buitink
31,361867,Kjell Scherpen
32,413209,Daan Reiziger
33,414250,Mohamed Sankoh
34,400281,Million Manhoef
35,401021,Enzo Cornelisse
36,437426,Miliano Jonathans
37,112719,Sondre Tronstad
38,401131,Bartosz Bialek
39,412349,Kacper Kozlowski
40,369558,Ferro
41,318295,Matús Bero
42,363704,Toni Domgjoni
43,392344,Nikolai Frederiksen
44,429928,Gyan de Regt
45,444737,Ryan Flamingo
