,ID,Name
0,90365,Lisandro Magallán
1,115587,Lucas Ocampos
2,291937,Florian Grillitsch
3,400166,Mohammed Kudus
4,424819,Lorenzo Lucca
5,322696,Edson Álvarez
6,388650,Jurriën Timber
7,401122,Kenneth Taylor
8,279425,Steven Bergwijn
9,108860,Davy Klaassen
10,4065,Maarten Stekelenburg
11,34550,Remko Pasveer
12,70033,Daley Blind
13,89794,Steven Berghuis
14,427577,Youri Regeer
15,422801,Youri Baas
16,422802,Jay Gorter
17,400165,Devyne Rensch
18,29474,Dusan Tadic
19,396976,Calvin Bassey
20,404568,Brian Brobbey
21,409221,Francisco Conceição
22,422636,Philippe Rommens
23,288859,Gerrit Nauber
24,388033,Willum Willumsson
25,143992,Federico Mattiello
26,134722,Bas Kuipers
27,322159,Finn Stokkers
28,331931,Justin Bakker
29,348644,Sylla Sow
30,355132,Rashaan Fernandes
31,355961,Evert Linthorst
32,357807,Martijn Berden
33,379703,Jeffrey de Lange
34,382238,Bobby Adekanye
35,400173,Jamal Amofa
36,422637,Jay Idzes
37,426002,Sven Jansen
38,422633,Mats Deijl
39,395424,José Fontán
40,284451,Isac Lidberg
41,320513,Tesfaldet Tekie
42,383616,Oliver Valaker Edvardsen
43,411691,Enric Llansana
