,ID,Name
0,362553,Jens Odgaard
1,377279,Peter Vindahl
2,300755,Pantelis Hatzidiakos
3,424273,Milos Kerkez
4,379783,Yukinari Sugawara
5,434318,Maxim Dekker
6,438484,Myron van Brederode
7,404489,Fedde de Jong
8,404490,Yusuf Barasi
9,408102,Peer Koopmeiners
10,415772,Zico Buurmeester
11,90802,Jordy Clasie
12,90834,Hobie Verhulst
13,353695,Dani de Wit
14,422739,Sam Beukema
15,422867,Mees de Wit
16,444780,Mayckel Lahdo
17,356742,Håkon Evjen
18,343382,Tijjani Reijnders
19,422738,Sem Westerveld
20,344071,Landry Dimata
21,22300,Lasse Schöne
22,296536,Mikkel Duelund
23,422807,Magnus Mattsson
24,386625,Andri Baldursson
25,115869,Oussama Tannane
26,422805,Souffian El Karouani
27,422806,Dirk Proper
28,422809,Ilias Bronkhorst
29,422810,Elayis Tavsan
30,422814,Robin Roefs
31,437616,Ibrahim Cissoko
32,271086,Calvin Verdonk
33,276442,Joris Kramer
34,422804,Bart van Rooij
35,299511,Jordy Bruijn
36,90811,Jasper Cillessen
37,97367,Mattijs Branderhorst
38,367813,Pedro Marques
39,279967,Iván Márquez
40,455506,Terry Lartey Sanniez
