,ID,Name
0,396058,Rodrigo Guth
1,401043,Ivor Pandur
2,353098,Kristijan Bistrovic
3,410086,Stipe Radic
4,413273,Remy Vita
5,294844,Arianit Ferati
6,79755,Dimitrios Siovas
7,423863,Tijjani Noslin
8,281508,Roel Janssen
9,243708,Yanick van Osch
10,352844,Thomas Buitink
11,328549,Deroy Duarte
12,288873,Paul Gladon
13,455568,Úmaro Embaló
14,70598,Ivo Pinto
15,344201,Iñigo Córdoba
16,100881,Ximo Navarro
17,23282,Burak Yilmaz
18,107077,Oguzhan Özyakup
19,381814,Dogan Erdogan
20,383604,George Cox
21,437062,Tunahan Tasci
22,368266,Tom Hendriks
23,401631,Matej Chalus
24,346304,Mads Bech Sørensen
25,424578,Oliver Antman
26,94904,Elvis Manu
27,133960,Peter Leeuwenburgh
28,422635,Ragnar Oratmangoen
29,379742,Laros Duarte
30,298805,Michael Verrips
31,433575,Liam van Gelderen
32,94885,Jetro Willems
33,371293,Jan de Boer
34,97719,Joey Pelupessy
35,321106,Johan Hove
36,391047,Tomás Suslov
37,335919,Daleho Irandust
38,377466,Ricardo Pepi
39,415927,Luciano Valente
40,395826,Isak Määttä
41,444710,Radinio Balker
42,415928,Thijmen Blokzijl
43,366865,Florian Krüger
44,459078,Thom van Bergen
45,424673,Aimar Sher
