,ID,Name
0,422636,Philippe Rommens
1,444781,Xander Blomme
2,288859,Gerrit Nauber
3,362691,Luca Plogmann
4,388033,Willum Willumsson
5,143992,Federico Mattiello
6,382238,Bobby Adekanye
7,422637,Jay Idzes
8,134722,Bas Kuipers
9,355132,Rashaan Fernandes
10,355961,Evert Linthorst
11,34171,Erwin Mulder
12,422633,Mats Deijl
13,322159,Finn Stokkers
14,348644,Sylla Sow
15,379703,Jeffrey de Lange
16,400173,Jamal Amofa
17,403097,Fredrik Oppegård
18,395424,José Fontán
19,284451,Isac Lidberg
20,383616,Oliver Valaker Edvardsen
21,411691,Enric Llansana
22,472963,Darío Serra
23,125375,Gerónimo Rulli
24,291937,Florian Grillitsch
25,400166,Mohammed Kudus
26,424819,Lorenzo Lucca
27,322696,Edson Álvarez
28,447643,Jorge Sánchez
29,89794,Steven Berghuis
30,108860,Davy Klaassen
31,401122,Kenneth Taylor
32,4065,Maarten Stekelenburg
33,279425,Steven Bergwijn
34,388650,Jurriën Timber
35,34550,Remko Pasveer
36,427577,Youri Regeer
37,415781,Kian Fitz-Jim
38,328550,Owen Wijndal
39,422801,Youri Baas
40,29474,Dusan Tadic
41,396976,Calvin Bassey
42,467715,Jorrel Hato
43,404568,Brian Brobbey
44,409221,Francisco Conceição
