,ID,Name
0,343347,Arno Verschueren
1,259930,Younes Namli
2,444484,Koki Saito
3,25037,Adil Auassar
4,31238,Aaron Meijers
5,343314,Vito van Crooij
6,379741,Dirk Abels
7,120675,Tim Coremans
8,427851,Rick Meissen
9,285951,Delano van Crooij
10,411278,Jeremy van Mullem
11,243916,Nick Olij
12,404225,Shurandy Sambo
13,444483,Mike Eerdhuijzen
14,44145,Bart Vriends
15,396279,Elias Melkersen
16,349199,Joshua Kitolano
17,276756,Tobias Lauritsen
18,322776,Michael Pinto
19,427118,Pedro Alemañ
20,365119,Ezequiel Bullaude
21,384574,Gernot Trauner
22,436553,Igor Paixão
23,319922,Jacob Rasmussen
24,121821,Timon Wellenreuther
25,133390,Alireza Jahanbakhsh
26,136068,Ofir Marciano
27,445061,Santiago Giménez
28,379784,Mohamed Taabouni
29,408489,Tein Troost
30,444739,Quilindschy Hartman
31,445059,Mats Wieffer
32,363083,Javairô Dilrosun
33,422921,Antoni Milambo
34,412907,Neraysho Kasanwirjo
35,357133,Marcus Pedersen
36,319594,Sebastian Szymanski
37,362779,Dávid Hancko
38,355870,Orkun Kökcü
39,371042,Marcos López
40,367522,Danilo
