,ID,Name
0,402885,Anthony Descotte
1,362459,Othmane Boussaid
2,403644,Victor Jensen
3,418600,Rocco Robert Shein
4,375327,Modibo Sagnan
5,422873,Anastasios Douvikas
6,83337,Zakaria Labyad
7,414501,Ruben Kluivert
8,39726,Mark van der Maarel
9,422909,Ramon Hendriks
10,82401,Jens Toornstra
11,261082,Bart Ramselaar
12,315574,Thijmen Nijhuis
13,256971,Hidde ter Avest
14,135271,Sean Klaiber
15,70906,Nick Viergever
16,101605,Mike van der Hoorn
17,110360,Sander van de Streek
18,34323,Bas Dost
19,444675,Taylor Booth
20,382581,Fabian de Keijzer
21,431330,Kevin Gadellaa
22,422634,Luuk Brouwers
23,399610,Francesco Antonucci
24,345769,Oskar Buur
25,408912,Florent Da Silva
26,439736,Gaetano Oristanio
27,409052,Benaissa Benamar
28,445057,Achraf Douiri
29,444721,Walid Ould-Chikh
30,240878,Robert Mühren
31,148512,Bilal Ould-Chikh
32,444720,Barry Lauwers
33,444714,Damon Mirani
34,444715,Ibrahim El Kadiri
35,444713,Brian Plat
36,425605,Xavier Mbuyamba
37,445056,Calvin Twigt
38,120549,Daryl van Mieghem
39,321910,Carel Eiting
40,261017,Henk Veerman
41,391573,Filip Stankovic
42,444711,Derry Murkin
43,445058,Josh Flint
44,444719,Givairo Read
45,444718,Kayne van Oevelen
