,ID,Name
0,124105,Michael Heylen
1,383819,Mohamed Bouchouari
2,400115,Lucas Bernadou
3,369671,Azzeddine Toufiqui
4,302724,Eric Oelschlägel
5,141265,Ahmed El Messaoudi
6,408339,Ben Scholte
7,409129,Jari Vlak
8,302776,Keziah Veendorp
9,36131,Jeroen Veldmate
10,104292,Lorenzo Burnet
11,115863,Mark Diemers
12,121834,Mickey van der Hart
13,122206,Richairo Zivkovic
14,125157,Miguel Araujo
15,397586,Fernando Pacheco
16,402852,Ole Romeny
17,399824,Jasin-Amin Assehnoun
18,444652,Rui Mendes
19,444654,Gonzalo Sánchez
20,444655,Julius Dirksen
21,444658,Arnaud Luzayadio
22,445052,Kyan van Dorp
23,143815,Anas Tahiri
24,399607,Antoine Colassin
25,404764,Tibor Halilovic
26,323531,Mats Köhlert
27,361900,Sydney van Hooijdonk
28,401046,Timo Zaal
29,379595,Xavier Mous
30,379760,Milan van Ewijk
31,124274,Sven van Beek
32,124380,Thom Haye
33,252239,Andries Noppert
34,296543,Jan Bekkema
35,409160,Syb van Ottele
36,422643,Djenahro Nunumete
37,142376,Pawel Bochniewicz
38,321193,Rami Kaib
39,401593,Amin Sarr
40,371073,Rami Al Hajj
41,327724,Simon Olsson
42,406536,Hussein Ali
43,444482,Alex Timossi Andersson
44,456088,Kaj van der Veldt
