,ID,Name
0,396058,Rodrigo Guth
1,401043,Ivor Pandur
2,413273,Remy Vita
3,294844,Arianit Ferati
4,397329,Vasilis Sourlis
5,328549,Deroy Duarte
6,243708,Yanick van Osch
7,281508,Roel Janssen
8,288873,Paul Gladon
9,423863,Tijjani Noslin
10,391953,Mike van Beijnen
11,70598,Ivo Pinto
12,100881,Ximo Navarro
13,344201,Iñigo Córdoba
14,107077,Oguzhan Özyakup
15,23282,Burak Yilmaz
16,381814,Dogan Erdogan
17,361862,Cole Bassett
18,383604,George Cox
19,437062,Tunahan Tasci
20,445062,Bryant Nieling
21,455568,Úmaro Embaló
22,368266,Tom Hendriks
23,345769,Oskar Buur
24,409052,Benaissa Benamar
25,425605,Xavier Mbuyamba
26,120549,Daryl van Mieghem
27,148512,Bilal Ould-Chikh
28,240878,Robert Mühren
29,261017,Henk Veerman
30,321910,Carel Eiting
31,391573,Filip Stankovic
32,439736,Gaetano Oristanio
33,444711,Derry Murkin
34,444713,Brian Plat
35,444714,Damon Mirani
36,444715,Ibrahim El Kadiri
37,444716,Imran Nazih
38,444717,Lequincio Zeefuik
39,444718,Kayne van Oevelen
40,444720,Barry Lauwers
41,444721,Walid Ould-Chikh
42,445057,Achraf Douiri
