,ID,Name
0,328432,Siebe Horemans
1,379787,Jacky Donkor
2,320000,Adrian Fein
3,379158,Maxime Awoudja
4,308754,Lazaros Lamprou
5,116632,Yassin Ayoub
6,139666,Norbert Alblas
7,100608,Mike van Duinen
8,363875,Kenzo Goudmijn
9,382593,Marouan Azarkan
10,400009,Couhaib Driouech
11,400056,Nathangelo Markelo
12,406754,Reda Kharchouch
13,444619,Stijn van Gassel
14,444620,Redouan El Yaakoubi
15,444621,Nathan Tjoe-A-On
16,444622,Joshua Eijgenraam
17,444623,Julian Baas
18,444624,Serano Seymor
19,362459,Othmane Boussaid
20,373556,Arthur Zagre
21,375327,Modibo Sagnan
22,344041,Moussa Sylla
23,394998,Can Bozdogan
24,112210,Amin Younes
25,135954,Vasilios Barkas
26,422873,Anastasios Douvikas
27,431329,Naoki Maeda
28,229520,Django Warmerdam
29,256971,Hidde ter Avest
30,135271,Sean Klaiber
31,34323,Bas Dost
32,39726,Mark van der Maarel
33,82401,Jens Toornstra
34,101605,Mike van der Hoorn
35,110360,Sander van de Streek
36,411079,Calvin Raatsie
37,414501,Ruben Kluivert
38,382170,Daishawn Redan
39,422872,Djevencio van der Kust
40,382581,Fabian de Keijzer
41,422634,Luuk Brouwers
