,ID,Name
0,127137,Zakaria Bakkali
1,255946,Dario Van den Buijs
2,400278,Thierry Lutonda
3,400545,Shawn Adewoye
4,383972,Sebbe Augustijns
5,379712,Saïd Bakari
6,400276,Luuk Wouters
7,389411,Yassin Oukili
8,432167,Mark Spenkelink
9,380663,Patrick Vroegh
10,379705,Etienne Vaessen
11,379706,Juriën Gaari
12,429373,Roy Kuijpers
13,279173,Pelle Clement
14,289015,Julian Lelieveld
15,136263,Iliass Bel Hassani
16,23373,Hans Mulder
17,40342,Michiel Kramer
18,63885,Vurnon Anita
19,312584,Joel Pereira
20,391317,Julen Lobete
21,444674,Kevin Felida
22,430909,Mika Biereth
23,343270,Jason Lokilo
24,343347,Arno Verschueren
25,259930,Younes Namli
26,225522,Mario Engels
27,25037,Adil Auassar
28,31238,Aaron Meijers
29,44145,Bart Vriends
30,19087,Jonathan de Guzmán
31,285951,Delano van Crooij
32,343314,Vito van Crooij
33,379741,Dirk Abels
34,379764,Youri Schoonderwaldt
35,383560,Sven Mijnans
36,404225,Shurandy Sambo
37,411278,Jeremy Van Mullem
38,349199,Joshua Kitolano
39,276756,Tobias Lauritsen
40,322776,Michael Pinto
41,434197,Ishan Kort
42,395404,Omar Rekik
43,444483,Mike Eerdhuijzen
44,444484,Koki Saito
45,445063,Patrick Brouwer
