,ID,Name
0,344071,Landry Dimata
1,22300,Lasse Schöne
2,422807,Magnus Mattsson
3,296536,Mikkel Duelund
4,386625,Andri Baldursson
5,115869,Oussama Tannane
6,422805,Souffian El Karouani
7,422806,Dirk Proper
8,437616,Ibrahim Cissoko
9,422810,Elayis Tavsan
10,422814,Robin Roefs
11,271086,Calvin Verdonk
12,90811,Jasper Cillessen
13,97367,Mattijs Branderhorst
14,422804,Bart van Rooij
15,367813,Pedro Marques
16,279967,Iván Márquez
17,431307,Nils Rossen
18,455506,Terry Lartey Sanniez
19,365119,Ezequiel Bullaude
20,384574,Gernot Trauner
21,436553,Igor Paixão
22,319922,Jacob Rasmussen
23,121821,Timon Wellenreuther
24,133390,Alireza Jahanbakhsh
25,136068,Ofir Marciano
26,299321,Oussama Idrissi
27,302709,Justin Bijlow
28,345441,Lutsharel Geertruida
29,363083,Javairô Dilrosun
30,411078,Quinten Timber
31,423949,Mimeirhel Benita
32,357133,Marcus Pedersen
33,320971,Fredrik Bjørkan
34,319594,Sebastian Szymanski
35,362779,Dávid Hancko
36,355870,Orkun Kökçü
37,367522,Danilo
38,371042,Marcos López
39,445059,Mats Wieffer
40,445061,Santiago Giménez
