,ID,Name
0,391257,Mickael Tirpan
1,396058,Rodrigo Guth
2,401043,Ivor Pandur
3,413273,Remy Vita
4,294844,Arianit Ferati
5,79755,Dimitrios Siovas
6,397329,Vasilis Sourlis
7,104982,Mats Seuntjens
8,243708,Yanick van Osch
9,288873,Paul Gladon
10,328549,Deroy Duarte
11,423863,Tijjani Noslin
12,391953,Mike van Beijnen
13,344201,Iñigo Córdoba
14,381814,Dogan Erdogan
15,23282,Burak Yilmaz
16,361862,Cole Bassett
17,383604,George Cox
18,437062,Tunahan Tasci
19,445062,Bryant Nieling
20,455568,Úmaro Embaló
21,368266,Tom Hendriks
22,362459,Othmane Boussaid
23,418600,Rocco Robert Shein
24,375327,Modibo Sagnan
25,344041,Moussa Sylla
26,112210,Amin Younes
27,394998,Can Bozdogan
28,422873,Anastasios Douvikas
29,135954,Vasilios Barkas
30,431329,Naoki Maeda
31,422872,Djevencio van der Kust
32,411079,Calvin Raatsie
33,414501,Ruben Kluivert
34,229520,Django Warmerdam
35,256971,Hidde ter Avest
36,315574,Thijmen Nijhuis
37,382170,Daishawn Redan
38,135271,Sean Klaiber
39,34323,Bas Dost
40,39726,Mark van der Maarel
41,70906,Nick Viergever
42,82401,Jens Toornstra
43,422634,Luuk Brouwers
44,444675,Taylor Booth
