,ID,Name
0,396058,Rodrigo Guth
1,401043,Ivor Pandur
2,410086,Stipe Radic
3,353098,Kristijan Bistrovic
4,413273,Remy Vita
5,294844,Arianit Ferati
6,79755,Dimitrios Siovas
7,365103,Gianmarco Cangiano
8,352844,Thomas Buitink
9,423863,Tijjani Noslin
10,328549,Deroy Duarte
11,243708,Yanick van Osch
12,288873,Paul Gladon
13,70598,Ivo Pinto
14,344201,Iñigo Córdoba
15,23282,Burak Yilmaz
16,107077,Oguzhan Özyakup
17,381814,Dogan Erdogan
18,383604,George Cox
19,368266,Tom Hendriks
20,437062,Tunahan Tasci
21,455568,Úmaro Embaló
22,343347,Arno Verschueren
23,259930,Younes Namli
24,25037,Adil Auassar
25,31238,Aaron Meijers
26,120675,Tim Coremans
27,243916,Nick Olij
28,19087,Jonathan de Guzmán
29,285951,Delano van Crooij
30,404225,Shurandy Sambo
31,411278,Jeremy van Mullem
32,425114,Mohammed Tahiri
33,427851,Rick Meissen
34,437336,Augustin Drakpe
35,379741,Dirk Abels
36,343314,Vito van Crooij
37,396279,Elias Melkersen
38,349199,Joshua Kitolano
39,276756,Tobias Lauritsen
40,322776,Michael Pinto
41,427118,Pedro Alemañ
42,444483,Mike Eerdhuijzen
43,445063,Patrick Brouwer
44,460754,Dylan van Wageningen
