,ID,Name
0,409126,Dominik Oroz
1,424368,Gabriel Vidovic
2,345558,Tomás Hájek
3,384141,Romaric Yapi
4,89947,Nicolas Isimat-Mirin
5,226599,Maximilian Wittek
6,313385,Carlens Arcus
7,141965,Jeroen Houwen
8,436060,Simon van Duivenbooden
9,361867,Kjell Scherpen
10,85470,Marco van Ginkel
11,379707,Melle Meulensteen
12,413209,Daan Reiziger
13,115574,Mitchell Dijks
14,414250,Mohamed Sankoh
15,400281,Million Manhoef
16,401021,Enzo Cornelisse
17,112719,Sondre Tronstad
18,412349,Kacper Kozlowski
19,401131,Bartosz Bialek
20,318295,Matús Bero
21,363704,Toni Domgjoni
22,444737,Ryan Flamingo
23,81523,Mathew Ryan
24,362553,Jens Odgaard
25,300755,Pantelis Hatzidiakos
26,330514,Vangelis Pavlidis
27,424273,Milos Kerkez
28,379783,Yukinari Sugawara
29,433950,Mexx Meerdink
30,422867,Mees de Wit
31,404490,Yusuf Barasi
32,404489,Fedde de Jong
33,438484,Myron van Brederode
34,472183,Wouter Goes
35,415772,Zico Buurmeester
36,470734,Daniël Deen
37,90834,Hobie Verhulst
38,445049,Lewis Schouten
39,383560,Sven Mijnans
40,444780,Mayckel Lahdo
41,320614,Jesper Karlsson
42,334726,Djordje Mihailovic
43,343382,Tijjani Reijnders
