,ID,Name
0,362459,Othmane Boussaid
1,402885,Anthony Descotte
2,403644,Victor Jensen
3,418600,Rocco Robert Shein
4,375327,Modibo Sagnan
5,112210,Amin Younes
6,422873,Anastasios Douvikas
7,135954,Vasilios Barkas
8,431329,Naoki Maeda
9,83337,Zakaria Labyad
10,135271,Sean Klaiber
11,39726,Mark van der Maarel
12,101605,Mike van der Hoorn
13,82401,Jens Toornstra
14,110360,Sander van de Streek
15,256971,Hidde ter Avest
16,261082,Bart Ramselaar
17,315574,Thijmen Nijhuis
18,382582,Tommy St. Jago
19,422909,Ramon Hendriks
20,414501,Ruben Kluivert
21,454518,Derensili Sanches Fernandes
22,382581,Fabian de Keijzer
23,396058,Rodrigo Guth
24,353098,Kristijan Bistrovic
25,410086,Stipe Radic
26,401043,Ivor Pandur
27,413273,Remy Vita
28,294844,Arianit Ferati
29,79755,Dimitrios Siovas
30,365103,Gianmarco Cangiano
31,288873,Paul Gladon
32,391953,Mike van Beijnen
33,243708,Yanick van Osch
34,281508,Roel Janssen
35,352844,Thomas Buitink
36,328549,Deroy Duarte
37,423863,Tijjani Noslin
38,70598,Ivo Pinto
39,455568,Úmaro Embaló
40,344201,Iñigo Córdoba
41,23282,Burak Yilmaz
42,107077,Oguzhan Özyakup
43,383604,George Cox
44,437062,Tunahan Tasci
45,368266,Tom Hendriks
