,ID,Name
0,422636,Philippe Rommens
1,431319,Aventis Aventisian
2,422637,Jay Idzes
3,425219,Jahnoah Markelo
4,34171,Erwin Mulder
5,134722,Bas Kuipers
6,331931,Justin Bakker
7,348644,Sylla Sow
8,355961,Evert Linthorst
9,379703,Jeffrey de Lange
10,382238,Bobby Adekanye
11,422633,Mats Deijl
12,284451,Isac Lidberg
13,383616,Oliver Valaker Edvardsen
14,411691,Enric Llansana
15,433180,Lars Groenendijk
16,444781,Xander Blomme
17,444782,Pim Saathof
18,444783,Robbin Weijenberg
19,384574,Gernot Trauner
20,436553,Igor Paixão
21,319922,Jacob Rasmussen
22,121821,Timon Wellenreuther
23,133390,Alireza Jahanbakhsh
24,136068,Ofir Marciano
25,299321,Oussama Idrissi
26,302709,Justin Bijlow
27,363083,Javairô Dilrosun
28,379784,Mohamed Taabouni
29,411078,Quinten Timber
30,423949,Mimeirhel Benita
31,320971,Fredrik Bjørkan
32,357133,Marcus Pedersen
33,319594,Sebastian Szymanski
34,362779,Dávid Hancko
35,355870,Orkun Kökçü
36,367522,Danilo
37,371042,Marcos López
38,399620,Patrik Wålemark
39,444739,Quilindschy Hartman
40,445059,Mats Wieffer
41,445061,Santiago Giménez
