,ID,Name
0,90365,Lisandro Magallán
1,115587,Lucas Ocampos
2,291937,Florian Grillitsch
3,400166,Mohammed Kudus
4,424819,Lorenzo Lucca
5,322696,Edson Álvarez
6,388650,Jurriën Timber
7,401122,Kenneth Taylor
8,279425,Steven Bergwijn
9,108860,Davy Klaassen
10,4065,Maarten Stekelenburg
11,34550,Remko Pasveer
12,70033,Daley Blind
13,89794,Steven Berghuis
14,422801,Youri Baas
15,422802,Jay Gorter
16,400165,Devyne Rensch
17,29474,Dusan Tadic
18,400320,Ahmetcan Kaplan
19,396976,Calvin Bassey
20,404568,Brian Brobbey
21,409221,Francisco Conceição
22,447643,Jorge Sánchez
23,240976,David Sambissa
24,346507,Roberts Uldrikis
25,349777,Michael Breij
26,361778,Silvester van der Water
27,279429,Sai van Wermeskerken
28,343393,Tom Boere
29,364306,Daniël van Kaam
30,38423,Robbin Ruiter
31,77699,Calvin Mac-Intosch
32,105316,Doke Schmidt
33,108655,Mitchel Paulissen
34,422861,Marco Tol
35,422862,Brett Minnema
36,425440,Jasper ter Heide
37,431350,Sekou Sylla
38,436147,Milan Smit
39,393412,Remco Balk
40,362852,João Virgínia
41,422857,Alex Bangura
42,383858,Felix Mambimbi
43,444618,Floris Smand
