,ID,Name
0,343270,Jason Lokilo
1,343347,Arno Verschueren
2,259930,Younes Namli
3,225522,Mario Engels
4,25037,Adil Auassar
5,19087,Jonathan de Guzmán
6,31238,Aaron Meijers
7,44145,Bart Vriends
8,243916,Nick Olij
9,343314,Vito van Crooij
10,379741,Dirk Abels
11,379764,Youri Schoonderwaldt
12,383560,Sven Mijnans
13,404225,Shurandy Sambo
14,411278,Jeremy Van Mullem
15,276756,Tobias Lauritsen
16,349199,Joshua Kitolano
17,322776,Michael Pinto
18,434197,Ishan Kort
19,395404,Omar Rekik
20,444483,Mike Eerdhuijzen
21,444484,Koki Saito
22,445063,Patrick Brouwer
23,409052,Benaissa Benamar
24,120549,Daryl van Mieghem
25,148512,Bilal Ould-Chikh
26,240878,Robert Mühren
27,261017,Henk Veerman
28,321910,Carel Eiting
29,391573,Filip Stankovic
30,439736,Gaetano Pio Oristanio
31,444711,Derry Murkin
32,444712,Billy van Duijl
33,444713,Brian Plat
34,444714,Damon Mirani
35,444715,Ibrahim El Kadiri
36,444716,Imran Nazih
37,444717,Lequincio Zeefuik
38,444718,Kayne van Oevelen
39,444720,Barry Lauwers
40,444721,Walid Ould-Chikh
41,445055,Dean Ruben James
42,445057,Achraf Douiri
