,ID,Name
0,379701,Ramiz Zerrouki
1,422782,Manfred Ugalde
2,291964,Václav Cerny
3,90235,Lars Unnerstall
4,399296,Christos Tzolis
5,368289,Issam El Maach
6,29281,Wout Brama
7,108935,Robin Pröpper
8,119741,Joshua Brenet
9,120454,Virgil Misidjan
10,400057,Casper Staring
11,400059,Gijs Smal
12,402819,Mees Hilgers
13,387172,Denilho Cleonise
14,405560,Daan Rots
15,406780,Max Bruns
16,422781,Luca Everink
17,437387,Anass Salah-Eddine
18,37344,Ricky van Wolfswinkel
19,34545,Przemyslaw Tyton
20,455476,Jaïr Haakmat
21,404777,Mathias Kjølø
22,130304,Walter Benítez
23,124021,Phillipp Mwene
24,408059,Yorbe Vertessen
25,427824,Johan Bakayoko
26,397821,Sávio
27,98101,André Ramalho
28,142466,Philipp Max
29,137460,Érick Gutiérrez
30,404776,Ismael Saibari
31,399772,Xavi Simons
32,382556,Joey Veerman
33,26916,Boy Waterman
34,232261,Anwar El Ghazi
35,275012,Joël Drommel
36,322148,Guus Til
37,345333,Armando Obispo
38,352825,Cody Gakpo
39,361839,Jordan Teze
40,368547,Ki-Jana Hoever
41,386631,Richard Ledezma
42,381045,Jarrad Branthwaite
43,328075,Ibrahim Sangaré
