,ID,Name
0,328432,Siebe Horemans
1,373556,Arthur Zagre
2,379158,Maxime Awoudja
3,308754,Lazaros Lamprou
4,382593,Marouan Azarkan
5,400009,Couhaib Driouech
6,400056,Nathangelo Markelo
7,400172,Vicente Besuijen
8,406754,Reda Kharchouch
9,408102,Peer Koopmeiners
10,363875,Kenzo Goudmijn
11,100608,Mike van Duinen
12,123554,Sven Nieuwpoort
13,139666,Norbert Alblas
14,444619,Stijn van Gassel
15,444620,Redouan El Yaakoubi
16,444621,Nathan Tjoe-A-On
17,444622,Joshua Eijgenraam
18,444623,Julian Baas
19,444624,Serano Seymor
20,444738,Noah Naujoks
21,127137,Zakaria Bakkali
22,400278,Thierry Lutonda
23,400545,Shawn Adewoye
24,383972,Sebbe Augustijns
25,379712,Saïd Bakari
26,365160,Lars Nieuwpoort
27,379705,Etienne Vaessen
28,379706,Juriën Gaari
29,136263,Iliass Bel Hassani
30,279173,Pelle Clement
31,289015,Julian Lelieveld
32,389411,Yassin Oukili
33,400276,Luuk Wouters
34,429373,Roy Kuijpers
35,432167,Mark Spenkelink
36,23373,Hans Mulder
37,40342,Michiel Kramer
38,63885,Vurnon Anita
39,90696,Florian Jozefzoon
40,104982,Mats Seuntjens
41,312584,Joel Pereira
42,391317,Julen Lobete
43,444674,Kevin Felida
