,ID,Name
0,399610,Francesco Antonucci
1,345769,Oskar Buur
2,408912,Florent Da Silva
3,409052,Benaissa Benamar
4,425605,Xavier Mbuyamba
5,120549,Daryl van Mieghem
6,148512,Bilal Ould-Chikh
7,240878,Robert Mühren
8,261017,Henk Veerman
9,321910,Carel Eiting
10,391573,Filip Stankovic
11,439736,Gaetano Oristanio
12,444711,Derry Murkin
13,444713,Brian Plat
14,444714,Damon Mirani
15,444715,Ibrahim El Kadiri
16,444720,Barry Lauwers
17,444721,Walid Ould-Chikh
18,445055,Dean Ruben James
19,445056,Calvin Twigt
20,445057,Achraf Douiri
21,445058,Josh Flint
22,472272,Flip Klomp
23,81523,Mathew Ryan
24,362553,Jens Odgaard
25,300755,Pantelis Hatzidiakos
26,330514,Vangelis Pavlidis
27,424273,Milos Kerkez
28,379783,Yukinari Sugawara
29,383560,Sven Mijnans
30,404489,Fedde de Jong
31,415772,Zico Buurmeester
32,422867,Mees de Wit
33,90802,Jordy Clasie
34,90834,Hobie Verhulst
35,433950,Mexx Meerdink
36,438484,Myron van Brederode
37,320614,Jesper Karlsson
38,343382,Tijjani Reijnders
39,444780,Mayckel Lahdo
40,470735,Rome-Jayden Owusu-Oduro
41,472183,Wouter Goes
