,ID,Name
0,124105,Michaël Heylen
1,383819,Mohamed Bouchouari
2,369671,Azzeddine Toufiqui
3,400115,Lucas Bernadou
4,302724,Eric Oelschlägel
5,141265,Ahmed El Messaoudi
6,408339,Ben Scholte
7,409129,Jari Vlak
8,428695,Dennis Vos
9,302776,Keziah Veendorp
10,36131,Jeroen Veldmate
11,91123,Mike te Wierik
12,104292,Lorenzo Burnet
13,115863,Mark Diemers
14,121834,Mickey van der Hart
15,125157,Miguel Araujo
16,402852,Ole Romeny
17,444655,Julius Dirksen
18,444658,Arnaud Luzayadio
19,445052,Kyan van Dorp
20,399824,Jasin-Amin Assehnoun
21,409126,Dominik Oroz
22,424368,Gabriel Vidovic
23,384141,Romaric Yapi
24,89947,Nicolas Isimat-Mirin
25,226599,Maximilian Wittek
26,313385,Carlens Arcus
27,115574,Mitchell Dijks
28,141965,Jeroen Houwen
29,77429,Davy Pröpper
30,85470,Marco van Ginkel
31,400281,Million Manhoef
32,401021,Enzo Cornelisse
33,361867,Kjell Scherpen
34,436060,Simon van Duivenbooden
35,437426,Miliano Jonathans
36,413209,Daan Reiziger
37,414250,Mohamed Sankoh
38,379707,Melle Meulensteen
39,412349,Kacper Kozlowski
40,401131,Bartosz Bialek
41,318295,Matús Bero
42,363704,Toni Domgjoni
43,444737,Ryan Flamingo
