,ID,Name
0,402885,Anthony Descotte
1,362459,Othmane Boussaid
2,403644,Victor Jensen
3,375327,Modibo Sagnan
4,112210,Amin Younes
5,394998,Can Bozdogan
6,135954,Vasilios Barkas
7,422873,Anastasios Douvikas
8,431329,Naoki Maeda
9,414501,Ruben Kluivert
10,256971,Hidde ter Avest
11,315574,Thijmen Nijhuis
12,135271,Sean Klaiber
13,39726,Mark van der Maarel
14,70906,Nick Viergever
15,82401,Jens Toornstra
16,101605,Mike van der Hoorn
17,110360,Sander van de Streek
18,382581,Fabian de Keijzer
19,422634,Luuk Brouwers
20,444675,Taylor Booth
21,454518,Derensili Sanches Fernandes
22,143815,Anas Tahiri
23,399607,Antoine Colassin
24,404764,Tibor Halilovic
25,323531,Mats Köhlert
26,361900,Sydney van Hooijdonk
27,379595,Xavier Mous
28,379599,Ché Nunnely
29,379760,Milan van Ewijk
30,238897,Pelle van Amersfoort
31,296543,Jan Bekkema
32,80881,Jeffrey Bruma
33,124380,Thom Haye
34,142181,Joost van Aken
35,409160,Syb van Ottele
36,366886,Osame Sahraoui
37,142376,Pawel Bochniewicz
38,321193,Rami Kaib
39,371073,Rami Al Hajj
40,327724,Simon Olsson
41,406536,Hussein Ali
42,444482,Alex Timossi Andersson
43,473488,Jesper van der Mark
