,ID,Name
0,365119,Ezequiel Bullaude
1,384574,Gernot Trauner
2,436553,Igor Paixão
3,319922,Jacob Rasmussen
4,121821,Timon Wellenreuther
5,133390,Alireza Jahanbakhsh
6,136068,Ofir Marciano
7,445061,Santiago Giménez
8,412907,Neraysho Kasanwirjo
9,379784,Mohamed Taabouni
10,408489,Tein Troost
11,345441,Lutsharel Geertruida
12,444739,Quilindschy Hartman
13,363083,Javairô Dilrosun
14,299321,Oussama Idrissi
15,422921,Antoni Milambo
16,445059,Mats Wieffer
17,357133,Marcus Pedersen
18,319594,Sebastian Szymanski
19,362779,Dávid Hancko
20,355870,Orkun Kökcü
21,371042,Marcos López
22,367522,Danilo
23,401631,Matej Chalus
24,298805,Michael Verrips
25,433575,Liam van Gelderen
26,94885,Jetro Willems
27,391048,Kian Slor
28,97719,Joey Pelupessy
29,133960,Peter Leeuwenburgh
30,379742,Laros Duarte
31,94904,Elvis Manu
32,371293,Jan de Boer
33,137368,Damil Dankerlui
34,321106,Johan Hove
35,391047,Tomás Suslov
36,335919,Daleho Irandust
37,377466,Ricardo Pepi
38,415928,Thijmen Blokzijl
39,444710,Radinio Balker
40,395826,Isak Määttä
41,415927,Luciano Valente
42,459078,Thom van Bergen
43,424673,Aimar Sher
44,460696,Jorg Schreuders
