,ID,Name
0,399610,Francesco Antonucci
1,345769,Oskar Buur
2,408912,Florent Da Silva
3,409052,Benaissa Benamar
4,425605,Xavier Mbuyamba
5,321910,Carel Eiting
6,120549,Daryl van Mieghem
7,240878,Robert Mühren
8,444720,Barry Lauwers
9,444715,Ibrahim El Kadiri
10,444714,Damon Mirani
11,444721,Walid Ould-Chikh
12,460498,Deron Payne
13,148512,Bilal Ould-Chikh
14,261017,Henk Veerman
15,445057,Achraf Douiri
16,391573,Filip Stankovic
17,444711,Derry Murkin
18,445058,Josh Flint
19,472272,Flip Klomp
20,444718,Kayne van Oevelen
21,124105,Michaël Heylen
22,369671,Azzeddine Toufiqui
23,400115,Lucas Bernadou
24,444658,Arnaud Luzayadio
25,302724,Eric Oelschlägel
26,141265,Ahmed El Messaoudi
27,115863,Mark Diemers
28,122206,Richairo Zivkovic
29,445052,Kyan van Dorp
30,409129,Jari Vlak
31,428695,Dennis Vos
32,91123,Mike te Wierik
33,121834,Mickey van der Hart
34,302776,Keziah Veendorp
35,43410,Danny Hoesen
36,408339,Ben Scholte
37,444655,Julius Dirksen
38,402852,Ole Romeny
39,409538,Jeremy Antonisse
40,399824,Jasin-Amin Assehnoun
41,456764,Maurilio de Lannoy
