,ID,Name
0,422782,Manfred Ugalde
1,291964,Václav Cerny
2,90235,Lars Unnerstall
3,307362,Alfons Sampsted
4,368289,Issam El Maach
5,437387,Anass Salah-Eddine
6,475578,Mats Rots
7,108935,Robin Pröpper
8,400059,Gijs Smal
9,402819,Mees Hilgers
10,322149,Michel Vlap
11,361794,Sem Steijn
12,406780,Max Bruns
13,387172,Denilho Cleonise
14,37344,Ricky van Wolfswinkel
15,34545,Przemyslaw Tyton
16,318754,Julio Pleguezuelo
17,471025,Irakli Yegoian
18,475580,Sander Sybrandy
19,475579,Gijs Besselink
20,143815,Anas Tahiri
21,399607,Antoine Colassin
22,379595,Xavier Mous
23,379760,Milan van Ewijk
24,80881,Jeffrey Bruma
25,238897,Pelle van Amersfoort
26,379599,Ché Nunnely
27,142181,Joost van Aken
28,422643,Djenahro Nunumete
29,296543,Jan Bekkema
30,409160,Syb van Ottele
31,366886,Osame Sahraoui
32,142376,Pawel Bochniewicz
33,406536,Hussein Ali
34,327724,Simon Olsson
35,321193,Rami Kaib
36,371073,Rami Al Hajj
37,436158,Daniel Karlsbakk
38,444482,Alex Timossi Andersson
39,472399,Bernt Klaverboer
40,475754,Roan van der Plaat
41,475920,Xavi Woudstra
