,ID,Name
0,240976,David Sambissa
1,346507,Roberts Uldrikis
2,422861,Marco Tol
3,422862,Brett Minnema
4,431350,Sekou Oumar Sylla
5,436147,Milan Smit
6,349183,Léon Bergsma
7,349777,Michael Breij
8,38423,Robbin Ruiter
9,77699,Calvin Mac-Intosch
10,105316,Doke Schmidt
11,108655,Mitchel Paulissen
12,279429,Sai van Wermeskerken
13,343393,Tom Boere
14,361778,Silvester van der Water
15,361897,Jamie Jacobs
16,364306,Daniël van Kaam
17,393412,Remco Balk
18,362852,João Virgínia
19,422857,Alex Bangura
20,383858,Felix Mambimbi
21,351532,Mees Hoedemakers
22,444618,Floris Smand
23,344071,Landry Dimata
24,22300,Lasse Schöne
25,296536,Mikkel Duelund
26,422807,Magnus Mattsson
27,386625,Andri Baldursson
28,115869,Oussama Tannane
29,422805,Souffian El Karouani
30,422806,Dirk Proper
31,422809,Ilias Bronkhorst
32,422810,Elayis Tavsan
33,422814,Robin Roefs
34,437616,Ibrahim Cissoko
35,271086,Calvin Verdonk
36,276442,Joris Kramer
37,422804,Bart van Rooij
38,299511,Jordy Bruijn
39,321959,Philippe Sandler
40,90811,Jasper Cillessen
41,97367,Mattijs Branderhorst
42,367813,Pedro Marques
43,279967,Iván Márquez
44,455506,Terry Lartey Sanniez
