,ID,Name
0,255946,Dario Van den Buijs
1,127137,Zakaria Bakkali
2,383972,Sebbe Augustijns
3,400278,Thierry Lutonda
4,400545,Shawn Adewoye
5,379712,Saïd Bakari
6,429373,Roy Kuijpers
7,432167,Mark Spenkelink
8,400276,Luuk Wouters
9,389411,Yassin Oukili
10,136263,Iliass Bel Hassani
11,365160,Lars Nieuwpoort
12,379705,Etienne Vaessen
13,379706,Juriën Gaari
14,279173,Pelle Clement
15,289015,Julian Lelieveld
16,23373,Hans Mulder
17,40342,Michiel Kramer
18,63885,Vurnon Anita
19,90696,Florian Jozefzoon
20,312584,Joel Pereira
21,391317,Julen Lobete
22,444674,Kevin Felida
23,328432,Siebe Horemans
24,379158,Maxime Awoudja
25,320000,Adrian Fein
26,308754,Lazaros Lamprou
27,116632,Yassin Ayoub
28,123554,Sven Nieuwpoort
29,139666,Norbert Alblas
30,100608,Mike van Duinen
31,382593,Marouan Azarkan
32,400009,Couhaib Driouech
33,400056,Nathangelo Markelo
34,363875,Kenzo Goudmijn
35,444619,Stijn van Gassel
36,444620,Redouan El Yaakoubi
37,444621,Nathan Tjoe-A-On
38,444622,Joshua Eijgenraam
39,444623,Julian Baas
40,444624,Serano Seymor
41,444626,Raphaël Eyongo
