,ID,Name
0,124105,Michael Heylen
1,383819,Mohamed Bouchouari
2,400115,Lucas Bernadou
3,369671,Azzeddine Toufiqui
4,302724,Eric Oelschlägel
5,141265,Ahmed El Messaoudi
6,142242,Jeff Hardeveld
7,36131,Jeroen Veldmate
8,104292,Lorenzo Burnet
9,115863,Mark Diemers
10,121834,Mickey van der Hart
11,122206,Richairo Zivkovic
12,302776,Keziah Veendorp
13,408339,Ben Scholte
14,409129,Jari Vlak
15,397586,Fernando Pacheco
16,125157,Miguel Araujo
17,399824,Jasin-Amin Assehnoun
18,444652,Rui Mendes
19,444654,Gonzalo Sánchez
20,444655,Julius Dirksen
21,444656,Max Wolfs
22,402852,Ole Romeny
23,362553,Jens Odgaard
24,377279,Peter Vindahl
25,300755,Pantelis Hatzidiakos
26,424273,Milos Kerkez
27,379783,Yukinari Sugawara
28,404489,Fedde de Jong
29,404490,Yusuf Barasi
30,408102,Peer Koopmeiners
31,415772,Zico Buurmeester
32,353695,Dani de Wit
33,90802,Jordy Clasie
34,90834,Hobie Verhulst
35,434318,Maxim Dekker
36,438484,Myron van Brederode
37,422739,Sam Beukema
38,422867,Mees de Wit
39,356742,Håkon Evjen
40,343382,Tijjani Reijnders
41,422738,Sem Westerveld
42,444780,Mayckel Lahdo
