,ID,Name
0,367742,Cyril Ngonge
1,404224,Emmanuel Matuta
2,322591,Marin Sverko
3,433575,Liam van Gelderen
4,412907,Neraysho Kasanwirjo
5,422635,Ragnar Oratmangoen
6,371293,Jan de Boer
7,379742,Laros Duarte
8,91123,Mike te Wierik
9,97719,Joey Pelupessy
10,133960,Peter Leeuwenburgh
11,137368,Damil Dankerlui
12,298805,Michael Verrips
13,391047,Tomás Suslov
14,425112,Yahya Kalley
15,335919,Daleho Irandust
16,406537,Paulos Abraham
17,366865,Florian Krüger
18,415927,Luciano Valente
19,395826,Isak Määttä
20,444710,Radinio Balker
21,424368,Gabriel Vidovic
22,345558,Tomás Hájek
23,384141,Romaric Yapi
24,226599,Maximilian Wittek
25,313385,Carlens Arcus
26,352844,Thomas Buitink
27,141965,Jeroen Houwen
28,413209,Daan Reiziger
29,414250,Mohamed Sankoh
30,422868,Nigel van Haveren
31,400281,Million Manhoef
32,401021,Enzo Cornelisse
33,379707,Melle Meulensteen
34,112719,Sondre Tronstad
35,401131,Bartosz Bialek
36,412349,Kacper Kozlowski
37,369558,Ferro
38,318295,Matús Bero
39,392344,Nikolai Frederiksen
40,444737,Ryan Flamingo
