,ID,Name
0,143815,Anas Tahiri
1,399607,Antoine Colassin
2,404764,Tibor Halilovic
3,323531,Mats Köhlert
4,409160,Syb van Ottele
5,361900,Sydney van Hooijdonk
6,401046,Timo Zaal
7,379595,Xavier Mous
8,379760,Milan van Ewijk
9,252239,Andries Noppert
10,296543,Jan Bekkema
11,124274,Sven van Beek
12,124380,Thom Haye
13,142181,Joost van Aken
14,142376,Pawel Bochniewicz
15,406536,Hussein Ali
16,321193,Rami Kaib
17,401593,Amin Sarr
18,371073,Rami Al Hajj
19,327724,Simon Olsson
20,444482,Alex Timossi Andersson
21,344071,Landry Dimata
22,22300,Lasse Schöne
23,296536,Mikkel Duelund
24,422807,Magnus Mattsson
25,386625,Andri Baldursson
26,422805,Souffian El Karouani
27,422806,Dirk Proper
28,422804,Bart van Rooij
29,299511,Jordy Bruijn
30,90811,Jasper Cillessen
31,97367,Mattijs Branderhorst
32,271086,Calvin Verdonk
33,276442,Joris Kramer
34,422809,Ilias Bronkhorst
35,422810,Elayis Tavsan
36,422814,Robin Roefs
37,437616,Ibrahim Cissoko
38,367813,Pedro Marques
39,279967,Iván Márquez
40,455506,Terry Lartey Sanniez
