,ID,Name
0,143815,Anas Tahiri
1,404764,Tibor Halilovic
2,323531,Mats Köhlert
3,361900,Sydney van Hooijdonk
4,379595,Xavier Mous
5,379760,Milan van Ewijk
6,401046,Timo Zaal
7,252239,Andries Noppert
8,296543,Jan Bekkema
9,124274,Sven van Beek
10,124380,Thom Haye
11,142181,Joost van Aken
12,409160,Syb van Ottele
13,422643,Djenahro Nunumete
14,142376,Pawel Bochniewicz
15,406536,Hussein Ali
16,321193,Rami Kaib
17,401593,Amin Sarr
18,371073,Rami Al Hajj
19,327724,Simon Olsson
20,444482,Alex Timossi Andersson
21,343270,Jason Lokilo
22,343347,Arno Verschueren
23,382494,Charles-Andreas Brym
24,259930,Younes Namli
25,225522,Mario Engels
26,243916,Nick Olij
27,343314,Vito van Crooij
28,19087,Jonathan de Guzmán
29,31238,Aaron Meijers
30,44145,Bart Vriends
31,120675,Tim Coremans
32,383560,Sven Mijnans
33,379741,Dirk Abels
34,379764,Youri Schoonderwaldt
35,404225,Shurandy Sambo
36,411278,Jeremy Van Mullem
37,437336,Augustin Drakpe
38,349199,Joshua Kitolano
39,276756,Tobias Lauritsen
40,322776,Michael Pinto
41,395404,Omar Rekik
42,444483,Mike Eerdhuijzen
43,444484,Koki Saito
