,ID,Name
0,422636,Philippe Rommens
1,288859,Gerrit Nauber
2,362691,Luca Plogmann
3,388033,Willum Willumsson
4,143992,Federico Mattiello
5,34171,Erwin Mulder
6,422633,Mats Deijl
7,379703,Jeffrey de Lange
8,382238,Bobby Adekanye
9,322159,Finn Stokkers
10,348644,Sylla Sow
11,355132,Rashaan Fernandes
12,422637,Jay Idzes
13,425219,Jahnoah Markelo
14,403097,Fredrik Oppegård
15,395424,José Fontán
16,284451,Isac Lidberg
17,411691,Enric Llansana
18,444781,Xander Blomme
19,472963,Darío Serra
20,22300,Lasse Schöne
21,386625,Andri Baldursson
22,115869,Oussama Tannane
23,422805,Souffian El Karouani
24,422806,Dirk Proper
25,422809,Ilias Bronkhorst
26,422810,Elayis Tavsan
27,429380,Rijk Janse
28,437616,Ibrahim Cissoko
29,271086,Calvin Verdonk
30,276442,Joris Kramer
31,90811,Jasper Cillessen
32,97367,Mattijs Branderhorst
33,400143,Anthony Musaba
34,422804,Bart van Rooij
35,367813,Pedro Marques
36,279967,Iván Márquez
37,444741,Kas de Wit
38,455506,Terry Sanniez
