,ID,Name
0,346304,Mads Bech Sørensen
1,424578,Oliver Antman
2,422635,Ragnar Oratmangoen
3,371293,Jan de Boer
4,94904,Elvis Manu
5,97719,Joey Pelupessy
6,133960,Peter Leeuwenburgh
7,137368,Damil Dankerlui
8,298805,Michael Verrips
9,321106,Johan Hove
10,391047,Tomás Suslov
11,335919,Daleho Irandust
12,377466,Ricardo Pepi
13,366865,Florian Krüger
14,395826,Isak Määttä
15,415928,Thijmen Blokzijl
16,424673,Aimar Sher
17,444710,Radinio Balker
18,459078,Thom van Bergen
19,460696,Jorg Schreuders
20,379701,Ramiz Zerrouki
21,422782,Manfred Ugalde
22,361838,Michal Sadílek
23,291964,Václav Cerny
24,90235,Lars Unnerstall
25,307362,Alfons Sampsted
26,368289,Issam El Maach
27,405560,Daan Rots
28,406780,Max Bruns
29,387172,Denilho Cleonise
30,400059,Gijs Smal
31,402819,Mees Hilgers
32,322149,Michel Vlap
33,361794,Sem Steijn
34,108935,Robin Pröpper
35,119741,Joshua Brenet
36,120454,Virgil Misidjan
37,437387,Anass Salah-Eddine
38,37344,Ricky van Wolfswinkel
39,34545,Przemyslaw Tyton
40,404777,Mathias Kjølø
