,ID,Name
0,365119,Ezequiel Bullaude
1,436553,Igor Paixão
2,319922,Jacob Rasmussen
3,121821,Timon Wellenreuther
4,133390,Alireza Jahanbakhsh
5,136068,Ofir Marciano
6,363083,Javairô Dilrosun
7,299321,Oussama Idrissi
8,345441,Lutsharel Geertruida
9,379784,Mohamed Taabouni
10,408489,Tein Troost
11,411078,Quinten Timber
12,412907,Neraysho Kasanwirjo
13,423949,Mimeirhel Benita
14,357133,Marcus Pedersen
15,362779,Dávid Hancko
16,355870,Orkun Kökcü
17,445059,Mats Wieffer
18,445061,Santiago Giménez
19,399620,Patrik Wålemark
20,367522,Danilo
21,371042,Marcos López
22,130304,Walter Benítez
23,124021,Phillipp Mwene
24,101537,Thorgan Hazard
25,427824,Johan Bakayoko
26,98101,André Ramalho
27,137460,Érick Gutiérrez
28,404776,Ismael Saibari
29,399772,Xavi Simons
30,382556,Joey Veerman
31,232261,Anwar El Ghazi
32,275012,Joël Drommel
33,322148,Guus Til
34,345333,Armando Obispo
35,361839,Jordan Teze
36,26916,Boy Waterman
37,68585,Luuk de Jong
38,78221,Patrick van Aanholt
39,380655,Fábio Silva
40,386631,Richard Ledezma
41,381045,Jarrad Branthwaite
42,328075,Ibrahim Sangaré
