,ID,Name
0,93012,Navarone Foor
1,346507,Roberts Uldrikis
2,364306,Daniël van Kaam
3,393412,Remco Balk
4,349183,Léon Bergsma
5,349777,Michael Breij
6,105316,Doke Schmidt
7,108655,Mitchel Paulissen
8,238997,Mimoun Mahi
9,279429,Sai van Wermeskerken
10,38423,Robbin Ruiter
11,90830,Ben Rienstra
12,361778,Silvester van der Water
13,422861,Marco Tol
14,422862,Brett Minnema
15,431350,Sekou Sylla
16,436147,Milan Smit
17,343196,Bjørn Johnsen
18,362852,João Virgínia
19,422857,Alex Bangura
20,444618,Floris Smand
21,470759,Vincent Pichel
22,351532,Mees Hoedemakers
23,125375,Gerónimo Rulli
24,400166,Mohammed Kudus
25,424819,Lorenzo Lucca
26,322696,Edson Álvarez
27,328550,Owen Wijndal
28,388650,Jurriën Timber
29,401122,Kenneth Taylor
30,279425,Steven Bergwijn
31,34550,Remko Pasveer
32,89794,Steven Berghuis
33,108860,Davy Klaassen
34,4065,Maarten Stekelenburg
35,427577,Youri Regeer
36,400165,Devyne Rensch
37,415781,Kian Fitz-Jim
38,29474,Dusan Tadic
39,396976,Calvin Bassey
40,404568,Brian Brobbey
41,409221,Francisco Conceição
42,447643,Jorge Sánchez
43,449303,Silvano Vos
44,454339,Olivier Aertssen
45,467715,Jorrel Hato
