,ID,Name
0,259530,Robin Maulun
1,93012,Navarone Foor
2,346507,Roberts Uldrikis
3,470759,Vincent Pichel
4,361897,Jamie Jacobs
5,431350,Sekou Sylla
6,77699,Calvin Mac-Intosch
7,361778,Silvester van der Water
8,393412,Remco Balk
9,422862,Brett Minnema
10,108655,Mitchel Paulissen
11,364306,Daniël van Kaam
12,349777,Michael Breij
13,238997,Mimoun Mahi
14,38423,Robbin Ruiter
15,349183,Léon Bergsma
16,105316,Doke Schmidt
17,279429,Sai van Wermeskerken
18,90830,Ben Rienstra
19,343196,Bjørn Johnsen
20,362852,João Virgínia
21,422857,Alex Bangura
22,444618,Floris Smand
23,422636,Philippe Rommens
24,444781,Xander Blomme
25,362691,Luca Plogmann
26,288859,Gerrit Nauber
27,431319,Aventis Aventisian
28,425219,Jahnoah Markelo
29,422637,Jay Idzes
30,322159,Finn Stokkers
31,379703,Jeffrey de Lange
32,400173,Jamal Amofa
33,422633,Mats Deijl
34,355132,Rashaan Fernandes
35,355961,Evert Linthorst
36,34171,Erwin Mulder
37,348644,Sylla Sow
38,403097,Fredrik Oppegård
39,395424,José Fontán
40,284451,Isac Lidberg
41,472963,Darío Serra
42,411691,Enric Llansana
43,383616,Oliver Valaker Edvardsen
