,ID,Name
0,127137,Zakaria Bakkali
1,255946,Dario Van den Buijs
2,400278,Thierry Lutonda
3,379712,Saïd Bakari
4,400276,Luuk Wouters
5,444674,Kevin Felida
6,90696,Florian Jozefzoon
7,379705,Etienne Vaessen
8,365160,Lars Nieuwpoort
9,379706,Juriën Gaari
10,389411,Yassin Oukili
11,63885,Vurnon Anita
12,136263,Iliass Bel Hassani
13,289015,Julian Lelieveld
14,279173,Pelle Clement
15,40342,Michiel Kramer
16,104982,Mats Seuntjens
17,380663,Patrick Vroegh
18,23373,Hans Mulder
19,432167,Mark Spenkelink
20,312584,Joel Pereira
21,391317,Julen Lobete
22,430909,Mika Biereth
23,124021,Phillipp Mwene
24,427824,Johan Bakayoko
25,98101,André Ramalho
26,260809,Olivier Boscagli
27,137460,Érick Gutiérrez
28,404776,Ismael Saibari
29,26916,Boy Waterman
30,462233,Niek Schiks
31,382556,Joey Veerman
32,399772,Xavi Simons
33,361839,Jordan Teze
34,345333,Armando Obispo
35,78221,Patrick van Aanholt
36,275012,Joël Drommel
37,232261,Anwar El Ghazi
38,68585,Luuk de Jong
39,380655,Fábio Silva
40,386631,Richard Ledezma
41,381045,Jarrad Branthwaite
42,328075,Ibrahim Sangaré
