,ID,Name
0,125375,Gerónimo Rulli
1,291937,Florian Grillitsch
2,400166,Mohammed Kudus
3,424819,Lorenzo Lucca
4,447643,Jorge Sánchez
5,322696,Edson Álvarez
6,108860,Davy Klaassen
7,328550,Owen Wijndal
8,401122,Kenneth Taylor
9,4065,Maarten Stekelenburg
10,279425,Steven Bergwijn
11,34550,Remko Pasveer
12,427577,Youri Regeer
13,415781,Kian Fitz-Jim
14,422801,Youri Baas
15,388650,Jurriën Timber
16,400165,Devyne Rensch
17,89794,Steven Berghuis
18,29474,Dusan Tadic
19,396976,Calvin Bassey
20,404568,Brian Brobbey
21,409221,Francisco Conceição
22,467715,Jorrel Hato
23,344071,Landry Dimata
24,422807,Magnus Mattsson
25,22300,Lasse Schöne
26,386625,Andri Baldursson
27,422805,Souffian El Karouani
28,115869,Oussama Tannane
29,422804,Bart van Rooij
30,422806,Dirk Proper
31,422810,Elayis Tavsan
32,321959,Philippe Sandler
33,90811,Jasper Cillessen
34,97367,Mattijs Branderhorst
35,422814,Robin Roefs
36,437616,Ibrahim Cissoko
37,276442,Joris Kramer
38,299511,Jordy Bruijn
39,422809,Ilias Bronkhorst
40,400143,Anthony Musaba
41,367813,Pedro Marques
42,279967,Iván Márquez
43,455506,Terry Sanniez
