,ID,Name
0,400278,Thierry Lutonda
1,400545,Shawn Adewoye
2,383972,Sebbe Augustijns
3,127137,Zakaria Bakkali
4,255946,Dario Van den Buijs
5,379712,Saïd Bakari
6,444674,Kevin Felida
7,379705,Etienne Vaessen
8,380663,Patrick Vroegh
9,432167,Mark Spenkelink
10,365160,Lars Nieuwpoort
11,429373,Roy Kuijpers
12,289015,Julian Lelieveld
13,379706,Juriën Gaari
14,389411,Yassin Oukili
15,279173,Pelle Clement
16,63885,Vurnon Anita
17,40342,Michiel Kramer
18,90696,Florian Jozefzoon
19,104982,Mats Seuntjens
20,312584,Joel Pereira
21,391317,Julen Lobete
22,430909,Mika Biereth
23,399610,Francesco Antonucci
24,408912,Florent Da Silva
25,439736,Gaetano Oristanio
26,409052,Benaissa Benamar
27,460498,Deron Payne
28,445056,Calvin Twigt
29,321910,Carel Eiting
30,444714,Damon Mirani
31,120549,Daryl van Mieghem
32,240878,Robert Mühren
33,425605,Xavier Mbuyamba
34,261017,Henk Veerman
35,445057,Achraf Douiri
36,444715,Ibrahim El Kadiri
37,444721,Walid Ould-Chikh
38,444720,Barry Lauwers
39,391573,Filip Stankovic
40,444711,Derry Murkin
41,460178,Darius Johnson
42,445058,Josh Flint
43,444718,Kayne van Oevelen
