,ID,Name
0,328432,Siebe Horemans
1,373556,Arthur Zagre
2,308754,Lazaros Lamprou
3,100608,Mike van Duinen
4,406754,Reda Kharchouch
5,139666,Norbert Alblas
6,444623,Julian Baas
7,400056,Nathangelo Markelo
8,408102,Peer Koopmeiners
9,444619,Stijn van Gassel
10,444624,Serano Seymor
11,444620,Redouan El Yaakoubi
12,444621,Nathan Tjoe-A-On
13,382593,Marouan Azarkan
14,444738,Noah Naujoks
15,363875,Kenzo Goudmijn
16,444625,Pascal Kuiper
17,400009,Couhaib Driouech
18,444622,Joshua Eijgenraam
19,445053,Nikolas Agrafiotis
20,343347,Arno Verschueren
21,259930,Younes Namli
22,444484,Koki Saito
23,425114,Mohammed Tahiri
24,31238,Aaron Meijers
25,120675,Tim Coremans
26,285951,Delano van Crooij
27,427851,Rick Meissen
28,379741,Dirk Abels
29,343314,Vito van Crooij
30,19087,Jonathan de Guzmán
31,243916,Nick Olij
32,404225,Shurandy Sambo
33,444483,Mike Eerdhuijzen
34,44145,Bart Vriends
35,411278,Jeremy van Mullem
36,396279,Elias Melkersen
37,349199,Joshua Kitolano
38,276756,Tobias Lauritsen
39,322776,Michael Pinto
40,427118,Pedro Alemañ
