,ID,Name
0,424368,Gabriel Vidovic
1,345558,Tomás Hájek
2,384141,Romaric Yapi
3,226599,Maximilian Wittek
4,285933,Markus Schubert
5,313385,Carlens Arcus
6,436060,Simon van Duivenbooden
7,437426,Miliano Jonathans
8,141965,Jeroen Houwen
9,379707,Melle Meulensteen
10,400281,Million Manhoef
11,401021,Enzo Cornelisse
12,413209,Daan Reiziger
13,414250,Mohamed Sankoh
14,112719,Sondre Tronstad
15,412349,Kacper Kozlowski
16,369558,Ferro
17,318295,Matús Bero
18,363704,Toni Domgjoni
19,392344,Nikolai Frederiksen
20,444737,Ryan Flamingo
21,429928,Gyan de Regt
22,343270,Jason Lokilo
23,343347,Arno Verschueren
24,225522,Mario Engels
25,25037,Adil Auassar
26,31238,Aaron Meijers
27,44145,Bart Vriends
28,243916,Nick Olij
29,379741,Dirk Abels
30,379764,Youri Schoonderwaldt
31,383560,Sven Mijnans
32,404225,Shurandy Sambo
33,411278,Jeremy Van Mullem
34,425114,Mohammed Tahiri
35,437336,Augustin Drakpe
36,343314,Vito van Crooij
37,285951,Delano van Crooij
38,349199,Joshua Kitolano
39,276756,Tobias Lauritsen
40,322776,Michael Pinto
41,444483,Mike Eerdhuijzen
42,444484,Koki Saito
43,445063,Patrick Brouwer
