,ID,Name
0,328432,Siebe Horemans
1,379787,Jacky Donkor
2,320000,Adrian Fein
3,379158,Maxime Awoudja
4,308754,Lazaros Lamprou
5,116632,Yassin Ayoub
6,139666,Norbert Alblas
7,100608,Mike van Duinen
8,363875,Kenzo Goudmijn
9,382593,Marouan Azarkan
10,400009,Couhaib Driouech
11,400056,Nathangelo Markelo
12,406754,Reda Kharchouch
13,444619,Stijn van Gassel
14,444620,Redouan El Yaakoubi
15,444621,Nathan Tjoe-A-On
16,444622,Joshua Eijgenraam
17,444623,Julian Baas
18,444624,Serano Seymor
19,445053,Nikolas Agrafiotis
20,143815,Anas Tahiri
21,399607,Antoine Colassin
22,404764,Tibor Halilovic
23,323531,Mats Köhlert
24,124274,Sven van Beek
25,142181,Joost van Aken
26,252239,Andries Noppert
27,296543,Jan Bekkema
28,401046,Timo Zaal
29,361900,Sydney van Hooijdonk
30,379595,Xavier Mous
31,379760,Milan van Ewijk
32,409160,Syb van Ottele
33,142376,Pawel Bochniewicz
34,327724,Simon Olsson
35,321193,Rami Kaib
36,371073,Rami Al Hajj
37,401593,Amin Sarr
38,406536,Hussein Ali
39,444482,Alex Timossi Andersson
