,ID,Name
0,396058,Rodrigo Guth
1,401043,Ivor Pandur
2,413273,Remy Vita
3,294844,Arianit Ferati
4,397329,Vasilis Sourlis
5,328549,Deroy Duarte
6,104982,Mats Seuntjens
7,423863,Tijjani Noslin
8,243708,Yanick van Osch
9,281508,Roel Janssen
10,288873,Paul Gladon
11,391953,Mike van Beijnen
12,70598,Ivo Pinto
13,100881,Ximo Navarro
14,344201,Iñigo Córdoba
15,107077,Oguzhan Özyakup
16,381814,Dogan Erdogan
17,361862,Cole Bassett
18,383604,George Cox
19,437062,Tunahan Tasci
20,455568,Úmaro Embaló
21,368266,Tom Hendriks
22,124105,Michael Heylen
23,383819,Mohamed Bouchouari
24,400115,Lucas Bernadou
25,369671,Azzeddine Toufiqui
26,302724,Eric Oelschlägel
27,36131,Jeroen Veldmate
28,104292,Lorenzo Burnet
29,115863,Mark Diemers
30,121834,Mickey van der Hart
31,122206,Richairo Zivkovic
32,302776,Keziah Veendorp
33,409129,Jari Vlak
34,397586,Fernando Pacheco
35,125157,Miguel Araujo
36,372926,Metehan Guclu
37,399824,Jasin-Amin Assehnoun
38,402852,Ole Romeny
39,444652,Rui Mendes
40,444655,Julius Dirksen
41,444658,Arnaud Luzayadio
42,445052,Kyan van Dorp
