,ID,Name
0,391257,Mickael Tirpan
1,396058,Rodrigo Guth
2,401043,Ivor Pandur
3,413273,Remy Vita
4,294844,Arianit Ferati
5,79755,Dimitrios Siovas
6,397329,Vasilis Sourlis
7,391953,Mike van Beijnen
8,104982,Mats Seuntjens
9,243708,Yanick van Osch
10,281508,Roel Janssen
11,288873,Paul Gladon
12,328549,Deroy Duarte
13,423863,Tijjani Noslin
14,70598,Ivo Pinto
15,344201,Iñigo Córdoba
16,23282,Burak Yilmaz
17,381814,Dogan Erdogan
18,383604,George Cox
19,368266,Tom Hendriks
20,437062,Tunahan Tasci
21,90365,Lisandro Magallán
22,364315,Antony
23,400166,Mohammed Kudus
24,424819,Lorenzo Lucca
25,427577,Youri Regeer
26,388650,Jurriën Timber
27,400165,Devyne Rensch
28,415781,Kian Fitz-Jim
29,422801,Youri Baas
30,422802,Jay Gorter
31,401122,Kenneth Taylor
32,108860,Davy Klaassen
33,135271,Sean Klaiber
34,279425,Steven Bergwijn
35,328550,Owen Wijndal
36,362732,Perr Schuurs
37,4065,Maarten Stekelenburg
38,34550,Remko Pasveer
39,70033,Daley Blind
40,89794,Steven Berghuis
41,29474,Dusan Tadic
42,404568,Brian Brobbey
43,409221,Francisco Conceição
