,ID,Name
0,255946,Dario Van den Buijs
1,379713,Lennerd Daneels
2,383972,Sebbe Augustijns
3,400278,Thierry Lutonda
4,400545,Shawn Adewoye
5,379712,Saïd Bakari
6,400276,Luuk Wouters
7,432167,Mark Spenkelink
8,429373,Roy Kuijpers
9,389411,Yassin Oukili
10,380663,Patrick Vroegh
11,289015,Julian Lelieveld
12,365160,Lars Nieuwpoort
13,379705,Etienne Vaessen
14,379706,Juriën Gaari
15,23373,Hans Mulder
16,40342,Michiel Kramer
17,63885,Vurnon Anita
18,136263,Iliass Bel Hassani
19,312584,Joel Pereira
20,391317,Julen Lobete
21,430909,Mika Biereth
22,444674,Kevin Felida
23,362459,Othmane Boussaid
24,418600,Rocco Robert Shein
25,344041,Moussa Sylla
26,372372,Albert-Nicolas Lottin
27,375327,Modibo Sagnan
28,394998,Can Bozdogan
29,422873,Anastasios Douvikas
30,135954,Vasilios Barkas
31,238997,Mimoun Mahi
32,256971,Hidde ter Avest
33,315574,Thijmen Nijhuis
34,382170,Daishawn Redan
35,34323,Bas Dost
36,39726,Mark van der Maarel
37,70906,Nick Viergever
38,101605,Mike van der Hoorn
39,422872,Djevencio van der Kust
40,411079,Calvin Raatsie
41,414501,Ruben Kluivert
42,422634,Luuk Brouwers
43,444675,Taylor Booth
