,ID,Name
0,130304,Walter Benítez
1,124021,Phillipp Mwene
2,427824,Johan Bakayoko
3,98101,André Ramalho
4,397821,Sávio
5,142466,Philipp Max
6,137460,Érick Gutiérrez
7,404776,Ismael Saibari
8,399772,Xavi Simons
9,345333,Armando Obispo
10,352825,Cody Gakpo
11,361839,Jordan Teze
12,368547,Ki-Jana Hoever
13,382556,Joey Veerman
14,231140,Derrick Luckassen
15,275012,Joël Drommel
16,322148,Guus Til
17,26916,Boy Waterman
18,68585,Luuk de Jong
19,85470,Marco van Ginkel
20,403097,Fredrik Oppegård
21,386631,Richard Ledezma
22,328075,Ibrahim Sangaré
23,124105,Michael Heylen
24,369671,Azzeddine Toufiqui
25,400115,Lucas Bernadou
26,302724,Eric Oelschlägel
27,142242,Jeff Hardeveld
28,36131,Jeroen Veldmate
29,42979,Maikel Kieftenbeld
30,122206,Richairo Zivkovic
31,302776,Keziah Veendorp
32,408339,Ben Scholte
33,409129,Jari Vlak
34,397586,Fernando Pacheco
35,125157,Miguel Araujo
36,372926,Metehan Guclu
37,399824,Jasin-Amin Assehnoun
38,402852,Ole Romeny
39,444652,Rui Mendes
40,444653,Remi van Ekeris
41,444654,Gonzalo Sánchez
42,444655,Julius Dirksen
43,444656,Max Wolfs
44,444657,Wouter Sibon
45,444658,Arnaud Luzayadio
