,ID,Name
0,240976,David Sambissa
1,259530,Robin Maulun
2,422859,Jhondly van der Meer
3,346507,Roberts Uldrikis
4,422861,Marco Tol
5,422862,Brett Minnema
6,425440,Jasper ter Heide
7,431350,Sekou Sylla
8,436147,Milan Smit
9,349183,Léon Bergsma
10,349777,Michael Breij
11,361897,Jamie Jacobs
12,393412,Remco Balk
13,298844,Sam Hendriks
14,343393,Tom Boere
15,38423,Robbin Ruiter
16,77699,Calvin Mac-Intosch
17,105316,Doke Schmidt
18,108655,Mitchel Paulissen
19,362852,João Virgínia
20,422857,Alex Bangura
21,351532,Mees Hoedemakers
22,444618,Floris Smand
23,328432,Siebe Horemans
24,379787,Jacky Donkor
25,116632,Yassin Ayoub
26,123554,Sven Nieuwpoort
27,363875,Kenzo Goudmijn
28,382593,Marouan Azarkan
29,400009,Couhaib Driouech
30,400056,Nathangelo Markelo
31,406754,Reda Kharchouch
32,444619,Stijn van Gassel
33,444620,Redouan El Yaakoubi
34,444621,Nathan Tjoe-A-On
35,444622,Joshua Eijgenraam
36,444623,Julian Baas
37,444624,Serano Seymor
38,444625,Pascal Kuiper
39,444626,Raphaël Eyongo
40,444627,Luuk Admiraal
