,ID,Name
0,379701,Ramiz Zerrouki
1,422782,Manfred Ugalde
2,361838,Michal Sadílek
3,291964,Václav Cerny
4,90235,Lars Unnerstall
5,307362,Alfons Sampsted
6,368289,Issam El Maach
7,437387,Anass Salah-Eddine
8,405560,Daan Rots
9,406780,Max Bruns
10,322149,Michel Vlap
11,361794,Sem Steijn
12,387172,Denilho Cleonise
13,400059,Gijs Smal
14,402819,Mees Hilgers
15,37344,Ricky van Wolfswinkel
16,108935,Robin Pröpper
17,119741,Joshua Brenet
18,120454,Virgil Misidjan
19,34545,Przemyslaw Tyton
20,318754,Julio Pleguezuelo
21,404777,Mathias Kjølø
22,124105,Michaël Heylen
23,383819,Mohamed Bouchouari
24,400115,Lucas Bernadou
25,369671,Azzeddine Toufiqui
26,302724,Eric Oelschlägel
27,141265,Ahmed El Messaoudi
28,302776,Keziah Veendorp
29,36131,Jeroen Veldmate
30,104292,Lorenzo Burnet
31,115863,Mark Diemers
32,121834,Mickey van der Hart
33,122206,Richairo Zivkovic
34,409129,Jari Vlak
35,125157,Miguel Araujo
36,402852,Ole Romeny
37,399824,Jasin-Amin Assehnoun
38,444652,Rui Jorge Monteiro Mendes
39,444655,Julius Dirksen
40,444658,Arnaud Luzayadio
41,445052,Kyan van Dorp
42,469550,Floris Quaedvlieg
