,ID,Name
0,343347,Arno Verschueren
1,259930,Younes Namli
2,444484,Koki Saito
3,25037,Adil Auassar
4,31238,Aaron Meijers
5,379764,Youri Schoonderwaldt
6,460754,Dylan van Wageningen
7,285951,Delano van Crooij
8,411278,Jeremy van Mullem
9,19087,Jonathan de Guzmán
10,425114,Mohammed Tahiri
11,343314,Vito van Crooij
12,243916,Nick Olij
13,44145,Bart Vriends
14,379741,Dirk Abels
15,444483,Mike Eerdhuijzen
16,276756,Tobias Lauritsen
17,349199,Joshua Kitolano
18,322776,Michael Pinto
19,427118,Pedro Alemañ
20,130304,Walter Benítez
21,124021,Phillipp Mwene
22,428122,Fedde Leysen
23,427824,Johan Bakayoko
24,98101,André Ramalho
25,397821,Sávio
26,260809,Olivier Boscagli
27,137460,Érick Gutiérrez
28,428694,Jenson Seelt
29,444159,Mathijs Tielemans
30,26916,Boy Waterman
31,444160,Mohamed Nassoh
32,361839,Jordan Teze
33,382556,Joey Veerman
34,322148,Guus Til
35,399772,Xavi Simons
36,68585,Luuk de Jong
37,232261,Anwar El Ghazi
38,275012,Joël Drommel
39,78221,Patrick van Aanholt
40,380655,Fábio Silva
41,381045,Jarrad Branthwaite
42,481080,Tygo Land
