,ID,Name
0,125375,Gerónimo Rulli
1,291937,Florian Grillitsch
2,400166,Mohammed Kudus
3,424819,Lorenzo Lucca
4,447643,Jorge Sánchez
5,322696,Edson Álvarez
6,4065,Maarten Stekelenburg
7,328550,Owen Wijndal
8,34550,Remko Pasveer
9,427577,Youri Regeer
10,422801,Youri Baas
11,449303,Silvano Vos
12,400165,Devyne Rensch
13,401122,Kenneth Taylor
14,108860,Davy Klaassen
15,279425,Steven Bergwijn
16,388650,Jurriën Timber
17,29474,Dusan Tadic
18,396976,Calvin Bassey
19,467715,Jorrel Hato
20,462099,Mika Godts
21,404568,Brian Brobbey
22,409221,Francisco Conceição
23,81523,Mathew Ryan
24,337826,Zinho Vanheusden
25,362553,Jens Odgaard
26,300755,Pantelis Hatzidiakos
27,330514,Vangelis Pavlidis
28,424273,Milos Kerkez
29,379783,Yukinari Sugawara
30,415772,Zico Buurmeester
31,90834,Hobie Verhulst
32,470734,Daniël Deen
33,422867,Mees de Wit
34,404489,Fedde de Jong
35,438484,Myron van Brederode
36,133959,Riechedly Bazoer
37,472183,Wouter Goes
38,433950,Mexx Meerdink
39,422739,Sam Beukema
40,383560,Sven Mijnans
41,90802,Jordy Clasie
42,444780,Mayckel Lahdo
43,334726,Djordje Mihailovic
44,343382,Tijjani Reijnders
