,ID,Name
0,344071,Landry Dimata
1,422807,Magnus Mattsson
2,22300,Lasse Schöne
3,386625,Andri Baldursson
4,115869,Oussama Tannane
5,422805,Souffian El Karouani
6,422804,Bart van Rooij
7,90811,Jasper Cillessen
8,321959,Philippe Sandler
9,422806,Dirk Proper
10,422810,Elayis Tavsan
11,422809,Ilias Bronkhorst
12,400143,Anthony Musaba
13,97367,Mattijs Branderhorst
14,429380,Rijk Janse
15,437616,Ibrahim Cissoko
16,276442,Joris Kramer
17,299511,Jordy Bruijn
18,367813,Pedro Marques
19,279967,Iván Márquez
20,455506,Terry Sanniez
21,143815,Anas Tahiri
22,399607,Antoine Colassin
23,404764,Tibor Halilovic
24,323531,Mats Köhlert
25,409160,Syb van Ottele
26,379760,Milan van Ewijk
27,379595,Xavier Mous
28,238897,Pelle van Amersfoort
29,361900,Sydney van Hooijdonk
30,80881,Jeffrey Bruma
31,379599,Ché Nunnely
32,296543,Jan Bekkema
33,124380,Thom Haye
34,366886,Osame Sahraoui
35,142376,Pawel Bochniewicz
36,321193,Rami Kaib
37,371073,Rami Al Hajj
38,406536,Hussein Ali
39,327724,Simon Olsson
40,436158,Daniel Karlsbakk
41,473488,Jesper van der Mark
42,444482,Alex Timossi Andersson
