,ID,Name
0,240976,David Sambissa
1,93012,Navarone Foor
2,346507,Roberts Uldrikis
3,238997,Mimoun Mahi
4,422861,Marco Tol
5,349777,Michael Breij
6,38423,Robbin Ruiter
7,77699,Calvin Mac-Intosch
8,279429,Sai van Wermeskerken
9,434130,Thijmen Renkel
10,105316,Doke Schmidt
11,431350,Sekou Sylla
12,90830,Ben Rienstra
13,422862,Brett Minnema
14,436147,Milan Smit
15,364306,Daniël van Kaam
16,349183,Léon Bergsma
17,108655,Mitchel Paulissen
18,361897,Jamie Jacobs
19,343196,Bjørn Johnsen
20,422857,Alex Bangura
21,444618,Floris Smand
22,351532,Mees Hoedemakers
23,362459,Othmane Boussaid
24,402885,Anthony Descotte
25,403644,Victor Jensen
26,418600,Rocco Robert Shein
27,375327,Modibo Sagnan
28,394998,Can Bozdogan
29,422873,Anastasios Douvikas
30,135954,Vasilios Barkas
31,83337,Zakaria Labyad
32,414501,Ruben Kluivert
33,70906,Nick Viergever
34,39726,Mark van der Maarel
35,101605,Mike van der Hoorn
36,135271,Sean Klaiber
37,82401,Jens Toornstra
38,110360,Sander van de Streek
39,34323,Bas Dost
40,382582,Tommy St. Jago
41,256971,Hidde ter Avest
42,261082,Bart Ramselaar
43,315574,Thijmen Nijhuis
44,444675,Taylor Booth
45,382581,Fabian de Keijzer
