,ID,Name
0,362459,Othmane Boussaid
1,418600,Rocco Robert Shein
2,375327,Modibo Sagnan
3,344041,Moussa Sylla
4,394998,Can Bozdogan
5,112210,Amin Younes
6,135954,Vasilios Barkas
7,422873,Anastasios Douvikas
8,431329,Naoki Maeda
9,422872,Djevencio van der Kust
10,256971,Hidde ter Avest
11,135271,Sean Klaiber
12,34323,Bas Dost
13,39726,Mark van der Maarel
14,82401,Jens Toornstra
15,101605,Mike van der Hoorn
16,110360,Sander van de Streek
17,411079,Calvin Raatsie
18,414501,Ruben Kluivert
19,382170,Daishawn Redan
20,444675,Taylor Booth
21,382581,Fabian de Keijzer
22,422634,Luuk Brouwers
23,367742,Cyril Ngonge
24,404224,Emmanuel Matuta
25,322591,Marin Sverko
26,91123,Mike te Wierik
27,97719,Joey Pelupessy
28,133960,Peter Leeuwenburgh
29,137368,Damil Dankerlui
30,343438,Jan Hoekstra
31,371293,Jan de Boer
32,379742,Laros Duarte
33,412907,Neraysho Kasanwirjo
34,422635,Ragnar Oratmangoen
35,425112,Yahya Kalley
36,335919,Daleho Irandust
37,322086,Ramon Pascal Lundqvist
38,377466,Ricardo Pepi
39,395826,Isak Määttä
40,366865,Florian Krüger
41,459078,Thom van Bergen
42,460696,Jorg Schreuders
43,415927,Luciano Valente
44,415928,Thijmen Blokzijl
