,ID,Name
0,90365,Lisandro Magallán
1,115587,Lucas Ocampos
2,291937,Florian Grillitsch
3,400166,Mohammed Kudus
4,424819,Lorenzo Lucca
5,322696,Edson Álvarez
6,388650,Jurriën Timber
7,401122,Kenneth Taylor
8,279425,Steven Bergwijn
9,108860,Davy Klaassen
10,4065,Maarten Stekelenburg
11,34550,Remko Pasveer
12,70033,Daley Blind
13,89794,Steven Berghuis
14,400165,Devyne Rensch
15,422802,Jay Gorter
16,29474,Dusan Tadic
17,396976,Calvin Bassey
18,447643,Jorge Sánchez
19,404568,Brian Brobbey
20,409221,Francisco Conceição
21,130304,Walter Benítez
22,124021,Phillipp Mwene
23,408059,Yorbe Vertessen
24,427824,Johan Bakayoko
25,98101,André Ramalho
26,346767,Mauro Júnior
27,142466,Philipp Max
28,137460,Érick Gutiérrez
29,382556,Joey Veerman
30,345333,Armando Obispo
31,399772,Xavi Simons
32,26916,Boy Waterman
33,68585,Luuk de Jong
34,85470,Marco van Ginkel
35,232261,Anwar El Ghazi
36,275012,Joël Drommel
37,322148,Guus Til
38,352825,Cody Gakpo
39,361839,Jordan Teze
40,386631,Richard Ledezma
41,389935,Noni Madueke
42,381045,Jarrad Branthwaite
43,328075,Ibrahim Sangaré
