,ID,Name
0,379701,Ramiz Zerrouki
1,422782,Manfred Ugalde
2,361838,Michal Sadílek
3,291964,Václav Cerny
4,90235,Lars Unnerstall
5,368289,Issam El Maach
6,322149,Michel Vlap
7,361794,Sem Steijn
8,387172,Denilho Cleonise
9,400057,Casper Staring
10,400059,Gijs Smal
11,402819,Mees Hilgers
12,108935,Robin Pröpper
13,119741,Joshua Brenet
14,120454,Virgil Misidjan
15,37344,Ricky van Wolfswinkel
16,405560,Daan Rots
17,406780,Max Bruns
18,422781,Luca Everink
19,437387,Anass Salah-Eddine
20,34545,Przemyslaw Tyton
21,318754,Julio Pleguezuelo
22,404777,Mathias Kjølø
23,422636,Philippe Rommens
24,288859,Gerrit Nauber
25,362691,Luca Plogmann
26,388033,Willum Willumsson
27,379703,Jeffrey de Lange
28,382238,Bobby Adekanye
29,322159,Finn Stokkers
30,331931,Justin Bakker
31,348644,Sylla Sow
32,355132,Rashaan Fernandes
33,355961,Evert Linthorst
34,357807,Martijn Berden
35,134722,Bas Kuipers
36,400173,Jamal Amofa
37,422637,Jay Idzes
38,425219,Jahnoah Markelo
39,426002,Sven Jansen
40,422633,Mats Deijl
41,395424,José Fontán
42,284451,Isac Lidberg
43,320513,Tesfaldet Tekie
44,383616,Oliver Valaker Edvardsen
45,411691,Enric Llansana
