,ID,Name
0,127137,Zakaria Bakkali
1,255946,Dario Van den Buijs
2,400278,Thierry Lutonda
3,400545,Shawn Adewoye
4,383972,Sebbe Augustijns
5,379712,Saïd Bakari
6,389411,Yassin Oukili
7,380663,Patrick Vroegh
8,365160,Lars Nieuwpoort
9,379705,Etienne Vaessen
10,379706,Juriën Gaari
11,429373,Roy Kuijpers
12,432167,Mark Spenkelink
13,279173,Pelle Clement
14,289015,Julian Lelieveld
15,136263,Iliass Bel Hassani
16,63885,Vurnon Anita
17,90696,Florian Jozefzoon
18,400276,Luuk Wouters
19,312584,Joel Pereira
20,391317,Julen Lobete
21,444674,Kevin Felida
22,362553,Jens Odgaard
23,377279,Peter Vindahl
24,300755,Pantelis Hatzidiakos
25,330514,Vangelis Pavlidis
26,424273,Milos Kerkez
27,379783,Yukinari Sugawara
28,404489,Fedde de Jong
29,404490,Yusuf Barasi
30,408102,Peer Koopmeiners
31,415772,Zico Buurmeester
32,90802,Jordy Clasie
33,90834,Hobie Verhulst
34,133959,Riechedly Bazoer
35,434318,Maxim Dekker
36,438484,Myron van Brederode
37,422739,Sam Beukema
38,422867,Mees de Wit
39,320614,Jesper Karlsson
40,343382,Tijjani Reijnders
41,422738,Sem Westerveld
42,444780,Mayckel Lahdo
