,ID,Name
0,345769,Oskar Buur
1,409052,Benaissa Benamar
2,425605,Xavier Mbuyamba
3,120549,Daryl van Mieghem
4,148512,Bilal Ould-Chikh
5,240878,Robert Mühren
6,261017,Henk Veerman
7,321910,Carel Eiting
8,391573,Filip Stankovic
9,439736,Gaetano Oristanio
10,444713,Brian Plat
11,444714,Damon Mirani
12,444715,Ibrahim El Kadiri
13,444716,Imran Nazih
14,444717,Lequincio Zeefuik
15,444718,Kayne van Oevelen
16,444720,Barry Lauwers
17,444721,Walid Ould-Chikh
18,445055,Dean Ruben James
19,460179,Jordi Blom
20,460498,Deron Payne
21,365119,Ezequiel Bullaude
22,384574,Gernot Trauner
23,436553,Igor Paixão
24,319922,Jacob Rasmussen
25,121821,Timon Wellenreuther
26,133390,Alireza Jahanbakhsh
27,136068,Ofir Marciano
28,302709,Justin Bijlow
29,345441,Lutsharel Geertruida
30,363083,Javairô Dilrosun
31,379784,Mohamed Taabouni
32,411078,Quinten Timber
33,423949,Mimeirhel Benita
34,357133,Marcus Pedersen
35,319594,Sebastian Szymanski
36,362779,Dávid Hancko
37,355870,Orkun Kökçü
38,367522,Danilo
39,371042,Marcos López
40,399620,Patrik Wålemark
41,444739,Quilindschy Hartman
42,445059,Mats Wieffer
43,445061,Santiago Giménez
