,ID,Name
0,22300,Lasse Schöne
1,296536,Mikkel Duelund
2,386625,Andri Baldursson
3,422805,Souffian El Karouani
4,115869,Oussama Tannane
5,271086,Calvin Verdonk
6,276442,Joris Kramer
7,97367,Mattijs Branderhorst
8,422806,Dirk Proper
9,422809,Ilias Bronkhorst
10,422810,Elayis Tavsan
11,422814,Robin Roefs
12,431306,Guus Gertsen
13,422804,Bart van Rooij
14,437616,Ibrahim Cissoko
15,367813,Pedro Marques
16,279967,Iván Márquez
17,444741,Kas de Wit
18,431307,Nils Rossen
19,379701,Ramiz Zerrouki
20,422782,Manfred Ugalde
21,291964,Václav Cerny
22,361838,Michal Sadílek
23,90235,Lars Unnerstall
24,399296,Christos Tzolis
25,368289,Issam El Maach
26,322149,Michel Vlap
27,361794,Sem Steijn
28,400059,Gijs Smal
29,402819,Mees Hilgers
30,108935,Robin Pröpper
31,119741,Joshua Brenet
32,120454,Virgil Misidjan
33,37344,Ricky van Wolfswinkel
34,437387,Anass Salah-Eddine
35,387172,Denilho Cleonise
36,405560,Daan Rots
37,406780,Max Bruns
38,422781,Luca Everink
39,34545,Przemyslaw Tyton
40,318754,Julio Pleguezuelo
41,404777,Mathias Kjølø
