,ID,Name
0,401631,Matej Chalus
1,424578,Oliver Antman
2,94885,Jetro Willems
3,422635,Ragnar Oratmangoen
4,298805,Michael Verrips
5,433575,Liam van Gelderen
6,438480,Nordin Musampa
7,94904,Elvis Manu
8,371293,Jan de Boer
9,97719,Joey Pelupessy
10,133960,Peter Leeuwenburgh
11,137368,Damil Dankerlui
12,379742,Laros Duarte
13,321106,Johan Hove
14,391047,Tomás Suslov
15,335919,Daleho Irandust
16,377466,Ricardo Pepi
17,366865,Florian Krüger
18,395826,Isak Määttä
19,444710,Radinio Balker
20,415927,Luciano Valente
21,460696,Jorg Schreuders
22,424673,Aimar Sher
23,362459,Othmane Boussaid
24,402885,Anthony Descotte
25,403644,Victor Jensen
26,418600,Rocco Robert Shein
27,375327,Modibo Sagnan
28,422873,Anastasios Douvikas
29,135954,Vasilios Barkas
30,70906,Nick Viergever
31,422909,Ramon Hendriks
32,101605,Mike van der Hoorn
33,135271,Sean Klaiber
34,82401,Jens Toornstra
35,110360,Sander van de Streek
36,39726,Mark van der Maarel
37,34323,Bas Dost
38,414501,Ruben Kluivert
39,256971,Hidde ter Avest
40,261082,Bart Ramselaar
41,315574,Thijmen Nijhuis
42,444675,Taylor Booth
43,431330,Kevin Gadellaa
44,422634,Luuk Brouwers
