,ID,Name
0,345558,Tomás Hájek
1,384141,Romaric Yapi
2,226599,Maximilian Wittek
3,313385,Carlens Arcus
4,141965,Jeroen Houwen
5,352844,Thomas Buitink
6,379707,Melle Meulensteen
7,436060,Simon van Duivenbooden
8,400281,Million Manhoef
9,400282,Daan Huisman
10,401021,Enzo Cornelisse
11,413209,Daan Reiziger
12,414250,Mohamed Sankoh
13,422868,Nigel van Haveren
14,112719,Sondre Tronstad
15,369558,Ferro
16,318295,Matús Bero
17,363704,Toni Domgjoni
18,429928,Gyan de Regt
19,444737,Ryan Flamingo
20,392344,Nikolai Frederiksen
21,384574,Gernot Trauner
22,319922,Jacob Rasmussen
23,133390,Alireza Jahanbakhsh
24,136068,Ofir Marciano
25,299321,Oussama Idrissi
26,302709,Justin Bijlow
27,345441,Lutsharel Geertruida
28,82401,Jens Toornstra
29,133305,Jorrit Hendrix
30,363083,Javairô Dilrosun
31,404937,Thijs Jansen
32,411078,Quinten Timber
33,423949,Mimeirhel Benita
34,379784,Mohamed Taabouni
35,357133,Marcus Pedersen
36,303544,Fredrik Aursnes
37,319594,Sebastian Szymanski
38,361862,Cole Bassett
39,444738,Noah Naujoks
40,444739,Quilindschy Hartman
41,367522,Danilo
42,399620,Patrik Wålemark
