,ID,Name
0,377279,Peter Vindahl
1,300755,Pantelis Hatzidiakos
2,330514,Vangelis Pavlidis
3,424273,Milos Kerkez
4,434318,Maxim Dekker
5,438484,Myron van Brederode
6,353695,Dani de Wit
7,422739,Sam Beukema
8,422867,Mees de Wit
9,90802,Jordy Clasie
10,90810,Bruno Martins Indi
11,90834,Hobie Verhulst
12,404489,Fedde de Jong
13,404490,Yusuf Barasi
14,408102,Peer Koopmeiners
15,409747,Jelle Duin
16,415772,Zico Buurmeester
17,355183,Aslak Witry
18,356742,Håkon Evjen
19,444780,Mayckel Lahdo
20,422738,Sem Westerveld
21,343382,Tijjani Reijnders
22,431319,Aventis Aventisian
23,388033,Willum Willumsson
24,34171,Erwin Mulder
25,134722,Bas Kuipers
26,322159,Finn Stokkers
27,331931,Justin Bakker
28,355961,Evert Linthorst
29,379703,Jeffrey de Lange
30,382238,Bobby Adekanye
31,400173,Jamal Amofa
32,422633,Mats Deijl
33,426002,Sven Jansen
34,395424,José Fontán
35,284451,Isac Lidberg
36,383616,Oliver Valaker Edvardsen
37,411691,Enric Llansana
38,444781,Xander Blomme
39,444782,Pim Saathof
40,444783,Robbin Weijenberg
