,ID,Name
0,367742,Cyril Ngonge
1,422635,Ragnar Oratmangoen
2,433575,Liam van Gelderen
3,371293,Jan de Boer
4,379742,Laros Duarte
5,381718,Romano Postema
6,412907,Neraysho Kasanwirjo
7,91123,Mike te Wierik
8,97719,Joey Pelupessy
9,133960,Peter Leeuwenburgh
10,137368,Damil Dankerlui
11,255970,Wessel Dammers
12,298493,Patrick Joosten
13,298805,Michael Verrips
14,333048,Jørgen Strand Larsen
15,391047,Tomás Suslov
16,335919,Daleho Irandust
17,322086,Ramon Pascal Lundqvist
18,425112,Yahya Kalley
19,406537,Paulos Abraham
20,444710,Radinio Balker
21,415927,Luciano Valente
22,395826,Isak Määttä
23,399610,Francesco Antonucci
24,409052,Benaissa Benamar
25,120549,Daryl van Mieghem
26,240878,Robert Mühren
27,261017,Henk Veerman
28,321910,Carel Eiting
29,391573,Filip Stankovic
30,439736,Gaetano Pio Oristanio
31,444711,Derry John Murkin
32,444712,Billy van Duijl
33,444713,Brian Plat
34,444714,Damon Mirani
35,444715,Ibrahim El Kadiri
36,444716,Imran Nazih
37,444717,Lequincio Zeefuik
38,444718,Kayne van Oevelen
39,444719,Givairo Read
40,444720,Barry Lauwers
41,444721,Walid Ould-Chikh
