,ID,Name
0,337826,Zinho Vanheusden
1,362553,Jens Odgaard
2,330514,Vangelis Pavlidis
3,300755,Pantelis Hatzidiakos
4,379783,Yukinari Sugawara
5,404489,Fedde de Jong
6,404490,Yusuf Barasi
7,415772,Zico Buurmeester
8,422739,Sam Beukema
9,422867,Mees de Wit
10,434318,Maxim Dekker
11,438484,Myron van Brederode
12,90802,Jordy Clasie
13,90834,Hobie Verhulst
14,133959,Riechedly Bazoer
15,320614,Jesper Karlsson
16,334726,Djordje Mihailovic
17,343382,Tijjani Reijnders
18,356742,Håkon Evjen
19,444780,Mayckel Lahdo
20,470734,Daniël Deen
21,470735,Rome-Jayden Owusu-Oduro
22,409126,Dominik Oroz
23,424368,Gabriel Vidovic
24,345558,Tomás Hájek
25,384141,Romaric Yapi
26,313385,Carlens Arcus
27,115574,Mitchell Dijks
28,141965,Jeroen Houwen
29,361867,Kjell Scherpen
30,400281,Million Manhoef
31,401021,Enzo Cornelisse
32,413209,Daan Reiziger
33,414250,Mohamed Sankoh
34,436060,Simon van Duivenbooden
35,437426,Miliano Jonathans
36,379707,Melle Meulensteen
37,112719,Sondre Tronstad
38,412349,Kacper Kozlowski
39,401131,Bartosz Bialek
40,369558,Ferro
41,318295,Matús Bero
42,363704,Toni Domgjoni
43,392344,Nikolai Frederiksen
44,444737,Ryan Flamingo
