,ID,Name
0,396058,Rodrigo Guth
1,401043,Ivor Pandur
2,410086,Stipe Radic
3,413273,Remy Vita
4,423863,Tijjani Noslin
5,243708,Yanick van Osch
6,281508,Roel Janssen
7,288873,Paul Gladon
8,328549,Deroy Duarte
9,352844,Thomas Buitink
10,70598,Ivo Pinto
11,100881,Ximo Navarro
12,344201,Iñigo Córdoba
13,381814,Dogan Erdogan
14,107077,Oguzhan Özyakup
15,23282,Burak Yilmaz
16,383604,George Cox
17,368266,Tom Hendriks
18,437062,Tunahan Tasci
19,455568,Úmaro Embaló
20,460697,Namory Cisse
21,288859,Gerrit Nauber
22,362691,Luca Plogmann
23,388033,Willum Willumsson
24,143992,Federico Mattiello
25,34171,Erwin Mulder
26,134722,Bas Kuipers
27,379703,Jeffrey de Lange
28,382238,Bobby Adekanye
29,322159,Finn Stokkers
30,331931,Justin Bakker
31,348644,Sylla Sow
32,355132,Rashaan Fernandes
33,357807,Martijn Berden
34,400173,Jamal Amofa
35,422633,Mats Deijl
36,422637,Jay Idzes
37,425219,Jahnoah Markelo
38,395424,José Fontán
39,284451,Isac Lidberg
40,320513,Tesfaldet Tekie
41,383616,Oliver Valaker Edvardsen
42,411691,Enric Llansana
43,444781,Xander Blomme
