,ID,Name
0,127137,Zakaria Bakkali
1,255946,Dario Van den Buijs
2,383972,Sebbe Augustijns
3,400278,Thierry Lutonda
4,400545,Shawn Adewoye
5,379712,Saïd Bakari
6,432167,Mark Spenkelink
7,429373,Roy Kuijpers
8,389411,Yassin Oukili
9,400276,Luuk Wouters
10,365160,Lars Nieuwpoort
11,379705,Etienne Vaessen
12,279173,Pelle Clement
13,289015,Julian Lelieveld
14,23373,Hans Mulder
15,63885,Vurnon Anita
16,90696,Florian Jozefzoon
17,104982,Mats Seuntjens
18,312584,Joel Pereira
19,444674,Kevin Felida
20,469502,Chris Lokesa
21,430909,Mika Biereth
22,143815,Anas Tahiri
23,399607,Antoine Colassin
24,404764,Tibor Halilovic
25,323531,Mats Köhlert
26,361900,Sydney van Hooijdonk
27,379595,Xavier Mous
28,379760,Milan van Ewijk
29,238897,Pelle van Amersfoort
30,252239,Andries Noppert
31,296543,Jan Bekkema
32,124274,Sven van Beek
33,124380,Thom Haye
34,142181,Joost van Aken
35,401046,Timo Zaal
36,409160,Syb van Ottele
37,142376,Pawel Bochniewicz
38,321193,Rami Kaib
39,371073,Rami Al Hajj
40,327724,Simon Olsson
41,401593,Amin Sarr
42,406536,Hussein Ali
43,444482,Alex Timossi Andersson
