,ID,Name
0,130304,Walter Benítez
1,124021,Phillipp Mwene
2,408059,Yorbe Vertessen
3,98101,André Ramalho
4,142466,Philipp Max
5,137460,Érick Gutiérrez
6,404776,Ismael Saibari
7,399772,Xavi Simons
8,382556,Joey Veerman
9,345333,Armando Obispo
10,361839,Jordan Teze
11,368547,Ki-Jana Hoever
12,232261,Anwar El Ghazi
13,275012,Joël Drommel
14,322148,Guus Til
15,26916,Boy Waterman
16,68585,Luuk de Jong
17,85470,Marco van Ginkel
18,403097,Fredrik Oppegård
19,381045,Jarrad Branthwaite
20,389935,Noni Madueke
21,328075,Ibrahim Sangaré
22,343270,Jason Lokilo
23,343347,Arno Verschueren
24,25037,Adil Auassar
25,404225,Shurandy Sambo
26,411278,Jeremy Van Mullem
27,425114,Mohammed Tahiri
28,31238,Aaron Meijers
29,44145,Bart Vriends
30,243916,Nick Olij
31,285951,Delano van Crooij
32,343314,Vito van Crooij
33,379741,Dirk Abels
34,379764,Youri Schoonderwaldt
35,383560,Sven Mijnans
36,349199,Joshua Kitolano
37,276756,Tobias Lauritsen
38,322776,Michael Pinto
39,427118,Pedro Alemañ
40,395404,Omar Rekik
41,444483,Mike Eerdhuijzen
42,444484,Koki Saito
43,445063,Patrick Brouwer
