,ID,Name
0,396058,Rodrigo Guth
1,401043,Ivor Pandur
2,353098,Kristijan Bistrovic
3,410086,Stipe Radic
4,413273,Remy Vita
5,294844,Arianit Ferati
6,79755,Dimitrios Siovas
7,365103,Gianmarco Cangiano
8,352844,Thomas Buitink
9,281508,Roel Janssen
10,243708,Yanick van Osch
11,288873,Paul Gladon
12,328549,Deroy Duarte
13,423863,Tijjani Noslin
14,70598,Ivo Pinto
15,455568,Úmaro Embaló
16,100881,Ximo Navarro
17,344201,Iñigo Córdoba
18,381814,Dogan Erdogan
19,107077,Oguzhan Özyakup
20,383604,George Cox
21,437062,Tunahan Tasci
22,368266,Tom Hendriks
23,409126,Dominik Oroz
24,424368,Gabriel Vidovic
25,89947,Nicolas Isimat-Mirin
26,384141,Romaric Yapi
27,226599,Maximilian Wittek
28,313385,Carlens Arcus
29,361867,Kjell Scherpen
30,379707,Melle Meulensteen
31,85470,Marco van Ginkel
32,400281,Million Manhoef
33,414250,Mohamed Sankoh
34,115574,Mitchell Dijks
35,141965,Jeroen Houwen
36,437426,Miliano Jonathans
37,413209,Daan Reiziger
38,429928,Gyan de Regt
39,401021,Enzo Cornelisse
40,112719,Sondre Tronstad
41,412349,Kacper Kozlowski
42,401131,Bartosz Bialek
43,318295,Matús Bero
44,363704,Toni Domgjoni
45,444737,Ryan Flamingo
