,ID,Name
0,444781,Xander Blomme
1,422636,Philippe Rommens
2,362691,Luca Plogmann
3,431319,Aventis Aventisian
4,388033,Willum Willumsson
5,348644,Sylla Sow
6,34171,Erwin Mulder
7,444782,Pim Saathof
8,382238,Bobby Adekanye
9,379703,Jeffrey de Lange
10,422637,Jay Idzes
11,400173,Jamal Amofa
12,134722,Bas Kuipers
13,422633,Mats Deijl
14,284451,Isac Lidberg
15,383616,Oliver Valaker Edvardsen
16,481168,Jorn Smits
17,481169,Milan Berenschot
18,472963,Darío Serra
19,411691,Enric Llansana
20,401631,Matej Chalus
21,346304,Mads Bech Sørensen
22,424578,Oliver Antman
23,133960,Peter Leeuwenburgh
24,438480,Nordin Musampa
25,94904,Elvis Manu
26,97719,Joey Pelupessy
27,434212,Dirk Baron
28,371293,Jan de Boer
29,422635,Ragnar Oratmangoen
30,321106,Johan Hove
31,391047,Tomás Suslov
32,335919,Daleho Irandust
33,377466,Ricardo Pepi
34,366865,Florian Krüger
35,424673,Aimar Sher
36,459078,Thom van Bergen
37,395826,Isak Määttä
38,415927,Luciano Valente
39,444710,Radinio Balker
40,460696,Jorg Schreuders
