,ID,Name
0,361880,Oussama Darfalou
1,124105,Michaël Heylen
2,383819,Mohamed Bouchouari
3,369671,Azzeddine Toufiqui
4,400115,Lucas Bernadou
5,444658,Arnaud Luzayadio
6,302724,Eric Oelschlägel
7,141265,Ahmed El Messaoudi
8,115863,Mark Diemers
9,302776,Keziah Veendorp
10,91123,Mike te Wierik
11,36131,Jeroen Veldmate
12,408339,Ben Scholte
13,445052,Kyan van Dorp
14,409129,Jari Vlak
15,121834,Mickey van der Hart
16,104292,Lorenzo Burnet
17,122206,Richairo Zivkovic
18,125157,Miguel Araujo
19,444655,Julius Dirksen
20,409538,Jeremy Antonisse
21,402852,Ole Romeny
22,399824,Jasin-Amin Assehnoun
23,472106,Dave Funke
24,379701,Ramiz Zerrouki
25,422782,Manfred Ugalde
26,291964,Václav Cerny
27,361838,Michal Sadílek
28,90235,Lars Unnerstall
29,307362,Alfons Sampsted
30,368289,Issam El Maach
31,400059,Gijs Smal
32,120454,Virgil Misidjan
33,29281,Wout Brama
34,361794,Sem Steijn
35,387172,Denilho Cleonise
36,405560,Daan Rots
37,402819,Mees Hilgers
38,119741,Joshua Brenet
39,108935,Robin Pröpper
40,37344,Ricky van Wolfswinkel
41,322149,Michel Vlap
42,34545,Przemyslaw Tyton
43,318754,Julio Pleguezuelo
44,404777,Mathias Kjølø
