,ID,Name
0,328432,Siebe Horemans
1,373556,Arthur Zagre
2,379158,Maxime Awoudja
3,308754,Lazaros Lamprou
4,116632,Yassin Ayoub
5,444624,Serano Seymor
6,327903,Kik Pierie
7,444620,Redouan El Yaakoubi
8,400009,Couhaib Driouech
9,408102,Peer Koopmeiners
10,363875,Kenzo Goudmijn
11,382593,Marouan Azarkan
12,139666,Norbert Alblas
13,444625,Pascal Kuiper
14,406754,Reda Kharchouch
15,444738,Noah Naujoks
16,100608,Mike van Duinen
17,444621,Nathan Tjoe-A-On
18,123554,Sven Nieuwpoort
19,444623,Julian Baas
20,444619,Stijn van Gassel
21,445053,Nikolas Agrafiotis
22,365119,Ezequiel Bullaude
23,436553,Igor Paixão
24,319922,Jacob Rasmussen
25,121821,Timon Wellenreuther
26,133390,Alireza Jahanbakhsh
27,136068,Ofir Marciano
28,445061,Santiago Giménez
29,302709,Justin Bijlow
30,411078,Quinten Timber
31,412907,Neraysho Kasanwirjo
32,379784,Mohamed Taabouni
33,422921,Antoni Milambo
34,363083,Javairô Dilrosun
35,345441,Lutsharel Geertruida
36,444739,Quilindschy Hartman
37,445059,Mats Wieffer
38,299321,Oussama Idrissi
39,357133,Marcus Pedersen
40,319594,Sebastian Szymanski
41,362779,Dávid Hancko
42,355870,Orkun Kökcü
43,371042,Marcos López
44,367522,Danilo
