,ID,Name
0,367742,Cyril Ngonge
1,404224,Emmanuel Matuta
2,422635,Ragnar Oratmangoen
3,438480,Nordin Musampa
4,371293,Jan de Boer
5,379742,Laros Duarte
6,91123,Mike te Wierik
7,97719,Joey Pelupessy
8,133960,Peter Leeuwenburgh
9,137368,Damil Dankerlui
10,298805,Michael Verrips
11,391047,Tomás Suslov
12,322086,Ramon Pascal Lundqvist
13,406537,Paulos Abraham
14,377466,Ricardo Pepi
15,395826,Isak Määttä
16,366865,Florian Krüger
17,415927,Luciano Valente
18,444710,Radinio Balker
19,459078,Thom van Bergen
20,255946,Dario Van den Buijs
21,127137,Zakaria Bakkali
22,383972,Sebbe Augustijns
23,400278,Thierry Lutonda
24,400545,Shawn Adewoye
25,379712,Saïd Bakari
26,380663,Patrick Vroegh
27,389411,Yassin Oukili
28,429373,Roy Kuijpers
29,136263,Iliass Bel Hassani
30,365160,Lars Nieuwpoort
31,379705,Etienne Vaessen
32,379706,Juriën Gaari
33,279173,Pelle Clement
34,289015,Julian Lelieveld
35,23373,Hans Mulder
36,63885,Vurnon Anita
37,432167,Mark Spenkelink
38,400276,Luuk Wouters
39,312584,Joel Pereira
40,391317,Julen Lobete
41,430909,Mika Biereth
42,444674,Kevin Felida
