,ID,Name
0,81523,Mathew Ryan
1,337826,Zinho Vanheusden
2,362553,Jens Odgaard
3,330514,Vangelis Pavlidis
4,300755,Pantelis Hatzidiakos
5,424273,Milos Kerkez
6,379783,Yukinari Sugawara
7,415772,Zico Buurmeester
8,90834,Hobie Verhulst
9,422739,Sam Beukema
10,383560,Sven Mijnans
11,90802,Jordy Clasie
12,433950,Mexx Meerdink
13,472183,Wouter Goes
14,133959,Riechedly Bazoer
15,422867,Mees de Wit
16,438484,Myron van Brederode
17,444780,Mayckel Lahdo
18,334726,Djordje Mihailovic
19,343382,Tijjani Reijnders
20,470735,Rome-Jayden Owusu-Oduro
21,343347,Arno Verschueren
22,259930,Younes Namli
23,444484,Koki Saito
24,25037,Adil Auassar
25,31238,Aaron Meijers
26,425114,Mohammed Tahiri
27,285951,Delano van Crooij
28,445063,Patrick Brouwer
29,427851,Rick Meissen
30,379741,Dirk Abels
31,343314,Vito van Crooij
32,411278,Jeremy van Mullem
33,243916,Nick Olij
34,404225,Shurandy Sambo
35,444483,Mike Eerdhuijzen
36,44145,Bart Vriends
37,120675,Tim Coremans
38,396279,Elias Melkersen
39,349199,Joshua Kitolano
40,276756,Tobias Lauritsen
41,322776,Michael Pinto
42,427118,Pedro Alemañ
