,ID,Name
0,409126,Dominik Oroz
1,345558,Tomás Hájek
2,89947,Nicolas Isimat-Mirin
3,384141,Romaric Yapi
4,226599,Maximilian Wittek
5,313385,Carlens Arcus
6,115574,Mitchell Dijks
7,141965,Jeroen Houwen
8,361867,Kjell Scherpen
9,379707,Melle Meulensteen
10,400281,Million Manhoef
11,85470,Marco van Ginkel
12,414250,Mohamed Sankoh
13,401021,Enzo Cornelisse
14,413209,Daan Reiziger
15,436060,Simon van Duivenbooden
16,437426,Miliano Jonathans
17,112719,Sondre Tronstad
18,401131,Bartosz Bialek
19,412349,Kacper Kozlowski
20,318295,Matús Bero
21,363704,Toni Domgjoni
22,444737,Ryan Flamingo
23,422636,Philippe Rommens
24,444781,Xander Blomme
25,362691,Luca Plogmann
26,388033,Willum Willumsson
27,355132,Rashaan Fernandes
28,134722,Bas Kuipers
29,379703,Jeffrey de Lange
30,400173,Jamal Amofa
31,422633,Mats Deijl
32,422637,Jay Idzes
33,382238,Bobby Adekanye
34,355961,Evert Linthorst
35,322159,Finn Stokkers
36,34171,Erwin Mulder
37,444782,Pim Saathof
38,348644,Sylla Sow
39,395424,José Fontán
40,284451,Isac Lidberg
41,472963,Darío Serra
42,411691,Enric Llansana
