,ID,Name
0,143815,Anas Tahiri
1,399607,Antoine Colassin
2,404764,Tibor Halilovic
3,323531,Mats Köhlert
4,409160,Syb van Ottele
5,379595,Xavier Mous
6,379760,Milan van Ewijk
7,238897,Pelle van Amersfoort
8,361900,Sydney van Hooijdonk
9,124380,Thom Haye
10,296543,Jan Bekkema
11,80881,Jeffrey Bruma
12,366886,Osame Sahraoui
13,142376,Pawel Bochniewicz
14,327724,Simon Olsson
15,371073,Rami Al Hajj
16,406536,Hussein Ali
17,321193,Rami Kaib
18,436158,Daniel Karlsbakk
19,444482,Alex Timossi Andersson
20,399610,Francesco Antonucci
21,345769,Oskar Buur
22,408912,Florent Da Silva
23,439736,Gaetano Oristanio
24,409052,Benaissa Benamar
25,444713,Brian Plat
26,445056,Calvin Twigt
27,321910,Carel Eiting
28,261017,Henk Veerman
29,120549,Daryl van Mieghem
30,460498,Deron Payne
31,444721,Walid Ould-Chikh
32,444714,Damon Mirani
33,445057,Achraf Douiri
34,444715,Ibrahim El Kadiri
35,444720,Barry Lauwers
36,425605,Xavier Mbuyamba
37,391573,Filip Stankovic
38,444711,Derry Murkin
39,445058,Josh Flint
40,444718,Kayne van Oevelen
