,ID,Name
0,130304,Walter Benítez
1,101537,Thorgan Hazard
2,427824,Johan Bakayoko
3,98101,André Ramalho
4,260809,Olivier Boscagli
5,137460,Érick Gutiérrez
6,404776,Ismael Saibari
7,68585,Luuk de Jong
8,322148,Guus Til
9,361839,Jordan Teze
10,382556,Joey Veerman
11,232261,Anwar El Ghazi
12,275012,Joël Drommel
13,78221,Patrick van Aanholt
14,399772,Xavi Simons
15,26916,Boy Waterman
16,380655,Fábio Silva
17,381045,Jarrad Branthwaite
18,328075,Ibrahim Sangaré
19,328432,Siebe Horemans
20,373556,Arthur Zagre
21,308754,Lazaros Lamprou
22,116632,Yassin Ayoub
23,444624,Serano Seymor
24,444619,Stijn van Gassel
25,100608,Mike van Duinen
26,406754,Reda Kharchouch
27,139666,Norbert Alblas
28,444621,Nathan Tjoe-A-On
29,444625,Pascal Kuiper
30,444738,Noah Naujoks
31,444622,Joshua Eijgenraam
32,444620,Redouan El Yaakoubi
33,123554,Sven Nieuwpoort
34,327903,Kik Pierie
35,400009,Couhaib Driouech
36,408102,Peer Koopmeiners
37,444623,Julian Baas
38,363875,Kenzo Goudmijn
39,445053,Nikolas Agrafiotis
