,ID,Name
0,362459,Othmane Boussaid
1,375327,Modibo Sagnan
2,394998,Can Bozdogan
3,112210,Amin Younes
4,135954,Vasilios Barkas
5,422873,Anastasios Douvikas
6,431329,Naoki Maeda
7,422872,Djevencio van der Kust
8,411079,Calvin Raatsie
9,382170,Daishawn Redan
10,256971,Hidde ter Avest
11,315574,Thijmen Nijhuis
12,135271,Sean Klaiber
13,34323,Bas Dost
14,39726,Mark van der Maarel
15,70906,Nick Viergever
16,82401,Jens Toornstra
17,101605,Mike van der Hoorn
18,110360,Sander van de Streek
19,444675,Taylor Booth
20,422634,Luuk Brouwers
21,365119,Ezequiel Bullaude
22,436553,Igor Paixão
23,319922,Jacob Rasmussen
24,121821,Timon Wellenreuther
25,133390,Alireza Jahanbakhsh
26,136068,Ofir Marciano
27,345441,Lutsharel Geertruida
28,363083,Javairô Dilrosun
29,379784,Mohamed Taabouni
30,299321,Oussama Idrissi
31,302709,Justin Bijlow
32,422921,Antoni Milambo
33,357133,Marcus Pedersen
34,319594,Sebastian Szymanski
35,362779,Dávid Hancko
36,355870,Orkun Kökcü
37,399620,Patrik Wålemark
38,367522,Danilo
39,371042,Marcos López
40,444739,Quilindschy Hartman
41,445059,Mats Wieffer
42,445061,Santiago Giménez
