,ID,Name
0,344071,Landry Dimata
1,296536,Mikkel Duelund
2,22300,Lasse Schöne
3,422807,Magnus Mattsson
4,422805,Souffian El Karouani
5,115869,Oussama Tannane
6,276442,Joris Kramer
7,90811,Jasper Cillessen
8,97367,Mattijs Branderhorst
9,321959,Philippe Sandler
10,422806,Dirk Proper
11,400143,Anthony Musaba
12,422804,Bart van Rooij
13,422809,Ilias Bronkhorst
14,422810,Elayis Tavsan
15,429380,Rijk Janse
16,437616,Ibrahim Cissoko
17,367813,Pedro Marques
18,279967,Iván Márquez
19,455506,Terry Sanniez
20,424819,Lorenzo Lucca
21,322696,Edson Álvarez
22,328550,Owen Wijndal
23,388650,Jurriën Timber
24,4065,Maarten Stekelenburg
25,34550,Remko Pasveer
26,108860,Davy Klaassen
27,400165,Devyne Rensch
28,401122,Kenneth Taylor
29,415781,Kian Fitz-Jim
30,422802,Jay Gorter
31,29474,Dusan Tadic
32,396976,Calvin Bassey
33,404568,Brian Brobbey
34,409221,Francisco Conceição
35,447643,Jorge Sánchez
36,449301,Christian Rasmussen
37,449303,Silvano Vos
38,454337,Jaydon Banel
39,454339,Olivier Aertssen
40,467715,Jorrel Hato
