,ID,Name
0,240976,David Sambissa
1,259530,Robin Maulun
2,279429,Sai van Wermeskerken
3,343393,Tom Boere
4,349183,Léon Bergsma
5,349777,Michael Breij
6,77699,Calvin Mac-Intosch
7,105316,Doke Schmidt
8,108655,Mitchel Paulissen
9,361778,Silvester van der Water
10,361897,Jamie Jacobs
11,422861,Marco Tol
12,422862,Brett Minnema
13,431350,Sekou Sylla
14,434130,Thijmen Renkel
15,436147,Milan Smit
16,364306,Daniël van Kaam
17,393412,Remco Balk
18,362852,João Virgínia
19,422857,Alex Bangura
20,351532,Mees Hoedemakers
21,444618,Floris Smand
22,470759,Vincent Pichel
23,345769,Oskar Buur
24,408912,Florent Da Silva
25,409052,Benaissa Benamar
26,425605,Xavier Mbuyamba
27,148512,Bilal Ould-Chikh
28,240878,Robert Mühren
29,261017,Henk Veerman
30,321910,Carel Eiting
31,391573,Filip Stankovic
32,439736,Gaetano Oristanio
33,444711,Derry Murkin
34,444713,Brian Plat
35,444714,Damon Mirani
36,444717,Lequincio Zeefuik
37,444718,Kayne van Oevelen
38,444720,Barry Lauwers
39,444721,Walid Ould-Chikh
40,445055,Dean Ruben James
41,445057,Achraf Douiri
42,445058,Josh Flint
43,460179,Jordi Blom
44,460499,Joey Antonioli
