,ID,Name
0,328432,Siebe Horemans
1,379158,Maxime Awoudja
2,320000,Adrian Fein
3,308754,Lazaros Lamprou
4,100608,Mike van Duinen
5,123554,Sven Nieuwpoort
6,139666,Norbert Alblas
7,382593,Marouan Azarkan
8,400009,Couhaib Driouech
9,400056,Nathangelo Markelo
10,406754,Reda Kharchouch
11,363875,Kenzo Goudmijn
12,444619,Stijn van Gassel
13,444620,Redouan El Yaakoubi
14,444621,Nathan Tjoe-A-On
15,444622,Joshua Eijgenraam
16,444623,Julian Baas
17,444624,Serano Seymor
18,444625,Pascal Kuiper
19,444626,Raphaël Eyongo
20,445053,Nikolas Agrafiotis
21,470781,Bob Roodenburg
22,97719,Joey Pelupessy
23,133960,Peter Leeuwenburgh
24,137368,Damil Dankerlui
25,298805,Michael Verrips
26,371293,Jan de Boer
27,412907,Neraysho Kasanwirjo
28,433575,Liam van Gelderen
29,422635,Ragnar Oratmangoen
30,391047,Tomás Suslov
31,425112,Yahya Kalley
32,322086,Ramon Pascal Lundqvist
33,377466,Ricardo Pepi
34,395826,Isak Määttä
35,415927,Luciano Valente
36,415928,Thijmen Blokzijl
37,444710,Radinio Balker
38,459078,Thom van Bergen
39,460696,Jorg Schreuders
40,470783,Maxim Mariani
41,366865,Florian Krüger
