,ID,Name
0,345769,Oskar Buur
1,409052,Benaissa Benamar
2,425605,Xavier Mbuyamba
3,120549,Daryl van Mieghem
4,240878,Robert Mühren
5,261017,Henk Veerman
6,321910,Carel Eiting
7,391573,Filip Stankovic
8,439736,Gaetano Oristanio
9,444711,Derry Murkin
10,444713,Brian Plat
11,444714,Damon Mirani
12,444715,Ibrahim El Kadiri
13,444716,Imran Nazih
14,444717,Lequincio Zeefuik
15,444720,Barry Lauwers
16,444721,Walid Ould-Chikh
17,445055,Dean Ruben James
18,445057,Achraf Douiri
19,90365,Lisandro Magallán
20,115587,Lucas Ocampos
21,291937,Florian Grillitsch
22,400166,Mohammed Kudus
23,424819,Lorenzo Lucca
24,322696,Edson Álvarez
25,4065,Maarten Stekelenburg
26,328550,Owen Wijndal
27,388650,Jurriën Timber
28,108860,Davy Klaassen
29,34550,Remko Pasveer
30,70033,Daley Blind
31,89794,Steven Berghuis
32,401122,Kenneth Taylor
33,279425,Steven Bergwijn
34,422801,Youri Baas
35,422802,Jay Gorter
36,400165,Devyne Rensch
37,29474,Dusan Tadic
38,396976,Calvin Bassey
39,404568,Brian Brobbey
40,409221,Francisco Conceição
