,ID,Name
0,344071,Landry Dimata
1,296536,Mikkel Duelund
2,22300,Lasse Schöne
3,422807,Magnus Mattsson
4,422805,Souffian El Karouani
5,115869,Oussama Tannane
6,271086,Calvin Verdonk
7,90811,Jasper Cillessen
8,97367,Mattijs Branderhorst
9,422804,Bart van Rooij
10,422806,Dirk Proper
11,437616,Ibrahim Cissoko
12,422809,Ilias Bronkhorst
13,422810,Elayis Tavsan
14,422814,Robin Roefs
15,367813,Pedro Marques
16,279967,Iván Márquez
17,431307,Nils Rossen
18,455506,Terry Lartey Sanniez
19,328432,Siebe Horemans
20,379787,Jacky Donkor
21,320000,Adrian Fein
22,379158,Maxime Awoudja
23,308754,Lazaros Lamprou
24,116632,Yassin Ayoub
25,139666,Norbert Alblas
26,100608,Mike van Duinen
27,363875,Kenzo Goudmijn
28,382593,Marouan Azarkan
29,400009,Couhaib Driouech
30,400056,Nathangelo Markelo
31,406754,Reda Kharchouch
32,444619,Stijn van Gassel
33,444620,Redouan El Yaakoubi
34,444621,Nathan Tjoe-A-On
35,444622,Joshua Eijgenraam
36,444623,Julian Baas
37,444624,Serano Seymor
