,ID,Name
0,343270,Jason Lokilo
1,343347,Arno Verschueren
2,259930,Younes Namli
3,225522,Mario Engels
4,25037,Adil Auassar
5,31238,Aaron Meijers
6,44145,Bart Vriends
7,243916,Nick Olij
8,285951,Delano van Crooij
9,343314,Vito van Crooij
10,379741,Dirk Abels
11,379764,Youri Schoonderwaldt
12,383560,Sven Mijnans
13,19087,Jonathan de Guzmán
14,411278,Jeremy Van Mullem
15,437336,Augustin Drakpe
16,349199,Joshua Kitolano
17,276756,Tobias Lauritsen
18,322776,Michael Pinto
19,395404,Omar Rekik
20,444483,Mike Eerdhuijzen
21,444484,Koki Saito
22,124105,Michael Heylen
23,383819,Mohamed Bouchouari
24,400115,Lucas Bernadou
25,369671,Azzeddine Toufiqui
26,302724,Eric Oelschlägel
27,141265,Ahmed El Messaoudi
28,302776,Keziah Veendorp
29,36131,Jeroen Veldmate
30,104292,Lorenzo Burnet
31,115863,Mark Diemers
32,121834,Mickey van der Hart
33,122206,Richairo Zivkovic
34,408339,Ben Scholte
35,409129,Jari Vlak
36,397586,Fernando Pacheco
37,125157,Miguel Araujo
38,399824,Jasin-Amin Assehnoun
39,444652,Rui Mendes
40,444655,Julius Dirksen
41,444658,Arnaud Luzayadio
42,445052,Kyan van Dorp
43,402852,Ole Romeny
