,ID,Name
0,365119,Ezequiel Bullaude
1,384574,Gernot Trauner
2,436553,Igor Paixão
3,319922,Jacob Rasmussen
4,121821,Timon Wellenreuther
5,133390,Alireza Jahanbakhsh
6,136068,Ofir Marciano
7,445061,Santiago Giménez
8,363083,Javairô Dilrosun
9,412907,Neraysho Kasanwirjo
10,379784,Mohamed Taabouni
11,408489,Tein Troost
12,444739,Quilindschy Hartman
13,299321,Oussama Idrissi
14,345441,Lutsharel Geertruida
15,445059,Mats Wieffer
16,357133,Marcus Pedersen
17,319594,Sebastian Szymanski
18,362779,Dávid Hancko
19,355870,Orkun Kökcü
20,367522,Danilo
21,399620,Patrik Wålemark
22,371042,Marcos López
23,400545,Shawn Adewoye
24,383972,Sebbe Augustijns
25,127137,Zakaria Bakkali
26,400278,Thierry Lutonda
27,255946,Dario Van den Buijs
28,379712,Saïd Bakari
29,432167,Mark Spenkelink
30,444674,Kevin Felida
31,365160,Lars Nieuwpoort
32,400276,Luuk Wouters
33,289015,Julian Lelieveld
34,379706,Juriën Gaari
35,279173,Pelle Clement
36,389411,Yassin Oukili
37,63885,Vurnon Anita
38,104982,Mats Seuntjens
39,90696,Florian Jozefzoon
40,429373,Roy Kuijpers
41,379705,Etienne Vaessen
42,380663,Patrick Vroegh
43,312584,Joel Pereira
44,391317,Julen Lobete
45,430909,Mika Biereth
