,ID,Name
0,125375,Gerónimo Rulli
1,291937,Florian Grillitsch
2,424819,Lorenzo Lucca
3,322696,Edson Álvarez
4,447643,Jorge Sánchez
5,388650,Jurriën Timber
6,108860,Davy Klaassen
7,401122,Kenneth Taylor
8,89794,Steven Berghuis
9,279425,Steven Bergwijn
10,422801,Youri Baas
11,449303,Silvano Vos
12,328550,Owen Wijndal
13,4065,Maarten Stekelenburg
14,427577,Youri Regeer
15,34550,Remko Pasveer
16,415781,Kian Fitz-Jim
17,29474,Dusan Tadic
18,396976,Calvin Bassey
19,404568,Brian Brobbey
20,409221,Francisco Conceição
21,467715,Jorrel Hato
22,462099,Mika Godts
23,396058,Rodrigo Guth
24,401043,Ivor Pandur
25,353098,Kristijan Bistrovic
26,410086,Stipe Radic
27,413273,Remy Vita
28,294844,Arianit Ferati
29,79755,Dimitrios Siovas
30,243708,Yanick van Osch
31,391953,Mike van Beijnen
32,423863,Tijjani Noslin
33,352844,Thomas Buitink
34,328549,Deroy Duarte
35,288873,Paul Gladon
36,281508,Roel Janssen
37,455568,Úmaro Embaló
38,70598,Ivo Pinto
39,344201,Iñigo Córdoba
40,100881,Ximo Navarro
41,107077,Oguzhan Özyakup
42,23282,Burak Yilmaz
43,381814,Dogan Erdogan
44,368266,Tom Hendriks
45,437062,Tunahan Tasci
