,ID,Name
0,361880,Oussama Darfalou
1,124105,Michaël Heylen
2,383819,Mohamed Bouchouari
3,400115,Lucas Bernadou
4,444658,Arnaud Luzayadio
5,369671,Azzeddine Toufiqui
6,302724,Eric Oelschlägel
7,141265,Ahmed El Messaoudi
8,302776,Keziah Veendorp
9,121834,Mickey van der Hart
10,36131,Jeroen Veldmate
11,104292,Lorenzo Burnet
12,91123,Mike te Wierik
13,445052,Kyan van Dorp
14,122206,Richairo Zivkovic
15,43410,Danny Hoesen
16,428695,Dennis Vos
17,409129,Jari Vlak
18,125157,Miguel Araujo
19,399824,Jasin-Amin Assehnoun
20,409538,Jeremy Antonisse
21,402852,Ole Romeny
22,444655,Julius Dirksen
23,344071,Landry Dimata
24,422807,Magnus Mattsson
25,22300,Lasse Schöne
26,386625,Andri Baldursson
27,422805,Souffian El Karouani
28,400143,Anthony Musaba
29,429380,Rijk Janse
30,431306,Guus Gertsen
31,97367,Mattijs Branderhorst
32,299511,Jordy Bruijn
33,437616,Ibrahim Cissoko
34,422806,Dirk Proper
35,422810,Elayis Tavsan
36,90811,Jasper Cillessen
37,276442,Joris Kramer
38,321959,Philippe Sandler
39,422804,Bart van Rooij
40,367813,Pedro Marques
41,455506,Terry Sanniez
