,ID,Name
0,379701,Ramiz Zerrouki
1,291964,Václav Cerny
2,90235,Lars Unnerstall
3,307362,Alfons Sampsted
4,368289,Issam El Maach
5,437387,Anass Salah-Eddine
6,29281,Wout Brama
7,387172,Denilho Cleonise
8,405560,Daan Rots
9,406780,Max Bruns
10,400059,Gijs Smal
11,108935,Robin Pröpper
12,119741,Joshua Brenet
13,322149,Michel Vlap
14,37344,Ricky van Wolfswinkel
15,120454,Virgil Misidjan
16,361794,Sem Steijn
17,34545,Przemyslaw Tyton
18,318754,Julio Pleguezuelo
19,404777,Mathias Kjølø
20,93012,Navarone Foor
21,346507,Roberts Uldrikis
22,470759,Vincent Pichel
23,279429,Sai van Wermeskerken
24,349183,Léon Bergsma
25,90830,Ben Rienstra
26,431350,Sekou Sylla
27,77699,Calvin Mac-Intosch
28,361897,Jamie Jacobs
29,238997,Mimoun Mahi
30,422862,Brett Minnema
31,393412,Remco Balk
32,38423,Robbin Ruiter
33,422861,Marco Tol
34,105316,Doke Schmidt
35,364306,Daniël van Kaam
36,349777,Michael Breij
37,108655,Mitchel Paulissen
38,343196,Bjørn Johnsen
39,362852,João Virgínia
40,422857,Alex Bangura
41,351532,Mees Hoedemakers
42,444618,Floris Smand
