,ID,Name
0,90365,Lisandro Magallán
1,115587,Lucas Ocampos
2,291937,Florian Grillitsch
3,400166,Mohammed Kudus
4,424819,Lorenzo Lucca
5,400165,Devyne Rensch
6,422802,Jay Gorter
7,401122,Kenneth Taylor
8,328550,Owen Wijndal
9,388650,Jurriën Timber
10,279425,Steven Bergwijn
11,108860,Davy Klaassen
12,4065,Maarten Stekelenburg
13,34550,Remko Pasveer
14,70033,Daley Blind
15,89794,Steven Berghuis
16,29474,Dusan Tadic
17,396976,Calvin Bassey
18,404568,Brian Brobbey
19,409221,Francisco Conceição
20,447643,Jorge Sánchez
21,424368,Gabriel Vidovic
22,345558,Tomás Hájek
23,384141,Romaric Yapi
24,226599,Maximilian Wittek
25,285933,Markus Schubert
26,313385,Carlens Arcus
27,115574,Mitchell Dijks
28,352844,Thomas Buitink
29,361867,Kjell Scherpen
30,436060,Simon van Duivenbooden
31,437426,Miliano Jonathans
32,400281,Million Manhoef
33,401021,Enzo Cornelisse
34,413209,Daan Reiziger
35,414250,Mohamed Sankoh
36,112719,Sondre Tronstad
37,412349,Kacper Kozlowski
38,369558,Ferro
39,318295,Matús Bero
40,363704,Toni Domgjoni
41,392344,Nikolai Frederiksen
42,444737,Ryan Flamingo
43,429928,Gyan de Regt
