,ID,Name
0,418600,Rocco Robert Shein
1,344041,Moussa Sylla
2,373556,Arthur Zagre
3,375327,Modibo Sagnan
4,394998,Can Bozdogan
5,112210,Amin Younes
6,135954,Vasilios Barkas
7,422873,Anastasios Douvikas
8,431329,Naoki Maeda
9,229520,Django Warmerdam
10,256971,Hidde ter Avest
11,135271,Sean Klaiber
12,34323,Bas Dost
13,39726,Mark van der Maarel
14,70906,Nick Viergever
15,101605,Mike van der Hoorn
16,110360,Sander van de Streek
17,411079,Calvin Raatsie
18,414501,Ruben Kluivert
19,382170,Daishawn Redan
20,422872,Djevencio van der Kust
21,382581,Fabian de Keijzer
22,422634,Luuk Brouwers
23,337826,Zinho Vanheusden
24,362553,Jens Odgaard
25,377279,Peter Vindahl
26,300755,Pantelis Hatzidiakos
27,424273,Milos Kerkez
28,379783,Yukinari Sugawara
29,404489,Fedde de Jong
30,404490,Yusuf Barasi
31,408102,Peer Koopmeiners
32,415772,Zico Buurmeester
33,90802,Jordy Clasie
34,90834,Hobie Verhulst
35,133959,Riechedly Bazoer
36,434318,Maxim Dekker
37,438484,Myron van Brederode
38,353695,Dani de Wit
39,422739,Sam Beukema
40,422867,Mees de Wit
41,320614,Jesper Karlsson
42,343382,Tijjani Reijnders
43,422738,Sem Westerveld
44,444780,Mayckel Lahdo
45,456703,Iman Griffith
