,ID,Name
0,422636,Philippe Rommens
1,288859,Gerrit Nauber
2,388033,Willum Willumsson
3,422637,Jay Idzes
4,425219,Jahnoah Markelo
5,426002,Sven Jansen
6,400173,Jamal Amofa
7,134722,Bas Kuipers
8,322159,Finn Stokkers
9,331931,Justin Bakker
10,348644,Sylla Sow
11,355132,Rashaan Fernandes
12,355961,Evert Linthorst
13,357807,Martijn Berden
14,379703,Jeffrey de Lange
15,382238,Bobby Adekanye
16,422633,Mats Deijl
17,395424,José Fontán
18,284451,Isac Lidberg
19,320513,Tesfaldet Tekie
20,433180,Lars Groenendijk
21,411691,Enric Llansana
22,383616,Oliver Valaker Edvardsen
23,240976,David Sambissa
24,422859,Jhondly van der Meer
25,346507,Roberts Uldrikis
26,349183,Léon Bergsma
27,349777,Michael Breij
28,361778,Silvester van der Water
29,361897,Jamie Jacobs
30,279429,Sai van Wermeskerken
31,343393,Tom Boere
32,364306,Daniël van Kaam
33,38423,Robbin Ruiter
34,77699,Calvin Mac-Intosch
35,105316,Doke Schmidt
36,108655,Mitchel Paulissen
37,422861,Marco Tol
38,422862,Brett Minnema
39,425440,Jasper ter Heide
40,436147,Milan Smit
41,393412,Remco Balk
42,362852,João Virgínia
43,383858,Felix Mambimbi
44,444618,Floris Smand
