,ID,Name
0,143815,Anas Tahiri
1,399607,Antoine Colassin
2,404764,Tibor Halilovic
3,323531,Mats Köhlert
4,409160,Syb van Ottele
5,124274,Sven van Beek
6,124380,Thom Haye
7,252239,Andries Noppert
8,296543,Jan Bekkema
9,401046,Timo Zaal
10,361900,Sydney van Hooijdonk
11,379595,Xavier Mous
12,379760,Milan van Ewijk
13,142376,Pawel Bochniewicz
14,327724,Simon Olsson
15,321193,Rami Kaib
16,371073,Rami Al Hajj
17,401593,Amin Sarr
18,406536,Hussein Ali
19,444482,Alex Timossi Andersson
20,130304,Walter Benítez
21,124021,Phillipp Mwene
22,408059,Yorbe Vertessen
23,427824,Johan Bakayoko
24,397821,Sávio
25,98101,André Ramalho
26,142466,Philipp Max
27,137460,Érick Gutiérrez
28,404776,Ismael Saibari
29,399772,Xavi Simons
30,345333,Armando Obispo
31,352825,Cody Gakpo
32,361839,Jordan Teze
33,382556,Joey Veerman
34,232261,Anwar El Ghazi
35,275012,Joël Drommel
36,322148,Guus Til
37,26916,Boy Waterman
38,403097,Fredrik Oppegård
39,386631,Richard Ledezma
40,328075,Ibrahim Sangaré
