,ID,Name
0,384574,Gernot Trauner
1,436553,Igor Paixão
2,319922,Jacob Rasmussen
3,121821,Timon Wellenreuther
4,133390,Alireza Jahanbakhsh
5,136068,Ofir Marciano
6,302709,Justin Bijlow
7,345441,Lutsharel Geertruida
8,411078,Quinten Timber
9,423949,Mimeirhel Benita
10,363083,Javairô Dilrosun
11,357133,Marcus Pedersen
12,320971,Fredrik Bjørkan
13,319594,Sebastian Szymanski
14,362779,Dávid Hancko
15,355870,Orkun Kökçü
16,367522,Danilo
17,371042,Marcos López
18,399620,Patrik Wålemark
19,444739,Quilindschy Hartman
20,445059,Mats Wieffer
21,445061,Santiago Giménez
22,379701,Ramiz Zerrouki
23,422782,Manfred Ugalde
24,291964,Václav Cerny
25,90235,Lars Unnerstall
26,399296,Christos Tzolis
27,368289,Issam El Maach
28,37344,Ricky van Wolfswinkel
29,322149,Michel Vlap
30,361794,Sem Steijn
31,29281,Wout Brama
32,108935,Robin Pröpper
33,119741,Joshua Brenet
34,120454,Virgil Misidjan
35,400057,Casper Staring
36,400059,Gijs Smal
37,402819,Mees Hilgers
38,437387,Anass Salah-Eddine
39,405560,Daan Rots
40,406780,Max Bruns
41,422781,Luca Everink
42,34545,Przemyslaw Tyton
43,318754,Julio Pleguezuelo
44,404777,Mathias Kjølø
