,ID,Name
0,424368,Gabriel Vidovic
1,345558,Tomás Hájek
2,226599,Maximilian Wittek
3,313385,Carlens Arcus
4,141965,Jeroen Houwen
5,352844,Thomas Buitink
6,361867,Kjell Scherpen
7,400281,Million Manhoef
8,401021,Enzo Cornelisse
9,379707,Melle Meulensteen
10,413209,Daan Reiziger
11,414250,Mohamed Sankoh
12,436060,Simon van Duivenbooden
13,112719,Sondre Tronstad
14,401131,Bartosz Bialek
15,412349,Kacper Kozlowski
16,369558,Ferro
17,318295,Matús Bero
18,363704,Toni Domgjoni
19,444737,Ryan Flamingo
20,429928,Gyan de Regt
21,392344,Nikolai Frederiksen
22,396058,Rodrigo Guth
23,401043,Ivor Pandur
24,413273,Remy Vita
25,294844,Arianit Ferati
26,397329,Vasilis Sourlis
27,104982,Mats Seuntjens
28,243708,Yanick van Osch
29,281508,Roel Janssen
30,288873,Paul Gladon
31,423863,Tijjani Noslin
32,391953,Mike van Beijnen
33,70598,Ivo Pinto
34,100881,Ximo Navarro
35,344201,Iñigo Córdoba
36,107077,Oguzhan Özyakup
37,23282,Burak Yilmaz
38,381814,Dogan Erdogan
39,361862,Cole Bassett
40,383604,George Cox
41,437062,Tunahan Tasci
42,455568,Úmaro Embaló
43,368266,Tom Hendriks
