,ID,Name
0,409052,Benaissa Benamar
1,425605,Xavier Mbuyamba
2,120549,Daryl van Mieghem
3,148512,Bilal Ould-Chikh
4,240878,Robert Mühren
5,261017,Henk Veerman
6,321910,Carel Eiting
7,391573,Filip Stankovic
8,439736,Gaetano Pio Oristanio
9,444711,Derry Murkin
10,444712,Billy van Duijl
11,444713,Brian Plat
12,444714,Damon Mirani
13,444715,Ibrahim El Kadiri
14,444716,Imran Nazih
15,444717,Lequincio Zeefuik
16,444718,Kayne van Oevelen
17,444720,Barry Lauwers
18,444721,Walid Ould-Chikh
19,445055,Dean Ruben James
20,445057,Achraf Douiri
21,422636,Philippe Rommens
22,288859,Gerrit Nauber
23,431319,Aventis Aventisian
24,388033,Willum Willumsson
25,143992,Federico Mattiello
26,34171,Erwin Mulder
27,134722,Bas Kuipers
28,400173,Jamal Amofa
29,422637,Jay Idzes
30,426002,Sven Jansen
31,422633,Mats Deijl
32,331931,Justin Bakker
33,348644,Sylla Sow
34,355961,Evert Linthorst
35,357807,Martijn Berden
36,379703,Jeffrey de Lange
37,382238,Bobby Adekanye
38,284451,Isac Lidberg
39,383616,Oliver Valaker Edvardsen
40,444781,Xander Blomme
41,411691,Enric Llansana
