,ID,Name
0,81523,Mathew Ryan
1,362553,Jens Odgaard
2,300755,Pantelis Hatzidiakos
3,330514,Vangelis Pavlidis
4,424273,Milos Kerkez
5,379783,Yukinari Sugawara
6,383560,Sven Mijnans
7,404489,Fedde de Jong
8,404490,Yusuf Barasi
9,415772,Zico Buurmeester
10,422867,Mees de Wit
11,90802,Jordy Clasie
12,90834,Hobie Verhulst
13,438484,Myron van Brederode
14,320614,Jesper Karlsson
15,343382,Tijjani Reijnders
16,444780,Mayckel Lahdo
17,470734,Daniël Deen
18,472183,Wouter Goes
19,328432,Siebe Horemans
20,373556,Arthur Zagre
21,379158,Maxime Awoudja
22,320000,Adrian Fein
23,308754,Lazaros Lamprou
24,100608,Mike van Duinen
25,123554,Sven Nieuwpoort
26,139666,Norbert Alblas
27,382593,Marouan Azarkan
28,400009,Couhaib Driouech
29,400056,Nathangelo Markelo
30,400172,Vicente Besuijen
31,406754,Reda Kharchouch
32,408102,Peer Koopmeiners
33,363875,Kenzo Goudmijn
34,444619,Stijn van Gassel
35,444620,Redouan El Yaakoubi
36,444621,Nathan Tjoe-A-On
37,444622,Joshua Eijgenraam
38,444623,Julian Baas
39,444624,Serano Seymor
40,444738,Noah Naujoks
41,445053,Nikolas Agrafiotis
