,ID,Name
0,365119,Ezequiel Bullaude
1,384574,Gernot Trauner
2,436553,Igor Paixão
3,319922,Jacob Rasmussen
4,121821,Timon Wellenreuther
5,133390,Alireza Jahanbakhsh
6,136068,Ofir Marciano
7,302709,Justin Bijlow
8,345441,Lutsharel Geertruida
9,411078,Quinten Timber
10,423949,Mimeirhel Benita
11,363083,Javairô Dilrosun
12,379784,Mohamed Taabouni
13,357133,Marcus Pedersen
14,319594,Sebastian Szymanski
15,362779,Dávid Hancko
16,355870,Orkun Kökçü
17,367522,Danilo
18,371042,Marcos López
19,399620,Patrik Wålemark
20,444739,Quilindschy Hartman
21,445059,Mats Wieffer
22,445061,Santiago Giménez
23,240976,David Sambissa
24,422859,Jhondly van der Meer
25,346507,Roberts Uldrikis
26,349183,Léon Bergsma
27,349777,Michael Breij
28,361778,Silvester van der Water
29,361897,Jamie Jacobs
30,364306,Daniël van Kaam
31,279429,Sai van Wermeskerken
32,343393,Tom Boere
33,38423,Robbin Ruiter
34,77699,Calvin Mac-Intosch
35,108655,Mitchel Paulissen
36,422861,Marco Tol
37,422862,Brett Minnema
38,431350,Sekou Oumar Sylla
39,393412,Remco Balk
40,362852,João Virgínia
41,422857,Alex Bangura
42,383858,Felix Mambimbi
43,351532,Mees Hoedemakers
44,444618,Floris Smand
