,ID,Name
0,344071,Landry Dimata
1,22300,Lasse Schöne
2,422807,Magnus Mattsson
3,296536,Mikkel Duelund
4,386625,Andri Baldursson
5,115869,Oussama Tannane
6,422805,Souffian El Karouani
7,422806,Dirk Proper
8,422809,Ilias Bronkhorst
9,422810,Elayis Tavsan
10,422814,Robin Roefs
11,437616,Ibrahim Cissoko
12,271086,Calvin Verdonk
13,90811,Jasper Cillessen
14,97367,Mattijs Branderhorst
15,422804,Bart van Rooij
16,367813,Pedro Marques
17,279967,Iván Márquez
18,455506,Terry Lartey Sanniez
19,396058,Rodrigo Guth
20,401043,Ivor Pandur
21,413273,Remy Vita
22,294844,Arianit Ferati
23,79755,Dimitrios Siovas
24,397329,Vasilis Sourlis
25,423863,Tijjani Noslin
26,104982,Mats Seuntjens
27,243708,Yanick van Osch
28,281508,Roel Janssen
29,288873,Paul Gladon
30,328549,Deroy Duarte
31,70598,Ivo Pinto
32,344201,Iñigo Córdoba
33,107077,Oguzhan Özyakup
34,381814,Dogan Erdogan
35,23282,Burak Yilmaz
36,361862,Cole Bassett
37,383604,George Cox
38,437062,Tunahan Tasci
39,445062,Bryant Nieling
40,455568,Úmaro Embaló
41,368266,Tom Hendriks
