,ID,Name
0,90365,Lisandro Magallán
1,115587,Lucas Ocampos
2,291937,Florian Grillitsch
3,400166,Mohammed Kudus
4,424819,Lorenzo Lucca
5,322696,Edson Álvarez
6,388650,Jurriën Timber
7,401122,Kenneth Taylor
8,279425,Steven Bergwijn
9,108860,Davy Klaassen
10,4065,Maarten Stekelenburg
11,34550,Remko Pasveer
12,70033,Daley Blind
13,89794,Steven Berghuis
14,422801,Youri Baas
15,422802,Jay Gorter
16,400165,Devyne Rensch
17,29474,Dusan Tadic
18,400320,Ahmetcan Kaplan
19,396976,Calvin Bassey
20,404568,Brian Brobbey
21,447643,Jorge Sánchez
22,143815,Anas Tahiri
23,399607,Antoine Colassin
24,124274,Sven van Beek
25,124380,Thom Haye
26,142181,Joost van Aken
27,252239,Andries Noppert
28,296543,Jan Bekkema
29,361900,Sydney van Hooijdonk
30,379595,Xavier Mous
31,379760,Milan van Ewijk
32,401046,Timo Zaal
33,409160,Syb van Ottele
34,142376,Pawel Bochniewicz
35,371073,Rami Al Hajj
36,321193,Rami Kaib
37,327724,Simon Olsson
38,401593,Amin Sarr
39,406536,Hussein Ali
40,444482,Alex Timossi Andersson
41,456088,Kaj van der Veldt
