,ID,Name
0,328432,Siebe Horemans
1,320000,Adrian Fein
2,379158,Maxime Awoudja
3,308754,Lazaros Lamprou
4,116632,Yassin Ayoub
5,363875,Kenzo Goudmijn
6,123554,Sven Nieuwpoort
7,139666,Norbert Alblas
8,100608,Mike van Duinen
9,400009,Couhaib Driouech
10,400056,Nathangelo Markelo
11,444619,Stijn van Gassel
12,444620,Redouan El Yaakoubi
13,444621,Nathan Tjoe-A-On
14,444622,Joshua Eijgenraam
15,444623,Julian Baas
16,444624,Serano Seymor
17,444626,Raphaël Eyongo
18,124105,Michael Heylen
19,383819,Mohamed Bouchouari
20,369671,Azzeddine Toufiqui
21,400115,Lucas Bernadou
22,302724,Eric Oelschlägel
23,141265,Ahmed El Messaoudi
24,142242,Jeff Hardeveld
25,302776,Keziah Veendorp
26,408339,Ben Scholte
27,409129,Jari Vlak
28,104292,Lorenzo Burnet
29,115863,Mark Diemers
30,121834,Mickey van der Hart
31,122206,Richairo Zivkovic
32,397586,Fernando Pacheco
33,125157,Miguel Araujo
34,399824,Jasin-Amin Assehnoun
35,444652,Rui Mendes
36,444654,Gonzalo Sánchez
37,444655,Julius Dirksen
38,444656,Max Wolfs
39,444658,Arnaud Luzayadio
40,402852,Ole Romeny
