,ID,Name
0,344071,Landry Dimata
1,422807,Magnus Mattsson
2,22300,Lasse Schöne
3,386625,Andri Baldursson
4,422805,Souffian El Karouani
5,115869,Oussama Tannane
6,271086,Calvin Verdonk
7,276442,Joris Kramer
8,90811,Jasper Cillessen
9,97367,Mattijs Branderhorst
10,299511,Jordy Bruijn
11,321959,Philippe Sandler
12,400143,Anthony Musaba
13,422804,Bart van Rooij
14,422809,Ilias Bronkhorst
15,422810,Elayis Tavsan
16,429380,Rijk Janse
17,437616,Ibrahim Cissoko
18,422806,Dirk Proper
19,367813,Pedro Marques
20,279967,Iván Márquez
21,455506,Terry Sanniez
22,93012,Navarone Foor
23,346507,Roberts Uldrikis
24,38423,Robbin Ruiter
25,77699,Calvin Mac-Intosch
26,90830,Ben Rienstra
27,105316,Doke Schmidt
28,108655,Mitchel Paulissen
29,238997,Mimoun Mahi
30,279429,Sai van Wermeskerken
31,349183,Léon Bergsma
32,349777,Michael Breij
33,361778,Silvester van der Water
34,364306,Daniël van Kaam
35,393412,Remco Balk
36,422861,Marco Tol
37,422862,Brett Minnema
38,431350,Sekou Sylla
39,343196,Bjørn Johnsen
40,362852,João Virgínia
41,422857,Alex Bangura
42,351532,Mees Hoedemakers
43,444618,Floris Smand
44,470759,Vincent Pichel
