,ID,Name
0,130304,Walter Benítez
1,101537,Thorgan Hazard
2,427824,Johan Bakayoko
3,98101,André Ramalho
4,346767,Mauro Júnior
5,260809,Olivier Boscagli
6,137460,Érick Gutiérrez
7,404776,Ismael Saibari
8,399772,Xavi Simons
9,382556,Joey Veerman
10,361839,Jordan Teze
11,275012,Joël Drommel
12,322148,Guus Til
13,26916,Boy Waterman
14,68585,Luuk de Jong
15,78221,Patrick van Aanholt
16,380655,Fábio Silva
17,386631,Richard Ledezma
18,381045,Jarrad Branthwaite
19,328075,Ibrahim Sangaré
20,401631,Matej Chalus
21,424578,Oliver Antman
22,371293,Jan de Boer
23,94904,Elvis Manu
24,97719,Joey Pelupessy
25,133960,Peter Leeuwenburgh
26,137368,Damil Dankerlui
27,298805,Michael Verrips
28,433575,Liam van Gelderen
29,422635,Ragnar Oratmangoen
30,321106,Johan Hove
31,391047,Tomás Suslov
32,335919,Daleho Irandust
33,377466,Ricardo Pepi
34,395826,Isak Määttä
35,415928,Thijmen Blokzijl
36,366865,Florian Krüger
37,444710,Radinio Balker
38,459078,Thom van Bergen
39,424673,Aimar Sher
