,ID,Name
0,124105,Michaël Heylen
1,383819,Mohamed Bouchouari
2,369671,Azzeddine Toufiqui
3,400115,Lucas Bernadou
4,302724,Eric Oelschlägel
5,141265,Ahmed El Messaoudi
6,408339,Ben Scholte
7,409129,Jari Vlak
8,302776,Keziah Veendorp
9,91123,Mike te Wierik
10,115863,Mark Diemers
11,121834,Mickey van der Hart
12,122206,Richairo Zivkovic
13,428695,Dennis Vos
14,125157,Miguel Araujo
15,444655,Julius Dirksen
16,444658,Arnaud Luzayadio
17,445052,Kyan van Dorp
18,409538,Jeremy Antonisse
19,402852,Ole Romeny
20,399824,Jasin-Amin Assehnoun
21,396058,Rodrigo Guth
22,401043,Ivor Pandur
23,410086,Stipe Radic
24,353098,Kristijan Bistrovic
25,413273,Remy Vita
26,294844,Arianit Ferati
27,79755,Dimitrios Siovas
28,365103,Gianmarco Cangiano
29,328549,Deroy Duarte
30,352844,Thomas Buitink
31,243708,Yanick van Osch
32,281508,Roel Janssen
33,288873,Paul Gladon
34,423863,Tijjani Noslin
35,344201,Iñigo Córdoba
36,23282,Burak Yilmaz
37,381814,Dogan Erdogan
38,107077,Oguzhan Özyakup
39,383604,George Cox
40,368266,Tom Hendriks
41,437062,Tunahan Tasci
42,455568,Úmaro Embaló
