,ID,Name
0,81523,Mathew Ryan
1,362553,Jens Odgaard
2,330514,Vangelis Pavlidis
3,300755,Pantelis Hatzidiakos
4,424273,Milos Kerkez
5,472183,Wouter Goes
6,404489,Fedde de Jong
7,383560,Sven Mijnans
8,90802,Jordy Clasie
9,422867,Mees de Wit
10,422739,Sam Beukema
11,404490,Yusuf Barasi
12,438484,Myron van Brederode
13,415772,Zico Buurmeester
14,90834,Hobie Verhulst
15,445049,Lewis Schouten
16,433950,Mexx Meerdink
17,444780,Mayckel Lahdo
18,320614,Jesper Karlsson
19,334726,Djordje Mihailovic
20,343382,Tijjani Reijnders
21,470735,Rome-Jayden Owusu-Oduro
22,401631,Matej Chalus
23,433575,Liam van Gelderen
24,298805,Michael Verrips
25,94885,Jetro Willems
26,379742,Laros Duarte
27,94904,Elvis Manu
28,97719,Joey Pelupessy
29,422635,Ragnar Oratmangoen
30,133960,Peter Leeuwenburgh
31,137368,Damil Dankerlui
32,371293,Jan de Boer
33,321106,Johan Hove
34,391047,Tomás Suslov
35,377466,Ricardo Pepi
36,444710,Radinio Balker
37,415928,Thijmen Blokzijl
38,415927,Luciano Valente
39,459078,Thom van Bergen
40,424673,Aimar Sher
41,366865,Florian Krüger
