,ID,Name
0,396058,Rodrigo Guth
1,401043,Ivor Pandur
2,353098,Kristijan Bistrovic
3,410086,Stipe Radic
4,413273,Remy Vita
5,294844,Arianit Ferati
6,79755,Dimitrios Siovas
7,365103,Gianmarco Cangiano
8,281508,Roel Janssen
9,243708,Yanick van Osch
10,391953,Mike van Beijnen
11,288873,Paul Gladon
12,328549,Deroy Duarte
13,423863,Tijjani Noslin
14,352844,Thomas Buitink
15,70598,Ivo Pinto
16,455568,Úmaro Embaló
17,100881,Ximo Navarro
18,383604,George Cox
19,476353,Ferhat Cakir
20,437062,Tunahan Tasci
21,368266,Tom Hendriks
22,379701,Ramiz Zerrouki
23,422782,Manfred Ugalde
24,291964,Václav Cerny
25,90235,Lars Unnerstall
26,307362,Alfons Sampsted
27,368289,Issam El Maach
28,322149,Michel Vlap
29,406780,Max Bruns
30,37344,Ricky van Wolfswinkel
31,400059,Gijs Smal
32,437387,Anass Salah-Eddine
33,361794,Sem Steijn
34,402819,Mees Hilgers
35,108935,Robin Pröpper
36,119741,Joshua Brenet
37,34545,Przemyslaw Tyton
38,318754,Julio Pleguezuelo
39,471025,Irakli Yegoian
40,475580,Sander Sybrandy
41,475579,Gijs Besselink
