,ID,Name
0,124105,Michaël Heylen
1,383819,Mohamed Bouchouari
2,369671,Azzeddine Toufiqui
3,400115,Lucas Bernadou
4,302724,Eric Oelschlägel
5,141265,Ahmed El Messaoudi
6,409129,Jari Vlak
7,445052,Kyan van Dorp
8,104292,Lorenzo Burnet
9,115863,Mark Diemers
10,302776,Keziah Veendorp
11,122206,Richairo Zivkovic
12,121834,Mickey van der Hart
13,91123,Mike te Wierik
14,428695,Dennis Vos
15,125157,Miguel Araujo
16,409538,Jeremy Antonisse
17,444655,Julius Dirksen
18,399824,Jasin-Amin Assehnoun
19,402852,Ole Romeny
20,328432,Siebe Horemans
21,373556,Arthur Zagre
22,308754,Lazaros Lamprou
23,116632,Yassin Ayoub
24,444619,Stijn van Gassel
25,400056,Nathangelo Markelo
26,139666,Norbert Alblas
27,406754,Reda Kharchouch
28,444623,Julian Baas
29,444622,Joshua Eijgenraam
30,444624,Serano Seymor
31,444738,Noah Naujoks
32,363875,Kenzo Goudmijn
33,400009,Couhaib Driouech
34,408102,Peer Koopmeiners
35,123554,Sven Nieuwpoort
36,444620,Redouan El Yaakoubi
37,444621,Nathan Tjoe-A-On
38,445053,Nikolas Agrafiotis
