,ID,Name
0,343347,Arno Verschueren
1,259930,Younes Namli
2,444484,Koki Saito
3,411278,Jeremy van Mullem
4,243916,Nick Olij
5,44145,Bart Vriends
6,404225,Shurandy Sambo
7,444483,Mike Eerdhuijzen
8,343314,Vito van Crooij
9,31238,Aaron Meijers
10,425114,Mohammed Tahiri
11,285951,Delano van Crooij
12,445063,Patrick Brouwer
13,427851,Rick Meissen
14,379741,Dirk Abels
15,120675,Tim Coremans
16,396279,Elias Melkersen
17,349199,Joshua Kitolano
18,276756,Tobias Lauritsen
19,322776,Michael Pinto
20,427118,Pedro Alemañ
21,409126,Dominik Oroz
22,424368,Gabriel Vidovic
23,345558,Tomás Hájek
24,384141,Romaric Yapi
25,226599,Maximilian Wittek
26,313385,Carlens Arcus
27,413209,Daan Reiziger
28,401021,Enzo Cornelisse
29,85470,Marco van Ginkel
30,414250,Mohamed Sankoh
31,379707,Melle Meulensteen
32,400281,Million Manhoef
33,361867,Kjell Scherpen
34,436060,Simon van Duivenbooden
35,141965,Jeroen Houwen
36,437426,Miliano Jonathans
37,112719,Sondre Tronstad
38,412349,Kacper Kozlowski
39,401131,Bartosz Bialek
40,318295,Matús Bero
41,363704,Toni Domgjoni
42,444737,Ryan Flamingo
