,ID,Name
0,343347,Arno Verschueren
1,343270,Jason Lokilo
2,225522,Mario Engels
3,25037,Adil Auassar
4,31238,Aaron Meijers
5,44145,Bart Vriends
6,243916,Nick Olij
7,343314,Vito van Crooij
8,285951,Delano van Crooij
9,379741,Dirk Abels
10,379764,Youri Schoonderwaldt
11,383560,Sven Mijnans
12,404225,Shurandy Sambo
13,411278,Jeremy Van Mullem
14,425114,Mohammed Tahiri
15,437336,Augustin Drakpe
16,349199,Joshua Kitolano
17,276756,Tobias Lauritsen
18,322776,Michael Pinto
19,395404,Omar Rekik
20,444483,Mike Eerdhuijzen
21,444484,Koki Saito
22,445063,Patrick Brouwer
23,379701,Ramiz Zerrouki
24,422782,Manfred Ugalde
25,291964,Václav Cerny
26,90235,Lars Unnerstall
27,368289,Issam El Maach
28,437387,Anass Salah-Eddine
29,120454,Virgil Misidjan
30,37344,Ricky van Wolfswinkel
31,387172,Denilho Cleonise
32,400057,Casper Staring
33,400059,Gijs Smal
34,402819,Mees Hilgers
35,322149,Michel Vlap
36,361794,Sem Steijn
37,405560,Daan Rots
38,406780,Max Bruns
39,422781,Luca Everink
40,34545,Przemyslaw Tyton
41,318754,Julio Pleguezuelo
42,404777,Mathias Kjølø
