,ID,Name
0,337826,Zinho Vanheusden
1,362553,Jens Odgaard
2,377279,Peter Vindahl
3,300755,Pantelis Hatzidiakos
4,424273,Milos Kerkez
5,379783,Yukinari Sugawara
6,404489,Fedde de Jong
7,404490,Yusuf Barasi
8,408102,Peer Koopmeiners
9,90802,Jordy Clasie
10,90834,Hobie Verhulst
11,133959,Riechedly Bazoer
12,434318,Maxim Dekker
13,438484,Myron van Brederode
14,353695,Dani de Wit
15,422739,Sam Beukema
16,422867,Mees de Wit
17,356742,Håkon Evjen
18,444780,Mayckel Lahdo
19,343382,Tijjani Reijnders
20,422738,Sem Westerveld
21,379701,Ramiz Zerrouki
22,422782,Manfred Ugalde
23,291964,Václav Cerny
24,90235,Lars Unnerstall
25,399296,Christos Tzolis
26,368289,Issam El Maach
27,437387,Anass Salah-Eddine
28,405560,Daan Rots
29,406780,Max Bruns
30,422781,Luca Everink
31,400057,Casper Staring
32,400059,Gijs Smal
33,402819,Mees Hilgers
34,322149,Michel Vlap
35,387172,Denilho Cleonise
36,37344,Ricky van Wolfswinkel
37,29281,Wout Brama
38,108935,Robin Pröpper
39,119741,Joshua Brenet
40,120454,Virgil Misidjan
41,34545,Przemyslaw Tyton
42,404777,Mathias Kjølø
43,455476,Jaïr Haakmat
