,ID,Name
0,130304,Walter Benítez
1,124021,Phillipp Mwene
2,408059,Yorbe Vertessen
3,427824,Johan Bakayoko
4,98101,André Ramalho
5,397821,Sávio
6,142466,Philipp Max
7,137460,Érick Gutiérrez
8,404776,Ismael Saibari
9,26916,Boy Waterman
10,399772,Xavi Simons
11,382556,Joey Veerman
12,232261,Anwar El Ghazi
13,275012,Joël Drommel
14,322148,Guus Til
15,345333,Armando Obispo
16,352825,Cody Gakpo
17,361839,Jordan Teze
18,368547,Ki-Jana Hoever
19,386631,Richard Ledezma
20,381045,Jarrad Branthwaite
21,127137,Zakaria Bakkali
22,255946,Dario Van den Buijs
23,400278,Thierry Lutonda
24,400545,Shawn Adewoye
25,383972,Sebbe Augustijns
26,379712,Saïd Bakari
27,136263,Iliass Bel Hassani
28,23373,Hans Mulder
29,40342,Michiel Kramer
30,63885,Vurnon Anita
31,380663,Patrick Vroegh
32,379705,Etienne Vaessen
33,379706,Juriën Gaari
34,279173,Pelle Clement
35,289015,Julian Lelieveld
36,389411,Yassin Oukili
37,432167,Mark Spenkelink
38,429373,Roy Kuijpers
39,400276,Luuk Wouters
40,312584,Joel Pereira
41,391317,Julen Lobete
42,444674,Kevin Felida
43,430909,Mika Biereth
