,ID,Name
0,362459,Othmane Boussaid
1,418600,Rocco Robert Shein
2,344041,Moussa Sylla
3,372372,Albert-Nicolas Lottin
4,375327,Modibo Sagnan
5,394998,Can Bozdogan
6,422873,Anastasios Douvikas
7,135954,Vasilios Barkas
8,431329,Naoki Maeda
9,229520,Django Warmerdam
10,256971,Hidde ter Avest
11,411079,Calvin Raatsie
12,414501,Ruben Kluivert
13,422872,Djevencio van der Kust
14,382170,Daishawn Redan
15,34323,Bas Dost
16,39726,Mark van der Maarel
17,82401,Jens Toornstra
18,110360,Sander van de Streek
19,135271,Sean Klaiber
20,444675,Taylor Booth
21,382581,Fabian de Keijzer
22,422634,Luuk Brouwers
23,424368,Gabriel Vidovic
24,345558,Tomás Hájek
25,384141,Romaric Yapi
26,226599,Maximilian Wittek
27,313385,Carlens Arcus
28,141965,Jeroen Houwen
29,352844,Thomas Buitink
30,361867,Kjell Scherpen
31,379707,Melle Meulensteen
32,400281,Million Manhoef
33,401021,Enzo Cornelisse
34,413209,Daan Reiziger
35,414250,Mohamed Sankoh
36,112719,Sondre Tronstad
37,401131,Bartosz Bialek
38,412349,Kacper Kozlowski
39,369558,Ferro
40,318295,Matús Bero
41,363704,Toni Domgjoni
42,392344,Nikolai Frederiksen
43,444737,Ryan Flamingo
