,ID,Name
0,240976,David Sambissa
1,346507,Roberts Uldrikis
2,349777,Michael Breij
3,279429,Sai van Wermeskerken
4,343393,Tom Boere
5,38423,Robbin Ruiter
6,77699,Calvin Mac-Intosch
7,105316,Doke Schmidt
8,108655,Mitchel Paulissen
9,361778,Silvester van der Water
10,364306,Daniël van Kaam
11,422861,Marco Tol
12,422862,Brett Minnema
13,425440,Jasper ter Heide
14,431350,Sekou Sylla
15,436147,Milan Smit
16,393412,Remco Balk
17,362852,João Virgínia
18,422857,Alex Bangura
19,383858,Felix Mambimbi
20,444618,Floris Smand
21,351532,Mees Hoedemakers
22,404224,Emmanuel Matuta
23,322591,Marin Sverko
24,91123,Mike te Wierik
25,97719,Joey Pelupessy
26,133960,Peter Leeuwenburgh
27,137368,Damil Dankerlui
28,298805,Michael Verrips
29,412907,Neraysho Kasanwirjo
30,371293,Jan de Boer
31,379742,Laros Duarte
32,422635,Ragnar Oratmangoen
33,433575,Liam van Gelderen
34,438480,Nordin Musampa
35,391047,Tomás Suslov
36,406537,Paulos Abraham
37,335919,Daleho Irandust
38,322086,Ramon Pascal Lundqvist
39,377466,Ricardo Pepi
40,395826,Isak Määttä
41,415927,Luciano Valente
42,366865,Florian Krüger
43,444710,Radinio Balker
