,ID,Name
0,365119,Ezequiel Bullaude
1,384574,Gernot Trauner
2,436553,Igor Paixão
3,319922,Jacob Rasmussen
4,121821,Timon Wellenreuther
5,133390,Alireza Jahanbakhsh
6,411078,Quinten Timber
7,423949,Mimeirhel Benita
8,363083,Javairô Dilrosun
9,299321,Oussama Idrissi
10,302709,Justin Bijlow
11,320971,Fredrik Bjørkan
12,357133,Marcus Pedersen
13,362779,Dávid Hancko
14,355870,Orkun Kökçü
15,444738,Noah Naujoks
16,444739,Quilindschy Hartman
17,445059,Mats Wieffer
18,445061,Santiago Giménez
19,449316,Devin Remie
20,399620,Patrik Wålemark
21,367522,Danilo
22,371042,Marcos López
23,343270,Jason Lokilo
24,343347,Arno Verschueren
25,259930,Younes Namli
26,225522,Mario Engels
27,25037,Adil Auassar
28,31238,Aaron Meijers
29,44145,Bart Vriends
30,243916,Nick Olij
31,19087,Jonathan de Guzmán
32,343314,Vito van Crooij
33,379741,Dirk Abels
34,379764,Youri Schoonderwaldt
35,383560,Sven Mijnans
36,404225,Shurandy Sambo
37,411278,Jeremy Van Mullem
38,349199,Joshua Kitolano
39,276756,Tobias Lauritsen
40,322776,Michael Pinto
41,395404,Omar Rekik
42,444483,Mike Eerdhuijzen
43,444484,Koki Saito
44,445063,Patrick Brouwer
45,456117,Joey Koorevaar
