,ID,Name
0,328432,Siebe Horemans
1,116632,Yassin Ayoub
2,123554,Sven Nieuwpoort
3,363875,Kenzo Goudmijn
4,382593,Marouan Azarkan
5,400009,Couhaib Driouech
6,400056,Nathangelo Markelo
7,406754,Reda Kharchouch
8,444619,Stijn van Gassel
9,444620,Redouan El Yaakoubi
10,444621,Nathan Tjoe-A-On
11,444622,Joshua Eijgenraam
12,444623,Julian Baas
13,444624,Serano Seymor
14,444625,Pascal Kuiper
15,444626,Raphaël Eyongo
16,444627,Luuk Admiraal
17,449365,Brent Vugts
18,345558,Tomás Hájek
19,384141,Romaric Yapi
20,226599,Maximilian Wittek
21,313385,Carlens Arcus
22,141965,Jeroen Houwen
23,352844,Thomas Buitink
24,379707,Melle Meulensteen
25,400281,Million Manhoef
26,400282,Daan Huisman
27,401021,Enzo Cornelisse
28,413209,Daan Reiziger
29,414250,Mohamed Sankoh
30,422868,Nigel van Haveren
31,436060,Simon van Duivenbooden
32,112719,Sondre Tronstad
33,369558,Ferro
34,318295,Matús Bero
35,363704,Toni Domgjoni
36,392344,Nikolai Frederiksen
37,429928,Gyan de Regt
38,444737,Ryan Flamingo
