,ID,Name
0,409126,Dominik Oroz
1,424368,Gabriel Vidovic
2,345558,Tomás Hájek
3,89947,Nicolas Isimat-Mirin
4,384141,Romaric Yapi
5,226599,Maximilian Wittek
6,313385,Carlens Arcus
7,436060,Simon van Duivenbooden
8,437426,Miliano Jonathans
9,141965,Jeroen Houwen
10,361867,Kjell Scherpen
11,85470,Marco van Ginkel
12,379707,Melle Meulensteen
13,400281,Million Manhoef
14,401021,Enzo Cornelisse
15,413209,Daan Reiziger
16,414250,Mohamed Sankoh
17,401131,Bartosz Bialek
18,363704,Toni Domgjoni
19,429928,Gyan de Regt
20,444737,Ryan Flamingo
21,362459,Othmane Boussaid
22,402885,Anthony Descotte
23,403644,Victor Jensen
24,418600,Rocco Robert Shein
25,394998,Can Bozdogan
26,422873,Anastasios Douvikas
27,135954,Vasilios Barkas
28,431329,Naoki Maeda
29,414501,Ruben Kluivert
30,363872,Christopher Mamengi
31,315574,Thijmen Nijhuis
32,39726,Mark van der Maarel
33,82401,Jens Toornstra
34,101605,Mike van der Hoorn
35,110360,Sander van de Streek
36,135271,Sean Klaiber
37,382581,Fabian de Keijzer
38,444675,Taylor Booth
39,454518,Derensili Sanches Fernandes
40,473962,Lynden Edhart
41,422634,Luuk Brouwers
