,ID,Name
0,343347,Arno Verschueren
1,259930,Younes Namli
2,25037,Adil Auassar
3,31238,Aaron Meijers
4,243916,Nick Olij
5,285951,Delano van Crooij
6,19087,Jonathan de Guzmán
7,343314,Vito van Crooij
8,379741,Dirk Abels
9,379764,Youri Schoonderwaldt
10,404225,Shurandy Sambo
11,411278,Jeremy van Mullem
12,425114,Mohammed Tahiri
13,427851,Rick Meissen
14,437336,Augustin Drakpe
15,396279,Elias Melkersen
16,349199,Joshua Kitolano
17,276756,Tobias Lauritsen
18,322776,Michael Pinto
19,427118,Pedro Alemañ
20,444483,Mike Eerdhuijzen
21,444484,Koki Saito
22,445063,Patrick Brouwer
23,422636,Philippe Rommens
24,288859,Gerrit Nauber
25,362691,Luca Plogmann
26,431319,Aventis Aventisian
27,143992,Federico Mattiello
28,400173,Jamal Amofa
29,379703,Jeffrey de Lange
30,382238,Bobby Adekanye
31,322159,Finn Stokkers
32,348644,Sylla Sow
33,355132,Rashaan Fernandes
34,355961,Evert Linthorst
35,422637,Jay Idzes
36,425219,Jahnoah Markelo
37,34171,Erwin Mulder
38,422633,Mats Deijl
39,403097,Fredrik Oppegård
40,395424,José Fontán
41,284451,Isac Lidberg
42,444781,Xander Blomme
43,444782,Pim Saathof
44,472963,Darío Serra
