,ID,Name
0,125375,Gerónimo Rulli
1,291937,Florian Grillitsch
2,400166,Mohammed Kudus
3,424819,Lorenzo Lucca
4,322696,Edson Álvarez
5,328550,Owen Wijndal
6,388650,Jurriën Timber
7,4065,Maarten Stekelenburg
8,34550,Remko Pasveer
9,89794,Steven Berghuis
10,108860,Davy Klaassen
11,427577,Youri Regeer
12,401122,Kenneth Taylor
13,400165,Devyne Rensch
14,415781,Kian Fitz-Jim
15,29474,Dusan Tadic
16,396976,Calvin Bassey
17,404568,Brian Brobbey
18,409221,Francisco Conceição
19,447643,Jorge Sánchez
20,449301,Christian Rasmussen
21,467715,Jorrel Hato
22,255946,Dario Van den Buijs
23,127137,Zakaria Bakkali
24,383972,Sebbe Augustijns
25,400278,Thierry Lutonda
26,400545,Shawn Adewoye
27,379712,Saïd Bakari
28,380663,Patrick Vroegh
29,389411,Yassin Oukili
30,136263,Iliass Bel Hassani
31,365160,Lars Nieuwpoort
32,379705,Etienne Vaessen
33,379706,Juriën Gaari
34,279173,Pelle Clement
35,289015,Julian Lelieveld
36,63885,Vurnon Anita
37,90696,Florian Jozefzoon
38,104982,Mats Seuntjens
39,429373,Roy Kuijpers
40,432167,Mark Spenkelink
41,400276,Luuk Wouters
42,312584,Joel Pereira
43,391317,Julen Lobete
44,444674,Kevin Felida
