,ID,Name
0,379701,Ramiz Zerrouki
1,422782,Manfred Ugalde
2,361838,Michal Sadílek
3,291964,Václav Cerny
4,90235,Lars Unnerstall
5,307362,Alfons Sampsted
6,368289,Issam El Maach
7,37344,Ricky van Wolfswinkel
8,387172,Denilho Cleonise
9,400059,Gijs Smal
10,402819,Mees Hilgers
11,322149,Michel Vlap
12,361794,Sem Steijn
13,108935,Robin Pröpper
14,119741,Joshua Brenet
15,120454,Virgil Misidjan
16,405560,Daan Rots
17,406780,Max Bruns
18,437387,Anass Salah-Eddine
19,34545,Przemyslaw Tyton
20,404777,Mathias Kjølø
21,399610,Francesco Antonucci
22,345769,Oskar Buur
23,408912,Florent Da Silva
24,409052,Benaissa Benamar
25,425605,Xavier Mbuyamba
26,120549,Daryl van Mieghem
27,148512,Bilal Ould-Chikh
28,240878,Robert Mühren
29,261017,Henk Veerman
30,321910,Carel Eiting
31,391573,Filip Stankovic
32,444711,Derry Murkin
33,444713,Brian Plat
34,444714,Damon Mirani
35,444715,Ibrahim El Kadiri
36,444718,Kayne van Oevelen
37,444720,Barry Lauwers
38,444721,Walid Ould-Chikh
39,445055,Dean Ruben James
40,445056,Calvin Twigt
41,445057,Achraf Douiri
42,445058,Josh Flint
43,472272,Flip Klomp
