,ID,Name
0,143815,Anas Tahiri
1,404764,Tibor Halilovic
2,323531,Mats Köhlert
3,409160,Syb van Ottele
4,296543,Jan Bekkema
5,80881,Jeffrey Bruma
6,124380,Thom Haye
7,142181,Joost van Aken
8,361900,Sydney van Hooijdonk
9,379595,Xavier Mous
10,379599,Ché Nunnely
11,379760,Milan van Ewijk
12,401046,Timo Zaal
13,366886,Osame Sahraoui
14,142376,Pawel Bochniewicz
15,321193,Rami Kaib
16,327724,Simon Olsson
17,371073,Rami Al Hajj
18,406536,Hussein Ali
19,436158,Daniel Karlsbakk
20,444482,Alex Timossi Andersson
21,472399,Bernt Klaverboer
22,365119,Ezequiel Bullaude
23,436553,Igor Paixão
24,319922,Jacob Rasmussen
25,121821,Timon Wellenreuther
26,133390,Alireza Jahanbakhsh
27,136068,Ofir Marciano
28,299321,Oussama Idrissi
29,345441,Lutsharel Geertruida
30,379784,Mohamed Taabouni
31,408489,Tein Troost
32,411078,Quinten Timber
33,412907,Neraysho Kasanwirjo
34,422921,Antoni Milambo
35,423949,Mimeirhel Benita
36,363083,Javairô Dilrosun
37,357133,Marcus Pedersen
38,362779,Dávid Hancko
39,355870,Orkun Kökcü
40,367522,Danilo
41,371042,Marcos López
42,444739,Quilindschy Hartman
43,445059,Mats Wieffer
44,445061,Santiago Giménez
