,ID,Name
0,143815,Anas Tahiri
1,399607,Antoine Colassin
2,404764,Tibor Halilovic
3,323531,Mats Köhlert
4,379599,Ché Nunnely
5,379595,Xavier Mous
6,80881,Jeffrey Bruma
7,379760,Milan van Ewijk
8,409160,Syb van Ottele
9,238897,Pelle van Amersfoort
10,296543,Jan Bekkema
11,124380,Thom Haye
12,361900,Sydney van Hooijdonk
13,142181,Joost van Aken
14,366886,Osame Sahraoui
15,142376,Pawel Bochniewicz
16,327724,Simon Olsson
17,371073,Rami Al Hajj
18,406536,Hussein Ali
19,321193,Rami Kaib
20,444482,Alex Timossi Andersson
21,472399,Bernt Klaverboer
22,125375,Gerónimo Rulli
23,291937,Florian Grillitsch
24,400166,Mohammed Kudus
25,424819,Lorenzo Lucca
26,447643,Jorge Sánchez
27,322696,Edson Álvarez
28,401122,Kenneth Taylor
29,89794,Steven Berghuis
30,279425,Steven Bergwijn
31,328550,Owen Wijndal
32,388650,Jurriën Timber
33,400165,Devyne Rensch
34,422801,Youri Baas
35,108860,Davy Klaassen
36,427577,Youri Regeer
37,415781,Kian Fitz-Jim
38,4065,Maarten Stekelenburg
39,34550,Remko Pasveer
40,29474,Dusan Tadic
41,396976,Calvin Bassey
42,467715,Jorrel Hato
43,404568,Brian Brobbey
44,409221,Francisco Conceição
