,ID,Name
0,124021,Phillipp Mwene
1,427824,Johan Bakayoko
2,98101,André Ramalho
3,260809,Olivier Boscagli
4,137460,Érick Gutiérrez
5,404776,Ismael Saibari
6,462233,Niek Schiks
7,26916,Boy Waterman
8,361839,Jordan Teze
9,345333,Armando Obispo
10,78221,Patrick van Aanholt
11,275012,Joël Drommel
12,382556,Joey Veerman
13,322148,Guus Til
14,399772,Xavi Simons
15,232261,Anwar El Ghazi
16,380655,Fábio Silva
17,386631,Richard Ledezma
18,381045,Jarrad Branthwaite
19,328075,Ibrahim Sangaré
20,259530,Robin Maulun
21,240976,David Sambissa
22,93012,Navarone Foor
23,346507,Roberts Uldrikis
24,349183,Léon Bergsma
25,105316,Doke Schmidt
26,364306,Daniël van Kaam
27,38423,Robbin Ruiter
28,422862,Brett Minnema
29,361778,Silvester van der Water
30,77699,Calvin Mac-Intosch
31,108655,Mitchel Paulissen
32,393412,Remco Balk
33,238997,Mimoun Mahi
34,279429,Sai van Wermeskerken
35,431350,Sekou Sylla
36,470759,Vincent Pichel
37,361897,Jamie Jacobs
38,343196,Bjørn Johnsen
39,362852,João Virgínia
40,422857,Alex Bangura
41,444618,Floris Smand
42,351532,Mees Hoedemakers
