,ID,Name
0,344071,Landry Dimata
1,422807,Magnus Mattsson
2,386625,Andri Baldursson
3,115869,Oussama Tannane
4,422805,Souffian El Karouani
5,90811,Jasper Cillessen
6,422804,Bart van Rooij
7,400143,Anthony Musaba
8,97367,Mattijs Branderhorst
9,429380,Rijk Janse
10,422810,Elayis Tavsan
11,422806,Dirk Proper
12,437616,Ibrahim Cissoko
13,276442,Joris Kramer
14,422809,Ilias Bronkhorst
15,321959,Philippe Sandler
16,299511,Jordy Bruijn
17,367813,Pedro Marques
18,279967,Iván Márquez
19,455506,Terry Sanniez
20,402885,Anthony Descotte
21,362459,Othmane Boussaid
22,403644,Victor Jensen
23,375327,Modibo Sagnan
24,112210,Amin Younes
25,135954,Vasilios Barkas
26,422873,Anastasios Douvikas
27,431329,Naoki Maeda
28,83337,Zakaria Labyad
29,422909,Ramon Hendriks
30,135271,Sean Klaiber
31,110360,Sander van de Streek
32,256971,Hidde ter Avest
33,101605,Mike van der Hoorn
34,82401,Jens Toornstra
35,454518,Derensili Sanches Fernandes
36,414501,Ruben Kluivert
37,382582,Tommy St. Jago
38,34323,Bas Dost
39,39726,Mark van der Maarel
40,261082,Bart Ramselaar
41,444675,Taylor Booth
42,382581,Fabian de Keijzer
