,ID,Name
0,365119,Ezequiel Bullaude
1,384574,Gernot Trauner
2,436553,Igor Paixão
3,319922,Jacob Rasmussen
4,121821,Timon Wellenreuther
5,133390,Alireza Jahanbakhsh
6,136068,Ofir Marciano
7,445061,Santiago Giménez
8,412907,Neraysho Kasanwirjo
9,379784,Mohamed Taabouni
10,408489,Tein Troost
11,444739,Quilindschy Hartman
12,345441,Lutsharel Geertruida
13,445059,Mats Wieffer
14,363083,Javairô Dilrosun
15,299321,Oussama Idrissi
16,357133,Marcus Pedersen
17,319594,Sebastian Szymanski
18,362779,Dávid Hancko
19,355870,Orkun Kökcü
20,367522,Danilo
21,371042,Marcos López
22,345769,Oskar Buur
23,408912,Florent Da Silva
24,409052,Benaissa Benamar
25,445057,Achraf Douiri
26,148512,Bilal Ould-Chikh
27,321910,Carel Eiting
28,261017,Henk Veerman
29,240878,Robert Mühren
30,444715,Ibrahim El Kadiri
31,425605,Xavier Mbuyamba
32,444714,Damon Mirani
33,444713,Brian Plat
34,120549,Daryl van Mieghem
35,445056,Calvin Twigt
36,444721,Walid Ould-Chikh
37,444716,Imran Nazih
38,444720,Barry Lauwers
39,391573,Filip Stankovic
40,445058,Josh Flint
41,444711,Derry Murkin
42,472272,Flip Klomp
43,444718,Kayne van Oevelen
