,ID,Name
0,379701,Ramiz Zerrouki
1,422782,Manfred Ugalde
2,361838,Michal Sadílek
3,291964,Václav Cerny
4,90235,Lars Unnerstall
5,307362,Alfons Sampsted
6,368289,Issam El Maach
7,437387,Anass Salah-Eddine
8,29281,Wout Brama
9,361794,Sem Steijn
10,37344,Ricky van Wolfswinkel
11,387172,Denilho Cleonise
12,405560,Daan Rots
13,402819,Mees Hilgers
14,400059,Gijs Smal
15,108935,Robin Pröpper
16,119741,Joshua Brenet
17,322149,Michel Vlap
18,120454,Virgil Misidjan
19,34545,Przemyslaw Tyton
20,318754,Julio Pleguezuelo
21,404777,Mathias Kjølø
22,344071,Landry Dimata
23,422807,Magnus Mattsson
24,22300,Lasse Schöne
25,386625,Andri Baldursson
26,115869,Oussama Tannane
27,422805,Souffian El Karouani
28,90811,Jasper Cillessen
29,321959,Philippe Sandler
30,422804,Bart van Rooij
31,422806,Dirk Proper
32,422810,Elayis Tavsan
33,422809,Ilias Bronkhorst
34,400143,Anthony Musaba
35,97367,Mattijs Branderhorst
36,429380,Rijk Janse
37,437616,Ibrahim Cissoko
38,276442,Joris Kramer
39,299511,Jordy Bruijn
40,367813,Pedro Marques
41,279967,Iván Márquez
42,455506,Terry Sanniez
