,ID,Name
0,130304,Walter Benítez
1,124021,Phillipp Mwene
2,408059,Yorbe Vertessen
3,98101,André Ramalho
4,346767,Mauro Júnior
5,142466,Philipp Max
6,137460,Érick Gutiérrez
7,382556,Joey Veerman
8,352825,Cody Gakpo
9,361839,Jordan Teze
10,368547,Ki-Jana Hoever
11,232261,Anwar El Ghazi
12,275012,Joël Drommel
13,322148,Guus Til
14,26916,Boy Waterman
15,68585,Luuk de Jong
16,345333,Armando Obispo
17,399772,Xavi Simons
18,386631,Richard Ledezma
19,389935,Noni Madueke
20,381045,Jarrad Branthwaite
21,328075,Ibrahim Sangaré
22,362553,Jens Odgaard
23,377279,Peter Vindahl
24,330514,Vangelis Pavlidis
25,300755,Pantelis Hatzidiakos
26,424273,Milos Kerkez
27,379783,Yukinari Sugawara
28,404489,Fedde de Jong
29,408102,Peer Koopmeiners
30,415772,Zico Buurmeester
31,353695,Dani de Wit
32,90802,Jordy Clasie
33,90834,Hobie Verhulst
34,133959,Riechedly Bazoer
35,434318,Maxim Dekker
36,422739,Sam Beukema
37,422867,Mees de Wit
38,320614,Jesper Karlsson
39,356742,Håkon Evjen
40,343382,Tijjani Reijnders
41,422738,Sem Westerveld
42,444780,Mayckel Lahdo
