,ID,Name
0,124105,Michael Heylen
1,383819,Mohamed Bouchouari
2,369671,Azzeddine Toufiqui
3,400115,Lucas Bernadou
4,302724,Eric Oelschlägel
5,141265,Ahmed El Messaoudi
6,409129,Jari Vlak
7,302776,Keziah Veendorp
8,36131,Jeroen Veldmate
9,104292,Lorenzo Burnet
10,115863,Mark Diemers
11,121834,Mickey van der Hart
12,122206,Richairo Zivkovic
13,125157,Miguel Araujo
14,397586,Fernando Pacheco
15,399824,Jasin-Amin Assehnoun
16,444652,Rui Mendes
17,444655,Julius Dirksen
18,444658,Arnaud Luzayadio
19,445052,Kyan van Dorp
20,90365,Lisandro Magallán
21,115587,Lucas Ocampos
22,291937,Florian Grillitsch
23,400166,Mohammed Kudus
24,424819,Lorenzo Lucca
25,322696,Edson Álvarez
26,328550,Owen Wijndal
27,388650,Jurriën Timber
28,401122,Kenneth Taylor
29,279425,Steven Bergwijn
30,108860,Davy Klaassen
31,4065,Maarten Stekelenburg
32,34550,Remko Pasveer
33,70033,Daley Blind
34,89794,Steven Berghuis
35,400165,Devyne Rensch
36,422802,Jay Gorter
37,29474,Dusan Tadic
38,396976,Calvin Bassey
39,404568,Brian Brobbey
40,409221,Francisco Conceição
41,447643,Jorge Sánchez
