,ID,Name
0,345769,Oskar Buur
1,409052,Benaissa Benamar
2,425605,Xavier Mbuyamba
3,120549,Daryl van Mieghem
4,148512,Bilal Ould-Chikh
5,261017,Henk Veerman
6,321910,Carel Eiting
7,391573,Filip Stankovic
8,439736,Gaetano Oristanio
9,444711,Derry Murkin
10,444713,Brian Plat
11,444714,Damon Mirani
12,444715,Ibrahim El Kadiri
13,444716,Imran Nazih
14,444717,Lequincio Zeefuik
15,444720,Barry Lauwers
16,444721,Walid Ould-Chikh
17,445055,Dean Ruben James
18,460179,Jordi Blom
19,362459,Othmane Boussaid
20,375327,Modibo Sagnan
21,344041,Moussa Sylla
22,394998,Can Bozdogan
23,112210,Amin Younes
24,135954,Vasilios Barkas
25,431329,Naoki Maeda
26,34323,Bas Dost
27,39726,Mark van der Maarel
28,82401,Jens Toornstra
29,101605,Mike van der Hoorn
30,110360,Sander van de Streek
31,422872,Djevencio van der Kust
32,256971,Hidde ter Avest
33,411079,Calvin Raatsie
34,135271,Sean Klaiber
35,382170,Daishawn Redan
36,382581,Fabian de Keijzer
37,422634,Luuk Brouwers
38,444675,Taylor Booth
