,ID,Name
0,124105,Michael Heylen
1,400115,Lucas Bernadou
2,369671,Azzeddine Toufiqui
3,302724,Eric Oelschlägel
4,302776,Keziah Veendorp
5,142242,Jeff Hardeveld
6,379730,Teun Bijleveld
7,36131,Jeroen Veldmate
8,115863,Mark Diemers
9,122206,Richairo Zivkovic
10,408339,Ben Scholte
11,409129,Jari Vlak
12,125157,Miguel Araujo
13,397586,Fernando Pacheco
14,402852,Ole Romeny
15,399824,Jasin-Amin Assehnoun
16,444652,Rui Mendes
17,444653,Remi van Ekeris
18,444654,Gonzalo Sánchez
19,444655,Julius Dirksen
20,444656,Max Wolfs
21,444657,Wouter Sibon
22,444658,Arnaud Luzayadio
23,255946,Dario Van den Buijs
24,379713,Lennerd Daneels
25,383972,Sebbe Augustijns
26,400278,Thierry Lutonda
27,400545,Shawn Adewoye
28,379712,Saïd Bakari
29,23373,Hans Mulder
30,40342,Michiel Kramer
31,63885,Vurnon Anita
32,90696,Florian Jozefzoon
33,136263,Iliass Bel Hassani
34,365160,Lars Nieuwpoort
35,379705,Etienne Vaessen
36,379706,Juriën Gaari
37,279173,Pelle Clement
38,289015,Julian Lelieveld
39,429373,Roy Kuijpers
40,432167,Mark Spenkelink
41,389411,Yassin Oukili
42,380663,Patrick Vroegh
43,400276,Luuk Wouters
44,312584,Joel Pereira
45,391317,Julen Lobete
