,ID,Name
0,422636,Philippe Rommens
1,288859,Gerrit Nauber
2,431319,Aventis Aventisian
3,422637,Jay Idzes
4,426002,Sven Jansen
5,422633,Mats Deijl
6,322159,Finn Stokkers
7,331931,Justin Bakker
8,355132,Rashaan Fernandes
9,355961,Evert Linthorst
10,379703,Jeffrey de Lange
11,34171,Erwin Mulder
12,134722,Bas Kuipers
13,400173,Jamal Amofa
14,395424,José Fontán
15,284451,Isac Lidberg
16,411691,Enric Llansana
17,383616,Oliver Valaker Edvardsen
18,444781,Xander Blomme
19,444782,Pim Saathof
20,130304,Walter Benítez
21,124021,Phillipp Mwene
22,427824,Johan Bakayoko
23,98101,André Ramalho
24,397821,Sávio
25,142466,Philipp Max
26,137460,Érick Gutiérrez
27,404776,Ismael Saibari
28,275012,Joël Drommel
29,322148,Guus Til
30,399772,Xavi Simons
31,382556,Joey Veerman
32,345333,Armando Obispo
33,352825,Cody Gakpo
34,361839,Jordan Teze
35,368547,Ki-Jana Hoever
36,26916,Boy Waterman
37,68585,Luuk de Jong
38,85470,Marco van Ginkel
39,403097,Fredrik Oppegård
40,386631,Richard Ledezma
41,381045,Jarrad Branthwaite
42,328075,Ibrahim Sangaré
