,ID,Name
0,384574,Gernot Trauner
1,319922,Jacob Rasmussen
2,133390,Alireza Jahanbakhsh
3,136068,Ofir Marciano
4,299321,Oussama Idrissi
5,302709,Justin Bijlow
6,345441,Lutsharel Geertruida
7,82401,Jens Toornstra
8,363083,Javairô Dilrosun
9,404937,Thijs Jansen
10,411078,Quinten Timber
11,423949,Mimeirhel Benita
12,379784,Mohamed Taabouni
13,357133,Marcus Pedersen
14,303544,Fredrik Aursnes
15,319594,Sebastian Szymanski
16,355870,Orkun Kökçü
17,444738,Noah Naujoks
18,444739,Quilindschy Hartman
19,445061,Santiago Giménez
20,367522,Danilo
21,399620,Patrik Wålemark
22,143815,Anas Tahiri
23,404764,Tibor Halilovic
24,323531,Mats Köhlert
25,361900,Sydney van Hooijdonk
26,379595,Xavier Mous
27,379760,Milan van Ewijk
28,401046,Timo Zaal
29,252239,Andries Noppert
30,296543,Jan Bekkema
31,124274,Sven van Beek
32,124380,Thom Haye
33,142181,Joost van Aken
34,409160,Syb van Ottele
35,422643,Djenahro Nunumete
36,142376,Pawel Bochniewicz
37,321193,Rami Kaib
38,401593,Amin Sarr
39,371073,Rami Al Hajj
40,327724,Simon Olsson
41,406536,Hussein Ali
42,444482,Alex Timossi Andersson
