,ID,Name
0,362459,Othmane Boussaid
1,418600,Rocco Robert Shein
2,344041,Moussa Sylla
3,372372,Albert-Nicolas Lottin
4,375327,Modibo Sagnan
5,394998,Can Bozdogan
6,422873,Anastasios Douvikas
7,135954,Vasilios Barkas
8,256971,Hidde ter Avest
9,315574,Thijmen Nijhuis
10,34323,Bas Dost
11,39726,Mark van der Maarel
12,70906,Nick Viergever
13,382170,Daishawn Redan
14,427851,Rick Meissen
15,422872,Djevencio van der Kust
16,411079,Calvin Raatsie
17,414501,Ruben Kluivert
18,422634,Luuk Brouwers
19,444675,Taylor Booth
20,240976,David Sambissa
21,259530,Robin Maulun
22,346507,Roberts Uldrikis
23,349183,Léon Bergsma
24,349777,Michael Breij
25,361897,Jamie Jacobs
26,393412,Remco Balk
27,279429,Sai van Wermeskerken
28,298844,Sam Hendriks
29,343393,Tom Boere
30,38423,Robbin Ruiter
31,77699,Calvin Mac-Intosch
32,105316,Doke Schmidt
33,108655,Mitchel Paulissen
34,422861,Marco Tol
35,422862,Brett Minnema
36,425440,Jasper ter Heide
37,431350,Sekou Sylla
38,436147,Milan Smit
39,362852,João Virgínia
40,422857,Alex Bangura
41,351532,Mees Hoedemakers
42,444618,Floris Smand
