,ID,Name
0,399610,Francesco Antonucci
1,439736,Gaetano Oristanio
2,409052,Benaissa Benamar
3,321910,Carel Eiting
4,425605,Xavier Mbuyamba
5,444714,Damon Mirani
6,444721,Walid Ould-Chikh
7,445056,Calvin Twigt
8,120549,Daryl van Mieghem
9,444720,Barry Lauwers
10,444717,Lequincio Zeefuik
11,445057,Achraf Douiri
12,444715,Ibrahim El Kadiri
13,240878,Robert Mühren
14,444716,Imran Nazih
15,261017,Henk Veerman
16,391573,Filip Stankovic
17,444711,Derry Murkin
18,445058,Josh Flint
19,444718,Kayne van Oevelen
20,343347,Arno Verschueren
21,259930,Younes Namli
22,444484,Koki Saito
23,25037,Adil Auassar
24,243916,Nick Olij
25,404225,Shurandy Sambo
26,444483,Mike Eerdhuijzen
27,31238,Aaron Meijers
28,44145,Bart Vriends
29,379764,Youri Schoonderwaldt
30,445063,Patrick Brouwer
31,343314,Vito van Crooij
32,379741,Dirk Abels
33,411278,Jeremy van Mullem
34,425114,Mohammed Tahiri
35,19087,Jonathan de Guzmán
36,285951,Delano van Crooij
37,427851,Rick Meissen
38,349199,Joshua Kitolano
39,276756,Tobias Lauritsen
40,427118,Pedro Alemañ
41,481828,Dano Lourens
