,ID,Name
0,399607,Antoine Colassin
1,143815,Anas Tahiri
2,404764,Tibor Halilovic
3,323531,Mats Köhlert
4,379599,Ché Nunnely
5,296543,Jan Bekkema
6,379595,Xavier Mous
7,80881,Jeffrey Bruma
8,124380,Thom Haye
9,361900,Sydney van Hooijdonk
10,238897,Pelle van Amersfoort
11,379760,Milan van Ewijk
12,366886,Osame Sahraoui
13,142376,Pawel Bochniewicz
14,327724,Simon Olsson
15,371073,Rami Al Hajj
16,406536,Hussein Ali
17,321193,Rami Kaib
18,473488,Jesper van der Mark
19,444482,Alex Timossi Andersson
20,436158,Daniel Karlsbakk
21,328432,Siebe Horemans
22,373556,Arthur Zagre
23,379158,Maxime Awoudja
24,308754,Lazaros Lamprou
25,444621,Nathan Tjoe-A-On
26,139666,Norbert Alblas
27,444738,Noah Naujoks
28,444619,Stijn van Gassel
29,123554,Sven Nieuwpoort
30,444620,Redouan El Yaakoubi
31,363875,Kenzo Goudmijn
32,406754,Reda Kharchouch
33,444624,Serano Seymor
34,327903,Kik Pierie
35,400009,Couhaib Driouech
36,408102,Peer Koopmeiners
37,444623,Julian Baas
38,382593,Marouan Azarkan
39,100608,Mike van Duinen
40,445053,Nikolas Agrafiotis
