,ID,Name
0,362459,Othmane Boussaid
1,402885,Anthony Descotte
2,403644,Victor Jensen
3,418600,Rocco Robert Shein
4,375327,Modibo Sagnan
5,394998,Can Bozdogan
6,135954,Vasilios Barkas
7,422873,Anastasios Douvikas
8,83337,Zakaria Labyad
9,414501,Ruben Kluivert
10,256971,Hidde ter Avest
11,315574,Thijmen Nijhuis
12,39726,Mark van der Maarel
13,101605,Mike van der Hoorn
14,135271,Sean Klaiber
15,70906,Nick Viergever
16,82401,Jens Toornstra
17,110360,Sander van de Streek
18,261082,Bart Ramselaar
19,382582,Tommy St. Jago
20,382581,Fabian de Keijzer
21,422634,Luuk Brouwers
22,400278,Thierry Lutonda
23,400545,Shawn Adewoye
24,127137,Zakaria Bakkali
25,383972,Sebbe Augustijns
26,255946,Dario Van den Buijs
27,379712,Saïd Bakari
28,40342,Michiel Kramer
29,90696,Florian Jozefzoon
30,136263,Iliass Bel Hassani
31,365160,Lars Nieuwpoort
32,379705,Etienne Vaessen
33,289015,Julian Lelieveld
34,379706,Juriën Gaari
35,389411,Yassin Oukili
36,279173,Pelle Clement
37,63885,Vurnon Anita
38,444674,Kevin Felida
39,380663,Patrick Vroegh
40,432167,Mark Spenkelink
41,429373,Roy Kuijpers
42,312584,Joel Pereira
43,391317,Julen Lobete
44,430909,Mika Biereth
