,ID,Name
0,344071,Landry Dimata
1,422807,Magnus Mattsson
2,22300,Lasse Schöne
3,296536,Mikkel Duelund
4,386625,Andri Baldursson
5,115869,Oussama Tannane
6,422805,Souffian El Karouani
7,422806,Dirk Proper
8,271086,Calvin Verdonk
9,276442,Joris Kramer
10,299511,Jordy Bruijn
11,321959,Philippe Sandler
12,90811,Jasper Cillessen
13,97367,Mattijs Branderhorst
14,422804,Bart van Rooij
15,422809,Ilias Bronkhorst
16,422810,Elayis Tavsan
17,422814,Robin Roefs
18,437616,Ibrahim Cissoko
19,367813,Pedro Marques
20,279967,Iván Márquez
21,455506,Terry Lartey Sanniez
22,255946,Dario Van den Buijs
23,127137,Zakaria Bakkali
24,383972,Sebbe Augustijns
25,400278,Thierry Lutonda
26,400545,Shawn Adewoye
27,379712,Saïd Bakari
28,23373,Hans Mulder
29,63885,Vurnon Anita
30,90696,Florian Jozefzoon
31,279173,Pelle Clement
32,289015,Julian Lelieveld
33,380663,Patrick Vroegh
34,389411,Yassin Oukili
35,400276,Luuk Wouters
36,136263,Iliass Bel Hassani
37,365160,Lars Nieuwpoort
38,379706,Juriën Gaari
39,429270,Joey Kesting
40,429373,Roy Kuijpers
41,432167,Mark Spenkelink
42,312584,Joel Pereira
43,444674,Kevin Felida
