,ID,Name
0,143815,Anas Tahiri
1,399607,Antoine Colassin
2,404764,Tibor Halilovic
3,323531,Mats Köhlert
4,409160,Syb van Ottele
5,361900,Sydney van Hooijdonk
6,401046,Timo Zaal
7,379595,Xavier Mous
8,379760,Milan van Ewijk
9,252239,Andries Noppert
10,296543,Jan Bekkema
11,124274,Sven van Beek
12,124380,Thom Haye
13,142181,Joost van Aken
14,142376,Pawel Bochniewicz
15,406536,Hussein Ali
16,321193,Rami Kaib
17,401593,Amin Sarr
18,371073,Rami Al Hajj
19,327724,Simon Olsson
20,444482,Alex Timossi Andersson
21,240976,David Sambissa
22,422859,Jhondly van der Meer
23,346507,Roberts Uldrikis
24,349183,Léon Bergsma
25,349777,Michael Breij
26,361778,Silvester van der Water
27,361897,Jamie Jacobs
28,364306,Daniël van Kaam
29,279429,Sai van Wermeskerken
30,343393,Tom Boere
31,38423,Robbin Ruiter
32,77699,Calvin Mac-Intosch
33,108655,Mitchel Paulissen
34,422861,Marco Tol
35,422862,Brett Minnema
36,431350,Sekou Oumar Sylla
37,393412,Remco Balk
38,362852,João Virgínia
39,422857,Alex Bangura
40,383858,Felix Mambimbi
41,351532,Mees Hoedemakers
42,444618,Floris Smand
