,ID,Name
0,422636,Philippe Rommens
1,288859,Gerrit Nauber
2,362691,Luca Plogmann
3,388033,Willum Willumsson
4,400173,Jamal Amofa
5,379703,Jeffrey de Lange
6,382238,Bobby Adekanye
7,134722,Bas Kuipers
8,322159,Finn Stokkers
9,331931,Justin Bakker
10,348644,Sylla Sow
11,355132,Rashaan Fernandes
12,355961,Evert Linthorst
13,357807,Martijn Berden
14,422637,Jay Idzes
15,425219,Jahnoah Markelo
16,426002,Sven Jansen
17,422633,Mats Deijl
18,395424,José Fontán
19,284451,Isac Lidberg
20,320513,Tesfaldet Tekie
21,411691,Enric Llansana
22,383616,Oliver Valaker Edvardsen
23,424368,Gabriel Vidovic
24,345558,Tomás Hájek
25,384141,Romaric Yapi
26,226599,Maximilian Wittek
27,313385,Carlens Arcus
28,115574,Mitchell Dijks
29,141965,Jeroen Houwen
30,352844,Thomas Buitink
31,361867,Kjell Scherpen
32,436060,Simon van Duivenbooden
33,437426,Miliano Jonathans
34,400281,Million Manhoef
35,401021,Enzo Cornelisse
36,413209,Daan Reiziger
37,414250,Mohamed Sankoh
38,112719,Sondre Tronstad
39,412349,Kacper Kozlowski
40,369558,Ferro
41,318295,Matús Bero
42,363704,Toni Domgjoni
43,392344,Nikolai Frederiksen
44,444737,Ryan Flamingo
45,429928,Gyan de Regt
