,ID,Name
0,365119,Ezequiel Bullaude
1,384574,Gernot Trauner
2,436553,Igor Paixão
3,319922,Jacob Rasmussen
4,121821,Timon Wellenreuther
5,133390,Alireza Jahanbakhsh
6,136068,Ofir Marciano
7,302709,Justin Bijlow
8,345441,Lutsharel Geertruida
9,411078,Quinten Timber
10,423949,Mimeirhel Benita
11,363083,Javairô Dilrosun
12,379784,Mohamed Taabouni
13,357133,Marcus Pedersen
14,319594,Sebastian Szymanski
15,362779,Dávid Hancko
16,355870,Orkun Kökçü
17,367522,Danilo
18,371042,Marcos López
19,399620,Patrik Wålemark
20,444739,Quilindschy Hartman
21,445059,Mats Wieffer
22,445061,Santiago Giménez
23,379787,Jacky Donkor
24,328432,Siebe Horemans
25,320000,Adrian Fein
26,379158,Maxime Awoudja
27,308754,Lazaros Lamprou
28,100608,Mike van Duinen
29,139666,Norbert Alblas
30,382593,Marouan Azarkan
31,400009,Couhaib Driouech
32,400056,Nathangelo Markelo
33,406754,Reda Kharchouch
34,363875,Kenzo Goudmijn
35,444619,Stijn van Gassel
36,444620,Redouan El Yaakoubi
37,444621,Nathan Tjoe-A-On
38,444622,Joshua Eijgenraam
39,444623,Julian Baas
40,444624,Serano Seymor
41,444625,Pascal Kuiper
42,445053,Nikolas Agrafiotis
