,ID,Name
0,367742,Cyril Ngonge
1,404224,Emmanuel Matuta
2,322591,Marin Sverko
3,433575,Liam van Gelderen
4,343438,Jan Hoekstra
5,91123,Mike te Wierik
6,97719,Joey Pelupessy
7,133960,Peter Leeuwenburgh
8,137368,Damil Dankerlui
9,412907,Neraysho Kasanwirjo
10,422635,Ragnar Oratmangoen
11,371293,Jan de Boer
12,379742,Laros Duarte
13,391047,Tomás Suslov
14,425112,Yahya Kalley
15,322086,Ramon Pascal Lundqvist
16,335919,Daleho Irandust
17,377466,Ricardo Pepi
18,444710,Radinio Balker
19,459078,Thom van Bergen
20,395826,Isak Määttä
21,415927,Luciano Valente
22,366865,Florian Krüger
23,396058,Rodrigo Guth
24,401043,Ivor Pandur
25,413273,Remy Vita
26,294844,Arianit Ferati
27,328549,Deroy Duarte
28,423863,Tijjani Noslin
29,243708,Yanick van Osch
30,281508,Roel Janssen
31,288873,Paul Gladon
32,391953,Mike van Beijnen
33,70598,Ivo Pinto
34,100881,Ximo Navarro
35,344201,Iñigo Córdoba
36,23282,Burak Yilmaz
37,381814,Dogan Erdogan
38,361862,Cole Bassett
39,383604,George Cox
40,368266,Tom Hendriks
41,437062,Tunahan Tasci
42,455568,Úmaro Embaló
43,460697,Namory Cisse
44,464698,Nuri Emre Aksit
