,ID,Name
0,328432,Siebe Horemans
1,373556,Arthur Zagre
2,308754,Lazaros Lamprou
3,116632,Yassin Ayoub
4,444622,Joshua Eijgenraam
5,444738,Noah Naujoks
6,406754,Reda Kharchouch
7,444619,Stijn van Gassel
8,444620,Redouan El Yaakoubi
9,327903,Kik Pierie
10,382593,Marouan Azarkan
11,363875,Kenzo Goudmijn
12,408102,Peer Koopmeiners
13,400009,Couhaib Driouech
14,444623,Julian Baas
15,100608,Mike van Duinen
16,139666,Norbert Alblas
17,444624,Serano Seymor
18,444621,Nathan Tjoe-A-On
19,445053,Nikolas Agrafiotis
20,422636,Philippe Rommens
21,444781,Xander Blomme
22,362691,Luca Plogmann
23,388033,Willum Willumsson
24,134722,Bas Kuipers
25,322159,Finn Stokkers
26,382238,Bobby Adekanye
27,355961,Evert Linthorst
28,34171,Erwin Mulder
29,425219,Jahnoah Markelo
30,444782,Pim Saathof
31,355132,Rashaan Fernandes
32,348644,Sylla Sow
33,379703,Jeffrey de Lange
34,422633,Mats Deijl
35,422637,Jay Idzes
36,395424,José Fontán
37,284451,Isac Lidberg
38,472963,Darío Serra
39,411691,Enric Llansana
