,ID,Name
0,90365,Lisandro Magallán
1,364315,Antony
2,400166,Mohammed Kudus
3,424819,Lorenzo Lucca
4,322696,Edson Álvarez
5,328550,Owen Wijndal
6,362732,Perr Schuurs
7,388650,Jurriën Timber
8,400165,Devyne Rensch
9,401122,Kenneth Taylor
10,422801,Youri Baas
11,422802,Jay Gorter
12,108860,Davy Klaassen
13,135271,Sean Klaiber
14,279425,Steven Bergwijn
15,4065,Maarten Stekelenburg
16,34550,Remko Pasveer
17,70033,Daley Blind
18,89794,Steven Berghuis
19,29474,Dusan Tadic
20,404568,Brian Brobbey
21,367742,Cyril Ngonge
22,91123,Mike te Wierik
23,97719,Joey Pelupessy
24,133960,Peter Leeuwenburgh
25,137368,Damil Dankerlui
26,255970,Wessel Dammers
27,298493,Patrick Joosten
28,298805,Michael Verrips
29,371293,Jan de Boer
30,379742,Laros Duarte
31,381718,Romano Postema
32,412907,Neraysho Kasanwirjo
33,422635,Ragnar Oratmangoen
34,433575,Liam van Gelderen
35,333048,Jørgen Strand Larsen
36,391047,Tomás Suslov
37,335919,Daleho Irandust
38,322086,Ramon Pascal Lundqvist
39,425112,Yahya Kalley
40,406537,Paulos Abraham
41,444710,Radinio Balker
42,415927,Luciano Valente
43,395826,Isak Määttä
