,ID,Name
0,399610,Francesco Antonucci
1,409052,Benaissa Benamar
2,120549,Daryl van Mieghem
3,148512,Bilal Ould-Chikh
4,240878,Robert Mühren
5,261017,Henk Veerman
6,321910,Carel Eiting
7,391573,Filip Stankovic
8,439736,Gaetano Pio Oristanio
9,444711,Derry John Murkin
10,444712,Billy van Duijl
11,444713,Brian Plat
12,444714,Damon Mirani
13,444715,Ibrahim El Kadiri
14,444716,Imran Nazih
15,444717,Lequincio Zeefuik
16,444718,Kayne van Oevelen
17,444719,Givairo Read
18,444720,Barry Lauwers
19,444721,Walid Ould-Chikh
20,22300,Lasse Schöne
21,296536,Mikkel Duelund
22,386625,Andri Baldursson
23,422805,Souffian El Karouani
24,115869,Oussama Tannane
25,271086,Calvin Verdonk
26,276442,Joris Kramer
27,422806,Dirk Proper
28,422810,Elayis Tavsan
29,422814,Robin Roefs
30,431306,Guus Gertsen
31,299511,Jordy Bruijn
32,90811,Jasper Cillessen
33,97367,Mattijs Branderhorst
34,422804,Bart van Rooij
35,437616,Ibrahim Cissoko
36,367813,Pedro Marques
37,279967,Iván Márquez
38,431307,Nils Rossen
