,ID,Name
0,379701,Ramiz Zerrouki
1,422782,Manfred Ugalde
2,291964,Václav Cerny
3,361838,Michal Sadílek
4,90235,Lars Unnerstall
5,399296,Christos Tzolis
6,368289,Issam El Maach
7,322149,Michel Vlap
8,361794,Sem Steijn
9,400059,Gijs Smal
10,402819,Mees Hilgers
11,108935,Robin Pröpper
12,119741,Joshua Brenet
13,120454,Virgil Misidjan
14,37344,Ricky van Wolfswinkel
15,387172,Denilho Cleonise
16,405560,Daan Rots
17,406780,Max Bruns
18,422781,Luca Everink
19,437387,Anass Salah-Eddine
20,34545,Przemyslaw Tyton
21,318754,Julio Pleguezuelo
22,404777,Mathias Kjølø
23,391257,Mickael Tirpan
24,396058,Rodrigo Guth
25,401043,Ivor Pandur
26,413273,Remy Vita
27,294844,Arianit Ferati
28,79755,Dimitrios Siovas
29,397329,Vasilis Sourlis
30,104982,Mats Seuntjens
31,243708,Yanick van Osch
32,281508,Roel Janssen
33,288873,Paul Gladon
34,328549,Deroy Duarte
35,391953,Mike van Beijnen
36,423863,Tijjani Noslin
37,70598,Ivo Pinto
38,344201,Iñigo Córdoba
39,23282,Burak Yilmaz
40,381814,Dogan Erdogan
41,383604,George Cox
42,368266,Tom Hendriks
