,ID,Name
0,343270,Jason Lokilo
1,343347,Arno Verschueren
2,382494,Charles-Andreas Brym
3,259930,Younes Namli
4,225522,Mario Engels
5,25037,Adil Auassar
6,31238,Aaron Meijers
7,44145,Bart Vriends
8,120675,Tim Coremans
9,243916,Nick Olij
10,383560,Sven Mijnans
11,379741,Dirk Abels
12,379764,Youri Schoonderwaldt
13,343314,Vito van Crooij
14,404225,Shurandy Sambo
15,411278,Jeremy Van Mullem
16,19087,Jonathan de Guzmán
17,349199,Joshua Kitolano
18,276756,Tobias Lauritsen
19,322776,Michael Pinto
20,395404,Omar Rekik
21,444483,Mike Eerdhuijzen
22,444484,Koki Saito
23,377279,Peter Vindahl
24,300755,Pantelis Hatzidiakos
25,330514,Vangelis Pavlidis
26,424273,Milos Kerkez
27,379783,Yukinari Sugawara
28,404489,Fedde de Jong
29,404490,Yusuf Barasi
30,408102,Peer Koopmeiners
31,409747,Jelle Duin
32,415772,Zico Buurmeester
33,90802,Jordy Clasie
34,90810,Bruno Martins Indi
35,90834,Hobie Verhulst
36,434318,Maxim Dekker
37,438484,Myron van Brederode
38,353695,Dani de Wit
39,422739,Sam Beukema
40,422867,Mees de Wit
41,355183,Aslak Witry
42,343382,Tijjani Reijnders
43,422738,Sem Westerveld
44,356742,Håkon Evjen
45,444780,Mayckel Lahdo
