,ID,Name
0,345769,Oskar Buur
1,408912,Florent Da Silva
2,409052,Benaissa Benamar
3,425605,Xavier Mbuyamba
4,120549,Daryl van Mieghem
5,148512,Bilal Ould-Chikh
6,240878,Robert Mühren
7,261017,Henk Veerman
8,321910,Carel Eiting
9,391573,Filip Stankovic
10,439736,Gaetano Oristanio
11,444711,Derry Murkin
12,444713,Brian Plat
13,444714,Damon Mirani
14,444717,Lequincio Zeefuik
15,444718,Kayne van Oevelen
16,444721,Walid Ould-Chikh
17,445055,Dean Ruben James
18,445056,Calvin Twigt
19,445058,Josh Flint
20,460179,Jordi Blom
21,460499,Joey Antonioli
22,127137,Zakaria Bakkali
23,255946,Dario Van den Buijs
24,400278,Thierry Lutonda
25,400545,Shawn Adewoye
26,383972,Sebbe Augustijns
27,379712,Saïd Bakari
28,23373,Hans Mulder
29,40342,Michiel Kramer
30,63885,Vurnon Anita
31,90696,Florian Jozefzoon
32,104982,Mats Seuntjens
33,365160,Lars Nieuwpoort
34,379705,Etienne Vaessen
35,379706,Juriën Gaari
36,279173,Pelle Clement
37,289015,Julian Lelieveld
38,389411,Yassin Oukili
39,400276,Luuk Wouters
40,432167,Mark Spenkelink
41,429373,Roy Kuijpers
42,312584,Joel Pereira
43,430909,Mika Biereth
44,444674,Kevin Felida
