,ID,Name
0,125375,Gerónimo Rulli
1,400166,Mohammed Kudus
2,424819,Lorenzo Lucca
3,322696,Edson Álvarez
4,427577,Youri Regeer
5,328550,Owen Wijndal
6,388650,Jurriën Timber
7,4065,Maarten Stekelenburg
8,34550,Remko Pasveer
9,89794,Steven Berghuis
10,108860,Davy Klaassen
11,401122,Kenneth Taylor
12,279425,Steven Bergwijn
13,400165,Devyne Rensch
14,415781,Kian Fitz-Jim
15,29474,Dusan Tadic
16,396976,Calvin Bassey
17,404568,Brian Brobbey
18,409221,Francisco Conceição
19,447643,Jorge Sánchez
20,449301,Christian Rasmussen
21,454339,Olivier Aertssen
22,467715,Jorrel Hato
23,379701,Ramiz Zerrouki
24,422782,Manfred Ugalde
25,291964,Václav Cerny
26,361838,Michal Sadílek
27,90235,Lars Unnerstall
28,399296,Christos Tzolis
29,307362,Alfons Sampsted
30,368289,Issam El Maach
31,322149,Michel Vlap
32,361794,Sem Steijn
33,37344,Ricky van Wolfswinkel
34,108935,Robin Pröpper
35,119741,Joshua Brenet
36,120454,Virgil Misidjan
37,400059,Gijs Smal
38,402819,Mees Hilgers
39,387172,Denilho Cleonise
40,405560,Daan Rots
41,406780,Max Bruns
42,437387,Anass Salah-Eddine
43,34545,Przemyslaw Tyton
44,318754,Julio Pleguezuelo
45,404777,Mathias Kjølø
