,ID,Name
0,143815,Anas Tahiri
1,399607,Antoine Colassin
2,404764,Tibor Halilovic
3,323531,Mats Köhlert
4,409160,Syb van Ottele
5,124380,Thom Haye
6,142181,Joost van Aken
7,238897,Pelle van Amersfoort
8,252239,Andries Noppert
9,296543,Jan Bekkema
10,361900,Sydney van Hooijdonk
11,379595,Xavier Mous
12,379760,Milan van Ewijk
13,142376,Pawel Bochniewicz
14,327724,Simon Olsson
15,321193,Rami Kaib
16,371073,Rami Al Hajj
17,406536,Hussein Ali
18,401593,Amin Sarr
19,444482,Alex Timossi Andersson
20,337826,Zinho Vanheusden
21,362553,Jens Odgaard
22,300755,Pantelis Hatzidiakos
23,330514,Vangelis Pavlidis
24,424273,Milos Kerkez
25,379783,Yukinari Sugawara
26,415772,Zico Buurmeester
27,422739,Sam Beukema
28,422867,Mees de Wit
29,353695,Dani de Wit
30,90802,Jordy Clasie
31,90834,Hobie Verhulst
32,133959,Riechedly Bazoer
33,434318,Maxim Dekker
34,438484,Myron van Brederode
35,320614,Jesper Karlsson
36,334726,Djordje Mihailovic
37,356742,Håkon Evjen
38,343382,Tijjani Reijnders
39,444780,Mayckel Lahdo
40,470734,Daniël Deen
41,470735,Rome-Jayden Owusu-Oduro
