,ID,Name
0,343270,Jason Lokilo
1,259930,Younes Namli
2,25037,Adil Auassar
3,31238,Aaron Meijers
4,44145,Bart Vriends
5,243916,Nick Olij
6,285951,Delano van Crooij
7,379741,Dirk Abels
8,379764,Youri Schoonderwaldt
9,383560,Sven Mijnans
10,404225,Shurandy Sambo
11,411278,Jeremy van Mullem
12,425114,Mohammed Tahiri
13,343314,Vito van Crooij
14,349199,Joshua Kitolano
15,276756,Tobias Lauritsen
16,322776,Michael Pinto
17,427118,Pedro Alemañ
18,395404,Omar Rekik
19,444483,Mike Eerdhuijzen
20,444484,Koki Saito
21,328432,Siebe Horemans
22,320000,Adrian Fein
23,379158,Maxime Awoudja
24,308754,Lazaros Lamprou
25,363875,Kenzo Goudmijn
26,100608,Mike van Duinen
27,123554,Sven Nieuwpoort
28,139666,Norbert Alblas
29,382593,Marouan Azarkan
30,400009,Couhaib Driouech
31,400056,Nathangelo Markelo
32,406754,Reda Kharchouch
33,408102,Peer Koopmeiners
34,444619,Stijn van Gassel
35,444620,Redouan El Yaakoubi
36,444621,Nathan Tjoe-A-On
37,444622,Joshua Eijgenraam
38,444623,Julian Baas
39,444624,Serano Seymor
40,445053,Nikolas Agrafiotis
