,ID,Name
0,409126,Dominik Oroz
1,424368,Gabriel Vidovic
2,345558,Tomás Hájek
3,89947,Nicolas Isimat-Mirin
4,226599,Maximilian Wittek
5,313385,Carlens Arcus
6,361867,Kjell Scherpen
7,401021,Enzo Cornelisse
8,436060,Simon van Duivenbooden
9,400281,Million Manhoef
10,379707,Melle Meulensteen
11,85470,Marco van Ginkel
12,141965,Jeroen Houwen
13,414250,Mohamed Sankoh
14,437426,Miliano Jonathans
15,115574,Mitchell Dijks
16,413209,Daan Reiziger
17,112719,Sondre Tronstad
18,401131,Bartosz Bialek
19,412349,Kacper Kozlowski
20,318295,Matús Bero
21,363704,Toni Domgjoni
22,444737,Ryan Flamingo
23,93012,Navarone Foor
24,346507,Roberts Uldrikis
25,364306,Daniël van Kaam
26,422861,Marco Tol
27,393412,Remco Balk
28,349777,Michael Breij
29,38423,Robbin Ruiter
30,279429,Sai van Wermeskerken
31,77699,Calvin Mac-Intosch
32,422862,Brett Minnema
33,238997,Mimoun Mahi
34,349183,Léon Bergsma
35,108655,Mitchel Paulissen
36,361897,Jamie Jacobs
37,434130,Thijmen Renkel
38,361778,Silvester van der Water
39,105316,Doke Schmidt
40,431350,Sekou Sylla
41,343196,Bjørn Johnsen
42,422857,Alex Bangura
43,444618,Floris Smand
44,351532,Mees Hoedemakers
