,ID,Name
0,130304,Walter Benítez
1,124021,Phillipp Mwene
2,428122,Fedde Leysen
3,101537,Thorgan Hazard
4,427824,Johan Bakayoko
5,98101,André Ramalho
6,260809,Olivier Boscagli
7,137460,Érick Gutiérrez
8,232261,Anwar El Ghazi
9,275012,Joël Drommel
10,78221,Patrick van Aanholt
11,361839,Jordan Teze
12,382556,Joey Veerman
13,322148,Guus Til
14,399772,Xavi Simons
15,475450,Jason van Duiven
16,68585,Luuk de Jong
17,26916,Boy Waterman
18,428694,Jenson Seelt
19,380655,Fábio Silva
20,381045,Jarrad Branthwaite
21,328075,Ibrahim Sangaré
22,481080,Tygo Land
23,396058,Rodrigo Guth
24,401043,Ivor Pandur
25,410086,Stipe Radic
26,353098,Kristijan Bistrovic
27,413273,Remy Vita
28,294844,Arianit Ferati
29,79755,Dimitrios Siovas
30,365103,Gianmarco Cangiano
31,391953,Mike van Beijnen
32,328549,Deroy Duarte
33,423863,Tijjani Noslin
34,288873,Paul Gladon
35,281508,Roel Janssen
36,243708,Yanick van Osch
37,455568,Úmaro Embaló
38,70598,Ivo Pinto
39,344201,Iñigo Córdoba
40,381814,Dogan Erdogan
41,383604,George Cox
42,368266,Tom Hendriks
43,437062,Tunahan Tasci
