,ID,Name
0,365119,Ezequiel Bullaude
1,436553,Igor Paixão
2,319922,Jacob Rasmussen
3,121821,Timon Wellenreuther
4,133390,Alireza Jahanbakhsh
5,136068,Ofir Marciano
6,445061,Santiago Giménez
7,363083,Javairô Dilrosun
8,422921,Antoni Milambo
9,412907,Neraysho Kasanwirjo
10,379784,Mohamed Taabouni
11,445059,Mats Wieffer
12,411078,Quinten Timber
13,299321,Oussama Idrissi
14,302709,Justin Bijlow
15,444739,Quilindschy Hartman
16,345441,Lutsharel Geertruida
17,357133,Marcus Pedersen
18,319594,Sebastian Szymanski
19,362779,Dávid Hancko
20,355870,Orkun Kökcü
21,367522,Danilo
22,371042,Marcos López
23,444781,Xander Blomme
24,422636,Philippe Rommens
25,362691,Luca Plogmann
26,431319,Aventis Aventisian
27,388033,Willum Willumsson
28,379703,Jeffrey de Lange
29,422637,Jay Idzes
30,134722,Bas Kuipers
31,400173,Jamal Amofa
32,422633,Mats Deijl
33,382238,Bobby Adekanye
34,34171,Erwin Mulder
35,444782,Pim Saathof
36,355132,Rashaan Fernandes
37,348644,Sylla Sow
38,395424,José Fontán
39,284451,Isac Lidberg
40,383616,Oliver Valaker Edvardsen
41,411691,Enric Llansana
42,472963,Darío Serra
