,ID,Name
0,81523,Mathew Ryan
1,337826,Zinho Vanheusden
2,362553,Jens Odgaard
3,330514,Vangelis Pavlidis
4,424273,Milos Kerkez
5,379783,Yukinari Sugawara
6,433950,Mexx Meerdink
7,383560,Sven Mijnans
8,438484,Myron van Brederode
9,90802,Jordy Clasie
10,472183,Wouter Goes
11,422739,Sam Beukema
12,422867,Mees de Wit
13,90834,Hobie Verhulst
14,415772,Zico Buurmeester
15,470734,Daniël Deen
16,133959,Riechedly Bazoer
17,353695,Dani de Wit
18,320614,Jesper Karlsson
19,444780,Mayckel Lahdo
20,334726,Djordje Mihailovic
21,343382,Tijjani Reijnders
22,361880,Oussama Darfalou
23,383819,Mohamed Bouchouari
24,124105,Michaël Heylen
25,444658,Arnaud Luzayadio
26,400115,Lucas Bernadou
27,369671,Azzeddine Toufiqui
28,302724,Eric Oelschlägel
29,141265,Ahmed El Messaoudi
30,302776,Keziah Veendorp
31,428695,Dennis Vos
32,122206,Richairo Zivkovic
33,445052,Kyan van Dorp
34,408339,Ben Scholte
35,115863,Mark Diemers
36,121834,Mickey van der Hart
37,91123,Mike te Wierik
38,409129,Jari Vlak
39,125157,Miguel Araujo
40,402852,Ole Romeny
41,444655,Julius Dirksen
42,409538,Jeremy Antonisse
43,399824,Jasin-Amin Assehnoun
