,ID,Name
0,124105,Michael Heylen
1,383819,Mohamed Bouchouari
2,369671,Azzeddine Toufiqui
3,400115,Lucas Bernadou
4,302724,Eric Oelschlägel
5,141265,Ahmed El Messaoudi
6,302776,Keziah Veendorp
7,36131,Jeroen Veldmate
8,115863,Mark Diemers
9,121834,Mickey van der Hart
10,122206,Richairo Zivkovic
11,408339,Ben Scholte
12,409129,Jari Vlak
13,397586,Fernando Pacheco
14,399824,Jasin-Amin Assehnoun
15,402852,Ole Romeny
16,444652,Rui Mendes
17,444655,Julius Dirksen
18,444658,Arnaud Luzayadio
19,445052,Kyan van Dorp
20,345769,Oskar Buur
21,409052,Benaissa Benamar
22,425605,Xavier Mbuyamba
23,120549,Daryl van Mieghem
24,148512,Bilal Ould-Chikh
25,240878,Robert Mühren
26,261017,Henk Veerman
27,321910,Carel Eiting
28,391573,Filip Stankovic
29,444711,Derry Murkin
30,444713,Brian Plat
31,444714,Damon Mirani
32,444715,Ibrahim El Kadiri
33,444717,Lequincio Zeefuik
34,444718,Kayne van Oevelen
35,444720,Barry Lauwers
36,444721,Walid Ould-Chikh
37,445055,Dean Ruben James
38,445057,Achraf Douiri
39,445058,Josh Flint
40,460179,Jordi Blom
