,ID,Name
0,343347,Arno Verschueren
1,259930,Younes Namli
2,444484,Koki Saito
3,25037,Adil Auassar
4,425114,Mohammed Tahiri
5,31238,Aaron Meijers
6,379741,Dirk Abels
7,120675,Tim Coremans
8,343314,Vito van Crooij
9,243916,Nick Olij
10,404225,Shurandy Sambo
11,444483,Mike Eerdhuijzen
12,285951,Delano van Crooij
13,445063,Patrick Brouwer
14,460754,Dylan van Wageningen
15,411278,Jeremy van Mullem
16,276756,Tobias Lauritsen
17,396279,Elias Melkersen
18,349199,Joshua Kitolano
19,322776,Michael Pinto
20,427118,Pedro Alemañ
21,143815,Anas Tahiri
22,399607,Antoine Colassin
23,323531,Mats Köhlert
24,409160,Syb van Ottele
25,238897,Pelle van Amersfoort
26,379595,Xavier Mous
27,379760,Milan van Ewijk
28,379599,Ché Nunnely
29,296543,Jan Bekkema
30,361900,Sydney van Hooijdonk
31,80881,Jeffrey Bruma
32,124380,Thom Haye
33,366886,Osame Sahraoui
34,142376,Pawel Bochniewicz
35,327724,Simon Olsson
36,371073,Rami Al Hajj
37,406536,Hussein Ali
38,321193,Rami Kaib
39,444482,Alex Timossi Andersson
40,472399,Bernt Klaverboer
41,436158,Daniel Karlsbakk
