,ID,Name
0,400545,Shawn Adewoye
1,400278,Thierry Lutonda
2,383972,Sebbe Augustijns
3,469502,Chris Lokesa
4,127137,Zakaria Bakkali
5,379712,Saïd Bakari
6,380663,Patrick Vroegh
7,429373,Roy Kuijpers
8,444674,Kevin Felida
9,365160,Lars Nieuwpoort
10,432167,Mark Spenkelink
11,379706,Juriën Gaari
12,379705,Etienne Vaessen
13,289015,Julian Lelieveld
14,279173,Pelle Clement
15,389411,Yassin Oukili
16,63885,Vurnon Anita
17,104982,Mats Seuntjens
18,40342,Michiel Kramer
19,90696,Florian Jozefzoon
20,312584,Joel Pereira
21,391317,Julen Lobete
22,430909,Mika Biereth
23,401631,Matej Chalus
24,346304,Mads Bech Sørensen
25,424578,Oliver Antman
26,371293,Jan de Boer
27,94904,Elvis Manu
28,438480,Nordin Musampa
29,298805,Michael Verrips
30,137368,Damil Dankerlui
31,422635,Ragnar Oratmangoen
32,97719,Joey Pelupessy
33,133960,Peter Leeuwenburgh
34,379742,Laros Duarte
35,321106,Johan Hove
36,391047,Tomás Suslov
37,335919,Daleho Irandust
38,377466,Ricardo Pepi
39,366865,Florian Krüger
40,395826,Isak Määttä
41,424673,Aimar Sher
42,444710,Radinio Balker
43,459078,Thom van Bergen
44,460696,Jorg Schreuders
45,415927,Luciano Valente
