,ID,Name
0,288859,Gerrit Nauber
1,362691,Luca Plogmann
2,388033,Willum Willumsson
3,143992,Federico Mattiello
4,34171,Erwin Mulder
5,322159,Finn Stokkers
6,331931,Justin Bakker
7,348644,Sylla Sow
8,355132,Rashaan Fernandes
9,355961,Evert Linthorst
10,357807,Martijn Berden
11,400173,Jamal Amofa
12,379703,Jeffrey de Lange
13,382238,Bobby Adekanye
14,422633,Mats Deijl
15,422637,Jay Idzes
16,425219,Jahnoah Markelo
17,395424,José Fontán
18,284451,Isac Lidberg
19,320513,Tesfaldet Tekie
20,411691,Enric Llansana
21,383616,Oliver Valaker Edvardsen
22,444781,Xander Blomme
23,362459,Othmane Boussaid
24,375327,Modibo Sagnan
25,112210,Amin Younes
26,394998,Can Bozdogan
27,135954,Vasilios Barkas
28,422873,Anastasios Douvikas
29,431329,Naoki Maeda
30,382170,Daishawn Redan
31,422872,Djevencio van der Kust
32,256971,Hidde ter Avest
33,315574,Thijmen Nijhuis
34,135271,Sean Klaiber
35,411079,Calvin Raatsie
36,414501,Ruben Kluivert
37,34323,Bas Dost
38,39726,Mark van der Maarel
39,70906,Nick Viergever
40,82401,Jens Toornstra
41,101605,Mike van der Hoorn
42,110360,Sander van de Streek
43,422634,Luuk Brouwers
44,444675,Taylor Booth
45,454518,Derensili Sanches Fernandes
