,ID,Name
0,91123,Mike te Wierik
1,97719,Joey Pelupessy
2,133960,Peter Leeuwenburgh
3,137368,Damil Dankerlui
4,298805,Michael Verrips
5,371293,Jan de Boer
6,412907,Neraysho Kasanwirjo
7,422635,Ragnar Oratmangoen
8,433575,Liam van Gelderen
9,391047,Tomás Suslov
10,322086,Ramon Pascal Lundqvist
11,425112,Yahya Kalley
12,377466,Ricardo Pepi
13,395826,Isak Määttä
14,366865,Florian Krüger
15,415927,Luciano Valente
16,415928,Thijmen Blokzijl
17,444710,Radinio Balker
18,459078,Thom van Bergen
19,460696,Jorg Schreuders
20,365119,Ezequiel Bullaude
21,436553,Igor Paixão
22,319922,Jacob Rasmussen
23,121821,Timon Wellenreuther
24,133390,Alireza Jahanbakhsh
25,136068,Ofir Marciano
26,299321,Oussama Idrissi
27,302709,Justin Bijlow
28,345441,Lutsharel Geertruida
29,379784,Mohamed Taabouni
30,422921,Antoni Milambo
31,357133,Marcus Pedersen
32,319594,Sebastian Szymanski
33,362779,Dávid Hancko
34,355870,Orkun Kökcü
35,399620,Patrik Wålemark
36,367522,Danilo
37,371042,Marcos López
38,444739,Quilindschy Hartman
39,445059,Mats Wieffer
40,445061,Santiago Giménez
