,ID,Name
0,409126,Dominik Oroz
1,345558,Tomás Hájek
2,384141,Romaric Yapi
3,226599,Maximilian Wittek
4,313385,Carlens Arcus
5,436060,Simon van Duivenbooden
6,437426,Miliano Jonathans
7,115574,Mitchell Dijks
8,141965,Jeroen Houwen
9,361867,Kjell Scherpen
10,379707,Melle Meulensteen
11,400281,Million Manhoef
12,401021,Enzo Cornelisse
13,413209,Daan Reiziger
14,414250,Mohamed Sankoh
15,112719,Sondre Tronstad
16,412349,Kacper Kozlowski
17,401131,Bartosz Bialek
18,318295,Matús Bero
19,363704,Toni Domgjoni
20,392344,Nikolai Frederiksen
21,429928,Gyan de Regt
22,444737,Ryan Flamingo
23,344071,Landry Dimata
24,296536,Mikkel Duelund
25,22300,Lasse Schöne
26,422807,Magnus Mattsson
27,386625,Andri Baldursson
28,422805,Souffian El Karouani
29,115869,Oussama Tannane
30,271086,Calvin Verdonk
31,276442,Joris Kramer
32,90811,Jasper Cillessen
33,97367,Mattijs Branderhorst
34,422806,Dirk Proper
35,400143,Anthony Musaba
36,422804,Bart van Rooij
37,321959,Philippe Sandler
38,422809,Ilias Bronkhorst
39,422810,Elayis Tavsan
40,429380,Rijk Janse
41,437616,Ibrahim Cissoko
42,367813,Pedro Marques
43,279967,Iván Márquez
44,455506,Terry Sanniez
