,ID,Name
0,396058,Rodrigo Guth
1,401043,Ivor Pandur
2,410086,Stipe Radic
3,413273,Remy Vita
4,365103,Gianmarco Cangiano
5,391953,Mike van Beijnen
6,423863,Tijjani Noslin
7,243708,Yanick van Osch
8,281508,Roel Janssen
9,288873,Paul Gladon
10,328549,Deroy Duarte
11,352844,Thomas Buitink
12,70598,Ivo Pinto
13,100881,Ximo Navarro
14,344201,Iñigo Córdoba
15,107077,Oguzhan Özyakup
16,23282,Burak Yilmaz
17,381814,Dogan Erdogan
18,368266,Tom Hendriks
19,437062,Tunahan Tasci
20,455568,Úmaro Embaló
21,130304,Walter Benítez
22,124021,Phillipp Mwene
23,408059,Yorbe Vertessen
24,427824,Johan Bakayoko
25,98101,André Ramalho
26,137460,Érick Gutiérrez
27,404776,Ismael Saibari
28,232261,Anwar El Ghazi
29,275012,Joël Drommel
30,322148,Guus Til
31,26916,Boy Waterman
32,68585,Luuk de Jong
33,85470,Marco van Ginkel
34,345333,Armando Obispo
35,361839,Jordan Teze
36,368547,Ki-Jana Hoever
37,382556,Joey Veerman
38,399772,Xavi Simons
39,403097,Fredrik Oppegård
40,386631,Richard Ledezma
41,389935,Noni Madueke
42,381045,Jarrad Branthwaite
43,328075,Ibrahim Sangaré
