,ID,Name
0,124105,Michaël Heylen
1,383819,Mohamed Bouchouari
2,369671,Azzeddine Toufiqui
3,400115,Lucas Bernadou
4,302724,Eric Oelschlägel
5,141265,Ahmed El Messaoudi
6,302776,Keziah Veendorp
7,36131,Jeroen Veldmate
8,104292,Lorenzo Burnet
9,115863,Mark Diemers
10,121834,Mickey van der Hart
11,122206,Richairo Zivkovic
12,408339,Ben Scholte
13,409129,Jari Vlak
14,125157,Miguel Araujo
15,402852,Ole Romeny
16,444652,Rui Mendes
17,444655,Julius Dirksen
18,444658,Arnaud Luzayadio
19,445052,Kyan van Dorp
20,456764,Maurilio de Lannoy
21,469550,Floris Quaedvlieg
22,399824,Jasin-Amin Assehnoun
23,240976,David Sambissa
24,259530,Robin Maulun
25,346507,Roberts Uldrikis
26,38423,Robbin Ruiter
27,77699,Calvin Mac-Intosch
28,105316,Doke Schmidt
29,108655,Mitchel Paulissen
30,349183,Léon Bergsma
31,349777,Michael Breij
32,279429,Sai van Wermeskerken
33,343393,Tom Boere
34,361897,Jamie Jacobs
35,422861,Marco Tol
36,422862,Brett Minnema
37,431350,Sekou Sylla
38,436147,Milan Smit
39,364306,Daniël van Kaam
40,393412,Remco Balk
41,362852,João Virgínia
42,422857,Alex Bangura
43,444618,Floris Smand
44,470759,Vincent Pichel
45,351532,Mees Hoedemakers
