,ID,Name
0,422636,Philippe Rommens
1,288859,Gerrit Nauber
2,431319,Aventis Aventisian
3,388033,Willum Willumsson
4,400173,Jamal Amofa
5,134722,Bas Kuipers
6,322159,Finn Stokkers
7,331931,Justin Bakker
8,348644,Sylla Sow
9,355132,Rashaan Fernandes
10,357807,Martijn Berden
11,379703,Jeffrey de Lange
12,382238,Bobby Adekanye
13,422637,Jay Idzes
14,425219,Jahnoah Markelo
15,426002,Sven Jansen
16,422633,Mats Deijl
17,395424,José Fontán
18,284451,Isac Lidberg
19,320513,Tesfaldet Tekie
20,444781,Xander Blomme
21,411691,Enric Llansana
22,383616,Oliver Valaker Edvardsen
23,143815,Anas Tahiri
24,399607,Antoine Colassin
25,404764,Tibor Halilovic
26,323531,Mats Köhlert
27,124274,Sven van Beek
28,124380,Thom Haye
29,361900,Sydney van Hooijdonk
30,252239,Andries Noppert
31,296543,Jan Bekkema
32,409160,Syb van Ottele
33,401046,Timo Zaal
34,379595,Xavier Mous
35,379760,Milan van Ewijk
36,142376,Pawel Bochniewicz
37,321193,Rami Kaib
38,371073,Rami Al Hajj
39,327724,Simon Olsson
40,401593,Amin Sarr
41,406536,Hussein Ali
42,444482,Alex Timossi Andersson
