,ID,Name
0,240976,David Sambissa
1,259530,Robin Maulun
2,422859,Jhondly van der Meer
3,346507,Roberts Uldrikis
4,349183,Léon Bergsma
5,349777,Michael Breij
6,38423,Robbin Ruiter
7,77699,Calvin Mac-Intosch
8,105316,Doke Schmidt
9,108655,Mitchel Paulissen
10,279429,Sai van Wermeskerken
11,361778,Silvester van der Water
12,361897,Jamie Jacobs
13,364306,Daniël van Kaam
14,393412,Remco Balk
15,422861,Marco Tol
16,422862,Brett Minnema
17,436147,Milan Smit
18,362852,João Virgínia
19,422857,Alex Bangura
20,383858,Felix Mambimbi
21,351532,Mees Hoedemakers
22,444618,Floris Smand
23,424368,Gabriel Vidovic
24,345558,Tomás Hájek
25,384141,Romaric Yapi
26,226599,Maximilian Wittek
27,313385,Carlens Arcus
28,141965,Jeroen Houwen
29,379707,Melle Meulensteen
30,352844,Thomas Buitink
31,361867,Kjell Scherpen
32,413209,Daan Reiziger
33,414250,Mohamed Sankoh
34,400281,Million Manhoef
35,401021,Enzo Cornelisse
36,436060,Simon van Duivenbooden
37,112719,Sondre Tronstad
38,401131,Bartosz Bialek
39,412349,Kacper Kozlowski
40,369558,Ferro
41,318295,Matús Bero
42,363704,Toni Domgjoni
43,392344,Nikolai Frederiksen
44,429928,Gyan de Regt
45,444737,Ryan Flamingo
