,ID,Name
0,396058,Rodrigo Guth
1,401043,Ivor Pandur
2,413273,Remy Vita
3,294844,Arianit Ferati
4,397329,Vasilis Sourlis
5,79755,Dimitrios Siovas
6,104982,Mats Seuntjens
7,243708,Yanick van Osch
8,281508,Roel Janssen
9,288873,Paul Gladon
10,391953,Mike van Beijnen
11,70598,Ivo Pinto
12,100881,Ximo Navarro
13,344201,Iñigo Córdoba
14,381814,Dogan Erdogan
15,23282,Burak Yilmaz
16,107077,Oguzhan Özyakup
17,361862,Cole Bassett
18,383604,George Cox
19,368266,Tom Hendriks
20,437062,Tunahan Tasci
21,455568,Úmaro Embaló
22,127137,Zakaria Bakkali
23,255946,Dario Van den Buijs
24,383972,Sebbe Augustijns
25,400278,Thierry Lutonda
26,400545,Shawn Adewoye
27,379712,Saïd Bakari
28,136263,Iliass Bel Hassani
29,40342,Michiel Kramer
30,63885,Vurnon Anita
31,380663,Patrick Vroegh
32,365160,Lars Nieuwpoort
33,379705,Etienne Vaessen
34,379706,Juriën Gaari
35,279173,Pelle Clement
36,289015,Julian Lelieveld
37,429373,Roy Kuijpers
38,389411,Yassin Oukili
39,400276,Luuk Wouters
40,432167,Mark Spenkelink
41,312584,Joel Pereira
42,391317,Julen Lobete
43,430909,Mika Biereth
44,444674,Kevin Felida
