,ID,Name
0,362459,Othmane Boussaid
1,402885,Anthony Descotte
2,403644,Victor Jensen
3,418600,Rocco Robert Shein
4,375327,Modibo Sagnan
5,394998,Can Bozdogan
6,422873,Anastasios Douvikas
7,83337,Zakaria Labyad
8,256971,Hidde ter Avest
9,315574,Thijmen Nijhuis
10,414501,Ruben Kluivert
11,70906,Nick Viergever
12,39726,Mark van der Maarel
13,101605,Mike van der Hoorn
14,135271,Sean Klaiber
15,82401,Jens Toornstra
16,110360,Sander van de Streek
17,34323,Bas Dost
18,431330,Kevin Gadellaa
19,422634,Luuk Brouwers
20,382581,Fabian de Keijzer
21,379701,Ramiz Zerrouki
22,422782,Manfred Ugalde
23,361838,Michal Sadílek
24,291964,Václav Cerny
25,90235,Lars Unnerstall
26,307362,Alfons Sampsted
27,368289,Issam El Maach
28,108935,Robin Pröpper
29,119741,Joshua Brenet
30,437387,Anass Salah-Eddine
31,29281,Wout Brama
32,120454,Virgil Misidjan
33,400059,Gijs Smal
34,322149,Michel Vlap
35,361794,Sem Steijn
36,37344,Ricky van Wolfswinkel
37,387172,Denilho Cleonise
38,405560,Daan Rots
39,34545,Przemyslaw Tyton
40,318754,Julio Pleguezuelo
41,478021,Juliën Mesbahi
42,404777,Mathias Kjølø
