,ID,Name
0,344071,Landry Dimata
1,22300,Lasse Schöne
2,422807,Magnus Mattsson
3,386625,Andri Baldursson
4,422805,Souffian El Karouani
5,276442,Joris Kramer
6,90811,Jasper Cillessen
7,422804,Bart van Rooij
8,422806,Dirk Proper
9,422810,Elayis Tavsan
10,437616,Ibrahim Cissoko
11,299511,Jordy Bruijn
12,422809,Ilias Bronkhorst
13,429380,Rijk Janse
14,97367,Mattijs Branderhorst
15,431306,Guus Gertsen
16,400143,Anthony Musaba
17,367813,Pedro Marques
18,279967,Iván Márquez
19,455506,Terry Sanniez
20,409126,Dominik Oroz
21,424368,Gabriel Vidovic
22,345558,Tomás Hájek
23,384141,Romaric Yapi
24,89947,Nicolas Isimat-Mirin
25,226599,Maximilian Wittek
26,313385,Carlens Arcus
27,379707,Melle Meulensteen
28,85470,Marco van Ginkel
29,361867,Kjell Scherpen
30,400281,Million Manhoef
31,414250,Mohamed Sankoh
32,401021,Enzo Cornelisse
33,141965,Jeroen Houwen
34,437426,Miliano Jonathans
35,115574,Mitchell Dijks
36,413209,Daan Reiziger
37,112719,Sondre Tronstad
38,401131,Bartosz Bialek
39,412349,Kacper Kozlowski
40,318295,Matús Bero
41,363704,Toni Domgjoni
42,444737,Ryan Flamingo
