,ID,Name
0,399610,Francesco Antonucci
1,345769,Oskar Buur
2,408912,Florent Da Silva
3,439736,Gaetano Oristanio
4,409052,Benaissa Benamar
5,444721,Walid Ould-Chikh
6,444715,Ibrahim El Kadiri
7,425605,Xavier Mbuyamba
8,321910,Carel Eiting
9,445056,Calvin Twigt
10,445057,Achraf Douiri
11,120549,Daryl van Mieghem
12,261017,Henk Veerman
13,444713,Brian Plat
14,444714,Damon Mirani
15,444720,Barry Lauwers
16,240878,Robert Mühren
17,391573,Filip Stankovic
18,444711,Derry Murkin
19,445058,Josh Flint
20,444718,Kayne van Oevelen
21,444719,Givairo Read
22,130304,Walter Benítez
23,427824,Johan Bakayoko
24,428122,Fedde Leysen
25,101537,Thorgan Hazard
26,98101,André Ramalho
27,137460,Érick Gutiérrez
28,404776,Ismael Saibari
29,26916,Boy Waterman
30,428694,Jenson Seelt
31,78221,Patrick van Aanholt
32,232261,Anwar El Ghazi
33,275012,Joël Drommel
34,382556,Joey Veerman
35,322148,Guus Til
36,399772,Xavi Simons
37,68585,Luuk de Jong
38,361839,Jordan Teze
39,444161,Livano Comenencia
40,380655,Fábio Silva
41,381045,Jarrad Branthwaite
42,328075,Ibrahim Sangaré
