,ID,Name
0,240976,David Sambissa
1,93012,Navarone Foor
2,346507,Roberts Uldrikis
3,434130,Thijmen Renkel
4,422861,Marco Tol
5,422862,Brett Minnema
6,105316,Doke Schmidt
7,393412,Remco Balk
8,108655,Mitchel Paulissen
9,431350,Sekou Sylla
10,349183,Léon Bergsma
11,436147,Milan Smit
12,349777,Michael Breij
13,38423,Robbin Ruiter
14,77699,Calvin Mac-Intosch
15,279429,Sai van Wermeskerken
16,364306,Daniël van Kaam
17,361897,Jamie Jacobs
18,238997,Mimoun Mahi
19,343196,Bjørn Johnsen
20,422857,Alex Bangura
21,444618,Floris Smand
22,351532,Mees Hoedemakers
23,365119,Ezequiel Bullaude
24,384574,Gernot Trauner
25,436553,Igor Paixão
26,319922,Jacob Rasmussen
27,121821,Timon Wellenreuther
28,133390,Alireza Jahanbakhsh
29,136068,Ofir Marciano
30,445061,Santiago Giménez
31,422921,Antoni Milambo
32,363083,Javairô Dilrosun
33,444739,Quilindschy Hartman
34,299321,Oussama Idrissi
35,412907,Neraysho Kasanwirjo
36,379784,Mohamed Taabouni
37,345441,Lutsharel Geertruida
38,445059,Mats Wieffer
39,302709,Justin Bijlow
40,357133,Marcus Pedersen
41,319594,Sebastian Szymanski
42,362779,Dávid Hancko
43,355870,Orkun Kökcü
44,367522,Danilo
45,371042,Marcos López
