,ID,Name
0,396058,Rodrigo Guth
1,401043,Ivor Pandur
2,410086,Stipe Radic
3,353098,Kristijan Bistrovic
4,413273,Remy Vita
5,294844,Arianit Ferati
6,79755,Dimitrios Siovas
7,365103,Gianmarco Cangiano
8,281508,Roel Janssen
9,352844,Thomas Buitink
10,328549,Deroy Duarte
11,391953,Mike van Beijnen
12,243708,Yanick van Osch
13,288873,Paul Gladon
14,423863,Tijjani Noslin
15,455568,Úmaro Embaló
16,70598,Ivo Pinto
17,100881,Ximo Navarro
18,344201,Iñigo Córdoba
19,107077,Oguzhan Özyakup
20,381814,Dogan Erdogan
21,437062,Tunahan Tasci
22,368266,Tom Hendriks
23,81523,Mathew Ryan
24,362553,Jens Odgaard
25,300755,Pantelis Hatzidiakos
26,330514,Vangelis Pavlidis
27,424273,Milos Kerkez
28,379783,Yukinari Sugawara
29,133959,Riechedly Bazoer
30,90802,Jordy Clasie
31,422867,Mees de Wit
32,404489,Fedde de Jong
33,438484,Myron van Brederode
34,433950,Mexx Meerdink
35,422739,Sam Beukema
36,383560,Sven Mijnans
37,415772,Zico Buurmeester
38,90834,Hobie Verhulst
39,472183,Wouter Goes
40,444780,Mayckel Lahdo
41,334726,Djordje Mihailovic
42,343382,Tijjani Reijnders
43,470735,Rome-Jayden Owusu-Oduro
