,ID,Name
0,401631,Matej Chalus
1,346304,Mads Bech Sørensen
2,424578,Oliver Antman
3,94904,Elvis Manu
4,97719,Joey Pelupessy
5,379742,Laros Duarte
6,438480,Nordin Musampa
7,133960,Peter Leeuwenburgh
8,422635,Ragnar Oratmangoen
9,371293,Jan de Boer
10,321106,Johan Hove
11,391047,Tomás Suslov
12,335919,Daleho Irandust
13,377466,Ricardo Pepi
14,415928,Thijmen Blokzijl
15,461503,Jasper Meijster
16,459078,Thom van Bergen
17,424673,Aimar Sher
18,366865,Florian Krüger
19,395826,Isak Määttä
20,460696,Jorg Schreuders
21,444710,Radinio Balker
22,125375,Gerónimo Rulli
23,291937,Florian Grillitsch
24,400166,Mohammed Kudus
25,424248,Kristian Hlynsson
26,424819,Lorenzo Lucca
27,447643,Jorge Sánchez
28,322696,Edson Álvarez
29,401122,Kenneth Taylor
30,328550,Owen Wijndal
31,388650,Jurriën Timber
32,400165,Devyne Rensch
33,279425,Steven Bergwijn
34,4065,Maarten Stekelenburg
35,427577,Youri Regeer
36,34550,Remko Pasveer
37,422801,Youri Baas
38,108860,Davy Klaassen
39,29474,Dusan Tadic
40,396976,Calvin Bassey
41,404568,Brian Brobbey
42,462099,Mika Godts
43,467715,Jorrel Hato
