,ID,Name
0,130304,Walter Benítez
1,124021,Phillipp Mwene
2,427824,Johan Bakayoko
3,98101,André Ramalho
4,397821,Sávio
5,142466,Philipp Max
6,137460,Érick Gutiérrez
7,26916,Boy Waterman
8,232261,Anwar El Ghazi
9,275012,Joël Drommel
10,322148,Guus Til
11,399772,Xavi Simons
12,382556,Joey Veerman
13,345333,Armando Obispo
14,352825,Cody Gakpo
15,361839,Jordan Teze
16,368547,Ki-Jana Hoever
17,403097,Fredrik Oppegård
18,386631,Richard Ledezma
19,381045,Jarrad Branthwaite
20,328075,Ibrahim Sangaré
21,362459,Othmane Boussaid
22,418600,Rocco Robert Shein
23,375327,Modibo Sagnan
24,344041,Moussa Sylla
25,394998,Can Bozdogan
26,112210,Amin Younes
27,135954,Vasilios Barkas
28,422873,Anastasios Douvikas
29,431329,Naoki Maeda
30,256971,Hidde ter Avest
31,135271,Sean Klaiber
32,34323,Bas Dost
33,39726,Mark van der Maarel
34,82401,Jens Toornstra
35,101605,Mike van der Hoorn
36,110360,Sander van de Streek
37,411079,Calvin Raatsie
38,414501,Ruben Kluivert
39,382170,Daishawn Redan
40,422872,Djevencio van der Kust
41,382581,Fabian de Keijzer
42,444675,Taylor Booth
43,422634,Luuk Brouwers
