,ID,Name
0,379701,Ramiz Zerrouki
1,422782,Manfred Ugalde
2,90235,Lars Unnerstall
3,368289,Issam El Maach
4,108935,Robin Pröpper
5,119741,Joshua Brenet
6,120454,Virgil Misidjan
7,37344,Ricky van Wolfswinkel
8,322149,Michel Vlap
9,361794,Sem Steijn
10,437387,Anass Salah-Eddine
11,405560,Daan Rots
12,406780,Max Bruns
13,422781,Luca Everink
14,387172,Denilho Cleonise
15,400057,Casper Staring
16,400058,Thijs van Leeuwen
17,400059,Gijs Smal
18,402819,Mees Hilgers
19,34545,Przemyslaw Tyton
20,318754,Julio Pleguezuelo
21,404777,Mathias Kjølø
22,455476,Jaïr Haakmat
23,367742,Cyril Ngonge
24,404224,Emmanuel Matuta
25,322591,Marin Sverko
26,422635,Ragnar Oratmangoen
27,343438,Jan Hoekstra
28,91123,Mike te Wierik
29,97719,Joey Pelupessy
30,133960,Peter Leeuwenburgh
31,137368,Damil Dankerlui
32,412907,Neraysho Kasanwirjo
33,371293,Jan de Boer
34,379742,Laros Duarte
35,391047,Tomás Suslov
36,406537,Paulos Abraham
37,322086,Ramon Pascal Lundqvist
38,335919,Daleho Irandust
39,425112,Yahya Kalley
40,377466,Ricardo Pepi
41,395826,Isak Määttä
42,415927,Luciano Valente
43,366865,Florian Krüger
44,459078,Thom van Bergen
