,ID,Name
0,90365,Lisandro Magallán
1,115587,Lucas Ocampos
2,291937,Florian Grillitsch
3,400166,Mohammed Kudus
4,424819,Lorenzo Lucca
5,322696,Edson Álvarez
6,328550,Owen Wijndal
7,388650,Jurriën Timber
8,422801,Youri Baas
9,422802,Jay Gorter
10,279425,Steven Bergwijn
11,108860,Davy Klaassen
12,4065,Maarten Stekelenburg
13,34550,Remko Pasveer
14,70033,Daley Blind
15,89794,Steven Berghuis
16,427577,Youri Regeer
17,29474,Dusan Tadic
18,396976,Calvin Bassey
19,404568,Brian Brobbey
20,409221,Francisco Conceição
21,447643,Jorge Sánchez
22,328432,Siebe Horemans
23,379787,Jacky Donkor
24,320000,Adrian Fein
25,379158,Maxime Awoudja
26,308754,Lazaros Lamprou
27,100608,Mike van Duinen
28,139666,Norbert Alblas
29,363875,Kenzo Goudmijn
30,382593,Marouan Azarkan
31,400009,Couhaib Driouech
32,400056,Nathangelo Markelo
33,406754,Reda Kharchouch
34,444619,Stijn van Gassel
35,444620,Redouan El Yaakoubi
36,444621,Nathan Tjoe-A-On
37,444622,Joshua Eijgenraam
38,444623,Julian Baas
39,444624,Serano Seymor
40,444625,Pascal Kuiper
41,445053,Nikolas Agrafiotis
