,ID,Name
0,362553,Jens Odgaard
1,377279,Peter Vindahl
2,300755,Pantelis Hatzidiakos
3,424273,Milos Kerkez
4,379783,Yukinari Sugawara
5,404489,Fedde de Jong
6,404490,Yusuf Barasi
7,408102,Peer Koopmeiners
8,415772,Zico Buurmeester
9,434318,Maxim Dekker
10,438484,Myron van Brederode
11,90802,Jordy Clasie
12,90834,Hobie Verhulst
13,133959,Riechedly Bazoer
14,422739,Sam Beukema
15,422867,Mees de Wit
16,353695,Dani de Wit
17,320614,Jesper Karlsson
18,343382,Tijjani Reijnders
19,444780,Mayckel Lahdo
20,456703,Iman Griffith
21,422738,Sem Westerveld
22,365119,Ezequiel Bullaude
23,384574,Gernot Trauner
24,436553,Igor Paixão
25,319922,Jacob Rasmussen
26,121821,Timon Wellenreuther
27,133390,Alireza Jahanbakhsh
28,136068,Ofir Marciano
29,302709,Justin Bijlow
30,345441,Lutsharel Geertruida
31,363083,Javairô Dilrosun
32,411078,Quinten Timber
33,423949,Mimeirhel Benita
34,357133,Marcus Pedersen
35,319594,Sebastian Szymanski
36,362779,Dávid Hancko
37,355870,Orkun Kökçü
38,399620,Patrik Wålemark
39,367522,Danilo
40,371042,Marcos López
41,444738,Noah Naujoks
42,444739,Quilindschy Hartman
43,445059,Mats Wieffer
44,445061,Santiago Giménez
