,ID,Name
0,343347,Arno Verschueren
1,225522,Mario Engels
2,25037,Adil Auassar
3,31238,Aaron Meijers
4,44145,Bart Vriends
5,243916,Nick Olij
6,285951,Delano van Crooij
7,19087,Jonathan de Guzmán
8,343314,Vito van Crooij
9,379741,Dirk Abels
10,379764,Youri Schoonderwaldt
11,383560,Sven Mijnans
12,411278,Jeremy Van Mullem
13,425114,Mohammed Tahiri
14,437336,Augustin Drakpe
15,276756,Tobias Lauritsen
16,349199,Joshua Kitolano
17,322776,Michael Pinto
18,395404,Omar Rekik
19,444483,Mike Eerdhuijzen
20,444484,Koki Saito
21,445063,Patrick Brouwer
22,344071,Landry Dimata
23,422807,Magnus Mattsson
24,22300,Lasse Schöne
25,296536,Mikkel Duelund
26,115869,Oussama Tannane
27,422805,Souffian El Karouani
28,422806,Dirk Proper
29,422809,Ilias Bronkhorst
30,422810,Elayis Tavsan
31,422814,Robin Roefs
32,271086,Calvin Verdonk
33,321959,Philippe Sandler
34,90811,Jasper Cillessen
35,97367,Mattijs Branderhorst
36,437616,Ibrahim Cissoko
37,422804,Bart van Rooij
38,367813,Pedro Marques
39,279967,Iván Márquez
40,431307,Nils Rossen
41,455506,Terry Lartey Sanniez
