,ID,Name
0,362459,Othmane Boussaid
1,344041,Moussa Sylla
2,375327,Modibo Sagnan
3,394998,Can Bozdogan
4,112210,Amin Younes
5,135954,Vasilios Barkas
6,422873,Anastasios Douvikas
7,431329,Naoki Maeda
8,422872,Djevencio van der Kust
9,229520,Django Warmerdam
10,256971,Hidde ter Avest
11,135271,Sean Klaiber
12,34323,Bas Dost
13,39726,Mark van der Maarel
14,70906,Nick Viergever
15,82401,Jens Toornstra
16,110360,Sander van de Streek
17,411079,Calvin Raatsie
18,414501,Ruben Kluivert
19,382170,Daishawn Redan
20,444675,Taylor Booth
21,382581,Fabian de Keijzer
22,422634,Luuk Brouwers
23,344071,Landry Dimata
24,422807,Magnus Mattsson
25,22300,Lasse Schöne
26,296536,Mikkel Duelund
27,386625,Andri Baldursson
28,422805,Souffian El Karouani
29,422806,Dirk Proper
30,437616,Ibrahim Cissoko
31,90811,Jasper Cillessen
32,97367,Mattijs Branderhorst
33,271086,Calvin Verdonk
34,422804,Bart van Rooij
35,422809,Ilias Bronkhorst
36,422810,Elayis Tavsan
37,422814,Robin Roefs
38,367813,Pedro Marques
39,279967,Iván Márquez
40,431307,Nils Rossen
41,455506,Terry Lartey Sanniez
