,ID,Name
0,125375,Gerónimo Rulli
1,291937,Florian Grillitsch
2,424819,Lorenzo Lucca
3,322696,Edson Álvarez
4,447643,Jorge Sánchez
5,4065,Maarten Stekelenburg
6,427577,Youri Regeer
7,34550,Remko Pasveer
8,415781,Kian Fitz-Jim
9,422801,Youri Baas
10,449303,Silvano Vos
11,388650,Jurriën Timber
12,108860,Davy Klaassen
13,401122,Kenneth Taylor
14,279425,Steven Bergwijn
15,89794,Steven Berghuis
16,328550,Owen Wijndal
17,29474,Dusan Tadic
18,396976,Calvin Bassey
19,404568,Brian Brobbey
20,409221,Francisco Conceição
21,462099,Mika Godts
22,467715,Jorrel Hato
23,361880,Oussama Darfalou
24,383819,Mohamed Bouchouari
25,124105,Michaël Heylen
26,444658,Arnaud Luzayadio
27,369671,Azzeddine Toufiqui
28,400115,Lucas Bernadou
29,302724,Eric Oelschlägel
30,141265,Ahmed El Messaoudi
31,115863,Mark Diemers
32,122206,Richairo Zivkovic
33,409129,Jari Vlak
34,428695,Dennis Vos
35,104292,Lorenzo Burnet
36,121834,Mickey van der Hart
37,91123,Mike te Wierik
38,302776,Keziah Veendorp
39,445052,Kyan van Dorp
40,125157,Miguel Araujo
41,444655,Julius Dirksen
42,402852,Ole Romeny
43,409538,Jeremy Antonisse
44,399824,Jasin-Amin Assehnoun
