,ID,Name
0,255946,Dario Van den Buijs
1,127137,Zakaria Bakkali
2,383972,Sebbe Augustijns
3,400278,Thierry Lutonda
4,400545,Shawn Adewoye
5,379712,Saïd Bakari
6,400276,Luuk Wouters
7,432167,Mark Spenkelink
8,380663,Patrick Vroegh
9,389411,Yassin Oukili
10,136263,Iliass Bel Hassani
11,365160,Lars Nieuwpoort
12,379705,Etienne Vaessen
13,379706,Juriën Gaari
14,279173,Pelle Clement
15,289015,Julian Lelieveld
16,40342,Michiel Kramer
17,63885,Vurnon Anita
18,90696,Florian Jozefzoon
19,104982,Mats Seuntjens
20,312584,Joel Pereira
21,391317,Julen Lobete
22,444674,Kevin Felida
23,396058,Rodrigo Guth
24,353098,Kristijan Bistrovic
25,401043,Ivor Pandur
26,410086,Stipe Radic
27,413273,Remy Vita
28,294844,Arianit Ferati
29,79755,Dimitrios Siovas
30,365103,Gianmarco Cangiano
31,352844,Thomas Buitink
32,328549,Deroy Duarte
33,243708,Yanick van Osch
34,281508,Roel Janssen
35,288873,Paul Gladon
36,423863,Tijjani Noslin
37,391953,Mike van Beijnen
38,100881,Ximo Navarro
39,344201,Iñigo Córdoba
40,381814,Dogan Erdogan
41,107077,Oguzhan Özyakup
42,23282,Burak Yilmaz
43,368266,Tom Hendriks
44,437062,Tunahan Tasci
45,455568,Úmaro Embaló
