,ID,Name
0,399610,Francesco Antonucci
1,345769,Oskar Buur
2,409052,Benaissa Benamar
3,321910,Carel Eiting
4,444714,Damon Mirani
5,445056,Calvin Twigt
6,120549,Daryl van Mieghem
7,240878,Robert Mühren
8,444721,Walid Ould-Chikh
9,444713,Brian Plat
10,148512,Bilal Ould-Chikh
11,444716,Imran Nazih
12,444720,Barry Lauwers
13,261017,Henk Veerman
14,445057,Achraf Douiri
15,444715,Ibrahim El Kadiri
16,391573,Filip Stankovic
17,444711,Derry Murkin
18,445058,Josh Flint
19,475042,Rob Tol
20,444719,Givairo Read
21,444718,Kayne van Oevelen
22,472272,Flip Klomp
23,396058,Rodrigo Guth
24,353098,Kristijan Bistrovic
25,401043,Ivor Pandur
26,410086,Stipe Radic
27,413273,Remy Vita
28,79755,Dimitrios Siovas
29,365103,Gianmarco Cangiano
30,423863,Tijjani Noslin
31,243708,Yanick van Osch
32,328549,Deroy Duarte
33,352844,Thomas Buitink
34,288873,Paul Gladon
35,281508,Roel Janssen
36,391953,Mike van Beijnen
37,455568,Úmaro Embaló
38,70598,Ivo Pinto
39,344201,Iñigo Córdoba
40,100881,Ximo Navarro
41,381814,Dogan Erdogan
42,23282,Burak Yilmaz
43,383604,George Cox
44,368266,Tom Hendriks
45,437062,Tunahan Tasci
