,ID,Name
0,255946,Dario Van den Buijs
1,127137,Zakaria Bakkali
2,400278,Thierry Lutonda
3,400545,Shawn Adewoye
4,383972,Sebbe Augustijns
5,400276,Luuk Wouters
6,389411,Yassin Oukili
7,429270,Joey Kesting
8,429373,Roy Kuijpers
9,136263,Iliass Bel Hassani
10,379705,Etienne Vaessen
11,379706,Juriën Gaari
12,380663,Patrick Vroegh
13,279173,Pelle Clement
14,289015,Julian Lelieveld
15,23373,Hans Mulder
16,40342,Michiel Kramer
17,63885,Vurnon Anita
18,90696,Florian Jozefzoon
19,312584,Joel Pereira
20,391317,Julen Lobete
21,430909,Mika Biereth
22,444674,Kevin Felida
23,240976,David Sambissa
24,422859,Jhondly van der Meer
25,422861,Marco Tol
26,422862,Brett Minnema
27,431350,Sekou Sylla
28,436147,Milan Smit
29,279429,Sai van Wermeskerken
30,343393,Tom Boere
31,349183,Léon Bergsma
32,349777,Michael Breij
33,38423,Robbin Ruiter
34,77699,Calvin Mac-Intosch
35,105316,Doke Schmidt
36,108655,Mitchel Paulissen
37,361778,Silvester van der Water
38,361897,Jamie Jacobs
39,364306,Daniël van Kaam
40,393412,Remco Balk
41,362852,João Virgínia
42,422857,Alex Bangura
43,383858,Felix Mambimbi
44,351532,Mees Hoedemakers
45,444618,Floris Smand
