,ID,Name
0,424368,Gabriel Vidovic
1,345558,Tomás Hájek
2,384141,Romaric Yapi
3,226599,Maximilian Wittek
4,313385,Carlens Arcus
5,413209,Daan Reiziger
6,414250,Mohamed Sankoh
7,141965,Jeroen Houwen
8,352844,Thomas Buitink
9,361867,Kjell Scherpen
10,379707,Melle Meulensteen
11,400281,Million Manhoef
12,401021,Enzo Cornelisse
13,112719,Sondre Tronstad
14,401131,Bartosz Bialek
15,412349,Kacper Kozlowski
16,369558,Ferro
17,318295,Matús Bero
18,363704,Toni Domgjoni
19,392344,Nikolai Frederiksen
20,444737,Ryan Flamingo
21,345769,Oskar Buur
22,409052,Benaissa Benamar
23,425605,Xavier Mbuyamba
24,120549,Daryl van Mieghem
25,148512,Bilal Ould-Chikh
26,240878,Robert Mühren
27,261017,Henk Veerman
28,321910,Carel Eiting
29,391573,Filip Stankovic
30,439736,Gaetano Oristanio
31,444711,Derry Murkin
32,444713,Brian Plat
33,444714,Damon Mirani
34,444715,Ibrahim El Kadiri
35,444716,Imran Nazih
36,444717,Lequincio Zeefuik
37,444720,Barry Lauwers
38,444721,Walid Ould-Chikh
39,445055,Dean Ruben James
40,445057,Achraf Douiri
