,ID,Name
0,343270,Jason Lokilo
1,343347,Arno Verschueren
2,259930,Younes Namli
3,225522,Mario Engels
4,25037,Adil Auassar
5,31238,Aaron Meijers
6,44145,Bart Vriends
7,19087,Jonathan de Guzmán
8,343314,Vito van Crooij
9,404225,Shurandy Sambo
10,411278,Jeremy Van Mullem
11,379741,Dirk Abels
12,379764,Youri Schoonderwaldt
13,383560,Sven Mijnans
14,437336,Augustin Drakpe
15,349199,Joshua Kitolano
16,276756,Tobias Lauritsen
17,322776,Michael Pinto
18,434197,Ishan Kort
19,395404,Omar Rekik
20,444483,Mike Eerdhuijzen
21,444484,Koki Saito
22,456117,Joey Koorevaar
23,404224,Emmanuel Matuta
24,322591,Marin Sverko
25,371293,Jan de Boer
26,379742,Laros Duarte
27,91123,Mike te Wierik
28,97719,Joey Pelupessy
29,133960,Peter Leeuwenburgh
30,137368,Damil Dankerlui
31,298805,Michael Verrips
32,412907,Neraysho Kasanwirjo
33,422635,Ragnar Oratmangoen
34,433575,Liam van Gelderen
35,438480,Nordin Musampa
36,391047,Tomás Suslov
37,406537,Paulos Abraham
38,322086,Ramon Pascal Lundqvist
39,425112,Yahya Kalley
40,377466,Ricardo Pepi
41,366865,Florian Krüger
42,395826,Isak Määttä
43,415927,Luciano Valente
44,444710,Radinio Balker
