,ID,Name
0,396058,Rodrigo Guth
1,401043,Ivor Pandur
2,413273,Remy Vita
3,294844,Arianit Ferati
4,397329,Vasilis Sourlis
5,79755,Dimitrios Siovas
6,423863,Tijjani Noslin
7,104982,Mats Seuntjens
8,243708,Yanick van Osch
9,281508,Roel Janssen
10,288873,Paul Gladon
11,391953,Mike van Beijnen
12,328549,Deroy Duarte
13,70598,Ivo Pinto
14,100881,Ximo Navarro
15,344201,Iñigo Córdoba
16,23282,Burak Yilmaz
17,107077,Oguzhan Özyakup
18,361862,Cole Bassett
19,383604,George Cox
20,368266,Tom Hendriks
21,437062,Tunahan Tasci
22,455568,Úmaro Embaló
23,328432,Siebe Horemans
24,379158,Maxime Awoudja
25,320000,Adrian Fein
26,308754,Lazaros Lamprou
27,116632,Yassin Ayoub
28,139666,Norbert Alblas
29,100608,Mike van Duinen
30,400009,Couhaib Driouech
31,400056,Nathangelo Markelo
32,406754,Reda Kharchouch
33,363875,Kenzo Goudmijn
34,444619,Stijn van Gassel
35,444620,Redouan El Yaakoubi
36,444621,Nathan Tjoe-A-On
37,444622,Joshua Eijgenraam
38,444623,Julian Baas
39,444624,Serano Seymor
40,444626,Raphaël Eyongo
