,ID,Name
0,365119,Ezequiel Bullaude
1,436553,Igor Paixão
2,319922,Jacob Rasmussen
3,121821,Timon Wellenreuther
4,133390,Alireza Jahanbakhsh
5,136068,Ofir Marciano
6,299321,Oussama Idrissi
7,345441,Lutsharel Geertruida
8,379784,Mohamed Taabouni
9,408489,Tein Troost
10,411078,Quinten Timber
11,412907,Neraysho Kasanwirjo
12,422921,Antoni Milambo
13,363083,Javairô Dilrosun
14,357133,Marcus Pedersen
15,362779,Dávid Hancko
16,367522,Danilo
17,371042,Marcos López
18,444739,Quilindschy Hartman
19,445059,Mats Wieffer
20,445061,Santiago Giménez
21,81523,Mathew Ryan
22,362553,Jens Odgaard
23,300755,Pantelis Hatzidiakos
24,330514,Vangelis Pavlidis
25,424273,Milos Kerkez
26,379783,Yukinari Sugawara
27,383560,Sven Mijnans
28,404489,Fedde de Jong
29,404490,Yusuf Barasi
30,415772,Zico Buurmeester
31,422867,Mees de Wit
32,438484,Myron van Brederode
33,90802,Jordy Clasie
34,90834,Hobie Verhulst
35,320614,Jesper Karlsson
36,334726,Djordje Mihailovic
37,343382,Tijjani Reijnders
38,444780,Mayckel Lahdo
39,470735,Rome-Jayden Owusu-Oduro
40,472183,Wouter Goes
