,ID,Name
0,401631,Matej Chalus
1,433575,Liam van Gelderen
2,422635,Ragnar Oratmangoen
3,371293,Jan de Boer
4,94904,Elvis Manu
5,97719,Joey Pelupessy
6,133960,Peter Leeuwenburgh
7,137368,Damil Dankerlui
8,298805,Michael Verrips
9,321106,Johan Hove
10,391047,Tomás Suslov
11,406537,Paulos Abraham
12,335919,Daleho Irandust
13,377466,Ricardo Pepi
14,395826,Isak Määttä
15,415928,Thijmen Blokzijl
16,424673,Aimar Sher
17,366865,Florian Krüger
18,444710,Radinio Balker
19,459078,Thom van Bergen
20,124105,Michaël Heylen
21,383819,Mohamed Bouchouari
22,400115,Lucas Bernadou
23,369671,Azzeddine Toufiqui
24,302724,Eric Oelschlägel
25,141265,Ahmed El Messaoudi
26,302776,Keziah Veendorp
27,36131,Jeroen Veldmate
28,43410,Danny Hoesen
29,91123,Mike te Wierik
30,115863,Mark Diemers
31,121834,Mickey van der Hart
32,122206,Richairo Zivkovic
33,428695,Dennis Vos
34,408339,Ben Scholte
35,409129,Jari Vlak
36,125157,Miguel Araujo
37,402852,Ole Romeny
38,399824,Jasin-Amin Assehnoun
39,409538,Jeremy Antonisse
40,444655,Julius Dirksen
41,444658,Arnaud Luzayadio
42,445052,Kyan van Dorp
