,ID,Name
0,399610,Francesco Antonucci
1,408912,Florent Da Silva
2,409052,Benaissa Benamar
3,425605,Xavier Mbuyamba
4,120549,Daryl van Mieghem
5,261017,Henk Veerman
6,321910,Carel Eiting
7,439736,Gaetano Oristanio
8,444711,Derry Murkin
9,444712,Billy van Duijl
10,444713,Brian Plat
11,444714,Damon Mirani
12,444716,Imran Nazih
13,444718,Kayne van Oevelen
14,444719,Givairo Read
15,444720,Barry Lauwers
16,444721,Walid Ould-Chikh
17,445056,Calvin Twigt
18,445057,Achraf Douiri
19,445058,Josh Flint
20,472272,Flip Klomp
21,475042,Rob Tol
22,409126,Dominik Oroz
23,424368,Gabriel Vidovic
24,345558,Tomás Hájek
25,384141,Romaric Yapi
26,89947,Nicolas Isimat-Mirin
27,226599,Maximilian Wittek
28,85470,Marco van Ginkel
29,141965,Jeroen Houwen
30,400281,Million Manhoef
31,401021,Enzo Cornelisse
32,361867,Kjell Scherpen
33,413209,Daan Reiziger
34,414250,Mohamed Sankoh
35,436060,Simon van Duivenbooden
36,437426,Miliano Jonathans
37,379707,Melle Meulensteen
38,112719,Sondre Tronstad
39,412349,Kacper Kozlowski
40,401131,Bartosz Bialek
41,318295,Matús Bero
42,363704,Toni Domgjoni
43,444737,Ryan Flamingo
44,429928,Gyan de Regt
