,ID,Name
0,255946,Dario Van den Buijs
1,400545,Shawn Adewoye
2,400278,Thierry Lutonda
3,127137,Zakaria Bakkali
4,379712,Saïd Bakari
5,136263,Iliass Bel Hassani
6,365160,Lars Nieuwpoort
7,429373,Roy Kuijpers
8,444674,Kevin Felida
9,90696,Florian Jozefzoon
10,379705,Etienne Vaessen
11,379706,Juriën Gaari
12,63885,Vurnon Anita
13,389411,Yassin Oukili
14,40342,Michiel Kramer
15,104982,Mats Seuntjens
16,380663,Patrick Vroegh
17,432167,Mark Spenkelink
18,289015,Julian Lelieveld
19,279173,Pelle Clement
20,312584,Joel Pereira
21,391317,Julen Lobete
22,430909,Mika Biereth
23,344071,Landry Dimata
24,422807,Magnus Mattsson
25,22300,Lasse Schöne
26,386625,Andri Baldursson
27,115869,Oussama Tannane
28,422805,Souffian El Karouani
29,276442,Joris Kramer
30,422804,Bart van Rooij
31,90811,Jasper Cillessen
32,422806,Dirk Proper
33,422810,Elayis Tavsan
34,422809,Ilias Bronkhorst
35,400143,Anthony Musaba
36,97367,Mattijs Branderhorst
37,429380,Rijk Janse
38,437616,Ibrahim Cissoko
39,299511,Jordy Bruijn
40,367813,Pedro Marques
41,279967,Iván Márquez
42,455506,Terry Sanniez
