,ID,Name
0,383819,Mohamed Bouchouari
1,124105,Michaël Heylen
2,369671,Azzeddine Toufiqui
3,400115,Lucas Bernadou
4,302724,Eric Oelschlägel
5,141265,Ahmed El Messaoudi
6,104292,Lorenzo Burnet
7,43410,Danny Hoesen
8,121834,Mickey van der Hart
9,409129,Jari Vlak
10,428695,Dennis Vos
11,91123,Mike te Wierik
12,302776,Keziah Veendorp
13,445052,Kyan van Dorp
14,115863,Mark Diemers
15,125157,Miguel Araujo
16,444655,Julius Dirksen
17,409538,Jeremy Antonisse
18,402852,Ole Romeny
19,399824,Jasin-Amin Assehnoun
20,343347,Arno Verschueren
21,259930,Younes Namli
22,444484,Koki Saito
23,425114,Mohammed Tahiri
24,31238,Aaron Meijers
25,445063,Patrick Brouwer
26,427851,Rick Meissen
27,379741,Dirk Abels
28,343314,Vito van Crooij
29,411278,Jeremy van Mullem
30,243916,Nick Olij
31,404225,Shurandy Sambo
32,444483,Mike Eerdhuijzen
33,379764,Youri Schoonderwaldt
34,285951,Delano van Crooij
35,44145,Bart Vriends
36,276756,Tobias Lauritsen
37,396279,Elias Melkersen
38,349199,Joshua Kitolano
39,322776,Michael Pinto
40,427118,Pedro Alemañ
