,ID,Name
0,362459,Othmane Boussaid
1,402885,Anthony Descotte
2,403644,Victor Jensen
3,375327,Modibo Sagnan
4,112210,Amin Younes
5,422873,Anastasios Douvikas
6,135954,Vasilios Barkas
7,431329,Naoki Maeda
8,83337,Zakaria Labyad
9,110360,Sander van de Streek
10,82401,Jens Toornstra
11,70906,Nick Viergever
12,422909,Ramon Hendriks
13,414501,Ruben Kluivert
14,135271,Sean Klaiber
15,256971,Hidde ter Avest
16,261082,Bart Ramselaar
17,382582,Tommy St. Jago
18,315574,Thijmen Nijhuis
19,444675,Taylor Booth
20,382581,Fabian de Keijzer
21,422634,Luuk Brouwers
22,422636,Philippe Rommens
23,444781,Xander Blomme
24,362691,Luca Plogmann
25,288859,Gerrit Nauber
26,388033,Willum Willumsson
27,143992,Federico Mattiello
28,322159,Finn Stokkers
29,400173,Jamal Amofa
30,34171,Erwin Mulder
31,348644,Sylla Sow
32,379703,Jeffrey de Lange
33,422633,Mats Deijl
34,422637,Jay Idzes
35,382238,Bobby Adekanye
36,425219,Jahnoah Markelo
37,355132,Rashaan Fernandes
38,403097,Fredrik Oppegård
39,395424,José Fontán
40,284451,Isac Lidberg
41,383616,Oliver Valaker Edvardsen
42,472963,Darío Serra
43,411691,Enric Llansana
