,ID,Name
0,143815,Anas Tahiri
1,399607,Antoine Colassin
2,379595,Xavier Mous
3,379760,Milan van Ewijk
4,401046,Timo Zaal
5,409160,Syb van Ottele
6,422643,Djenahro Nunumete
7,252239,Andries Noppert
8,296543,Jan Bekkema
9,124274,Sven van Beek
10,142181,Joost van Aken
11,361900,Sydney van Hooijdonk
12,142376,Pawel Bochniewicz
13,371073,Rami Al Hajj
14,321193,Rami Kaib
15,327724,Simon Olsson
16,401593,Amin Sarr
17,406536,Hussein Ali
18,456088,Kaj van der Veldt
19,456785,Amir Ismail
20,379701,Ramiz Zerrouki
21,422782,Manfred Ugalde
22,291964,Václav Cerny
23,90235,Lars Unnerstall
24,368289,Issam El Maach
25,437387,Anass Salah-Eddine
26,405560,Daan Rots
27,406780,Max Bruns
28,422781,Luca Everink
29,108935,Robin Pröpper
30,119741,Joshua Brenet
31,120454,Virgil Misidjan
32,29281,Wout Brama
33,37344,Ricky van Wolfswinkel
34,322149,Michel Vlap
35,387172,Denilho Cleonise
36,400057,Casper Staring
37,400059,Gijs Smal
38,402819,Mees Hilgers
39,34545,Przemyslaw Tyton
40,318754,Julio Pleguezuelo
41,404777,Mathias Kjølø
