,ID,Name
0,130304,Walter Benítez
1,124021,Phillipp Mwene
2,408059,Yorbe Vertessen
3,427824,Johan Bakayoko
4,98101,André Ramalho
5,397821,Sávio
6,142466,Philipp Max
7,137460,Érick Gutiérrez
8,404776,Ismael Saibari
9,26916,Boy Waterman
10,275012,Joël Drommel
11,322148,Guus Til
12,399772,Xavi Simons
13,382556,Joey Veerman
14,345333,Armando Obispo
15,352825,Cody Gakpo
16,361839,Jordan Teze
17,368547,Ki-Jana Hoever
18,386631,Richard Ledezma
19,381045,Jarrad Branthwaite
20,328075,Ibrahim Sangaré
21,365119,Ezequiel Bullaude
22,384574,Gernot Trauner
23,436553,Igor Paixão
24,319922,Jacob Rasmussen
25,121821,Timon Wellenreuther
26,133390,Alireza Jahanbakhsh
27,136068,Ofir Marciano
28,299321,Oussama Idrissi
29,302709,Justin Bijlow
30,411078,Quinten Timber
31,423949,Mimeirhel Benita
32,363083,Javairô Dilrosun
33,320971,Fredrik Bjørkan
34,357133,Marcus Pedersen
35,319594,Sebastian Szymanski
36,362779,Dávid Hancko
37,355870,Orkun Kökçü
38,367522,Danilo
39,371042,Marcos López
40,399620,Patrik Wålemark
41,444739,Quilindschy Hartman
42,445059,Mats Wieffer
43,445061,Santiago Giménez
