,ID,Name
0,337826,Zinho Vanheusden
1,362553,Jens Odgaard
2,377279,Peter Vindahl
3,300755,Pantelis Hatzidiakos
4,424273,Milos Kerkez
5,379783,Yukinari Sugawara
6,434318,Maxim Dekker
7,438484,Myron van Brederode
8,422739,Sam Beukema
9,422867,Mees de Wit
10,404489,Fedde de Jong
11,404490,Yusuf Barasi
12,408102,Peer Koopmeiners
13,415772,Zico Buurmeester
14,353695,Dani de Wit
15,90802,Jordy Clasie
16,90810,Bruno Martins Indi
17,90834,Hobie Verhulst
18,133959,Riechedly Bazoer
19,444780,Mayckel Lahdo
20,456703,Iman Griffith
21,343382,Tijjani Reijnders
22,422738,Sem Westerveld
23,90365,Lisandro Magallán
24,115587,Lucas Ocampos
25,400166,Mohammed Kudus
26,424819,Lorenzo Lucca
27,322696,Edson Álvarez
28,328550,Owen Wijndal
29,388650,Jurriën Timber
30,108860,Davy Klaassen
31,34550,Remko Pasveer
32,70033,Daley Blind
33,89794,Steven Berghuis
34,4065,Maarten Stekelenburg
35,427577,Youri Regeer
36,400165,Devyne Rensch
37,279425,Steven Bergwijn
38,401122,Kenneth Taylor
39,415781,Kian Fitz-Jim
40,422801,Youri Baas
41,422802,Jay Gorter
42,29474,Dusan Tadic
43,400320,Ahmetcan Kaplan
44,396976,Calvin Bassey
45,404568,Brian Brobbey
