,ID,Name
0,422636,Philippe Rommens
1,288859,Gerrit Nauber
2,388033,Willum Willumsson
3,143992,Federico Mattiello
4,34171,Erwin Mulder
5,134722,Bas Kuipers
6,322159,Finn Stokkers
7,331931,Justin Bakker
8,348644,Sylla Sow
9,355132,Rashaan Fernandes
10,355961,Evert Linthorst
11,357807,Martijn Berden
12,379703,Jeffrey de Lange
13,382238,Bobby Adekanye
14,400173,Jamal Amofa
15,422633,Mats Deijl
16,422637,Jay Idzes
17,425219,Jahnoah Markelo
18,426002,Sven Jansen
19,395424,José Fontán
20,320513,Tesfaldet Tekie
21,284451,Isac Lidberg
22,383616,Oliver Valaker Edvardsen
23,124105,Michael Heylen
24,383819,Mohamed Bouchouari
25,400115,Lucas Bernadou
26,369671,Azzeddine Toufiqui
27,302724,Eric Oelschlägel
28,302776,Keziah Veendorp
29,36131,Jeroen Veldmate
30,104292,Lorenzo Burnet
31,115863,Mark Diemers
32,121834,Mickey van der Hart
33,122206,Richairo Zivkovic
34,408339,Ben Scholte
35,409129,Jari Vlak
36,125157,Miguel Araujo
37,397586,Fernando Pacheco
38,399824,Jasin-Amin Assehnoun
39,444652,Rui Mendes
40,444655,Julius Dirksen
41,444656,Max Wolfs
42,444658,Arnaud Luzayadio
43,456764,Maurilio de Lannoy
44,402852,Ole Romeny
