,ID,Name
0,444781,Xander Blomme
1,422636,Philippe Rommens
2,362691,Luca Plogmann
3,431319,Aventis Aventisian
4,388033,Willum Willumsson
5,355961,Evert Linthorst
6,382238,Bobby Adekanye
7,379703,Jeffrey de Lange
8,422633,Mats Deijl
9,400173,Jamal Amofa
10,444782,Pim Saathof
11,134722,Bas Kuipers
12,422637,Jay Idzes
13,34171,Erwin Mulder
14,348644,Sylla Sow
15,425219,Jahnoah Markelo
16,355132,Rashaan Fernandes
17,322159,Finn Stokkers
18,395424,José Fontán
19,284451,Isac Lidberg
20,383616,Oliver Valaker Edvardsen
21,472963,Darío Serra
22,411691,Enric Llansana
23,400545,Shawn Adewoye
24,255946,Dario Van den Buijs
25,383972,Sebbe Augustijns
26,400278,Thierry Lutonda
27,469502,Chris Lokesa
28,379712,Saïd Bakari
29,63885,Vurnon Anita
30,40342,Michiel Kramer
31,379705,Etienne Vaessen
32,365160,Lars Nieuwpoort
33,279173,Pelle Clement
34,289015,Julian Lelieveld
35,444674,Kevin Felida
36,389411,Yassin Oukili
37,429373,Roy Kuijpers
38,104982,Mats Seuntjens
39,379706,Juriën Gaari
40,380663,Patrick Vroegh
41,432167,Mark Spenkelink
42,90696,Florian Jozefzoon
43,312584,Joel Pereira
44,391317,Julen Lobete
45,430909,Mika Biereth
