,ID,Name
0,125375,Gerónimo Rulli
1,291937,Florian Grillitsch
2,400166,Mohammed Kudus
3,424819,Lorenzo Lucca
4,322696,Edson Álvarez
5,427577,Youri Regeer
6,328550,Owen Wijndal
7,388650,Jurriën Timber
8,4065,Maarten Stekelenburg
9,34550,Remko Pasveer
10,89794,Steven Berghuis
11,108860,Davy Klaassen
12,401122,Kenneth Taylor
13,279425,Steven Bergwijn
14,400165,Devyne Rensch
15,415781,Kian Fitz-Jim
16,29474,Dusan Tadic
17,396976,Calvin Bassey
18,404568,Brian Brobbey
19,409221,Francisco Conceição
20,467715,Jorrel Hato
21,343347,Arno Verschueren
22,25037,Adil Auassar
23,31238,Aaron Meijers
24,44145,Bart Vriends
25,243916,Nick Olij
26,285951,Delano van Crooij
27,19087,Jonathan de Guzmán
28,343314,Vito van Crooij
29,404225,Shurandy Sambo
30,411278,Jeremy van Mullem
31,425114,Mohammed Tahiri
32,427851,Rick Meissen
33,379741,Dirk Abels
34,379764,Youri Schoonderwaldt
35,396279,Elias Melkersen
36,349199,Joshua Kitolano
37,276756,Tobias Lauritsen
38,322776,Michael Pinto
39,427118,Pedro Alemañ
40,444483,Mike Eerdhuijzen
41,444484,Koki Saito
42,445063,Patrick Brouwer
43,475142,Rayvien Rosario
