,ID,Name
0,422636,Philippe Rommens
1,288859,Gerrit Nauber
2,362691,Luca Plogmann
3,388033,Willum Willumsson
4,143992,Federico Mattiello
5,34171,Erwin Mulder
6,422633,Mats Deijl
7,379703,Jeffrey de Lange
8,382238,Bobby Adekanye
9,322159,Finn Stokkers
10,348644,Sylla Sow
11,355132,Rashaan Fernandes
12,355961,Evert Linthorst
13,400173,Jamal Amofa
14,422637,Jay Idzes
15,425219,Jahnoah Markelo
16,403097,Fredrik Oppegård
17,395424,José Fontán
18,284451,Isac Lidberg
19,444781,Xander Blomme
20,472963,Darío Serra
21,422782,Manfred Ugalde
22,291964,Václav Cerny
23,90235,Lars Unnerstall
24,307362,Alfons Sampsted
25,368289,Issam El Maach
26,387172,Denilho Cleonise
27,400059,Gijs Smal
28,402819,Mees Hilgers
29,119741,Joshua Brenet
30,120454,Virgil Misidjan
31,405560,Daan Rots
32,406780,Max Bruns
33,322149,Michel Vlap
34,361794,Sem Steijn
35,37344,Ricky van Wolfswinkel
36,437387,Anass Salah-Eddine
37,34545,Przemyslaw Tyton
38,404777,Mathias Kjølø
