,ID,Name
0,259530,Robin Maulun
1,93012,Navarone Foor
2,346507,Roberts Uldrikis
3,349183,Léon Bergsma
4,349777,Michael Breij
5,361778,Silvester van der Water
6,364306,Daniël van Kaam
7,393412,Remco Balk
8,105316,Doke Schmidt
9,108655,Mitchel Paulissen
10,238997,Mimoun Mahi
11,279429,Sai van Wermeskerken
12,38423,Robbin Ruiter
13,77699,Calvin Mac-Intosch
14,90830,Ben Rienstra
15,422862,Brett Minnema
16,431350,Sekou Sylla
17,343196,Bjørn Johnsen
18,362852,João Virgínia
19,422857,Alex Bangura
20,444618,Floris Smand
21,470759,Vincent Pichel
22,351532,Mees Hoedemakers
23,143815,Anas Tahiri
24,399607,Antoine Colassin
25,404764,Tibor Halilovic
26,323531,Mats Köhlert
27,361900,Sydney van Hooijdonk
28,238897,Pelle van Amersfoort
29,296543,Jan Bekkema
30,80881,Jeffrey Bruma
31,124380,Thom Haye
32,142181,Joost van Aken
33,379595,Xavier Mous
34,379599,Ché Nunnely
35,379760,Milan van Ewijk
36,409160,Syb van Ottele
37,366886,Osame Sahraoui
38,142376,Pawel Bochniewicz
39,371073,Rami Al Hajj
40,327724,Simon Olsson
41,321193,Rami Kaib
42,406536,Hussein Ali
43,436158,Daniel Karlsbakk
44,444482,Alex Timossi Andersson
45,472399,Bernt Klaverboer
