,ID,Name
0,362459,Othmane Boussaid
1,402885,Anthony Descotte
2,403644,Victor Jensen
3,418600,Rocco Robert Shein
4,375327,Modibo Sagnan
5,422873,Anastasios Douvikas
6,135954,Vasilios Barkas
7,431329,Naoki Maeda
8,382582,Tommy St. Jago
9,414501,Ruben Kluivert
10,256971,Hidde ter Avest
11,261082,Bart Ramselaar
12,315574,Thijmen Nijhuis
13,39726,Mark van der Maarel
14,101605,Mike van der Hoorn
15,110360,Sander van de Streek
16,135271,Sean Klaiber
17,422634,Luuk Brouwers
18,431330,Kevin Gadellaa
19,444675,Taylor Booth
20,454518,Derensili Sanches Fernandes
21,130304,Walter Benítez
22,124021,Phillipp Mwene
23,427824,Johan Bakayoko
24,98101,André Ramalho
25,346767,Mauro Júnior
26,260809,Olivier Boscagli
27,137460,Érick Gutiérrez
28,404776,Ismael Saibari
29,399772,Xavi Simons
30,382556,Joey Veerman
31,26916,Boy Waterman
32,68585,Luuk de Jong
33,78221,Patrick van Aanholt
34,275012,Joël Drommel
35,322148,Guus Til
36,345333,Armando Obispo
37,361839,Jordan Teze
38,380655,Fábio Silva
39,386631,Richard Ledezma
40,381045,Jarrad Branthwaite
41,444159,Mathijs Tielemans
42,444160,Mohamed Nassoh
