,ID,Name
0,328432,Siebe Horemans
1,373556,Arthur Zagre
2,320000,Adrian Fein
3,308754,Lazaros Lamprou
4,363875,Kenzo Goudmijn
5,100608,Mike van Duinen
6,123554,Sven Nieuwpoort
7,139666,Norbert Alblas
8,382593,Marouan Azarkan
9,400009,Couhaib Driouech
10,400056,Nathangelo Markelo
11,406754,Reda Kharchouch
12,408102,Peer Koopmeiners
13,444619,Stijn van Gassel
14,444620,Redouan El Yaakoubi
15,444621,Nathan Tjoe-A-On
16,444622,Joshua Eijgenraam
17,444623,Julian Baas
18,444624,Serano Seymor
19,444625,Pascal Kuiper
20,444738,Noah Naujoks
21,445053,Nikolas Agrafiotis
22,344071,Landry Dimata
23,422807,Magnus Mattsson
24,22300,Lasse Schöne
25,386625,Andri Baldursson
26,422805,Souffian El Karouani
27,422806,Dirk Proper
28,422809,Ilias Bronkhorst
29,422810,Elayis Tavsan
30,429380,Rijk Janse
31,437616,Ibrahim Cissoko
32,400143,Anthony Musaba
33,299511,Jordy Bruijn
34,321959,Philippe Sandler
35,90811,Jasper Cillessen
36,97367,Mattijs Branderhorst
37,271086,Calvin Verdonk
38,276442,Joris Kramer
39,367813,Pedro Marques
40,279967,Iván Márquez
41,455506,Terry Sanniez
