,ID,Name
0,401631,Matej Chalus
1,346304,Mads Bech Sørensen
2,424578,Oliver Antman
3,371293,Jan de Boer
4,422635,Ragnar Oratmangoen
5,379742,Laros Duarte
6,298805,Michael Verrips
7,94885,Jetro Willems
8,94904,Elvis Manu
9,433575,Liam van Gelderen
10,97719,Joey Pelupessy
11,133960,Peter Leeuwenburgh
12,137368,Damil Dankerlui
13,321106,Johan Hove
14,391047,Tomás Suslov
15,377466,Ricardo Pepi
16,395826,Isak Määttä
17,415927,Luciano Valente
18,459078,Thom van Bergen
19,415928,Thijmen Blokzijl
20,444710,Radinio Balker
21,424673,Aimar Sher
22,143815,Anas Tahiri
23,399607,Antoine Colassin
24,404764,Tibor Halilovic
25,323531,Mats Köhlert
26,124380,Thom Haye
27,379595,Xavier Mous
28,409160,Syb van Ottele
29,379760,Milan van Ewijk
30,142181,Joost van Aken
31,238897,Pelle van Amersfoort
32,379599,Ché Nunnely
33,361900,Sydney van Hooijdonk
34,296543,Jan Bekkema
35,366886,Osame Sahraoui
36,142376,Pawel Bochniewicz
37,321193,Rami Kaib
38,371073,Rami Al Hajj
39,406536,Hussein Ali
40,327724,Simon Olsson
41,436158,Daniel Karlsbakk
42,444482,Alex Timossi Andersson
43,473488,Jesper van der Mark
