,ID,Name
0,409126,Dominik Oroz
1,424368,Gabriel Vidovic
2,345558,Tomás Hájek
3,89947,Nicolas Isimat-Mirin
4,313385,Carlens Arcus
5,85470,Marco van Ginkel
6,361867,Kjell Scherpen
7,141965,Jeroen Houwen
8,437426,Miliano Jonathans
9,413209,Daan Reiziger
10,115574,Mitchell Dijks
11,414250,Mohamed Sankoh
12,436060,Simon van Duivenbooden
13,401021,Enzo Cornelisse
14,379707,Melle Meulensteen
15,400281,Million Manhoef
16,112719,Sondre Tronstad
17,412349,Kacper Kozlowski
18,401131,Bartosz Bialek
19,318295,Matús Bero
20,363704,Toni Domgjoni
21,444737,Ryan Flamingo
22,124021,Phillipp Mwene
23,443818,Kjell Peersman
24,101537,Thorgan Hazard
25,427824,Johan Bakayoko
26,98101,André Ramalho
27,260809,Olivier Boscagli
28,137460,Érick Gutiérrez
29,404776,Ismael Saibari
30,361839,Jordan Teze
31,322148,Guus Til
32,345333,Armando Obispo
33,26916,Boy Waterman
34,68585,Luuk de Jong
35,382556,Joey Veerman
36,399772,Xavi Simons
37,232261,Anwar El Ghazi
38,275012,Joël Drommel
39,78221,Patrick van Aanholt
40,380655,Fábio Silva
41,381045,Jarrad Branthwaite
42,328075,Ibrahim Sangaré
