,ID,Name
0,328432,Siebe Horemans
1,373556,Arthur Zagre
2,308754,Lazaros Lamprou
3,116632,Yassin Ayoub
4,327903,Kik Pierie
5,363875,Kenzo Goudmijn
6,382593,Marouan Azarkan
7,444620,Redouan El Yaakoubi
8,123554,Sven Nieuwpoort
9,444623,Julian Baas
10,408102,Peer Koopmeiners
11,400056,Nathangelo Markelo
12,444622,Joshua Eijgenraam
13,406754,Reda Kharchouch
14,400009,Couhaib Driouech
15,444621,Nathan Tjoe-A-On
16,100608,Mike van Duinen
17,444625,Pascal Kuiper
18,444624,Serano Seymor
19,444738,Noah Naujoks
20,444619,Stijn van Gassel
21,445053,Nikolas Agrafiotis
22,259530,Robin Maulun
23,93012,Navarone Foor
24,346507,Roberts Uldrikis
25,38423,Robbin Ruiter
26,279429,Sai van Wermeskerken
27,349183,Léon Bergsma
28,108655,Mitchel Paulissen
29,364306,Daniël van Kaam
30,422862,Brett Minnema
31,431350,Sekou Sylla
32,349777,Michael Breij
33,238997,Mimoun Mahi
34,393412,Remco Balk
35,422861,Marco Tol
36,90830,Ben Rienstra
37,77699,Calvin Mac-Intosch
38,361897,Jamie Jacobs
39,470759,Vincent Pichel
40,343196,Bjørn Johnsen
41,362852,João Virgínia
42,422857,Alex Bangura
43,444618,Floris Smand
44,351532,Mees Hoedemakers
