,ID,Name
0,379701,Ramiz Zerrouki
1,422782,Manfred Ugalde
2,291964,Václav Cerny
3,90235,Lars Unnerstall
4,307362,Alfons Sampsted
5,368289,Issam El Maach
6,402819,Mees Hilgers
7,108935,Robin Pröpper
8,119741,Joshua Brenet
9,400059,Gijs Smal
10,322149,Michel Vlap
11,437387,Anass Salah-Eddine
12,37344,Ricky van Wolfswinkel
13,120454,Virgil Misidjan
14,361794,Sem Steijn
15,406780,Max Bruns
16,34545,Przemyslaw Tyton
17,318754,Julio Pleguezuelo
18,475579,Gijs Besselink
19,475580,Sander Sybrandy
20,81523,Mathew Ryan
21,337826,Zinho Vanheusden
22,362553,Jens Odgaard
23,300755,Pantelis Hatzidiakos
24,330514,Vangelis Pavlidis
25,424273,Milos Kerkez
26,379783,Yukinari Sugawara
27,472183,Wouter Goes
28,90802,Jordy Clasie
29,383560,Sven Mijnans
30,438484,Myron van Brederode
31,90834,Hobie Verhulst
32,415772,Zico Buurmeester
33,433950,Mexx Meerdink
34,422867,Mees de Wit
35,422739,Sam Beukema
36,404490,Yusuf Barasi
37,444780,Mayckel Lahdo
38,320614,Jesper Karlsson
39,334726,Djordje Mihailovic
40,470735,Rome-Jayden Owusu-Oduro
41,343382,Tijjani Reijnders
