,ID,Name
0,125375,Gerónimo Rulli
1,291937,Florian Grillitsch
2,400166,Mohammed Kudus
3,424248,Kristian Hlynsson
4,424819,Lorenzo Lucca
5,447643,Jorge Sánchez
6,322696,Edson Álvarez
7,34550,Remko Pasveer
8,328550,Owen Wijndal
9,388650,Jurriën Timber
10,401122,Kenneth Taylor
11,89794,Steven Berghuis
12,427577,Youri Regeer
13,415781,Kian Fitz-Jim
14,422801,Youri Baas
15,108860,Davy Klaassen
16,279425,Steven Bergwijn
17,4065,Maarten Stekelenburg
18,29474,Dusan Tadic
19,396976,Calvin Bassey
20,409221,Francisco Conceição
21,404568,Brian Brobbey
22,467715,Jorrel Hato
23,365119,Ezequiel Bullaude
24,384574,Gernot Trauner
25,436553,Igor Paixão
26,319922,Jacob Rasmussen
27,121821,Timon Wellenreuther
28,133390,Alireza Jahanbakhsh
29,136068,Ofir Marciano
30,445061,Santiago Giménez
31,444739,Quilindschy Hartman
32,345441,Lutsharel Geertruida
33,445059,Mats Wieffer
34,299321,Oussama Idrissi
35,363083,Javairô Dilrosun
36,412907,Neraysho Kasanwirjo
37,379784,Mohamed Taabouni
38,408489,Tein Troost
39,357133,Marcus Pedersen
40,319594,Sebastian Szymanski
41,362779,Dávid Hancko
42,355870,Orkun Kökcü
43,371042,Marcos López
44,367522,Danilo
