,ID,Name
0,391257,Mickael Tirpan
1,396058,Rodrigo Guth
2,401043,Ivor Pandur
3,294844,Arianit Ferati
4,79755,Dimitrios Siovas
5,397329,Vasilis Sourlis
6,423863,Tijjani Noslin
7,391953,Mike van Beijnen
8,104982,Mats Seuntjens
9,243708,Yanick van Osch
10,281508,Roel Janssen
11,288873,Paul Gladon
12,328549,Deroy Duarte
13,70598,Ivo Pinto
14,344201,Iñigo Córdoba
15,23282,Burak Yilmaz
16,381814,Dogan Erdogan
17,361862,Cole Bassett
18,383604,George Cox
19,368266,Tom Hendriks
20,240976,David Sambissa
21,422859,Jhondly van der Meer
22,346507,Roberts Uldrikis
23,349183,Léon Bergsma
24,349777,Michael Breij
25,361897,Jamie Jacobs
26,393412,Remco Balk
27,279429,Sai van Wermeskerken
28,298844,Sam Hendriks
29,343393,Tom Boere
30,38423,Robbin Ruiter
31,77699,Calvin Mac-Intosch
32,105316,Doke Schmidt
33,108655,Mitchel Paulissen
34,422861,Marco Tol
35,422862,Brett Minnema
36,425440,Jasper ter Heide
37,431350,Sekou Sylla
38,436147,Milan Smit
39,362852,João Virgínia
40,422857,Alex Bangura
41,351532,Mees Hoedemakers
42,444618,Floris Smand
