,ID,Name
0,124105,Michael Heylen
1,369671,Azzeddine Toufiqui
2,400115,Lucas Bernadou
3,302724,Eric Oelschlägel
4,379730,Teun Bijleveld
5,302776,Keziah Veendorp
6,36131,Jeroen Veldmate
7,104292,Lorenzo Burnet
8,115863,Mark Diemers
9,122206,Richairo Zivkovic
10,408339,Ben Scholte
11,409129,Jari Vlak
12,142242,Jeff Hardeveld
13,125157,Miguel Araujo
14,397586,Fernando Pacheco
15,399824,Jasin-Amin Assehnoun
16,402852,Ole Romeny
17,444652,Rui Mendes
18,444653,Remi van Ekeris
19,444654,Gonzalo Sánchez
20,444655,Julius Dirksen
21,444656,Max Wolfs
22,444658,Arnaud Luzayadio
23,362459,Othmane Boussaid
24,418600,Rocco Robert Shein
25,344041,Moussa Sylla
26,372372,Albert-Nicolas Lottin
27,375327,Modibo Sagnan
28,394998,Can Bozdogan
29,422873,Anastasios Douvikas
30,135954,Vasilios Barkas
31,229520,Django Warmerdam
32,238997,Mimoun Mahi
33,256971,Hidde ter Avest
34,315574,Thijmen Nijhuis
35,382170,Daishawn Redan
36,34323,Bas Dost
37,70906,Nick Viergever
38,427851,Rick Meissen
39,411079,Calvin Raatsie
40,414501,Ruben Kluivert
41,422872,Djevencio van der Kust
42,422634,Luuk Brouwers
43,444675,Taylor Booth
44,454518,Derensili Sanches Fernandes
