,ID,Name
0,345558,Tomás Hájek
1,384141,Romaric Yapi
2,226599,Maximilian Wittek
3,313385,Carlens Arcus
4,141965,Jeroen Houwen
5,352844,Thomas Buitink
6,361867,Kjell Scherpen
7,436060,Simon van Duivenbooden
8,400281,Million Manhoef
9,400282,Daan Huisman
10,401021,Enzo Cornelisse
11,413209,Daan Reiziger
12,414250,Mohamed Sankoh
13,379707,Melle Meulensteen
14,369558,Ferro
15,318295,Matús Bero
16,363704,Toni Domgjoni
17,429928,Gyan de Regt
18,444737,Ryan Flamingo
19,392344,Nikolai Frederiksen
20,143815,Anas Tahiri
21,404764,Tibor Halilovic
22,323531,Mats Köhlert
23,361900,Sydney van Hooijdonk
24,379595,Xavier Mous
25,379760,Milan van Ewijk
26,252239,Andries Noppert
27,296543,Jan Bekkema
28,124274,Sven van Beek
29,124380,Thom Haye
30,142181,Joost van Aken
31,409160,Syb van Ottele
32,142376,Pawel Bochniewicz
33,321193,Rami Kaib
34,401593,Amin Sarr
35,406536,Hussein Ali
36,371073,Rami Al Hajj
37,327724,Simon Olsson
38,444482,Alex Timossi Andersson
