,ID,Name
0,328432,Siebe Horemans
1,379158,Maxime Awoudja
2,320000,Adrian Fein
3,308754,Lazaros Lamprou
4,100608,Mike van Duinen
5,123554,Sven Nieuwpoort
6,139666,Norbert Alblas
7,382593,Marouan Azarkan
8,400009,Couhaib Driouech
9,400056,Nathangelo Markelo
10,406754,Reda Kharchouch
11,408102,Peer Koopmeiners
12,363875,Kenzo Goudmijn
13,444619,Stijn van Gassel
14,444620,Redouan El Yaakoubi
15,444621,Nathan Tjoe-A-On
16,444622,Joshua Eijgenraam
17,444623,Julian Baas
18,444624,Serano Seymor
19,444625,Pascal Kuiper
20,445053,Nikolas Agrafiotis
21,408912,Florent Da Silva
22,409052,Benaissa Benamar
23,425605,Xavier Mbuyamba
24,120549,Daryl van Mieghem
25,148512,Bilal Ould-Chikh
26,240878,Robert Mühren
27,261017,Henk Veerman
28,321910,Carel Eiting
29,391573,Filip Stankovic
30,439736,Gaetano Oristanio
31,444711,Derry Murkin
32,444713,Brian Plat
33,444714,Damon Mirani
34,444715,Ibrahim El Kadiri
35,444718,Kayne van Oevelen
36,444720,Barry Lauwers
37,444721,Walid Ould-Chikh
38,445055,Dean Ruben James
39,445056,Calvin Twigt
40,445057,Achraf Douiri
41,445058,Josh Flint
42,460499,Joey Antonioli
