,ID,Name
0,400278,Thierry Lutonda
1,400545,Shawn Adewoye
2,255946,Dario Van den Buijs
3,379713,Lennerd Daneels
4,383972,Sebbe Augustijns
5,379712,Saïd Bakari
6,429373,Roy Kuijpers
7,432167,Mark Spenkelink
8,400276,Luuk Wouters
9,389411,Yassin Oukili
10,380663,Patrick Vroegh
11,365160,Lars Nieuwpoort
12,379705,Etienne Vaessen
13,379706,Juriën Gaari
14,279173,Pelle Clement
15,289015,Julian Lelieveld
16,23373,Hans Mulder
17,40342,Michiel Kramer
18,63885,Vurnon Anita
19,90696,Florian Jozefzoon
20,136263,Iliass Bel Hassani
21,312584,Joel Pereira
22,391317,Julen Lobete
23,384574,Gernot Trauner
24,319922,Jacob Rasmussen
25,121821,Timon Wellenreuther
26,133390,Alireza Jahanbakhsh
27,136068,Ofir Marciano
28,299321,Oussama Idrissi
29,302709,Justin Bijlow
30,82401,Jens Toornstra
31,345441,Lutsharel Geertruida
32,363083,Javairô Dilrosun
33,379784,Mohamed Taabouni
34,411078,Quinten Timber
35,423949,Mimeirhel Benita
36,357133,Marcus Pedersen
37,319594,Sebastian Szymanski
38,355870,Orkun Kökçü
39,367522,Danilo
40,399620,Patrik Wålemark
41,444738,Noah Naujoks
42,444739,Quilindschy Hartman
43,445061,Santiago Giménez
