,ID,Name
0,343270,Jason Lokilo
1,343347,Arno Verschueren
2,382494,Charles-Andreas Brym
3,259930,Younes Namli
4,225522,Mario Engels
5,25037,Adil Auassar
6,31238,Aaron Meijers
7,44145,Bart Vriends
8,120675,Tim Coremans
9,243916,Nick Olij
10,383560,Sven Mijnans
11,379741,Dirk Abels
12,379764,Youri Schoonderwaldt
13,343314,Vito van Crooij
14,19087,Jonathan de Guzmán
15,404225,Shurandy Sambo
16,411278,Jeremy Van Mullem
17,349199,Joshua Kitolano
18,276756,Tobias Lauritsen
19,322776,Michael Pinto
20,395404,Omar Rekik
21,444483,Mike Eerdhuijzen
22,445063,Patrick Brouwer
23,90365,Lisandro Magallán
24,400166,Mohammed Kudus
25,424819,Lorenzo Lucca
26,322696,Edson Álvarez
27,328550,Owen Wijndal
28,388650,Jurriën Timber
29,108860,Davy Klaassen
30,279425,Steven Bergwijn
31,400165,Devyne Rensch
32,4065,Maarten Stekelenburg
33,34550,Remko Pasveer
34,70033,Daley Blind
35,89794,Steven Berghuis
36,427577,Youri Regeer
37,401122,Kenneth Taylor
38,422802,Jay Gorter
39,29474,Dusan Tadic
40,396976,Calvin Bassey
41,404568,Brian Brobbey
42,447643,Jorge Sánchez
