,ID,Name
0,399610,Francesco Antonucci
1,408912,Florent Da Silva
2,439736,Gaetano Oristanio
3,409052,Benaissa Benamar
4,445056,Calvin Twigt
5,444714,Damon Mirani
6,321910,Carel Eiting
7,120549,Daryl van Mieghem
8,261017,Henk Veerman
9,445057,Achraf Douiri
10,444720,Barry Lauwers
11,425605,Xavier Mbuyamba
12,444713,Brian Plat
13,444715,Ibrahim El Kadiri
14,444721,Walid Ould-Chikh
15,240878,Robert Mühren
16,460498,Deron Payne
17,391573,Filip Stankovic
18,445058,Josh Flint
19,444711,Derry Murkin
20,460178,Darius Johnson
21,444718,Kayne van Oevelen
22,240976,David Sambissa
23,93012,Navarone Foor
24,346507,Roberts Uldrikis
25,238997,Mimoun Mahi
26,364306,Daniël van Kaam
27,361897,Jamie Jacobs
28,38423,Robbin Ruiter
29,77699,Calvin Mac-Intosch
30,431350,Sekou Sylla
31,279429,Sai van Wermeskerken
32,349183,Léon Bergsma
33,393412,Remco Balk
34,436147,Milan Smit
35,422862,Brett Minnema
36,108655,Mitchel Paulissen
37,349777,Michael Breij
38,422861,Marco Tol
39,90830,Ben Rienstra
40,343196,Bjørn Johnsen
41,362852,João Virgínia
42,383858,Felix Mambimbi
43,351532,Mees Hoedemakers
44,444618,Floris Smand
