,ID,Name
0,367742,Cyril Ngonge
1,404224,Emmanuel Matuta
2,433575,Liam van Gelderen
3,412907,Neraysho Kasanwirjo
4,422635,Ragnar Oratmangoen
5,371293,Jan de Boer
6,379742,Laros Duarte
7,381718,Romano Postema
8,91123,Mike te Wierik
9,97719,Joey Pelupessy
10,133960,Peter Leeuwenburgh
11,255970,Wessel Dammers
12,298805,Michael Verrips
13,333048,Jørgen Strand Larsen
14,391047,Tomás Suslov
15,322086,Ramon Pascal Lundqvist
16,335919,Daleho Irandust
17,406537,Paulos Abraham
18,425112,Yahya Kalley
19,444710,Radinio Balker
20,415927,Luciano Valente
21,395826,Isak Määttä
22,422636,Philippe Rommens
23,431319,Aventis Aventisian
24,422637,Jay Idzes
25,426002,Sven Jansen
26,400173,Jamal Amofa
27,34171,Erwin Mulder
28,134722,Bas Kuipers
29,331931,Justin Bakker
30,355132,Rashaan Fernandes
31,355961,Evert Linthorst
32,379703,Jeffrey de Lange
33,382238,Bobby Adekanye
34,395424,José Fontán
35,284451,Isac Lidberg
36,383616,Oliver Valaker Edvardsen
37,411691,Enric Llansana
38,444781,Xander Blomme
39,444782,Pim Saathof
40,444783,Robbin Weijenberg
