,ID,Name
0,240976,David Sambissa
1,346507,Roberts Uldrikis
2,364306,Daniël van Kaam
3,393412,Remco Balk
4,349183,Léon Bergsma
5,349777,Michael Breij
6,38423,Robbin Ruiter
7,77699,Calvin Mac-Intosch
8,105316,Doke Schmidt
9,108655,Mitchel Paulissen
10,279429,Sai van Wermeskerken
11,343393,Tom Boere
12,361778,Silvester van der Water
13,361897,Jamie Jacobs
14,422861,Marco Tol
15,422862,Brett Minnema
16,431350,Sekou Sylla
17,436147,Milan Smit
18,362852,João Virgínia
19,422857,Alex Bangura
20,444618,Floris Smand
21,470759,Vincent Pichel
22,351532,Mees Hoedemakers
23,343347,Arno Verschueren
24,259930,Younes Namli
25,25037,Adil Auassar
26,31238,Aaron Meijers
27,44145,Bart Vriends
28,120675,Tim Coremans
29,243916,Nick Olij
30,285951,Delano van Crooij
31,379741,Dirk Abels
32,383560,Sven Mijnans
33,343314,Vito van Crooij
34,404225,Shurandy Sambo
35,411278,Jeremy van Mullem
36,425114,Mohammed Tahiri
37,396279,Elias Melkersen
38,349199,Joshua Kitolano
39,276756,Tobias Lauritsen
40,322776,Michael Pinto
41,427118,Pedro Alemañ
42,395404,Omar Rekik
43,444483,Mike Eerdhuijzen
44,444484,Koki Saito
