,ID,Name
0,130304,Walter Benítez
1,124021,Phillipp Mwene
2,408059,Yorbe Vertessen
3,427824,Johan Bakayoko
4,98101,André Ramalho
5,346767,Mauro Júnior
6,137460,Érick Gutiérrez
7,232261,Anwar El Ghazi
8,275012,Joël Drommel
9,322148,Guus Til
10,26916,Boy Waterman
11,68585,Luuk de Jong
12,85470,Marco van Ginkel
13,361839,Jordan Teze
14,368547,Ki-Jana Hoever
15,382556,Joey Veerman
16,345333,Armando Obispo
17,399772,Xavi Simons
18,386631,Richard Ledezma
19,381045,Jarrad Branthwaite
20,328075,Ibrahim Sangaré
21,409126,Dominik Oroz
22,424368,Gabriel Vidovic
23,345558,Tomás Hájek
24,226599,Maximilian Wittek
25,313385,Carlens Arcus
26,361867,Kjell Scherpen
27,115574,Mitchell Dijks
28,141965,Jeroen Houwen
29,413209,Daan Reiziger
30,414250,Mohamed Sankoh
31,379707,Melle Meulensteen
32,400281,Million Manhoef
33,401021,Enzo Cornelisse
34,436060,Simon van Duivenbooden
35,437426,Miliano Jonathans
36,112719,Sondre Tronstad
37,401131,Bartosz Bialek
38,318295,Matús Bero
39,363704,Toni Domgjoni
40,392344,Nikolai Frederiksen
41,429928,Gyan de Regt
42,444737,Ryan Flamingo
