,ID,Name
0,344071,Landry Dimata
1,296536,Mikkel Duelund
2,22300,Lasse Schöne
3,386625,Andri Baldursson
4,437616,Ibrahim Cissoko
5,400143,Anthony Musaba
6,422804,Bart van Rooij
7,422806,Dirk Proper
8,422809,Ilias Bronkhorst
9,422810,Elayis Tavsan
10,429380,Rijk Janse
11,90811,Jasper Cillessen
12,97367,Mattijs Branderhorst
13,271086,Calvin Verdonk
14,276442,Joris Kramer
15,321959,Philippe Sandler
16,367813,Pedro Marques
17,279967,Iván Márquez
18,431307,Nils Rossen
19,455506,Terry Sanniez
20,124105,Michaël Heylen
21,383819,Mohamed Bouchouari
22,400115,Lucas Bernadou
23,369671,Azzeddine Toufiqui
24,302724,Eric Oelschlägel
25,141265,Ahmed El Messaoudi
26,302776,Keziah Veendorp
27,36131,Jeroen Veldmate
28,115863,Mark Diemers
29,121834,Mickey van der Hart
30,122206,Richairo Zivkovic
31,408339,Ben Scholte
32,409129,Jari Vlak
33,125157,Miguel Araujo
34,402852,Ole Romeny
35,399824,Jasin-Amin Assehnoun
36,444652,Rui Mendes
37,444655,Julius Dirksen
38,444658,Arnaud Luzayadio
39,445052,Kyan van Dorp
40,456764,Maurilio de Lannoy
