,ID,Name
0,127137,Zakaria Bakkali
1,400278,Thierry Lutonda
2,400545,Shawn Adewoye
3,255946,Dario Van den Buijs
4,379712,Saïd Bakari
5,444674,Kevin Felida
6,429373,Roy Kuijpers
7,365160,Lars Nieuwpoort
8,380663,Patrick Vroegh
9,23373,Hans Mulder
10,432167,Mark Spenkelink
11,389411,Yassin Oukili
12,379705,Etienne Vaessen
13,289015,Julian Lelieveld
14,379706,Juriën Gaari
15,279173,Pelle Clement
16,63885,Vurnon Anita
17,90696,Florian Jozefzoon
18,40342,Michiel Kramer
19,136263,Iliass Bel Hassani
20,104982,Mats Seuntjens
21,312584,Joel Pereira
22,391317,Julen Lobete
23,379701,Ramiz Zerrouki
24,422782,Manfred Ugalde
25,291964,Václav Cerny
26,361838,Michal Sadílek
27,90235,Lars Unnerstall
28,307362,Alfons Sampsted
29,368289,Issam El Maach
30,437387,Anass Salah-Eddine
31,322149,Michel Vlap
32,400059,Gijs Smal
33,402819,Mees Hilgers
34,119741,Joshua Brenet
35,120454,Virgil Misidjan
36,361794,Sem Steijn
37,29281,Wout Brama
38,387172,Denilho Cleonise
39,37344,Ricky van Wolfswinkel
40,405560,Daan Rots
41,34545,Przemyslaw Tyton
42,318754,Julio Pleguezuelo
43,404777,Mathias Kjølø
