,ID,Name
0,361880,Oussama Darfalou
1,383819,Mohamed Bouchouari
2,124105,Michaël Heylen
3,400115,Lucas Bernadou
4,369671,Azzeddine Toufiqui
5,302724,Eric Oelschlägel
6,141265,Ahmed El Messaoudi
7,115863,Mark Diemers
8,121834,Mickey van der Hart
9,104292,Lorenzo Burnet
10,91123,Mike te Wierik
11,36131,Jeroen Veldmate
12,302776,Keziah Veendorp
13,122206,Richairo Zivkovic
14,408339,Ben Scholte
15,409129,Jari Vlak
16,445052,Kyan van Dorp
17,428695,Dennis Vos
18,125157,Miguel Araujo
19,409538,Jeremy Antonisse
20,402852,Ole Romeny
21,444655,Julius Dirksen
22,399824,Jasin-Amin Assehnoun
23,365119,Ezequiel Bullaude
24,436553,Igor Paixão
25,319922,Jacob Rasmussen
26,121821,Timon Wellenreuther
27,133390,Alireza Jahanbakhsh
28,136068,Ofir Marciano
29,445061,Santiago Giménez
30,412907,Neraysho Kasanwirjo
31,379784,Mohamed Taabouni
32,302709,Justin Bijlow
33,445059,Mats Wieffer
34,444739,Quilindschy Hartman
35,411078,Quinten Timber
36,345441,Lutsharel Geertruida
37,299321,Oussama Idrissi
38,363083,Javairô Dilrosun
39,319594,Sebastian Szymanski
40,362779,Dávid Hancko
41,355870,Orkun Kökcü
42,371042,Marcos López
43,367522,Danilo
