,ID,Name
0,444781,Xander Blomme
1,422636,Philippe Rommens
2,362691,Luca Plogmann
3,431319,Aventis Aventisian
4,388033,Willum Willumsson
5,382238,Bobby Adekanye
6,379703,Jeffrey de Lange
7,422633,Mats Deijl
8,400173,Jamal Amofa
9,134722,Bas Kuipers
10,422637,Jay Idzes
11,34171,Erwin Mulder
12,444782,Pim Saathof
13,355132,Rashaan Fernandes
14,348644,Sylla Sow
15,284451,Isac Lidberg
16,481168,Jorn Smits
17,383616,Oliver Valaker Edvardsen
18,472963,Darío Serra
19,411691,Enric Llansana
20,399610,Francesco Antonucci
21,439736,Gaetano Oristanio
22,321910,Carel Eiting
23,425605,Xavier Mbuyamba
24,445056,Calvin Twigt
25,240878,Robert Mühren
26,444716,Imran Nazih
27,444712,Billy van Duijl
28,444714,Damon Mirani
29,445057,Achraf Douiri
30,261017,Henk Veerman
31,444720,Barry Lauwers
32,444717,Lequincio Zeefuik
33,444721,Walid Ould-Chikh
34,120549,Daryl van Mieghem
35,391573,Filip Stankovic
36,444711,Derry Murkin
37,445058,Josh Flint
38,460178,Darius Johnson
39,444718,Kayne van Oevelen
