,ID,Name
0,343347,Arno Verschueren
1,259930,Younes Namli
2,444484,Koki Saito
3,25037,Adil Auassar
4,44145,Bart Vriends
5,243916,Nick Olij
6,404225,Shurandy Sambo
7,19087,Jonathan de Guzmán
8,343314,Vito van Crooij
9,379741,Dirk Abels
10,411278,Jeremy van Mullem
11,425114,Mohammed Tahiri
12,379764,Youri Schoonderwaldt
13,285951,Delano van Crooij
14,445063,Patrick Brouwer
15,427851,Rick Meissen
16,31238,Aaron Meijers
17,396279,Elias Melkersen
18,276756,Tobias Lauritsen
19,349199,Joshua Kitolano
20,322776,Michael Pinto
21,427118,Pedro Alemañ
22,481828,Dano Lourens
23,240976,David Sambissa
24,93012,Navarone Foor
25,346507,Roberts Uldrikis
26,361897,Jamie Jacobs
27,38423,Robbin Ruiter
28,105316,Doke Schmidt
29,422862,Brett Minnema
30,431350,Sekou Sylla
31,349183,Léon Bergsma
32,279429,Sai van Wermeskerken
33,422861,Marco Tol
34,349777,Michael Breij
35,393412,Remco Balk
36,364306,Daniël van Kaam
37,90830,Ben Rienstra
38,434130,Thijmen Renkel
39,77699,Calvin Mac-Intosch
40,361778,Silvester van der Water
41,108655,Mitchel Paulissen
42,343196,Bjørn Johnsen
43,422857,Alex Bangura
44,444618,Floris Smand
45,351532,Mees Hoedemakers
