,ID,Name
0,125375,Gerónimo Rulli
1,291937,Florian Grillitsch
2,400166,Mohammed Kudus
3,424819,Lorenzo Lucca
4,447643,Jorge Sánchez
5,322696,Edson Álvarez
6,401122,Kenneth Taylor
7,400165,Devyne Rensch
8,328550,Owen Wijndal
9,388650,Jurriën Timber
10,4065,Maarten Stekelenburg
11,427577,Youri Regeer
12,34550,Remko Pasveer
13,422801,Youri Baas
14,454339,Olivier Aertssen
15,449303,Silvano Vos
16,108860,Davy Klaassen
17,279425,Steven Bergwijn
18,29474,Dusan Tadic
19,396976,Calvin Bassey
20,404568,Brian Brobbey
21,467715,Jorrel Hato
22,462099,Mika Godts
23,362459,Othmane Boussaid
24,403644,Victor Jensen
25,418600,Rocco Robert Shein
26,394998,Can Bozdogan
27,135954,Vasilios Barkas
28,422873,Anastasios Douvikas
29,431329,Naoki Maeda
30,83337,Zakaria Labyad
31,414501,Ruben Kluivert
32,256971,Hidde ter Avest
33,261082,Bart Ramselaar
34,315574,Thijmen Nijhuis
35,110360,Sander van de Streek
36,39726,Mark van der Maarel
37,101605,Mike van der Hoorn
38,135271,Sean Klaiber
39,70906,Nick Viergever
40,82401,Jens Toornstra
41,382582,Tommy St. Jago
42,444675,Taylor Booth
43,382581,Fabian de Keijzer
