,ID,Name
0,328432,Siebe Horemans
1,373556,Arthur Zagre
2,379158,Maxime Awoudja
3,308754,Lazaros Lamprou
4,400172,Vicente Besuijen
5,444619,Stijn van Gassel
6,444620,Redouan El Yaakoubi
7,327903,Kik Pierie
8,363875,Kenzo Goudmijn
9,444623,Julian Baas
10,408102,Peer Koopmeiners
11,400009,Couhaib Driouech
12,382593,Marouan Azarkan
13,444624,Serano Seymor
14,406754,Reda Kharchouch
15,444621,Nathan Tjoe-A-On
16,139666,Norbert Alblas
17,123554,Sven Nieuwpoort
18,100608,Mike van Duinen
19,445053,Nikolas Agrafiotis
20,396058,Rodrigo Guth
21,410086,Stipe Radic
22,401043,Ivor Pandur
23,413273,Remy Vita
24,294844,Arianit Ferati
25,365103,Gianmarco Cangiano
26,243708,Yanick van Osch
27,288873,Paul Gladon
28,391953,Mike van Beijnen
29,281508,Roel Janssen
30,328549,Deroy Duarte
31,423863,Tijjani Noslin
32,455568,Úmaro Embaló
33,70598,Ivo Pinto
34,344201,Iñigo Córdoba
35,381814,Dogan Erdogan
36,383604,George Cox
37,437062,Tunahan Tasci
38,368266,Tom Hendriks
