,ID,Name
0,409126,Dominik Oroz
1,424368,Gabriel Vidovic
2,345558,Tomás Hájek
3,384141,Romaric Yapi
4,89947,Nicolas Isimat-Mirin
5,226599,Maximilian Wittek
6,85470,Marco van Ginkel
7,379707,Melle Meulensteen
8,400281,Million Manhoef
9,414250,Mohamed Sankoh
10,115574,Mitchell Dijks
11,361867,Kjell Scherpen
12,437426,Miliano Jonathans
13,436060,Simon van Duivenbooden
14,401021,Enzo Cornelisse
15,141965,Jeroen Houwen
16,413209,Daan Reiziger
17,112719,Sondre Tronstad
18,401131,Bartosz Bialek
19,412349,Kacper Kozlowski
20,318295,Matús Bero
21,363704,Toni Domgjoni
22,444737,Ryan Flamingo
23,401631,Matej Chalus
24,346304,Mads Bech Sørensen
25,424578,Oliver Antman
26,133960,Peter Leeuwenburgh
27,379742,Laros Duarte
28,434212,Dirk Baron
29,438480,Nordin Musampa
30,371293,Jan de Boer
31,97719,Joey Pelupessy
32,422635,Ragnar Oratmangoen
33,321106,Johan Hove
34,391047,Tomás Suslov
35,335919,Daleho Irandust
36,377466,Ricardo Pepi
37,366865,Florian Krüger
38,395826,Isak Määttä
39,460696,Jorg Schreuders
40,444710,Radinio Balker
41,459078,Thom van Bergen
42,415928,Thijmen Blokzijl
43,415927,Luciano Valente
44,424673,Aimar Sher
