,ID,Name
0,130304,Walter Benítez
1,124021,Phillipp Mwene
2,427824,Johan Bakayoko
3,101537,Thorgan Hazard
4,98101,André Ramalho
5,260809,Olivier Boscagli
6,137460,Érick Gutiérrez
7,404776,Ismael Saibari
8,26916,Boy Waterman
9,361839,Jordan Teze
10,78221,Patrick van Aanholt
11,382556,Joey Veerman
12,322148,Guus Til
13,232261,Anwar El Ghazi
14,68585,Luuk de Jong
15,399772,Xavi Simons
16,275012,Joël Drommel
17,380655,Fábio Silva
18,381045,Jarrad Branthwaite
19,328075,Ibrahim Sangaré
20,143815,Anas Tahiri
21,399607,Antoine Colassin
22,404764,Tibor Halilovic
23,323531,Mats Köhlert
24,361900,Sydney van Hooijdonk
25,238897,Pelle van Amersfoort
26,296543,Jan Bekkema
27,124380,Thom Haye
28,379595,Xavier Mous
29,409160,Syb van Ottele
30,379760,Milan van Ewijk
31,80881,Jeffrey Bruma
32,366886,Osame Sahraoui
33,327724,Simon Olsson
34,321193,Rami Kaib
35,371073,Rami Al Hajj
36,406536,Hussein Ali
37,472399,Bernt Klaverboer
38,444482,Alex Timossi Andersson
39,436158,Daniel Karlsbakk
