,ID,Name
0,344071,Landry Dimata
1,422807,Magnus Mattsson
2,22300,Lasse Schöne
3,386625,Andri Baldursson
4,115869,Oussama Tannane
5,422805,Souffian El Karouani
6,276442,Joris Kramer
7,90811,Jasper Cillessen
8,321959,Philippe Sandler
9,422804,Bart van Rooij
10,400143,Anthony Musaba
11,422806,Dirk Proper
12,422809,Ilias Bronkhorst
13,299511,Jordy Bruijn
14,97367,Mattijs Branderhorst
15,429380,Rijk Janse
16,437616,Ibrahim Cissoko
17,367813,Pedro Marques
18,279967,Iván Márquez
19,455506,Terry Sanniez
20,81523,Mathew Ryan
21,337826,Zinho Vanheusden
22,300755,Pantelis Hatzidiakos
23,330514,Vangelis Pavlidis
24,424273,Milos Kerkez
25,379783,Yukinari Sugawara
26,422739,Sam Beukema
27,438484,Myron van Brederode
28,133959,Riechedly Bazoer
29,353695,Dani de Wit
30,472183,Wouter Goes
31,433950,Mexx Meerdink
32,90834,Hobie Verhulst
33,415772,Zico Buurmeester
34,470734,Daniël Deen
35,422867,Mees de Wit
36,383560,Sven Mijnans
37,90802,Jordy Clasie
38,320614,Jesper Karlsson
39,444780,Mayckel Lahdo
40,334726,Djordje Mihailovic
41,343382,Tijjani Reijnders
