,ID,Name
0,399607,Antoine Colassin
1,143815,Anas Tahiri
2,404764,Tibor Halilovic
3,323531,Mats Köhlert
4,124380,Thom Haye
5,379595,Xavier Mous
6,238897,Pelle van Amersfoort
7,361900,Sydney van Hooijdonk
8,379599,Ché Nunnely
9,296543,Jan Bekkema
10,80881,Jeffrey Bruma
11,379760,Milan van Ewijk
12,409160,Syb van Ottele
13,366886,Osame Sahraoui
14,142376,Pawel Bochniewicz
15,327724,Simon Olsson
16,321193,Rami Kaib
17,371073,Rami Al Hajj
18,406536,Hussein Ali
19,473488,Jesper van der Mark
20,436158,Daniel Karlsbakk
21,444482,Alex Timossi Andersson
22,361880,Oussama Darfalou
23,383819,Mohamed Bouchouari
24,124105,Michaël Heylen
25,369671,Azzeddine Toufiqui
26,444658,Arnaud Luzayadio
27,400115,Lucas Bernadou
28,302724,Eric Oelschlägel
29,141265,Ahmed El Messaoudi
30,115863,Mark Diemers
31,121834,Mickey van der Hart
32,445052,Kyan van Dorp
33,122206,Richairo Zivkovic
34,408339,Ben Scholte
35,428695,Dennis Vos
36,91123,Mike te Wierik
37,104292,Lorenzo Burnet
38,409129,Jari Vlak
39,302776,Keziah Veendorp
40,125157,Miguel Araujo
41,444655,Julius Dirksen
42,409538,Jeremy Antonisse
43,402852,Ole Romeny
44,399824,Jasin-Amin Assehnoun
