,ID,Name
0,409126,Dominik Oroz
1,424368,Gabriel Vidovic
2,345558,Tomás Hájek
3,89947,Nicolas Isimat-Mirin
4,384141,Romaric Yapi
5,226599,Maximilian Wittek
6,313385,Carlens Arcus
7,85470,Marco van Ginkel
8,400281,Million Manhoef
9,379707,Melle Meulensteen
10,361867,Kjell Scherpen
11,413209,Daan Reiziger
12,401021,Enzo Cornelisse
13,141965,Jeroen Houwen
14,437426,Miliano Jonathans
15,414250,Mohamed Sankoh
16,115574,Mitchell Dijks
17,112719,Sondre Tronstad
18,401131,Bartosz Bialek
19,412349,Kacper Kozlowski
20,318295,Matús Bero
21,363704,Toni Domgjoni
22,444737,Ryan Flamingo
23,328432,Siebe Horemans
24,373556,Arthur Zagre
25,379158,Maxime Awoudja
26,308754,Lazaros Lamprou
27,116632,Yassin Ayoub
28,139666,Norbert Alblas
29,406754,Reda Kharchouch
30,444621,Nathan Tjoe-A-On
31,444620,Redouan El Yaakoubi
32,444624,Serano Seymor
33,100608,Mike van Duinen
34,408102,Peer Koopmeiners
35,444738,Noah Naujoks
36,444623,Julian Baas
37,400009,Couhaib Driouech
38,363875,Kenzo Goudmijn
39,444619,Stijn van Gassel
40,327903,Kik Pierie
41,445053,Nikolas Agrafiotis
