,ID,Name
0,143815,Anas Tahiri
1,399607,Antoine Colassin
2,404764,Tibor Halilovic
3,323531,Mats Köhlert
4,124380,Thom Haye
5,142181,Joost van Aken
6,238897,Pelle van Amersfoort
7,252239,Andries Noppert
8,296543,Jan Bekkema
9,401046,Timo Zaal
10,361900,Sydney van Hooijdonk
11,379595,Xavier Mous
12,379760,Milan van Ewijk
13,409160,Syb van Ottele
14,142376,Pawel Bochniewicz
15,327724,Simon Olsson
16,321193,Rami Kaib
17,371073,Rami Al Hajj
18,401593,Amin Sarr
19,406536,Hussein Ali
20,444482,Alex Timossi Andersson
21,346304,Mads Bech Sørensen
22,91123,Mike te Wierik
23,97719,Joey Pelupessy
24,133960,Peter Leeuwenburgh
25,137368,Damil Dankerlui
26,298805,Michael Verrips
27,371293,Jan de Boer
28,422635,Ragnar Oratmangoen
29,433575,Liam van Gelderen
30,321106,Johan Hove
31,391047,Tomás Suslov
32,322086,Ramon Pascal Lundqvist
33,335919,Daleho Irandust
34,425112,Yahya Kalley
35,377466,Ricardo Pepi
36,424673,Aimar Sher
37,444710,Radinio Balker
38,459078,Thom van Bergen
39,460696,Jorg Schreuders
40,395826,Isak Määttä
41,415927,Luciano Valente
42,415928,Thijmen Blokzijl
43,366865,Florian Krüger
