,ID,Name
0,81523,Mathew Ryan
1,337826,Zinho Vanheusden
2,362553,Jens Odgaard
3,330514,Vangelis Pavlidis
4,300755,Pantelis Hatzidiakos
5,424273,Milos Kerkez
6,379783,Yukinari Sugawara
7,404489,Fedde de Jong
8,404490,Yusuf Barasi
9,415772,Zico Buurmeester
10,422867,Mees de Wit
11,434318,Maxim Dekker
12,438484,Myron van Brederode
13,90802,Jordy Clasie
14,90834,Hobie Verhulst
15,353695,Dani de Wit
16,320614,Jesper Karlsson
17,334726,Djordje Mihailovic
18,343382,Tijjani Reijnders
19,444780,Mayckel Lahdo
20,470735,Rome-Jayden Owusu-Oduro
21,396058,Rodrigo Guth
22,401043,Ivor Pandur
23,410086,Stipe Radic
24,413273,Remy Vita
25,294844,Arianit Ferati
26,79755,Dimitrios Siovas
27,365103,Gianmarco Cangiano
28,352844,Thomas Buitink
29,423863,Tijjani Noslin
30,328549,Deroy Duarte
31,243708,Yanick van Osch
32,281508,Roel Janssen
33,288873,Paul Gladon
34,391953,Mike van Beijnen
35,70598,Ivo Pinto
36,344201,Iñigo Córdoba
37,100881,Ximo Navarro
38,107077,Oguzhan Özyakup
39,23282,Burak Yilmaz
40,383604,George Cox
41,368266,Tom Hendriks
42,437062,Tunahan Tasci
43,455568,Úmaro Embaló
