,ID,Name
0,365119,Ezequiel Bullaude
1,436553,Igor Paixão
2,319922,Jacob Rasmussen
3,121821,Timon Wellenreuther
4,133390,Alireza Jahanbakhsh
5,136068,Ofir Marciano
6,363083,Javairô Dilrosun
7,411078,Quinten Timber
8,299321,Oussama Idrissi
9,302709,Justin Bijlow
10,345441,Lutsharel Geertruida
11,379784,Mohamed Taabouni
12,357133,Marcus Pedersen
13,319594,Sebastian Szymanski
14,362779,Dávid Hancko
15,355870,Orkun Kökcü
16,399620,Patrik Wålemark
17,367522,Danilo
18,371042,Marcos López
19,444739,Quilindschy Hartman
20,445059,Mats Wieffer
21,445061,Santiago Giménez
22,125375,Gerónimo Rulli
23,403644,Victor Jensen
24,400166,Mohammed Kudus
25,424819,Lorenzo Lucca
26,322696,Edson Álvarez
27,328550,Owen Wijndal
28,388650,Jurriën Timber
29,401122,Kenneth Taylor
30,279425,Steven Bergwijn
31,34550,Remko Pasveer
32,89794,Steven Berghuis
33,108860,Davy Klaassen
34,4065,Maarten Stekelenburg
35,427577,Youri Regeer
36,415781,Kian Fitz-Jim
37,29474,Dusan Tadic
38,396976,Calvin Bassey
39,404568,Brian Brobbey
40,409221,Francisco Conceição
41,447643,Jorge Sánchez
42,449301,Christian Rasmussen
43,454339,Olivier Aertssen
44,467715,Jorrel Hato
