,ID,Name
0,379701,Ramiz Zerrouki
1,422782,Manfred Ugalde
2,291964,Václav Cerny
3,90235,Lars Unnerstall
4,399296,Christos Tzolis
5,307362,Alfons Sampsted
6,368289,Issam El Maach
7,37344,Ricky van Wolfswinkel
8,108935,Robin Pröpper
9,119741,Joshua Brenet
10,120454,Virgil Misidjan
11,400059,Gijs Smal
12,402819,Mees Hilgers
13,387172,Denilho Cleonise
14,322149,Michel Vlap
15,361794,Sem Steijn
16,437387,Anass Salah-Eddine
17,405560,Daan Rots
18,406780,Max Bruns
19,34545,Przemyslaw Tyton
20,318754,Julio Pleguezuelo
21,404777,Mathias Kjølø
22,471025,Irakli Yegoian
23,362459,Othmane Boussaid
24,418600,Rocco Robert Shein
25,375327,Modibo Sagnan
26,112210,Amin Younes
27,394998,Can Bozdogan
28,422873,Anastasios Douvikas
29,135954,Vasilios Barkas
30,431329,Naoki Maeda
31,422872,Djevencio van der Kust
32,414501,Ruben Kluivert
33,256971,Hidde ter Avest
34,315574,Thijmen Nijhuis
35,382170,Daishawn Redan
36,34323,Bas Dost
37,39726,Mark van der Maarel
38,70906,Nick Viergever
39,101605,Mike van der Hoorn
40,382581,Fabian de Keijzer
41,422634,Luuk Brouwers
42,444675,Taylor Booth
43,454518,Derensili Sanches Fernandes
