,ID,Name
0,384574,Gernot Trauner
1,436553,Igor Paixão
2,319922,Jacob Rasmussen
3,121821,Timon Wellenreuther
4,133390,Alireza Jahanbakhsh
5,136068,Ofir Marciano
6,302709,Justin Bijlow
7,345441,Lutsharel Geertruida
8,411078,Quinten Timber
9,423949,Mimeirhel Benita
10,363083,Javairô Dilrosun
11,357133,Marcus Pedersen
12,320971,Fredrik Bjørkan
13,319594,Sebastian Szymanski
14,362779,Dávid Hancko
15,355870,Orkun Kökçü
16,444738,Noah Naujoks
17,444739,Quilindschy Hartman
18,445059,Mats Wieffer
19,445061,Santiago Giménez
20,367522,Danilo
21,371042,Marcos López
22,399620,Patrik Wålemark
23,396058,Rodrigo Guth
24,401043,Ivor Pandur
25,413273,Remy Vita
26,294844,Arianit Ferati
27,243708,Yanick van Osch
28,281508,Roel Janssen
29,288873,Paul Gladon
30,104982,Mats Seuntjens
31,423863,Tijjani Noslin
32,391953,Mike van Beijnen
33,70598,Ivo Pinto
34,100881,Ximo Navarro
35,344201,Iñigo Córdoba
36,381814,Dogan Erdogan
37,107077,Oguzhan Özyakup
38,23282,Burak Yilmaz
39,361862,Cole Bassett
40,383604,George Cox
41,368266,Tom Hendriks
42,437062,Tunahan Tasci
43,455568,Úmaro Embaló
