,ID,Name
0,424368,Gabriel Vidovic
1,345558,Tomás Hájek
2,384141,Romaric Yapi
3,226599,Maximilian Wittek
4,285933,Markus Schubert
5,313385,Carlens Arcus
6,379707,Melle Meulensteen
7,436060,Simon van Duivenbooden
8,437426,Miliano Jonathans
9,352844,Thomas Buitink
10,141965,Jeroen Houwen
11,413209,Daan Reiziger
12,414250,Mohamed Sankoh
13,400281,Million Manhoef
14,401021,Enzo Cornelisse
15,112719,Sondre Tronstad
16,401131,Bartosz Bialek
17,412349,Kacper Kozlowski
18,318295,Matús Bero
19,363704,Toni Domgjoni
20,392344,Nikolai Frederiksen
21,444737,Ryan Flamingo
22,429928,Gyan de Regt
23,124105,Michael Heylen
24,383819,Mohamed Bouchouari
25,369671,Azzeddine Toufiqui
26,302724,Eric Oelschlägel
27,141265,Ahmed El Messaoudi
28,36131,Jeroen Veldmate
29,115863,Mark Diemers
30,121834,Mickey van der Hart
31,122206,Richairo Zivkovic
32,302776,Keziah Veendorp
33,408339,Ben Scholte
34,409129,Jari Vlak
35,125157,Miguel Araujo
36,397586,Fernando Pacheco
37,399824,Jasin-Amin Assehnoun
38,402852,Ole Romeny
39,444652,Rui Mendes
40,444653,Remi van Ekeris
41,444655,Julius Dirksen
42,444658,Arnaud Luzayadio
43,445052,Kyan van Dorp
