,ID,Name
0,400278,Thierry Lutonda
1,400545,Shawn Adewoye
2,255946,Dario Van den Buijs
3,127137,Zakaria Bakkali
4,383972,Sebbe Augustijns
5,379712,Saïd Bakari
6,400276,Luuk Wouters
7,429373,Roy Kuijpers
8,432167,Mark Spenkelink
9,380663,Patrick Vroegh
10,389411,Yassin Oukili
11,136263,Iliass Bel Hassani
12,365160,Lars Nieuwpoort
13,379705,Etienne Vaessen
14,379706,Juriën Gaari
15,279173,Pelle Clement
16,289015,Julian Lelieveld
17,23373,Hans Mulder
18,40342,Michiel Kramer
19,63885,Vurnon Anita
20,90696,Florian Jozefzoon
21,312584,Joel Pereira
22,391317,Julen Lobete
23,90365,Lisandro Magallán
24,115587,Lucas Ocampos
25,291937,Florian Grillitsch
26,400166,Mohammed Kudus
27,424819,Lorenzo Lucca
28,322696,Edson Álvarez
29,328550,Owen Wijndal
30,388650,Jurriën Timber
31,279425,Steven Bergwijn
32,400165,Devyne Rensch
33,4065,Maarten Stekelenburg
34,108860,Davy Klaassen
35,34550,Remko Pasveer
36,70033,Daley Blind
37,89794,Steven Berghuis
38,415781,Kian Fitz-Jim
39,422802,Jay Gorter
40,29474,Dusan Tadic
41,396976,Calvin Bassey
42,404568,Brian Brobbey
43,409221,Francisco Conceição
44,447643,Jorge Sánchez
