,ID,Name
0,130304,Walter Benítez
1,124021,Phillipp Mwene
2,427824,Johan Bakayoko
3,101537,Thorgan Hazard
4,428122,Fedde Leysen
5,98101,André Ramalho
6,260809,Olivier Boscagli
7,137460,Érick Gutiérrez
8,404776,Ismael Saibari
9,26916,Boy Waterman
10,232261,Anwar El Ghazi
11,275012,Joël Drommel
12,68585,Luuk de Jong
13,428694,Jenson Seelt
14,361839,Jordan Teze
15,78221,Patrick van Aanholt
16,382556,Joey Veerman
17,322148,Guus Til
18,399772,Xavi Simons
19,380655,Fábio Silva
20,381045,Jarrad Branthwaite
21,328075,Ibrahim Sangaré
22,125375,Gerónimo Rulli
23,291937,Florian Grillitsch
24,424248,Kristian Hlynsson
25,424819,Lorenzo Lucca
26,447643,Jorge Sánchez
27,401122,Kenneth Taylor
28,279425,Steven Bergwijn
29,388650,Jurriën Timber
30,108860,Davy Klaassen
31,89794,Steven Berghuis
32,427577,Youri Regeer
33,4065,Maarten Stekelenburg
34,422801,Youri Baas
35,34550,Remko Pasveer
36,454339,Olivier Aertssen
37,449303,Silvano Vos
38,328550,Owen Wijndal
39,29474,Dusan Tadic
40,396976,Calvin Bassey
41,467715,Jorrel Hato
42,462099,Mika Godts
43,404568,Brian Brobbey
44,409221,Francisco Conceição
