,ID,Name
0,422636,Philippe Rommens
1,444781,Xander Blomme
2,362691,Luca Plogmann
3,431319,Aventis Aventisian
4,388033,Willum Willumsson
5,322159,Finn Stokkers
6,379703,Jeffrey de Lange
7,422633,Mats Deijl
8,134722,Bas Kuipers
9,422637,Jay Idzes
10,400173,Jamal Amofa
11,355961,Evert Linthorst
12,355132,Rashaan Fernandes
13,34171,Erwin Mulder
14,444782,Pim Saathof
15,348644,Sylla Sow
16,395424,José Fontán
17,284451,Isac Lidberg
18,383616,Oliver Valaker Edvardsen
19,472963,Darío Serra
20,411691,Enric Llansana
21,396058,Rodrigo Guth
22,353098,Kristijan Bistrovic
23,401043,Ivor Pandur
24,410086,Stipe Radic
25,413273,Remy Vita
26,294844,Arianit Ferati
27,79755,Dimitrios Siovas
28,365103,Gianmarco Cangiano
29,243708,Yanick van Osch
30,288873,Paul Gladon
31,423863,Tijjani Noslin
32,281508,Roel Janssen
33,391953,Mike van Beijnen
34,328549,Deroy Duarte
35,352844,Thomas Buitink
36,70598,Ivo Pinto
37,455568,Úmaro Embaló
38,100881,Ximo Navarro
39,344201,Iñigo Córdoba
40,381814,Dogan Erdogan
41,383604,George Cox
42,368266,Tom Hendriks
43,437062,Tunahan Tasci
