,ID,Name
0,379701,Ramiz Zerrouki
1,422782,Manfred Ugalde
2,291964,Václav Cerny
3,361838,Michal Sadílek
4,90235,Lars Unnerstall
5,307362,Alfons Sampsted
6,368289,Issam El Maach
7,437387,Anass Salah-Eddine
8,37344,Ricky van Wolfswinkel
9,387172,Denilho Cleonise
10,405560,Daan Rots
11,108935,Robin Pröpper
12,119741,Joshua Brenet
13,322149,Michel Vlap
14,120454,Virgil Misidjan
15,400059,Gijs Smal
16,29281,Wout Brama
17,361794,Sem Steijn
18,34545,Przemyslaw Tyton
19,318754,Julio Pleguezuelo
20,404777,Mathias Kjølø
21,343347,Arno Verschueren
22,259930,Younes Namli
23,444484,Koki Saito
24,25037,Adil Auassar
25,425114,Mohammed Tahiri
26,31238,Aaron Meijers
27,120675,Tim Coremans
28,285951,Delano van Crooij
29,445063,Patrick Brouwer
30,460754,Dylan van Wageningen
31,343314,Vito van Crooij
32,379741,Dirk Abels
33,411278,Jeremy van Mullem
34,19087,Jonathan de Guzmán
35,243916,Nick Olij
36,404225,Shurandy Sambo
37,444483,Mike Eerdhuijzen
38,349199,Joshua Kitolano
39,276756,Tobias Lauritsen
40,396279,Elias Melkersen
41,322776,Michael Pinto
42,427118,Pedro Alemañ
