,ID,Name
0,81523,Mathew Ryan
1,337826,Zinho Vanheusden
2,362553,Jens Odgaard
3,300755,Pantelis Hatzidiakos
4,424273,Milos Kerkez
5,379783,Yukinari Sugawara
6,422739,Sam Beukema
7,383560,Sven Mijnans
8,90802,Jordy Clasie
9,438484,Myron van Brederode
10,415772,Zico Buurmeester
11,470734,Daniël Deen
12,90834,Hobie Verhulst
13,434318,Maxim Dekker
14,133959,Riechedly Bazoer
15,433950,Mexx Meerdink
16,422867,Mees de Wit
17,444780,Mayckel Lahdo
18,334726,Djordje Mihailovic
19,343382,Tijjani Reijnders
20,255946,Dario Van den Buijs
21,400545,Shawn Adewoye
22,469502,Chris Lokesa
23,400278,Thierry Lutonda
24,127137,Zakaria Bakkali
25,383972,Sebbe Augustijns
26,379712,Saïd Bakari
27,289015,Julian Lelieveld
28,379706,Juriën Gaari
29,380663,Patrick Vroegh
30,432167,Mark Spenkelink
31,279173,Pelle Clement
32,63885,Vurnon Anita
33,389411,Yassin Oukili
34,40342,Michiel Kramer
35,104982,Mats Seuntjens
36,429373,Roy Kuijpers
37,365160,Lars Nieuwpoort
38,429270,Joey Kesting
39,90696,Florian Jozefzoon
40,312584,Joel Pereira
41,391317,Julen Lobete
42,430909,Mika Biereth
