,ID,Name
0,365119,Ezequiel Bullaude
1,436553,Igor Paixão
2,319922,Jacob Rasmussen
3,121821,Timon Wellenreuther
4,133390,Alireza Jahanbakhsh
5,136068,Ofir Marciano
6,445061,Santiago Giménez
7,445059,Mats Wieffer
8,422921,Antoni Milambo
9,363083,Javairô Dilrosun
10,302709,Justin Bijlow
11,345441,Lutsharel Geertruida
12,299321,Oussama Idrissi
13,412907,Neraysho Kasanwirjo
14,379784,Mohamed Taabouni
15,357133,Marcus Pedersen
16,319594,Sebastian Szymanski
17,362779,Dávid Hancko
18,355870,Orkun Kökcü
19,371042,Marcos López
20,367522,Danilo
21,402885,Anthony Descotte
22,362459,Othmane Boussaid
23,403644,Victor Jensen
24,375327,Modibo Sagnan
25,394998,Can Bozdogan
26,135954,Vasilios Barkas
27,422873,Anastasios Douvikas
28,431329,Naoki Maeda
29,83337,Zakaria Labyad
30,34323,Bas Dost
31,135271,Sean Klaiber
32,70906,Nick Viergever
33,101605,Mike van der Hoorn
34,82401,Jens Toornstra
35,110360,Sander van de Streek
36,39726,Mark van der Maarel
37,256971,Hidde ter Avest
38,261082,Bart Ramselaar
39,315574,Thijmen Nijhuis
40,414501,Ruben Kluivert
41,444675,Taylor Booth
42,382581,Fabian de Keijzer
43,422634,Luuk Brouwers
