,ID,Name
0,379787,Jacky Donkor
1,328432,Siebe Horemans
2,379158,Maxime Awoudja
3,320000,Adrian Fein
4,308754,Lazaros Lamprou
5,100608,Mike van Duinen
6,139666,Norbert Alblas
7,363875,Kenzo Goudmijn
8,382593,Marouan Azarkan
9,400009,Couhaib Driouech
10,400056,Nathangelo Markelo
11,406754,Reda Kharchouch
12,444619,Stijn van Gassel
13,444620,Redouan El Yaakoubi
14,444622,Joshua Eijgenraam
15,444623,Julian Baas
16,444624,Serano Seymor
17,445053,Nikolas Agrafiotis
18,362553,Jens Odgaard
19,377279,Peter Vindahl
20,300755,Pantelis Hatzidiakos
21,424273,Milos Kerkez
22,379783,Yukinari Sugawara
23,404489,Fedde de Jong
24,404490,Yusuf Barasi
25,408102,Peer Koopmeiners
26,415772,Zico Buurmeester
27,434318,Maxim Dekker
28,438484,Myron van Brederode
29,353695,Dani de Wit
30,90802,Jordy Clasie
31,90834,Hobie Verhulst
32,133959,Riechedly Bazoer
33,422739,Sam Beukema
34,422867,Mees de Wit
35,320614,Jesper Karlsson
36,343382,Tijjani Reijnders
37,444780,Mayckel Lahdo
38,422738,Sem Westerveld
