,ID,Name
0,240976,David Sambissa
1,422859,Jhondly van der Meer
2,346507,Roberts Uldrikis
3,349183,Léon Bergsma
4,349777,Michael Breij
5,38423,Robbin Ruiter
6,77699,Calvin Mac-Intosch
7,105316,Doke Schmidt
8,108655,Mitchel Paulissen
9,279429,Sai van Wermeskerken
10,343393,Tom Boere
11,361778,Silvester van der Water
12,361897,Jamie Jacobs
13,364306,Daniël van Kaam
14,393412,Remco Balk
15,422861,Marco Tol
16,422862,Brett Minnema
17,436147,Milan Smit
18,362852,João Virgínia
19,422857,Alex Bangura
20,383858,Felix Mambimbi
21,351532,Mees Hoedemakers
22,444618,Floris Smand
23,379701,Ramiz Zerrouki
24,422782,Manfred Ugalde
25,90235,Lars Unnerstall
26,368289,Issam El Maach
27,437387,Anass Salah-Eddine
28,405560,Daan Rots
29,406780,Max Bruns
30,422781,Luca Everink
31,108935,Robin Pröpper
32,119741,Joshua Brenet
33,120454,Virgil Misidjan
34,387172,Denilho Cleonise
35,400057,Casper Staring
36,400058,Thijs van Leeuwen
37,400059,Gijs Smal
38,402819,Mees Hilgers
39,37344,Ricky van Wolfswinkel
40,322149,Michel Vlap
41,361794,Sem Steijn
42,34545,Przemyslaw Tyton
43,318754,Julio Pleguezuelo
44,404777,Mathias Kjølø
