,ID,Name
0,362459,Othmane Boussaid
1,418600,Rocco Robert Shein
2,375327,Modibo Sagnan
3,344041,Moussa Sylla
4,394998,Can Bozdogan
5,112210,Amin Younes
6,135954,Vasilios Barkas
7,422873,Anastasios Douvikas
8,431329,Naoki Maeda
9,422872,Djevencio van der Kust
10,256971,Hidde ter Avest
11,135271,Sean Klaiber
12,34323,Bas Dost
13,39726,Mark van der Maarel
14,82401,Jens Toornstra
15,101605,Mike van der Hoorn
16,110360,Sander van de Streek
17,411079,Calvin Raatsie
18,414501,Ruben Kluivert
19,382170,Daishawn Redan
20,444675,Taylor Booth
21,382581,Fabian de Keijzer
22,422634,Luuk Brouwers
23,343270,Jason Lokilo
24,343347,Arno Verschueren
25,225522,Mario Engels
26,25037,Adil Auassar
27,31238,Aaron Meijers
28,44145,Bart Vriends
29,243916,Nick Olij
30,379741,Dirk Abels
31,379764,Youri Schoonderwaldt
32,383560,Sven Mijnans
33,404225,Shurandy Sambo
34,411278,Jeremy Van Mullem
35,425114,Mohammed Tahiri
36,437336,Augustin Drakpe
37,19087,Jonathan de Guzmán
38,343314,Vito van Crooij
39,285951,Delano van Crooij
40,349199,Joshua Kitolano
41,276756,Tobias Lauritsen
42,322776,Michael Pinto
43,444483,Mike Eerdhuijzen
44,444484,Koki Saito
45,445063,Patrick Brouwer
