,ID,Name
0,409052,Benaissa Benamar
1,425605,Xavier Mbuyamba
2,120549,Daryl van Mieghem
3,148512,Bilal Ould-Chikh
4,240878,Robert Mühren
5,261017,Henk Veerman
6,321910,Carel Eiting
7,391573,Filip Stankovic
8,439736,Gaetano Oristanio
9,444711,Derry Murkin
10,444713,Brian Plat
11,444714,Damon Mirani
12,444715,Ibrahim El Kadiri
13,444716,Imran Nazih
14,444717,Lequincio Zeefuik
15,444718,Kayne van Oevelen
16,444720,Barry Lauwers
17,444721,Walid Ould-Chikh
18,445055,Dean Ruben James
19,445058,Josh Flint
20,460179,Jordi Blom
21,460499,Joey Antonioli
22,143815,Anas Tahiri
23,399607,Antoine Colassin
24,404764,Tibor Halilovic
25,323531,Mats Köhlert
26,361900,Sydney van Hooijdonk
27,252239,Andries Noppert
28,296543,Jan Bekkema
29,124274,Sven van Beek
30,124380,Thom Haye
31,142181,Joost van Aken
32,409160,Syb van Ottele
33,379595,Xavier Mous
34,379760,Milan van Ewijk
35,142376,Pawel Bochniewicz
36,321193,Rami Kaib
37,371073,Rami Al Hajj
38,327724,Simon Olsson
39,401593,Amin Sarr
40,406536,Hussein Ali
41,444482,Alex Timossi Andersson
