,ID,Name
0,344071,Landry Dimata
1,422807,Magnus Mattsson
2,22300,Lasse Schöne
3,296536,Mikkel Duelund
4,386625,Andri Baldursson
5,115869,Oussama Tannane
6,422805,Souffian El Karouani
7,422806,Dirk Proper
8,271086,Calvin Verdonk
9,276442,Joris Kramer
10,299511,Jordy Bruijn
11,321959,Philippe Sandler
12,90811,Jasper Cillessen
13,97367,Mattijs Branderhorst
14,422804,Bart van Rooij
15,422809,Ilias Bronkhorst
16,422810,Elayis Tavsan
17,422814,Robin Roefs
18,437616,Ibrahim Cissoko
19,367813,Pedro Marques
20,279967,Iván Márquez
21,455506,Terry Lartey Sanniez
22,422636,Philippe Rommens
23,288859,Gerrit Nauber
24,362691,Luca Plogmann
25,431319,Aventis Aventisian
26,388033,Willum Willumsson
27,322159,Finn Stokkers
28,331931,Justin Bakker
29,348644,Sylla Sow
30,355961,Evert Linthorst
31,357807,Martijn Berden
32,400173,Jamal Amofa
33,379703,Jeffrey de Lange
34,382238,Bobby Adekanye
35,422633,Mats Deijl
36,422637,Jay Idzes
37,425219,Jahnoah Markelo
38,426002,Sven Jansen
39,395424,José Fontán
40,320513,Tesfaldet Tekie
41,284451,Isac Lidberg
42,444781,Xander Blomme
43,411691,Enric Llansana
44,383616,Oliver Valaker Edvardsen
