,ID,Name
0,367742,Cyril Ngonge
1,404224,Emmanuel Matuta
2,322591,Marin Sverko
3,422635,Ragnar Oratmangoen
4,343438,Jan Hoekstra
5,91123,Mike te Wierik
6,97719,Joey Pelupessy
7,137368,Damil Dankerlui
8,412907,Neraysho Kasanwirjo
9,371293,Jan de Boer
10,379742,Laros Duarte
11,406537,Paulos Abraham
12,322086,Ramon Pascal Lundqvist
13,335919,Daleho Irandust
14,377466,Ricardo Pepi
15,444710,Radinio Balker
16,459078,Thom van Bergen
17,461503,Jasper Meijster
18,395826,Isak Määttä
19,415927,Luciano Valente
20,366865,Florian Krüger
21,130304,Walter Benítez
22,124021,Phillipp Mwene
23,427824,Johan Bakayoko
24,98101,André Ramalho
25,346767,Mauro Júnior
26,142466,Philipp Max
27,137460,Érick Gutiérrez
28,382556,Joey Veerman
29,345333,Armando Obispo
30,399772,Xavi Simons
31,232261,Anwar El Ghazi
32,275012,Joël Drommel
33,322148,Guus Til
34,352825,Cody Gakpo
35,361839,Jordan Teze
36,368547,Ki-Jana Hoever
37,26916,Boy Waterman
38,68585,Luuk de Jong
39,85470,Marco van Ginkel
40,386631,Richard Ledezma
41,389935,Noni Madueke
42,381045,Jarrad Branthwaite
43,328075,Ibrahim Sangaré
