,ID,Name
0,343347,Arno Verschueren
1,259930,Younes Namli
2,444484,Koki Saito
3,25037,Adil Auassar
4,44145,Bart Vriends
5,411278,Jeremy van Mullem
6,343314,Vito van Crooij
7,31238,Aaron Meijers
8,425114,Mohammed Tahiri
9,120675,Tim Coremans
10,427851,Rick Meissen
11,379741,Dirk Abels
12,243916,Nick Olij
13,19087,Jonathan de Guzmán
14,285951,Delano van Crooij
15,404225,Shurandy Sambo
16,396279,Elias Melkersen
17,276756,Tobias Lauritsen
18,349199,Joshua Kitolano
19,322776,Michael Pinto
20,427118,Pedro Alemañ
21,444483,Mike Eerdhuijzen
22,445063,Patrick Brouwer
23,402885,Anthony Descotte
24,362459,Othmane Boussaid
25,403644,Victor Jensen
26,418600,Rocco Robert Shein
27,375327,Modibo Sagnan
28,135954,Vasilios Barkas
29,422873,Anastasios Douvikas
30,431329,Naoki Maeda
31,429657,Sep van der Heijden
32,256971,Hidde ter Avest
33,261082,Bart Ramselaar
34,315574,Thijmen Nijhuis
35,382582,Tommy St. Jago
36,101605,Mike van der Hoorn
37,82401,Jens Toornstra
38,39726,Mark van der Maarel
39,135271,Sean Klaiber
40,110360,Sander van de Streek
41,422909,Ramon Hendriks
42,414501,Ruben Kluivert
43,444675,Taylor Booth
44,422634,Luuk Brouwers
