,ID,Name
0,124105,Michaël Heylen
1,383819,Mohamed Bouchouari
2,400115,Lucas Bernadou
3,302724,Eric Oelschlägel
4,141265,Ahmed El Messaoudi
5,302776,Keziah Veendorp
6,36131,Jeroen Veldmate
7,115863,Mark Diemers
8,121834,Mickey van der Hart
9,122206,Richairo Zivkovic
10,408339,Ben Scholte
11,409129,Jari Vlak
12,125157,Miguel Araujo
13,444652,Rui Mendes
14,444655,Julius Dirksen
15,444658,Arnaud Luzayadio
16,445052,Kyan van Dorp
17,472106,Dave Funke
18,402852,Ole Romeny
19,399824,Jasin-Amin Assehnoun
20,130304,Walter Benítez
21,124021,Phillipp Mwene
22,408059,Yorbe Vertessen
23,427824,Johan Bakayoko
24,98101,André Ramalho
25,346767,Mauro Júnior
26,142466,Philipp Max
27,137460,Érick Gutiérrez
28,26916,Boy Waterman
29,232261,Anwar El Ghazi
30,275012,Joël Drommel
31,322148,Guus Til
32,361839,Jordan Teze
33,382556,Joey Veerman
34,399772,Xavi Simons
35,345333,Armando Obispo
36,422764,Fodé Fofana
37,403097,Fredrik Oppegård
38,386631,Richard Ledezma
39,381045,Jarrad Branthwaite
40,328075,Ibrahim Sangaré
