,ID,Name
0,343347,Arno Verschueren
1,259930,Younes Namli
2,25037,Adil Auassar
3,31238,Aaron Meijers
4,44145,Bart Vriends
5,243916,Nick Olij
6,285951,Delano van Crooij
7,19087,Jonathan de Guzmán
8,343314,Vito van Crooij
9,379741,Dirk Abels
10,379764,Youri Schoonderwaldt
11,383560,Sven Mijnans
12,404225,Shurandy Sambo
13,411278,Jeremy van Mullem
14,425114,Mohammed Tahiri
15,396279,Elias Melkersen
16,349199,Joshua Kitolano
17,276756,Tobias Lauritsen
18,322776,Michael Pinto
19,427118,Pedro Alemañ
20,395404,Omar Rekik
21,444483,Mike Eerdhuijzen
22,444484,Koki Saito
23,255946,Dario Van den Buijs
24,400278,Thierry Lutonda
25,400545,Shawn Adewoye
26,383972,Sebbe Augustijns
27,379712,Saïd Bakari
28,365160,Lars Nieuwpoort
29,379705,Etienne Vaessen
30,379706,Juriën Gaari
31,279173,Pelle Clement
32,289015,Julian Lelieveld
33,40342,Michiel Kramer
34,63885,Vurnon Anita
35,90696,Florian Jozefzoon
36,104982,Mats Seuntjens
37,136263,Iliass Bel Hassani
38,389411,Yassin Oukili
39,432167,Mark Spenkelink
40,429373,Roy Kuijpers
41,400276,Luuk Wouters
42,312584,Joel Pereira
43,391317,Julen Lobete
44,444674,Kevin Felida
45,430909,Mika Biereth
