,ID,Name
0,401631,Matej Chalus
1,346304,Mads Bech Sørensen
2,424578,Oliver Antman
3,94885,Jetro Willems
4,379742,Laros Duarte
5,97719,Joey Pelupessy
6,137368,Damil Dankerlui
7,133960,Peter Leeuwenburgh
8,371293,Jan de Boer
9,94904,Elvis Manu
10,422635,Ragnar Oratmangoen
11,438480,Nordin Musampa
12,321106,Johan Hove
13,391047,Tomás Suslov
14,335919,Daleho Irandust
15,377466,Ricardo Pepi
16,461503,Jasper Meijster
17,459078,Thom van Bergen
18,460696,Jorg Schreuders
19,395826,Isak Määttä
20,444710,Radinio Balker
21,366865,Florian Krüger
22,424673,Aimar Sher
23,415927,Luciano Valente
24,344071,Landry Dimata
25,422807,Magnus Mattsson
26,22300,Lasse Schöne
27,386625,Andri Baldursson
28,422805,Souffian El Karouani
29,422804,Bart van Rooij
30,321959,Philippe Sandler
31,90811,Jasper Cillessen
32,276442,Joris Kramer
33,422809,Ilias Bronkhorst
34,400143,Anthony Musaba
35,429380,Rijk Janse
36,97367,Mattijs Branderhorst
37,437616,Ibrahim Cissoko
38,299511,Jordy Bruijn
39,422810,Elayis Tavsan
40,422806,Dirk Proper
41,367813,Pedro Marques
42,279967,Iván Márquez
43,455506,Terry Sanniez
