,ID,Name
0,401631,Matej Chalus
1,298805,Michael Verrips
2,433575,Liam van Gelderen
3,422635,Ragnar Oratmangoen
4,94904,Elvis Manu
5,371293,Jan de Boer
6,94885,Jetro Willems
7,391048,Kian Slor
8,97719,Joey Pelupessy
9,133960,Peter Leeuwenburgh
10,137368,Damil Dankerlui
11,379742,Laros Duarte
12,321106,Johan Hove
13,391047,Tomás Suslov
14,335919,Daleho Irandust
15,377466,Ricardo Pepi
16,444710,Radinio Balker
17,395826,Isak Määttä
18,415928,Thijmen Blokzijl
19,415927,Luciano Valente
20,424673,Aimar Sher
21,366865,Florian Krüger
22,459078,Thom van Bergen
23,328432,Siebe Horemans
24,373556,Arthur Zagre
25,320000,Adrian Fein
26,308754,Lazaros Lamprou
27,382593,Marouan Azarkan
28,444623,Julian Baas
29,139666,Norbert Alblas
30,100608,Mike van Duinen
31,363875,Kenzo Goudmijn
32,400056,Nathangelo Markelo
33,406754,Reda Kharchouch
34,123554,Sven Nieuwpoort
35,408102,Peer Koopmeiners
36,444622,Joshua Eijgenraam
37,444738,Noah Naujoks
38,444619,Stijn van Gassel
39,444621,Nathan Tjoe-A-On
40,444624,Serano Seymor
41,444625,Pascal Kuiper
42,445053,Nikolas Agrafiotis
