,ID,Name
0,81523,Mathew Ryan
1,362553,Jens Odgaard
2,300755,Pantelis Hatzidiakos
3,330514,Vangelis Pavlidis
4,424273,Milos Kerkez
5,379783,Yukinari Sugawara
6,383560,Sven Mijnans
7,90802,Jordy Clasie
8,404490,Yusuf Barasi
9,404489,Fedde de Jong
10,438484,Myron van Brederode
11,415772,Zico Buurmeester
12,90834,Hobie Verhulst
13,445049,Lewis Schouten
14,422867,Mees de Wit
15,320614,Jesper Karlsson
16,334726,Djordje Mihailovic
17,472183,Wouter Goes
18,343382,Tijjani Reijnders
19,470735,Rome-Jayden Owusu-Oduro
20,444780,Mayckel Lahdo
21,240976,David Sambissa
22,259530,Robin Maulun
23,93012,Navarone Foor
24,346507,Roberts Uldrikis
25,361897,Jamie Jacobs
26,393412,Remco Balk
27,90830,Ben Rienstra
28,77699,Calvin Mac-Intosch
29,364306,Daniël van Kaam
30,349777,Michael Breij
31,238997,Mimoun Mahi
32,431350,Sekou Sylla
33,422862,Brett Minnema
34,349183,Léon Bergsma
35,279429,Sai van Wermeskerken
36,38423,Robbin Ruiter
37,105316,Doke Schmidt
38,343196,Bjørn Johnsen
39,362852,João Virgínia
40,444618,Floris Smand
41,470759,Vincent Pichel
42,351532,Mees Hoedemakers
