,ID,Name
0,399607,Antoine Colassin
1,143815,Anas Tahiri
2,404764,Tibor Halilovic
3,323531,Mats Köhlert
4,379595,Xavier Mous
5,379760,Milan van Ewijk
6,80881,Jeffrey Bruma
7,296543,Jan Bekkema
8,142181,Joost van Aken
9,409160,Syb van Ottele
10,379599,Ché Nunnely
11,124380,Thom Haye
12,361900,Sydney van Hooijdonk
13,238897,Pelle van Amersfoort
14,366886,Osame Sahraoui
15,142376,Pawel Bochniewicz
16,371073,Rami Al Hajj
17,327724,Simon Olsson
18,406536,Hussein Ali
19,321193,Rami Kaib
20,436158,Daniel Karlsbakk
21,472399,Bernt Klaverboer
22,444482,Alex Timossi Andersson
23,400278,Thierry Lutonda
24,127137,Zakaria Bakkali
25,383972,Sebbe Augustijns
26,255946,Dario Van den Buijs
27,400545,Shawn Adewoye
28,379712,Saïd Bakari
29,90696,Florian Jozefzoon
30,432167,Mark Spenkelink
31,444674,Kevin Felida
32,63885,Vurnon Anita
33,400276,Luuk Wouters
34,365160,Lars Nieuwpoort
35,379706,Juriën Gaari
36,289015,Julian Lelieveld
37,136263,Iliass Bel Hassani
38,104982,Mats Seuntjens
39,40342,Michiel Kramer
40,380663,Patrick Vroegh
41,379705,Etienne Vaessen
42,279173,Pelle Clement
43,389411,Yassin Oukili
44,312584,Joel Pereira
45,391317,Julen Lobete
