,ID,Name
0,344071,Landry Dimata
1,22300,Lasse Schöne
2,422807,Magnus Mattsson
3,386625,Andri Baldursson
4,422805,Souffian El Karouani
5,115869,Oussama Tannane
6,422810,Elayis Tavsan
7,400143,Anthony Musaba
8,321959,Philippe Sandler
9,437616,Ibrahim Cissoko
10,276442,Joris Kramer
11,299511,Jordy Bruijn
12,422809,Ilias Bronkhorst
13,90811,Jasper Cillessen
14,422804,Bart van Rooij
15,422806,Dirk Proper
16,97367,Mattijs Branderhorst
17,271086,Calvin Verdonk
18,429380,Rijk Janse
19,367813,Pedro Marques
20,279967,Iván Márquez
21,455506,Terry Sanniez
22,399610,Francesco Antonucci
23,345769,Oskar Buur
24,408912,Florent Da Silva
25,439736,Gaetano Oristanio
26,409052,Benaissa Benamar
27,120549,Daryl van Mieghem
28,445057,Achraf Douiri
29,261017,Henk Veerman
30,444714,Damon Mirani
31,444720,Barry Lauwers
32,444715,Ibrahim El Kadiri
33,445056,Calvin Twigt
34,321910,Carel Eiting
35,444713,Brian Plat
36,425605,Xavier Mbuyamba
37,391573,Filip Stankovic
38,445058,Josh Flint
39,444718,Kayne van Oevelen
40,472272,Flip Klomp
41,445055,Dean Ruben James
42,444721,Walid Ould-Chikh
