,ID,Name
0,396058,Rodrigo Guth
1,401043,Ivor Pandur
2,410086,Stipe Radic
3,353098,Kristijan Bistrovic
4,413273,Remy Vita
5,294844,Arianit Ferati
6,79755,Dimitrios Siovas
7,365103,Gianmarco Cangiano
8,352844,Thomas Buitink
9,423863,Tijjani Noslin
10,328549,Deroy Duarte
11,243708,Yanick van Osch
12,281508,Roel Janssen
13,288873,Paul Gladon
14,70598,Ivo Pinto
15,100881,Ximo Navarro
16,344201,Iñigo Córdoba
17,107077,Oguzhan Özyakup
18,23282,Burak Yilmaz
19,383604,George Cox
20,368266,Tom Hendriks
21,437062,Tunahan Tasci
22,455568,Úmaro Embaló
23,143815,Anas Tahiri
24,399607,Antoine Colassin
25,404764,Tibor Halilovic
26,323531,Mats Köhlert
27,124380,Thom Haye
28,142181,Joost van Aken
29,238897,Pelle van Amersfoort
30,252239,Andries Noppert
31,296543,Jan Bekkema
32,401046,Timo Zaal
33,361900,Sydney van Hooijdonk
34,379595,Xavier Mous
35,379760,Milan van Ewijk
36,409160,Syb van Ottele
37,142376,Pawel Bochniewicz
38,327724,Simon Olsson
39,321193,Rami Kaib
40,371073,Rami Al Hajj
41,401593,Amin Sarr
42,406536,Hussein Ali
43,444482,Alex Timossi Andersson
