,ID,Name
0,365119,Ezequiel Bullaude
1,436553,Igor Paixão
2,319922,Jacob Rasmussen
3,121821,Timon Wellenreuther
4,133390,Alireza Jahanbakhsh
5,136068,Ofir Marciano
6,411078,Quinten Timber
7,412907,Neraysho Kasanwirjo
8,299321,Oussama Idrissi
9,302709,Justin Bijlow
10,345441,Lutsharel Geertruida
11,379784,Mohamed Taabouni
12,363083,Javairô Dilrosun
13,357133,Marcus Pedersen
14,319594,Sebastian Szymanski
15,362779,Dávid Hancko
16,355870,Orkun Kökcü
17,399620,Patrik Wålemark
18,367522,Danilo
19,371042,Marcos López
20,444739,Quilindschy Hartman
21,445059,Mats Wieffer
22,445061,Santiago Giménez
23,344071,Landry Dimata
24,22300,Lasse Schöne
25,296536,Mikkel Duelund
26,386625,Andri Baldursson
27,422805,Souffian El Karouani
28,422806,Dirk Proper
29,422809,Ilias Bronkhorst
30,422810,Elayis Tavsan
31,429380,Rijk Janse
32,437616,Ibrahim Cissoko
33,400143,Anthony Musaba
34,422804,Bart van Rooij
35,321959,Philippe Sandler
36,90811,Jasper Cillessen
37,97367,Mattijs Branderhorst
38,271086,Calvin Verdonk
39,276442,Joris Kramer
40,367813,Pedro Marques
41,279967,Iván Márquez
42,455506,Terry Sanniez
