,ID,Name
0,288859,Gerrit Nauber
1,362691,Luca Plogmann
2,388033,Willum Willumsson
3,143992,Federico Mattiello
4,422633,Mats Deijl
5,422637,Jay Idzes
6,425219,Jahnoah Markelo
7,322159,Finn Stokkers
8,331931,Justin Bakker
9,348644,Sylla Sow
10,355132,Rashaan Fernandes
11,355961,Evert Linthorst
12,357807,Martijn Berden
13,400173,Jamal Amofa
14,379703,Jeffrey de Lange
15,382238,Bobby Adekanye
16,34171,Erwin Mulder
17,395424,José Fontán
18,284451,Isac Lidberg
19,320513,Tesfaldet Tekie
20,444781,Xander Blomme
21,411691,Enric Llansana
22,383616,Oliver Valaker Edvardsen
23,81523,Mathew Ryan
24,337826,Zinho Vanheusden
25,362553,Jens Odgaard
26,300755,Pantelis Hatzidiakos
27,330514,Vangelis Pavlidis
28,424273,Milos Kerkez
29,379783,Yukinari Sugawara
30,404489,Fedde de Jong
31,404490,Yusuf Barasi
32,415772,Zico Buurmeester
33,422867,Mees de Wit
34,90802,Jordy Clasie
35,90834,Hobie Verhulst
36,133959,Riechedly Bazoer
37,434318,Maxim Dekker
38,438484,Myron van Brederode
39,320614,Jesper Karlsson
40,334726,Djordje Mihailovic
41,343382,Tijjani Reijnders
42,444780,Mayckel Lahdo
43,470735,Rome-Jayden Owusu-Oduro
44,472183,Wouter Goes
