,ID,Name
0,362459,Othmane Boussaid
1,375327,Modibo Sagnan
2,112210,Amin Younes
3,394998,Can Bozdogan
4,135954,Vasilios Barkas
5,422873,Anastasios Douvikas
6,431329,Naoki Maeda
7,382170,Daishawn Redan
8,256971,Hidde ter Avest
9,315574,Thijmen Nijhuis
10,135271,Sean Klaiber
11,39726,Mark van der Maarel
12,70906,Nick Viergever
13,82401,Jens Toornstra
14,101605,Mike van der Hoorn
15,110360,Sander van de Streek
16,422872,Djevencio van der Kust
17,414501,Ruben Kluivert
18,422634,Luuk Brouwers
19,382581,Fabian de Keijzer
20,444675,Taylor Booth
21,454518,Derensili Sanches Fernandes
22,328432,Siebe Horemans
23,379158,Maxime Awoudja
24,320000,Adrian Fein
25,308754,Lazaros Lamprou
26,363875,Kenzo Goudmijn
27,100608,Mike van Duinen
28,123554,Sven Nieuwpoort
29,139666,Norbert Alblas
30,382593,Marouan Azarkan
31,400009,Couhaib Driouech
32,400056,Nathangelo Markelo
33,406754,Reda Kharchouch
34,408102,Peer Koopmeiners
35,444619,Stijn van Gassel
36,444620,Redouan El Yaakoubi
37,444621,Nathan Tjoe-A-On
38,444623,Julian Baas
39,444624,Serano Seymor
40,444625,Pascal Kuiper
41,445053,Nikolas Agrafiotis
