,ID,Name
0,409126,Dominik Oroz
1,424368,Gabriel Vidovic
2,345558,Tomás Hájek
3,384141,Romaric Yapi
4,89947,Nicolas Isimat-Mirin
5,226599,Maximilian Wittek
6,285933,Markus Schubert
7,313385,Carlens Arcus
8,379707,Melle Meulensteen
9,436060,Simon van Duivenbooden
10,437426,Miliano Jonathans
11,115574,Mitchell Dijks
12,141965,Jeroen Houwen
13,400281,Million Manhoef
14,413209,Daan Reiziger
15,414250,Mohamed Sankoh
16,112719,Sondre Tronstad
17,412349,Kacper Kozlowski
18,401131,Bartosz Bialek
19,318295,Matús Bero
20,363704,Toni Domgjoni
21,444737,Ryan Flamingo
22,429928,Gyan de Regt
23,379701,Ramiz Zerrouki
24,422782,Manfred Ugalde
25,291964,Václav Cerny
26,361838,Michal Sadílek
27,90235,Lars Unnerstall
28,399296,Christos Tzolis
29,307362,Alfons Sampsted
30,368289,Issam El Maach
31,322149,Michel Vlap
32,361794,Sem Steijn
33,108935,Robin Pröpper
34,119741,Joshua Brenet
35,120454,Virgil Misidjan
36,400059,Gijs Smal
37,402819,Mees Hilgers
38,387172,Denilho Cleonise
39,405560,Daan Rots
40,406780,Max Bruns
41,437387,Anass Salah-Eddine
42,37344,Ricky van Wolfswinkel
43,34545,Przemyslaw Tyton
44,318754,Julio Pleguezuelo
45,404777,Mathias Kjølø
