,ID,Name
0,22300,Lasse Schöne
1,296536,Mikkel Duelund
2,386625,Andri Baldursson
3,422805,Souffian El Karouani
4,115869,Oussama Tannane
5,271086,Calvin Verdonk
6,276442,Joris Kramer
7,299511,Jordy Bruijn
8,90811,Jasper Cillessen
9,97367,Mattijs Branderhorst
10,422806,Dirk Proper
11,422809,Ilias Bronkhorst
12,422810,Elayis Tavsan
13,422814,Robin Roefs
14,431306,Guus Gertsen
15,422804,Bart van Rooij
16,437616,Ibrahim Cissoko
17,367813,Pedro Marques
18,279967,Iván Márquez
19,444741,Kas de Wit
20,431307,Nils Rossen
21,367742,Cyril Ngonge
22,404224,Emmanuel Matuta
23,322591,Marin Sverko
24,412907,Neraysho Kasanwirjo
25,422635,Ragnar Oratmangoen
26,371293,Jan de Boer
27,379742,Laros Duarte
28,381718,Romano Postema
29,91123,Mike te Wierik
30,97719,Joey Pelupessy
31,133960,Peter Leeuwenburgh
32,298493,Patrick Joosten
33,298805,Michael Verrips
34,433575,Liam van Gelderen
35,333048,Jørgen Strand Larsen
36,391047,Tomás Suslov
37,322086,Ramon Pascal Lundqvist
38,335919,Daleho Irandust
39,406537,Paulos Abraham
40,425112,Yahya Kalley
41,415927,Luciano Valente
42,395826,Isak Määttä
43,444710,Radinio Balker
