,ID,Name
0,396058,Rodrigo Guth
1,353098,Kristijan Bistrovic
2,410086,Stipe Radic
3,401043,Ivor Pandur
4,413273,Remy Vita
5,294844,Arianit Ferati
6,79755,Dimitrios Siovas
7,365103,Gianmarco Cangiano
8,391953,Mike van Beijnen
9,328549,Deroy Duarte
10,423863,Tijjani Noslin
11,288873,Paul Gladon
12,281508,Roel Janssen
13,243708,Yanick van Osch
14,352844,Thomas Buitink
15,100881,Ximo Navarro
16,23282,Burak Yilmaz
17,107077,Oguzhan Özyakup
18,383604,George Cox
19,368266,Tom Hendriks
20,437062,Tunahan Tasci
21,455568,Úmaro Embaló
22,365119,Ezequiel Bullaude
23,384574,Gernot Trauner
24,436553,Igor Paixão
25,319922,Jacob Rasmussen
26,121821,Timon Wellenreuther
27,133390,Alireza Jahanbakhsh
28,136068,Ofir Marciano
29,422921,Antoni Milambo
30,412907,Neraysho Kasanwirjo
31,379784,Mohamed Taabouni
32,408489,Tein Troost
33,345441,Lutsharel Geertruida
34,445059,Mats Wieffer
35,363083,Javairô Dilrosun
36,299321,Oussama Idrissi
37,357133,Marcus Pedersen
38,362779,Dávid Hancko
39,355870,Orkun Kökcü
40,445061,Santiago Giménez
41,444739,Quilindschy Hartman
42,371042,Marcos López
43,367522,Danilo
