,ID,Name
0,130304,Walter Benítez
1,124021,Phillipp Mwene
2,427824,Johan Bakayoko
3,346767,Mauro Júnior
4,98101,André Ramalho
5,260809,Olivier Boscagli
6,137460,Érick Gutiérrez
7,404776,Ismael Saibari
8,68585,Luuk de Jong
9,26916,Boy Waterman
10,78221,Patrick van Aanholt
11,322148,Guus Til
12,345333,Armando Obispo
13,382556,Joey Veerman
14,399772,Xavi Simons
15,275012,Joël Drommel
16,361839,Jordan Teze
17,380655,Fábio Silva
18,386631,Richard Ledezma
19,381045,Jarrad Branthwaite
20,328075,Ibrahim Sangaré
21,379701,Ramiz Zerrouki
22,422782,Manfred Ugalde
23,291964,Václav Cerny
24,90235,Lars Unnerstall
25,307362,Alfons Sampsted
26,368289,Issam El Maach
27,361794,Sem Steijn
28,387172,Denilho Cleonise
29,402819,Mees Hilgers
30,108935,Robin Pröpper
31,119741,Joshua Brenet
32,400059,Gijs Smal
33,322149,Michel Vlap
34,437387,Anass Salah-Eddine
35,406780,Max Bruns
36,436492,Sam Karssies
37,37344,Ricky van Wolfswinkel
38,120454,Virgil Misidjan
39,318754,Julio Pleguezuelo
40,475580,Sander Sybrandy
41,475579,Gijs Besselink
42,475578,Mats Rots
43,471025,Irakli Yegoian
