,ID,Name
0,409126,Dominik Oroz
1,424368,Gabriel Vidovic
2,345558,Tomás Hájek
3,384141,Romaric Yapi
4,89947,Nicolas Isimat-Mirin
5,226599,Maximilian Wittek
6,414250,Mohamed Sankoh
7,401021,Enzo Cornelisse
8,361867,Kjell Scherpen
9,379707,Melle Meulensteen
10,85470,Marco van Ginkel
11,400281,Million Manhoef
12,141965,Jeroen Houwen
13,436060,Simon van Duivenbooden
14,437426,Miliano Jonathans
15,115574,Mitchell Dijks
16,413209,Daan Reiziger
17,112719,Sondre Tronstad
18,412349,Kacper Kozlowski
19,401131,Bartosz Bialek
20,318295,Matús Bero
21,363704,Toni Domgjoni
22,444737,Ryan Flamingo
23,125375,Gerónimo Rulli
24,291937,Florian Grillitsch
25,400166,Mohammed Kudus
26,424819,Lorenzo Lucca
27,322696,Edson Álvarez
28,447643,Jorge Sánchez
29,4065,Maarten Stekelenburg
30,279425,Steven Bergwijn
31,34550,Remko Pasveer
32,328550,Owen Wijndal
33,388650,Jurriën Timber
34,400165,Devyne Rensch
35,89794,Steven Berghuis
36,108860,Davy Klaassen
37,401122,Kenneth Taylor
38,427577,Youri Regeer
39,415781,Kian Fitz-Jim
40,422801,Youri Baas
41,29474,Dusan Tadic
42,396976,Calvin Bassey
43,404568,Brian Brobbey
44,409221,Francisco Conceição
45,467715,Jorrel Hato
