,ID,Name
0,383819,Mohamed Bouchouari
1,124105,Michaël Heylen
2,369671,Azzeddine Toufiqui
3,444658,Arnaud Luzayadio
4,400115,Lucas Bernadou
5,302724,Eric Oelschlägel
6,428695,Dennis Vos
7,445052,Kyan van Dorp
8,115863,Mark Diemers
9,409129,Jari Vlak
10,122206,Richairo Zivkovic
11,43410,Danny Hoesen
12,36131,Jeroen Veldmate
13,121834,Mickey van der Hart
14,302776,Keziah Veendorp
15,408339,Ben Scholte
16,125157,Miguel Araujo
17,402852,Ole Romeny
18,399824,Jasin-Amin Assehnoun
19,444655,Julius Dirksen
20,409538,Jeremy Antonisse
21,422636,Philippe Rommens
22,288859,Gerrit Nauber
23,362691,Luca Plogmann
24,143992,Federico Mattiello
25,425219,Jahnoah Markelo
26,34171,Erwin Mulder
27,355961,Evert Linthorst
28,422637,Jay Idzes
29,355132,Rashaan Fernandes
30,382238,Bobby Adekanye
31,322159,Finn Stokkers
32,379703,Jeffrey de Lange
33,400173,Jamal Amofa
34,422633,Mats Deijl
35,348644,Sylla Sow
36,403097,Fredrik Oppegård
37,395424,José Fontán
38,284451,Isac Lidberg
39,472963,Darío Serra
40,444781,Xander Blomme
