,ID,Name
0,125375,Gerónimo Rulli
1,403644,Victor Jensen
2,400166,Mohammed Kudus
3,424819,Lorenzo Lucca
4,322696,Edson Álvarez
5,328550,Owen Wijndal
6,388650,Jurriën Timber
7,4065,Maarten Stekelenburg
8,34550,Remko Pasveer
9,89794,Steven Berghuis
10,108860,Davy Klaassen
11,401122,Kenneth Taylor
12,279425,Steven Bergwijn
13,400165,Devyne Rensch
14,415781,Kian Fitz-Jim
15,427577,Youri Regeer
16,29474,Dusan Tadic
17,396976,Calvin Bassey
18,404568,Brian Brobbey
19,409221,Francisco Conceição
20,447643,Jorge Sánchez
21,454339,Olivier Aertssen
22,467715,Jorrel Hato
23,345769,Oskar Buur
24,408912,Florent Da Silva
25,425605,Xavier Mbuyamba
26,120549,Daryl van Mieghem
27,240878,Robert Mühren
28,261017,Henk Veerman
29,321910,Carel Eiting
30,391573,Filip Stankovic
31,439736,Gaetano Oristanio
32,444711,Derry Murkin
33,444713,Brian Plat
34,444714,Damon Mirani
35,444715,Ibrahim El Kadiri
36,444716,Imran Nazih
37,444717,Lequincio Zeefuik
38,444718,Kayne van Oevelen
39,444720,Barry Lauwers
40,444721,Walid Ould-Chikh
41,445055,Dean Ruben James
42,445056,Calvin Twigt
43,445057,Achraf Douiri
44,445058,Josh Flint
45,472272,Flip Klomp
