,ID,Name
0,346304,Mads Bech Sørensen
1,433575,Liam van Gelderen
2,422635,Ragnar Oratmangoen
3,371293,Jan de Boer
4,91123,Mike te Wierik
5,97719,Joey Pelupessy
6,133960,Peter Leeuwenburgh
7,137368,Damil Dankerlui
8,298805,Michael Verrips
9,321106,Johan Hove
10,322086,Ramon Pascal Lundqvist
11,335919,Daleho Irandust
12,425112,Yahya Kalley
13,377466,Ricardo Pepi
14,395826,Isak Määttä
15,415927,Luciano Valente
16,415928,Thijmen Blokzijl
17,424673,Aimar Sher
18,366865,Florian Krüger
19,444710,Radinio Balker
20,459078,Thom van Bergen
21,460696,Jorg Schreuders
22,240976,David Sambissa
23,346507,Roberts Uldrikis
24,349183,Léon Bergsma
25,349777,Michael Breij
26,361778,Silvester van der Water
27,361897,Jamie Jacobs
28,364306,Daniël van Kaam
29,393412,Remco Balk
30,38423,Robbin Ruiter
31,77699,Calvin Mac-Intosch
32,105316,Doke Schmidt
33,108655,Mitchel Paulissen
34,422861,Marco Tol
35,422862,Brett Minnema
36,431350,Sekou Sylla
37,436147,Milan Smit
38,362852,João Virgínia
39,422857,Alex Bangura
40,351532,Mees Hoedemakers
41,444618,Floris Smand
42,470759,Vincent Pichel
