,ID,Name
0,422636,Philippe Rommens
1,431319,Aventis Aventisian
2,422637,Jay Idzes
3,425219,Jahnoah Markelo
4,331931,Justin Bakker
5,355132,Rashaan Fernandes
6,355961,Evert Linthorst
7,379703,Jeffrey de Lange
8,382238,Bobby Adekanye
9,34171,Erwin Mulder
10,134722,Bas Kuipers
11,400173,Jamal Amofa
12,284451,Isac Lidberg
13,411691,Enric Llansana
14,383616,Oliver Valaker Edvardsen
15,433180,Lars Groenendijk
16,444781,Xander Blomme
17,444782,Pim Saathof
18,343270,Jason Lokilo
19,343347,Arno Verschueren
20,382494,Charles-Andreas Brym
21,259930,Younes Namli
22,225522,Mario Engels
23,25037,Adil Auassar
24,31238,Aaron Meijers
25,44145,Bart Vriends
26,243916,Nick Olij
27,343314,Vito van Crooij
28,383560,Sven Mijnans
29,379741,Dirk Abels
30,379764,Youri Schoonderwaldt
31,404225,Shurandy Sambo
32,411278,Jeremy Van Mullem
33,19087,Jonathan de Guzmán
34,349199,Joshua Kitolano
35,276756,Tobias Lauritsen
36,322776,Michael Pinto
37,434197,Ishan Kort
38,395404,Omar Rekik
39,444483,Mike Eerdhuijzen
40,445063,Patrick Brouwer
