,ID,Name
0,345558,Tomás Hájek
1,384141,Romaric Yapi
2,226599,Maximilian Wittek
3,313385,Carlens Arcus
4,141965,Jeroen Houwen
5,352844,Thomas Buitink
6,361867,Kjell Scherpen
7,400281,Million Manhoef
8,400282,Daan Huisman
9,401021,Enzo Cornelisse
10,413209,Daan Reiziger
11,414250,Mohamed Sankoh
12,436060,Simon van Duivenbooden
13,379707,Melle Meulensteen
14,412349,Kacper Kozlowski
15,369558,Ferro
16,318295,Matús Bero
17,363704,Toni Domgjoni
18,444737,Ryan Flamingo
19,392344,Nikolai Frederiksen
20,127137,Zakaria Bakkali
21,379713,Lennerd Daneels
22,400278,Thierry Lutonda
23,400545,Shawn Adewoye
24,383972,Sebbe Augustijns
25,379712,Saïd Bakari
26,365160,Lars Nieuwpoort
27,379705,Etienne Vaessen
28,379706,Juriën Gaari
29,380663,Patrick Vroegh
30,136263,Iliass Bel Hassani
31,279173,Pelle Clement
32,289015,Julian Lelieveld
33,23373,Hans Mulder
34,40342,Michiel Kramer
35,63885,Vurnon Anita
36,90696,Florian Jozefzoon
37,389411,Yassin Oukili
38,400276,Luuk Wouters
39,429373,Roy Kuijpers
40,432167,Mark Spenkelink
41,312584,Joel Pereira
42,391317,Julen Lobete
