,ID,Name
0,143815,Anas Tahiri
1,404764,Tibor Halilovic
2,323531,Mats Köhlert
3,409160,Syb van Ottele
4,422643,Djenahro Nunumete
5,361900,Sydney van Hooijdonk
6,379595,Xavier Mous
7,379760,Milan van Ewijk
8,401046,Timo Zaal
9,252239,Andries Noppert
10,296543,Jan Bekkema
11,124274,Sven van Beek
12,124380,Thom Haye
13,142181,Joost van Aken
14,142376,Pawel Bochniewicz
15,406536,Hussein Ali
16,321193,Rami Kaib
17,401593,Amin Sarr
18,371073,Rami Al Hajj
19,327724,Simon Olsson
20,444482,Alex Timossi Andersson
21,391257,Mickael Tirpan
22,396058,Rodrigo Guth
23,401043,Ivor Pandur
24,413273,Remy Vita
25,294844,Arianit Ferati
26,79755,Dimitrios Siovas
27,397329,Vasilis Sourlis
28,423863,Tijjani Noslin
29,104982,Mats Seuntjens
30,243708,Yanick van Osch
31,281508,Roel Janssen
32,288873,Paul Gladon
33,328549,Deroy Duarte
34,391953,Mike van Beijnen
35,344201,Iñigo Córdoba
36,381814,Dogan Erdogan
37,23282,Burak Yilmaz
38,361862,Cole Bassett
39,383604,George Cox
40,368266,Tom Hendriks
41,437062,Tunahan Tasci
