,ID,Name
0,384574,Gernot Trauner
1,319922,Jacob Rasmussen
2,121821,Timon Wellenreuther
3,133390,Alireza Jahanbakhsh
4,136068,Ofir Marciano
5,299321,Oussama Idrissi
6,302709,Justin Bijlow
7,345441,Lutsharel Geertruida
8,363083,Javairô Dilrosun
9,411078,Quinten Timber
10,423949,Mimeirhel Benita
11,379784,Mohamed Taabouni
12,357133,Marcus Pedersen
13,319594,Sebastian Szymanski
14,362779,Dávid Hancko
15,355870,Orkun Kökçü
16,444739,Quilindschy Hartman
17,445061,Santiago Giménez
18,367522,Danilo
19,399620,Patrik Wålemark
20,124105,Michael Heylen
21,369671,Azzeddine Toufiqui
22,400115,Lucas Bernadou
23,302724,Eric Oelschlägel
24,302776,Keziah Veendorp
25,379730,Teun Bijleveld
26,142242,Jeff Hardeveld
27,36131,Jeroen Veldmate
28,104292,Lorenzo Burnet
29,115863,Mark Diemers
30,122206,Richairo Zivkovic
31,408339,Ben Scholte
32,409129,Jari Vlak
33,125157,Miguel Araujo
34,397586,Fernando Pacheco
35,399824,Jasin-Amin Assehnoun
36,402852,Ole Romeny
37,444652,Rui Mendes
38,444654,Gonzalo Sánchez
39,444655,Julius Dirksen
40,444656,Max Wolfs
41,444658,Arnaud Luzayadio
