,ID,Name
0,362459,Othmane Boussaid
1,418600,Rocco Robert Shein
2,344041,Moussa Sylla
3,372372,Albert-Nicolas Lottin
4,375327,Modibo Sagnan
5,422873,Anastasios Douvikas
6,135954,Vasilios Barkas
7,229520,Django Warmerdam
8,256971,Hidde ter Avest
9,315574,Thijmen Nijhuis
10,34323,Bas Dost
11,39726,Mark van der Maarel
12,70906,Nick Viergever
13,82401,Jens Toornstra
14,382170,Daishawn Redan
15,411079,Calvin Raatsie
16,414501,Ruben Kluivert
17,422872,Djevencio van der Kust
18,444675,Taylor Booth
19,454518,Derensili Sanches Fernandes
20,422634,Luuk Brouwers
21,90365,Lisandro Magallán
22,400166,Mohammed Kudus
23,424819,Lorenzo Lucca
24,322696,Edson Álvarez
25,388650,Jurriën Timber
26,422801,Youri Baas
27,422802,Jay Gorter
28,401122,Kenneth Taylor
29,4065,Maarten Stekelenburg
30,108860,Davy Klaassen
31,279425,Steven Bergwijn
32,34550,Remko Pasveer
33,70033,Daley Blind
34,89794,Steven Berghuis
35,400165,Devyne Rensch
36,29474,Dusan Tadic
37,396976,Calvin Bassey
38,404568,Brian Brobbey
39,409221,Francisco Conceição
40,447643,Jorge Sánchez
