,ID,Name
0,379787,Jacky Donkor
1,328432,Siebe Horemans
2,320000,Adrian Fein
3,116632,Yassin Ayoub
4,123554,Sven Nieuwpoort
5,100608,Mike van Duinen
6,363875,Kenzo Goudmijn
7,382593,Marouan Azarkan
8,400009,Couhaib Driouech
9,400056,Nathangelo Markelo
10,406754,Reda Kharchouch
11,444619,Stijn van Gassel
12,444620,Redouan El Yaakoubi
13,444621,Nathan Tjoe-A-On
14,444622,Joshua Eijgenraam
15,444623,Julian Baas
16,444624,Serano Seymor
17,444625,Pascal Kuiper
18,444626,Raphaël Eyongo
19,130304,Walter Benítez
20,124021,Phillipp Mwene
21,427824,Johan Bakayoko
22,98101,André Ramalho
23,397821,Sávio
24,363077,Carlos Vinícius
25,142466,Philipp Max
26,137460,Érick Gutiérrez
27,404776,Ismael Saibari
28,26916,Boy Waterman
29,399772,Xavi Simons
30,368547,Ki-Jana Hoever
31,382556,Joey Veerman
32,345333,Armando Obispo
33,352825,Cody Gakpo
34,361839,Jordan Teze
35,231140,Derrick Luckassen
36,275012,Joël Drommel
37,322148,Guus Til
38,381045,Jarrad Branthwaite
39,328075,Ibrahim Sangaré
