,ID,Name
0,409052,Benaissa Benamar
1,120549,Daryl van Mieghem
2,148512,Bilal Ould-Chikh
3,240878,Robert Mühren
4,261017,Henk Veerman
5,321910,Carel Eiting
6,391573,Filip Stankovic
7,439736,Gaetano Pio Oristanio
8,444711,Derry Murkin
9,444712,Billy van Duijl
10,444713,Brian Plat
11,444714,Damon Mirani
12,444715,Ibrahim El Kadiri
13,444716,Imran Nazih
14,444717,Lequincio Zeefuik
15,444718,Kayne van Oevelen
16,444720,Barry Lauwers
17,444721,Walid Ould-Chikh
18,445055,Dean Ruben James
19,445057,Achraf Douiri
20,379701,Ramiz Zerrouki
21,422782,Manfred Ugalde
22,361838,Michal Sadílek
23,291964,Václav Cerny
24,90235,Lars Unnerstall
25,399296,Christos Tzolis
26,368289,Issam El Maach
27,108935,Robin Pröpper
28,119741,Joshua Brenet
29,120454,Virgil Misidjan
30,387172,Denilho Cleonise
31,322149,Michel Vlap
32,361794,Sem Steijn
33,29281,Wout Brama
34,400059,Gijs Smal
35,402819,Mees Hilgers
36,437387,Anass Salah-Eddine
37,405560,Daan Rots
38,406780,Max Bruns
39,422781,Luca Everink
40,37344,Ricky van Wolfswinkel
41,34545,Przemyslaw Tyton
42,404777,Mathias Kjølø
