,ID,Name
0,240976,David Sambissa
1,422859,Jhondly van der Meer
2,346507,Roberts Uldrikis
3,349777,Michael Breij
4,279429,Sai van Wermeskerken
5,343393,Tom Boere
6,38423,Robbin Ruiter
7,77699,Calvin Mac-Intosch
8,105316,Doke Schmidt
9,108655,Mitchel Paulissen
10,422861,Marco Tol
11,422862,Brett Minnema
12,425440,Jasper ter Heide
13,431350,Sekou Sylla
14,436147,Milan Smit
15,361778,Silvester van der Water
16,361897,Jamie Jacobs
17,393412,Remco Balk
18,362852,João Virgínia
19,422857,Alex Bangura
20,444618,Floris Smand
21,351532,Mees Hoedemakers
22,362553,Jens Odgaard
23,377279,Peter Vindahl
24,300755,Pantelis Hatzidiakos
25,330514,Vangelis Pavlidis
26,424273,Milos Kerkez
27,379783,Yukinari Sugawara
28,404490,Yusuf Barasi
29,408102,Peer Koopmeiners
30,90802,Jordy Clasie
31,90810,Bruno Martins Indi
32,90834,Hobie Verhulst
33,434318,Maxim Dekker
34,438484,Myron van Brederode
35,353695,Dani de Wit
36,422739,Sam Beukema
37,422867,Mees de Wit
38,356742,Håkon Evjen
39,444780,Mayckel Lahdo
40,343382,Tijjani Reijnders
41,422738,Sem Westerveld
