,ID,Name
0,130304,Walter Benítez
1,124021,Phillipp Mwene
2,427824,Johan Bakayoko
3,98101,André Ramalho
4,142466,Philipp Max
5,137460,Érick Gutiérrez
6,404776,Ismael Saibari
7,422764,Fodé Fofana
8,382556,Joey Veerman
9,345333,Armando Obispo
10,361839,Jordan Teze
11,232261,Anwar El Ghazi
12,275012,Joël Drommel
13,322148,Guus Til
14,26916,Boy Waterman
15,68585,Luuk de Jong
16,85470,Marco van Ginkel
17,399772,Xavi Simons
18,380655,Fábio Silva
19,386631,Richard Ledezma
20,381045,Jarrad Branthwaite
21,328075,Ibrahim Sangaré
22,288859,Gerrit Nauber
23,362691,Luca Plogmann
24,388033,Willum Willumsson
25,143992,Federico Mattiello
26,34171,Erwin Mulder
27,379703,Jeffrey de Lange
28,382238,Bobby Adekanye
29,322159,Finn Stokkers
30,348644,Sylla Sow
31,355132,Rashaan Fernandes
32,355961,Evert Linthorst
33,357807,Martijn Berden
34,400173,Jamal Amofa
35,422633,Mats Deijl
36,422637,Jay Idzes
37,425219,Jahnoah Markelo
38,395424,José Fontán
39,284451,Isac Lidberg
40,320513,Tesfaldet Tekie
41,383616,Oliver Valaker Edvardsen
42,411691,Enric Llansana
43,444781,Xander Blomme
