,ID,Name
0,81523,Mathew Ryan
1,337826,Zinho Vanheusden
2,362553,Jens Odgaard
3,300755,Pantelis Hatzidiakos
4,330514,Vangelis Pavlidis
5,424273,Milos Kerkez
6,379783,Yukinari Sugawara
7,404489,Fedde de Jong
8,404490,Yusuf Barasi
9,415772,Zico Buurmeester
10,422867,Mees de Wit
11,434318,Maxim Dekker
12,438484,Myron van Brederode
13,90802,Jordy Clasie
14,90834,Hobie Verhulst
15,133959,Riechedly Bazoer
16,320614,Jesper Karlsson
17,334726,Djordje Mihailovic
18,444780,Mayckel Lahdo
19,470735,Rome-Jayden Owusu-Oduro
20,472183,Wouter Goes
21,343382,Tijjani Reijnders
22,362459,Othmane Boussaid
23,375327,Modibo Sagnan
24,394998,Can Bozdogan
25,112210,Amin Younes
26,135954,Vasilios Barkas
27,422873,Anastasios Douvikas
28,431329,Naoki Maeda
29,422872,Djevencio van der Kust
30,256971,Hidde ter Avest
31,315574,Thijmen Nijhuis
32,414501,Ruben Kluivert
33,382170,Daishawn Redan
34,135271,Sean Klaiber
35,39726,Mark van der Maarel
36,70906,Nick Viergever
37,82401,Jens Toornstra
38,101605,Mike van der Hoorn
39,110360,Sander van de Streek
40,382581,Fabian de Keijzer
41,422634,Luuk Brouwers
42,444675,Taylor Booth
43,454518,Derensili Sanches Fernandes
