,ID,Name
0,400278,Thierry Lutonda
1,400545,Shawn Adewoye
2,255946,Dario Van den Buijs
3,127137,Zakaria Bakkali
4,383972,Sebbe Augustijns
5,379712,Saïd Bakari
6,429373,Roy Kuijpers
7,432167,Mark Spenkelink
8,400276,Luuk Wouters
9,389411,Yassin Oukili
10,136263,Iliass Bel Hassani
11,365160,Lars Nieuwpoort
12,379705,Etienne Vaessen
13,379706,Juriën Gaari
14,279173,Pelle Clement
15,289015,Julian Lelieveld
16,40342,Michiel Kramer
17,63885,Vurnon Anita
18,90696,Florian Jozefzoon
19,104982,Mats Seuntjens
20,312584,Joel Pereira
21,391317,Julen Lobete
22,444674,Kevin Felida
23,361880,Oussama Darfalou
24,383819,Mohamed Bouchouari
25,124105,Michaël Heylen
26,400115,Lucas Bernadou
27,302724,Eric Oelschlägel
28,141265,Ahmed El Messaoudi
29,302776,Keziah Veendorp
30,36131,Jeroen Veldmate
31,104292,Lorenzo Burnet
32,115863,Mark Diemers
33,121834,Mickey van der Hart
34,122206,Richairo Zivkovic
35,408339,Ben Scholte
36,409129,Jari Vlak
37,428695,Dennis Vos
38,402852,Ole Romeny
39,399824,Jasin-Amin Assehnoun
40,444655,Julius Dirksen
41,444658,Arnaud Luzayadio
42,445052,Kyan van Dorp
43,456764,Maurilio de Lannoy
44,472106,Dave Funke
