,ID,Name
0,143815,Anas Tahiri
1,399607,Antoine Colassin
2,404764,Tibor Halilovic
3,323531,Mats Köhlert
4,409160,Syb van Ottele
5,124380,Thom Haye
6,142181,Joost van Aken
7,238897,Pelle van Amersfoort
8,296543,Jan Bekkema
9,361900,Sydney van Hooijdonk
10,379595,Xavier Mous
11,379760,Milan van Ewijk
12,142376,Pawel Bochniewicz
13,327724,Simon Olsson
14,321193,Rami Kaib
15,371073,Rami Al Hajj
16,406536,Hussein Ali
17,401593,Amin Sarr
18,444482,Alex Timossi Andersson
19,472399,Bernt Klaverboer
20,409126,Dominik Oroz
21,424368,Gabriel Vidovic
22,345558,Tomás Hájek
23,89947,Nicolas Isimat-Mirin
24,384141,Romaric Yapi
25,226599,Maximilian Wittek
26,313385,Carlens Arcus
27,361867,Kjell Scherpen
28,115574,Mitchell Dijks
29,141965,Jeroen Houwen
30,77429,Davy Pröpper
31,379707,Melle Meulensteen
32,400281,Million Manhoef
33,413209,Daan Reiziger
34,414250,Mohamed Sankoh
35,436060,Simon van Duivenbooden
36,401131,Bartosz Bialek
37,412349,Kacper Kozlowski
38,318295,Matús Bero
39,363704,Toni Domgjoni
40,392344,Nikolai Frederiksen
41,444737,Ryan Flamingo
42,429928,Gyan de Regt
