,ID,Name
0,344071,Landry Dimata
1,296536,Mikkel Duelund
2,22300,Lasse Schöne
3,386625,Andri Baldursson
4,422805,Souffian El Karouani
5,422806,Dirk Proper
6,422809,Ilias Bronkhorst
7,422810,Elayis Tavsan
8,429380,Rijk Janse
9,437616,Ibrahim Cissoko
10,90811,Jasper Cillessen
11,97367,Mattijs Branderhorst
12,271086,Calvin Verdonk
13,276442,Joris Kramer
14,321959,Philippe Sandler
15,400143,Anthony Musaba
16,422804,Bart van Rooij
17,367813,Pedro Marques
18,279967,Iván Márquez
19,455506,Terry Sanniez
20,343347,Arno Verschueren
21,259930,Younes Namli
22,25037,Adil Auassar
23,31238,Aaron Meijers
24,44145,Bart Vriends
25,120675,Tim Coremans
26,243916,Nick Olij
27,285951,Delano van Crooij
28,19087,Jonathan de Guzmán
29,343314,Vito van Crooij
30,379741,Dirk Abels
31,383560,Sven Mijnans
32,404225,Shurandy Sambo
33,411278,Jeremy van Mullem
34,425114,Mohammed Tahiri
35,349199,Joshua Kitolano
36,276756,Tobias Lauritsen
37,396279,Elias Melkersen
38,322776,Michael Pinto
39,395404,Omar Rekik
40,444483,Mike Eerdhuijzen
41,445063,Patrick Brouwer
