,ID,Name
0,379701,Ramiz Zerrouki
1,422782,Manfred Ugalde
2,361838,Michal Sadílek
3,291964,Václav Cerny
4,90235,Lars Unnerstall
5,307362,Alfons Sampsted
6,368289,Issam El Maach
7,400059,Gijs Smal
8,108935,Robin Pröpper
9,119741,Joshua Brenet
10,322149,Michel Vlap
11,120454,Virgil Misidjan
12,437387,Anass Salah-Eddine
13,29281,Wout Brama
14,361794,Sem Steijn
15,37344,Ricky van Wolfswinkel
16,387172,Denilho Cleonise
17,405560,Daan Rots
18,402819,Mees Hilgers
19,34545,Przemyslaw Tyton
20,318754,Julio Pleguezuelo
21,404777,Mathias Kjølø
22,125375,Gerónimo Rulli
23,291937,Florian Grillitsch
24,449301,Christian Rasmussen
25,400166,Mohammed Kudus
26,424819,Lorenzo Lucca
27,447643,Jorge Sánchez
28,322696,Edson Álvarez
29,400165,Devyne Rensch
30,328550,Owen Wijndal
31,388650,Jurriën Timber
32,401122,Kenneth Taylor
33,4065,Maarten Stekelenburg
34,34550,Remko Pasveer
35,279425,Steven Bergwijn
36,89794,Steven Berghuis
37,422801,Youri Baas
38,449303,Silvano Vos
39,108860,Davy Klaassen
40,29474,Dusan Tadic
41,396976,Calvin Bassey
42,462099,Mika Godts
43,404568,Brian Brobbey
44,467715,Jorrel Hato
