,ID,Name
0,240976,David Sambissa
1,93012,Navarone Foor
2,346507,Roberts Uldrikis
3,431350,Sekou Sylla
4,361897,Jamie Jacobs
5,108655,Mitchel Paulissen
6,38423,Robbin Ruiter
7,77699,Calvin Mac-Intosch
8,105316,Doke Schmidt
9,349777,Michael Breij
10,393412,Remco Balk
11,364306,Daniël van Kaam
12,349183,Léon Bergsma
13,279429,Sai van Wermeskerken
14,436147,Milan Smit
15,422862,Brett Minnema
16,361778,Silvester van der Water
17,422861,Marco Tol
18,238997,Mimoun Mahi
19,343196,Bjørn Johnsen
20,422857,Alex Bangura
21,351532,Mees Hoedemakers
22,444618,Floris Smand
23,400278,Thierry Lutonda
24,400545,Shawn Adewoye
25,255946,Dario Van den Buijs
26,127137,Zakaria Bakkali
27,383972,Sebbe Augustijns
28,379712,Saïd Bakari
29,289015,Julian Lelieveld
30,379706,Juriën Gaari
31,63885,Vurnon Anita
32,389411,Yassin Oukili
33,279173,Pelle Clement
34,40342,Michiel Kramer
35,104982,Mats Seuntjens
36,380663,Patrick Vroegh
37,432167,Mark Spenkelink
38,379705,Etienne Vaessen
39,23373,Hans Mulder
40,444674,Kevin Felida
41,90696,Florian Jozefzoon
42,429373,Roy Kuijpers
43,365160,Lars Nieuwpoort
44,312584,Joel Pereira
45,391317,Julen Lobete
