,ID,Name
0,399610,Francesco Antonucci
1,439736,Gaetano Oristanio
2,445056,Calvin Twigt
3,120549,Daryl van Mieghem
4,321910,Carel Eiting
5,425605,Xavier Mbuyamba
6,445057,Achraf Douiri
7,444714,Damon Mirani
8,261017,Henk Veerman
9,444712,Billy van Duijl
10,444721,Walid Ould-Chikh
11,240878,Robert Mühren
12,444717,Lequincio Zeefuik
13,444715,Ibrahim El Kadiri
14,444720,Barry Lauwers
15,391573,Filip Stankovic
16,444711,Derry Murkin
17,460178,Darius Johnson
18,444718,Kayne van Oevelen
19,328432,Siebe Horemans
20,379158,Maxime Awoudja
21,308754,Lazaros Lamprou
22,444619,Stijn van Gassel
23,400009,Couhaib Driouech
24,327903,Kik Pierie
25,123554,Sven Nieuwpoort
26,444621,Nathan Tjoe-A-On
27,408102,Peer Koopmeiners
28,382593,Marouan Azarkan
29,363875,Kenzo Goudmijn
30,444620,Redouan El Yaakoubi
31,100608,Mike van Duinen
32,444623,Julian Baas
33,406754,Reda Kharchouch
34,139666,Norbert Alblas
35,444624,Serano Seymor
36,445053,Nikolas Agrafiotis
