,ID,Name
0,362459,Othmane Boussaid
1,403644,Victor Jensen
2,418600,Rocco Robert Shein
3,375327,Modibo Sagnan
4,394998,Can Bozdogan
5,135954,Vasilios Barkas
6,422873,Anastasios Douvikas
7,431329,Naoki Maeda
8,83337,Zakaria Labyad
9,414501,Ruben Kluivert
10,70906,Nick Viergever
11,39726,Mark van der Maarel
12,101605,Mike van der Hoorn
13,135271,Sean Klaiber
14,110360,Sander van de Streek
15,261082,Bart Ramselaar
16,82401,Jens Toornstra
17,256971,Hidde ter Avest
18,315574,Thijmen Nijhuis
19,382582,Tommy St. Jago
20,444675,Taylor Booth
21,382581,Fabian de Keijzer
22,482884,Jesse van de Haar
23,124105,Michaël Heylen
24,383819,Mohamed Bouchouari
25,444658,Arnaud Luzayadio
26,369671,Azzeddine Toufiqui
27,302724,Eric Oelschlägel
28,121834,Mickey van der Hart
29,428695,Dennis Vos
30,91123,Mike te Wierik
31,445052,Kyan van Dorp
32,409129,Jari Vlak
33,115863,Mark Diemers
34,408339,Ben Scholte
35,122206,Richairo Zivkovic
36,125157,Miguel Araujo
37,402852,Ole Romeny
38,469550,Floris Quaedvlieg
39,399824,Jasin-Amin Assehnoun
40,444655,Julius Dirksen
41,409538,Jeremy Antonisse
42,456764,Maurilio de Lannoy
