,ID,Name
0,143815,Anas Tahiri
1,399607,Antoine Colassin
2,404764,Tibor Halilovic
3,323531,Mats Köhlert
4,379595,Xavier Mous
5,238897,Pelle van Amersfoort
6,379599,Ché Nunnely
7,296543,Jan Bekkema
8,80881,Jeffrey Bruma
9,124380,Thom Haye
10,361900,Sydney van Hooijdonk
11,252239,Andries Noppert
12,409160,Syb van Ottele
13,379760,Milan van Ewijk
14,366886,Osame Sahraoui
15,142376,Pawel Bochniewicz
16,371073,Rami Al Hajj
17,327724,Simon Olsson
18,321193,Rami Kaib
19,406536,Hussein Ali
20,444482,Alex Timossi Andersson
21,436158,Daniel Karlsbakk
22,422636,Philippe Rommens
23,444781,Xander Blomme
24,362691,Luca Plogmann
25,431319,Aventis Aventisian
26,388033,Willum Willumsson
27,444782,Pim Saathof
28,355132,Rashaan Fernandes
29,348644,Sylla Sow
30,34171,Erwin Mulder
31,382238,Bobby Adekanye
32,379703,Jeffrey de Lange
33,400173,Jamal Amofa
34,134722,Bas Kuipers
35,422633,Mats Deijl
36,422637,Jay Idzes
37,284451,Isac Lidberg
38,472963,Darío Serra
39,383616,Oliver Valaker Edvardsen
40,481168,Jorn Smits
41,411691,Enric Llansana
