,ID,Name
0,365119,Ezequiel Bullaude
1,436553,Igor Paixão
2,319922,Jacob Rasmussen
3,121821,Timon Wellenreuther
4,133390,Alireza Jahanbakhsh
5,136068,Ofir Marciano
6,445061,Santiago Giménez
7,363083,Javairô Dilrosun
8,302709,Justin Bijlow
9,444739,Quilindschy Hartman
10,345441,Lutsharel Geertruida
11,412907,Neraysho Kasanwirjo
12,299321,Oussama Idrissi
13,411078,Quinten Timber
14,379784,Mohamed Taabouni
15,319594,Sebastian Szymanski
16,362779,Dávid Hancko
17,355870,Orkun Kökcü
18,367522,Danilo
19,371042,Marcos López
20,409126,Dominik Oroz
21,424368,Gabriel Vidovic
22,345558,Tomás Hájek
23,89947,Nicolas Isimat-Mirin
24,384141,Romaric Yapi
25,226599,Maximilian Wittek
26,285933,Markus Schubert
27,313385,Carlens Arcus
28,361867,Kjell Scherpen
29,379707,Melle Meulensteen
30,400281,Million Manhoef
31,85470,Marco van Ginkel
32,437426,Miliano Jonathans
33,401021,Enzo Cornelisse
34,414250,Mohamed Sankoh
35,413209,Daan Reiziger
36,115574,Mitchell Dijks
37,112719,Sondre Tronstad
38,412349,Kacper Kozlowski
39,401131,Bartosz Bialek
40,318295,Matús Bero
41,363704,Toni Domgjoni
42,444737,Ryan Flamingo
