,ID,Name
0,401631,Matej Chalus
1,346304,Mads Bech Sørensen
2,424578,Oliver Antman
3,97719,Joey Pelupessy
4,371293,Jan de Boer
5,438480,Nordin Musampa
6,434212,Dirk Baron
7,379742,Laros Duarte
8,422635,Ragnar Oratmangoen
9,321106,Johan Hove
10,391047,Tomás Suslov
11,335919,Daleho Irandust
12,377466,Ricardo Pepi
13,459078,Thom van Bergen
14,482883,Fofin Turay
15,366865,Florian Krüger
16,424673,Aimar Sher
17,395826,Isak Määttä
18,444710,Radinio Balker
19,460696,Jorg Schreuders
20,482882,Stijn Petiet
21,415928,Thijmen Blokzijl
22,415927,Luciano Valente
23,343347,Arno Verschueren
24,259930,Younes Namli
25,444484,Koki Saito
26,25037,Adil Auassar
27,31238,Aaron Meijers
28,425114,Mohammed Tahiri
29,120675,Tim Coremans
30,285951,Delano van Crooij
31,445063,Patrick Brouwer
32,427851,Rick Meissen
33,411278,Jeremy van Mullem
34,19087,Jonathan de Guzmán
35,343314,Vito van Crooij
36,379741,Dirk Abels
37,243916,Nick Olij
38,404225,Shurandy Sambo
39,444483,Mike Eerdhuijzen
40,44145,Bart Vriends
41,276756,Tobias Lauritsen
42,349199,Joshua Kitolano
43,396279,Elias Melkersen
44,322776,Michael Pinto
45,427118,Pedro Alemañ
