,ID,Name
0,396058,Rodrigo Guth
1,401043,Ivor Pandur
2,410086,Stipe Radic
3,413273,Remy Vita
4,294844,Arianit Ferati
5,79755,Dimitrios Siovas
6,365103,Gianmarco Cangiano
7,243708,Yanick van Osch
8,281508,Roel Janssen
9,288873,Paul Gladon
10,391953,Mike van Beijnen
11,423863,Tijjani Noslin
12,70598,Ivo Pinto
13,455568,Úmaro Embaló
14,344201,Iñigo Córdoba
15,381814,Dogan Erdogan
16,437062,Tunahan Tasci
17,368266,Tom Hendriks
18,344071,Landry Dimata
19,422807,Magnus Mattsson
20,386625,Andri Baldursson
21,422805,Souffian El Karouani
22,115869,Oussama Tannane
23,271086,Calvin Verdonk
24,437616,Ibrahim Cissoko
25,422810,Elayis Tavsan
26,400143,Anthony Musaba
27,97367,Mattijs Branderhorst
28,276442,Joris Kramer
29,321959,Philippe Sandler
30,422804,Bart van Rooij
31,422809,Ilias Bronkhorst
32,90811,Jasper Cillessen
33,422814,Robin Roefs
34,431306,Guus Gertsen
35,367813,Pedro Marques
36,279967,Iván Márquez
37,455506,Terry Sanniez
38,431307,Nils Rossen
