,ID,Name
0,81523,Mathew Ryan
1,337826,Zinho Vanheusden
2,330514,Vangelis Pavlidis
3,300755,Pantelis Hatzidiakos
4,424273,Milos Kerkez
5,379783,Yukinari Sugawara
6,422739,Sam Beukema
7,383560,Sven Mijnans
8,90802,Jordy Clasie
9,438484,Myron van Brederode
10,422867,Mees de Wit
11,404490,Yusuf Barasi
12,90834,Hobie Verhulst
13,415772,Zico Buurmeester
14,133959,Riechedly Bazoer
15,470734,Daniël Deen
16,353695,Dani de Wit
17,472183,Wouter Goes
18,444780,Mayckel Lahdo
19,320614,Jesper Karlsson
20,334726,Djordje Mihailovic
21,343382,Tijjani Reijnders
22,130304,Walter Benítez
23,124021,Phillipp Mwene
24,427824,Johan Bakayoko
25,101537,Thorgan Hazard
26,98101,André Ramalho
27,260809,Olivier Boscagli
28,137460,Érick Gutiérrez
29,404776,Ismael Saibari
30,26916,Boy Waterman
31,361839,Jordan Teze
32,382556,Joey Veerman
33,322148,Guus Til
34,68585,Luuk de Jong
35,399772,Xavi Simons
36,232261,Anwar El Ghazi
37,78221,Patrick van Aanholt
38,275012,Joël Drommel
39,380655,Fábio Silva
40,381045,Jarrad Branthwaite
41,328075,Ibrahim Sangaré
