,ID,Name
0,240976,David Sambissa
1,422859,Jhondly van der Meer
2,346507,Roberts Uldrikis
3,349183,Léon Bergsma
4,349777,Michael Breij
5,38423,Robbin Ruiter
6,90830,Ben Rienstra
7,105316,Doke Schmidt
8,108655,Mitchel Paulissen
9,279429,Sai van Wermeskerken
10,361778,Silvester van der Water
11,364306,Daniël van Kaam
12,393412,Remco Balk
13,422862,Brett Minnema
14,425440,Jasper ter Heide
15,431350,Sekou Sylla
16,436147,Milan Smit
17,362852,João Virgínia
18,422857,Alex Bangura
19,383858,Felix Mambimbi
20,444618,Floris Smand
21,470759,Vincent Pichel
22,351532,Mees Hoedemakers
23,396058,Rodrigo Guth
24,401043,Ivor Pandur
25,410086,Stipe Radic
26,353098,Kristijan Bistrovic
27,413273,Remy Vita
28,294844,Arianit Ferati
29,79755,Dimitrios Siovas
30,365103,Gianmarco Cangiano
31,328549,Deroy Duarte
32,243708,Yanick van Osch
33,281508,Roel Janssen
34,288873,Paul Gladon
35,423863,Tijjani Noslin
36,352844,Thomas Buitink
37,70598,Ivo Pinto
38,344201,Iñigo Córdoba
39,381814,Dogan Erdogan
40,23282,Burak Yilmaz
41,107077,Oguzhan Özyakup
42,383604,George Cox
43,368266,Tom Hendriks
44,437062,Tunahan Tasci
45,455568,Úmaro Embaló
