,ID,Name
0,379701,Ramiz Zerrouki
1,422782,Manfred Ugalde
2,291964,Václav Cerny
3,361838,Michal Sadílek
4,90235,Lars Unnerstall
5,399296,Christos Tzolis
6,307362,Alfons Sampsted
7,368289,Issam El Maach
8,322149,Michel Vlap
9,361794,Sem Steijn
10,400059,Gijs Smal
11,402819,Mees Hilgers
12,37344,Ricky van Wolfswinkel
13,108935,Robin Pröpper
14,119741,Joshua Brenet
15,120454,Virgil Misidjan
16,387172,Denilho Cleonise
17,405560,Daan Rots
18,406780,Max Bruns
19,437387,Anass Salah-Eddine
20,34545,Przemyslaw Tyton
21,318754,Julio Pleguezuelo
22,404777,Mathias Kjølø
23,365119,Ezequiel Bullaude
24,436553,Igor Paixão
25,319922,Jacob Rasmussen
26,121821,Timon Wellenreuther
27,133390,Alireza Jahanbakhsh
28,136068,Ofir Marciano
29,299321,Oussama Idrissi
30,302709,Justin Bijlow
31,345441,Lutsharel Geertruida
32,379784,Mohamed Taabouni
33,411078,Quinten Timber
34,412907,Neraysho Kasanwirjo
35,363083,Javairô Dilrosun
36,357133,Marcus Pedersen
37,319594,Sebastian Szymanski
38,362779,Dávid Hancko
39,355870,Orkun Kökcü
40,367522,Danilo
41,371042,Marcos López
42,399620,Patrik Wålemark
43,444739,Quilindschy Hartman
44,445059,Mats Wieffer
45,445061,Santiago Giménez
