,ID,Name
0,328432,Siebe Horemans
1,320000,Adrian Fein
2,379158,Maxime Awoudja
3,308754,Lazaros Lamprou
4,100608,Mike van Duinen
5,123554,Sven Nieuwpoort
6,139666,Norbert Alblas
7,363875,Kenzo Goudmijn
8,382593,Marouan Azarkan
9,400009,Couhaib Driouech
10,400056,Nathangelo Markelo
11,406754,Reda Kharchouch
12,408102,Peer Koopmeiners
13,444619,Stijn van Gassel
14,444620,Redouan El Yaakoubi
15,444621,Nathan Tjoe-A-On
16,444622,Joshua Eijgenraam
17,444624,Serano Seymor
18,444625,Pascal Kuiper
19,445053,Nikolas Agrafiotis
20,125375,Gerónimo Rulli
21,403644,Victor Jensen
22,400166,Mohammed Kudus
23,424819,Lorenzo Lucca
24,322696,Edson Álvarez
25,328550,Owen Wijndal
26,388650,Jurriën Timber
27,279425,Steven Bergwijn
28,34550,Remko Pasveer
29,89794,Steven Berghuis
30,108860,Davy Klaassen
31,427577,Youri Regeer
32,401122,Kenneth Taylor
33,4065,Maarten Stekelenburg
34,400165,Devyne Rensch
35,415781,Kian Fitz-Jim
36,29474,Dusan Tadic
37,396976,Calvin Bassey
38,404568,Brian Brobbey
39,409221,Francisco Conceição
40,447643,Jorge Sánchez
41,454339,Olivier Aertssen
42,467715,Jorrel Hato
