,ID,Name
0,399610,Francesco Antonucci
1,345769,Oskar Buur
2,408912,Florent Da Silva
3,425605,Xavier Mbuyamba
4,120549,Daryl van Mieghem
5,240878,Robert Mühren
6,261017,Henk Veerman
7,321910,Carel Eiting
8,391573,Filip Stankovic
9,439736,Gaetano Oristanio
10,444711,Derry Murkin
11,444713,Brian Plat
12,444714,Damon Mirani
13,444715,Ibrahim El Kadiri
14,444717,Lequincio Zeefuik
15,444718,Kayne van Oevelen
16,444720,Barry Lauwers
17,444721,Walid Ould-Chikh
18,445055,Dean Ruben James
19,445056,Calvin Twigt
20,445058,Josh Flint
21,472272,Flip Klomp
22,401631,Matej Chalus
23,346304,Mads Bech Sørensen
24,91123,Mike te Wierik
25,97719,Joey Pelupessy
26,133960,Peter Leeuwenburgh
27,137368,Damil Dankerlui
28,298805,Michael Verrips
29,422635,Ragnar Oratmangoen
30,371293,Jan de Boer
31,433575,Liam van Gelderen
32,321106,Johan Hove
33,391047,Tomás Suslov
34,322086,Ramon Pascal Lundqvist
35,335919,Daleho Irandust
36,377466,Ricardo Pepi
37,395826,Isak Määttä
38,424673,Aimar Sher
39,415928,Thijmen Blokzijl
40,459078,Thom van Bergen
41,366865,Florian Krüger
