,ID,Name
0,343270,Jason Lokilo
1,343347,Arno Verschueren
2,225522,Mario Engels
3,25037,Adil Auassar
4,31238,Aaron Meijers
5,44145,Bart Vriends
6,243916,Nick Olij
7,343314,Vito van Crooij
8,285951,Delano van Crooij
9,379741,Dirk Abels
10,379764,Youri Schoonderwaldt
11,383560,Sven Mijnans
12,404225,Shurandy Sambo
13,411278,Jeremy Van Mullem
14,425114,Mohammed Tahiri
15,437336,Augustin Drakpe
16,349199,Joshua Kitolano
17,276756,Tobias Lauritsen
18,322776,Michael Pinto
19,444483,Mike Eerdhuijzen
20,444484,Koki Saito
21,445063,Patrick Brouwer
22,396058,Rodrigo Guth
23,401043,Ivor Pandur
24,413273,Remy Vita
25,294844,Arianit Ferati
26,79755,Dimitrios Siovas
27,104982,Mats Seuntjens
28,243708,Yanick van Osch
29,281508,Roel Janssen
30,288873,Paul Gladon
31,423863,Tijjani Noslin
32,391953,Mike van Beijnen
33,70598,Ivo Pinto
34,100881,Ximo Navarro
35,344201,Iñigo Córdoba
36,381814,Dogan Erdogan
37,107077,Oguzhan Özyakup
38,23282,Burak Yilmaz
39,361862,Cole Bassett
40,383604,George Cox
41,368266,Tom Hendriks
42,437062,Tunahan Tasci
43,455568,Úmaro Embaló
