,ID,Name
0,143815,Anas Tahiri
1,399607,Antoine Colassin
2,404764,Tibor Halilovic
3,323531,Mats Köhlert
4,409160,Syb van Ottele
5,361900,Sydney van Hooijdonk
6,401046,Timo Zaal
7,379595,Xavier Mous
8,379760,Milan van Ewijk
9,252239,Andries Noppert
10,296543,Jan Bekkema
11,124274,Sven van Beek
12,124380,Thom Haye
13,142181,Joost van Aken
14,142376,Pawel Bochniewicz
15,321193,Rami Kaib
16,401593,Amin Sarr
17,371073,Rami Al Hajj
18,327724,Simon Olsson
19,406536,Hussein Ali
20,444482,Alex Timossi Andersson
21,362459,Othmane Boussaid
22,418600,Rocco Robert Shein
23,344041,Moussa Sylla
24,372372,Albert-Nicolas Lottin
25,375327,Modibo Sagnan
26,112210,Amin Younes
27,394998,Can Bozdogan
28,422873,Anastasios Douvikas
29,135954,Vasilios Barkas
30,256971,Hidde ter Avest
31,135271,Sean Klaiber
32,382170,Daishawn Redan
33,39726,Mark van der Maarel
34,82401,Jens Toornstra
35,101605,Mike van der Hoorn
36,110360,Sander van de Streek
37,422872,Djevencio van der Kust
38,411079,Calvin Raatsie
39,414501,Ruben Kluivert
40,382581,Fabian de Keijzer
41,422634,Luuk Brouwers
42,444675,Taylor Booth
