,ID,Name
0,422636,Philippe Rommens
1,288859,Gerrit Nauber
2,362691,Luca Plogmann
3,388033,Willum Willumsson
4,422633,Mats Deijl
5,422637,Jay Idzes
6,425219,Jahnoah Markelo
7,426002,Sven Jansen
8,400173,Jamal Amofa
9,379703,Jeffrey de Lange
10,382238,Bobby Adekanye
11,134722,Bas Kuipers
12,322159,Finn Stokkers
13,331931,Justin Bakker
14,348644,Sylla Sow
15,355132,Rashaan Fernandes
16,355961,Evert Linthorst
17,357807,Martijn Berden
18,395424,José Fontán
19,284451,Isac Lidberg
20,320513,Tesfaldet Tekie
21,411691,Enric Llansana
22,383616,Oliver Valaker Edvardsen
23,379787,Jacky Donkor
24,328432,Siebe Horemans
25,320000,Adrian Fein
26,379158,Maxime Awoudja
27,308754,Lazaros Lamprou
28,116632,Yassin Ayoub
29,139666,Norbert Alblas
30,100608,Mike van Duinen
31,382593,Marouan Azarkan
32,400009,Couhaib Driouech
33,400056,Nathangelo Markelo
34,406754,Reda Kharchouch
35,363875,Kenzo Goudmijn
36,444619,Stijn van Gassel
37,444620,Redouan El Yaakoubi
38,444621,Nathan Tjoe-A-On
39,444622,Joshua Eijgenraam
40,444623,Julian Baas
41,444624,Serano Seymor
42,445053,Nikolas Agrafiotis
