,ID,Name
0,379701,Ramiz Zerrouki
1,422782,Manfred Ugalde
2,291964,Václav Cerny
3,90235,Lars Unnerstall
4,368289,Issam El Maach
5,108935,Robin Pröpper
6,119741,Joshua Brenet
7,120454,Virgil Misidjan
8,37344,Ricky van Wolfswinkel
9,387172,Denilho Cleonise
10,400057,Casper Staring
11,400059,Gijs Smal
12,402819,Mees Hilgers
13,322149,Michel Vlap
14,361794,Sem Steijn
15,405560,Daan Rots
16,406780,Max Bruns
17,422781,Luca Everink
18,437387,Anass Salah-Eddine
19,34545,Przemyslaw Tyton
20,318754,Julio Pleguezuelo
21,404777,Mathias Kjølø
22,255946,Dario Van den Buijs
23,127137,Zakaria Bakkali
24,383972,Sebbe Augustijns
25,400278,Thierry Lutonda
26,400545,Shawn Adewoye
27,379712,Saïd Bakari
28,400276,Luuk Wouters
29,429373,Roy Kuijpers
30,432167,Mark Spenkelink
31,23373,Hans Mulder
32,63885,Vurnon Anita
33,90696,Florian Jozefzoon
34,279173,Pelle Clement
35,289015,Julian Lelieveld
36,380663,Patrick Vroegh
37,136263,Iliass Bel Hassani
38,365160,Lars Nieuwpoort
39,379705,Etienne Vaessen
40,379706,Juriën Gaari
41,312584,Joel Pereira
42,391317,Julen Lobete
43,444674,Kevin Felida
