,ID,Name
0,124105,Michael Heylen
1,383819,Mohamed Bouchouari
2,400115,Lucas Bernadou
3,369671,Azzeddine Toufiqui
4,302724,Eric Oelschlägel
5,302776,Keziah Veendorp
6,36131,Jeroen Veldmate
7,104292,Lorenzo Burnet
8,115863,Mark Diemers
9,121834,Mickey van der Hart
10,122206,Richairo Zivkovic
11,408339,Ben Scholte
12,409129,Jari Vlak
13,397586,Fernando Pacheco
14,125157,Miguel Araujo
15,372926,Metehan Guclu
16,402852,Ole Romeny
17,399824,Jasin-Amin Assehnoun
18,444652,Rui Mendes
19,444655,Julius Dirksen
20,444658,Arnaud Luzayadio
21,445052,Kyan van Dorp
22,367742,Cyril Ngonge
23,404224,Emmanuel Matuta
24,322591,Marin Sverko
25,343438,Jan Hoekstra
26,91123,Mike te Wierik
27,97719,Joey Pelupessy
28,133960,Peter Leeuwenburgh
29,137368,Damil Dankerlui
30,371293,Jan de Boer
31,379742,Laros Duarte
32,422635,Ragnar Oratmangoen
33,412907,Neraysho Kasanwirjo
34,425112,Yahya Kalley
35,322086,Ramon Pascal Lundqvist
36,377466,Ricardo Pepi
37,395826,Isak Määttä
38,444710,Radinio Balker
39,459078,Thom van Bergen
40,366865,Florian Krüger
41,415927,Luciano Valente
