,ID,Name
0,362553,Jens Odgaard
1,377279,Peter Vindahl
2,300755,Pantelis Hatzidiakos
3,330514,Vangelis Pavlidis
4,424273,Milos Kerkez
5,379783,Yukinari Sugawara
6,353695,Dani de Wit
7,404490,Yusuf Barasi
8,408102,Peer Koopmeiners
9,415772,Zico Buurmeester
10,90802,Jordy Clasie
11,90834,Hobie Verhulst
12,133959,Riechedly Bazoer
13,434318,Maxim Dekker
14,438484,Myron van Brederode
15,422739,Sam Beukema
16,422867,Mees de Wit
17,320614,Jesper Karlsson
18,422738,Sem Westerveld
19,343382,Tijjani Reijnders
20,444780,Mayckel Lahdo
21,409052,Benaissa Benamar
22,425605,Xavier Mbuyamba
23,120549,Daryl van Mieghem
24,240878,Robert Mühren
25,261017,Henk Veerman
26,321910,Carel Eiting
27,391573,Filip Stankovic
28,439736,Gaetano Oristanio
29,444711,Derry Murkin
30,444713,Brian Plat
31,444714,Damon Mirani
32,444715,Ibrahim El Kadiri
33,444716,Imran Nazih
34,444717,Lequincio Zeefuik
35,444720,Barry Lauwers
36,444721,Walid Ould-Chikh
37,445055,Dean Ruben James
38,445058,Josh Flint
