,ID,Name
0,130304,Walter Benítez
1,124021,Phillipp Mwene
2,427824,Johan Bakayoko
3,98101,André Ramalho
4,137460,Érick Gutiérrez
5,232261,Anwar El Ghazi
6,275012,Joël Drommel
7,322148,Guus Til
8,68585,Luuk de Jong
9,85470,Marco van Ginkel
10,345333,Armando Obispo
11,352825,Cody Gakpo
12,361839,Jordan Teze
13,368547,Ki-Jana Hoever
14,382556,Joey Veerman
15,399772,Xavi Simons
16,403097,Fredrik Oppegård
17,386631,Richard Ledezma
18,389935,Noni Madueke
19,381045,Jarrad Branthwaite
20,328075,Ibrahim Sangaré
21,462233,Niek Schiks
22,344071,Landry Dimata
23,296536,Mikkel Duelund
24,22300,Lasse Schöne
25,422807,Magnus Mattsson
26,386625,Andri Baldursson
27,422805,Souffian El Karouani
28,115869,Oussama Tannane
29,271086,Calvin Verdonk
30,276442,Joris Kramer
31,90811,Jasper Cillessen
32,97367,Mattijs Branderhorst
33,422806,Dirk Proper
34,422804,Bart van Rooij
35,299511,Jordy Bruijn
36,321959,Philippe Sandler
37,422809,Ilias Bronkhorst
38,422810,Elayis Tavsan
39,422814,Robin Roefs
40,437616,Ibrahim Cissoko
41,367813,Pedro Marques
42,279967,Iván Márquez
43,455506,Terry Lartey Sanniez
