,ID,Name
0,379701,Ramiz Zerrouki
1,422782,Manfred Ugalde
2,291964,Václav Cerny
3,90235,Lars Unnerstall
4,399296,Christos Tzolis
5,368289,Issam El Maach
6,37344,Ricky van Wolfswinkel
7,387172,Denilho Cleonise
8,119741,Joshua Brenet
9,29281,Wout Brama
10,400057,Casper Staring
11,400058,Thijs van Leeuwen
12,400059,Gijs Smal
13,402819,Mees Hilgers
14,437387,Anass Salah-Eddine
15,405560,Daan Rots
16,406780,Max Bruns
17,422781,Luca Everink
18,34545,Przemyslaw Tyton
19,455476,Jaïr Haakmat
20,404777,Mathias Kjølø
21,379787,Jacky Donkor
22,328432,Siebe Horemans
23,320000,Adrian Fein
24,116632,Yassin Ayoub
25,123554,Sven Nieuwpoort
26,100608,Mike van Duinen
27,363875,Kenzo Goudmijn
28,400009,Couhaib Driouech
29,400056,Nathangelo Markelo
30,406754,Reda Kharchouch
31,444619,Stijn van Gassel
32,444620,Redouan El Yaakoubi
33,444621,Nathan Tjoe-A-On
34,444622,Joshua Eijgenraam
35,444623,Julian Baas
36,444624,Serano Seymor
37,444625,Pascal Kuiper
38,444626,Raphaël Eyongo
