,ID,Name
0,130304,Walter Benítez
1,124021,Phillipp Mwene
2,408059,Yorbe Vertessen
3,427824,Johan Bakayoko
4,98101,André Ramalho
5,363077,Carlos Vinícius
6,397821,Sávio
7,142466,Philipp Max
8,137460,Érick Gutiérrez
9,404776,Ismael Saibari
10,26916,Boy Waterman
11,275012,Joël Drommel
12,322148,Guus Til
13,399772,Xavi Simons
14,382556,Joey Veerman
15,368547,Ki-Jana Hoever
16,345333,Armando Obispo
17,352825,Cody Gakpo
18,361839,Jordan Teze
19,386631,Richard Ledezma
20,381045,Jarrad Branthwaite
21,328075,Ibrahim Sangaré
22,409052,Benaissa Benamar
23,120549,Daryl van Mieghem
24,148512,Bilal Ould-Chikh
25,240878,Robert Mühren
26,261017,Henk Veerman
27,321910,Carel Eiting
28,391573,Filip Stankovic
29,439736,Gaetano Pio Oristanio
30,444711,Derry Murkin
31,444712,Billy van Duijl
32,444713,Brian Plat
33,444714,Damon Mirani
34,444715,Ibrahim El Kadiri
35,444716,Imran Nazih
36,444717,Lequincio Zeefuik
37,444718,Kayne van Oevelen
38,444720,Barry Lauwers
39,444721,Walid Ould-Chikh
40,445055,Dean Ruben James
41,445057,Achraf Douiri
