,ID,Name
0,328330,Marcos Senesi
1,384574,Gernot Trauner
2,244805,Cyriel Dessers
3,361879,Luis Sinisterra
4,133390,Alireza Jahanbakhsh
5,136068,Ofir Marciano
6,373113,Naoufal Bannis
7,43004,Bryan Linssen
8,82401,Jens Toornstra
9,115863,Mark Diemers
10,404937,Thijs Jansen
11,408489,Tein Troost
12,422909,Ramon Hendriks
13,345303,Tyrell Malacia
14,345441,Lutsharel Geertruida
15,322148,Guus Til
16,357133,Marcus Pedersen
17,303544,Fredrik Aursnes
18,142352,João Teixeira
19,355870,Orkun Kökcü
20,342564,Reiss Nelson
21,147910,Lucas Schoofs
22,367743,Noah Fadiga
23,377444,Mohamed Amissi
24,401096,Mateo Les
25,227870,Nikolai Laursen
26,104885,Janis Blaswich
27,394980,Marco Rente
28,379731,Orestis Kiomourtzoglou
29,296650,Ismail Azzaoui
30,231133,Alessandro Damen
31,379686,Ruben Roosken
32,369095,Koen Bucker
33,369553,Mats Knoester
34,355134,Kaj Sierhuis
35,138398,Bilal Basacikoglu
36,136302,Sinan Bakis
37,322406,Luca de la Torre
38,361866,Robin Polley
39,361875,Delano Burgzorg
40,379728,Navajo Bakboord
41,393081,Giacomo Quagliata
42,400497,Elias Sierra-Cappelleti
43,422763,Sven Sonnenberg
