,ID,Name
0,391257,Mickael Tirpan
1,123681,Jordan Botaka
2,110500,Felix Dornebusch
3,294844,Arianit Ferati
4,83798,Andreas Samaris
5,409128,Nigel Lonwijk
6,423863,Tijjani Noslin
7,90830,Ben Rienstra
8,104982,Mats Seuntjens
9,33981,Charlison Benschop
10,243708,Yanick van Osch
11,281508,Roel Janssen
12,288873,Paul Gladon
13,298805,Michael Verrips
14,328549,Deroy Duarte
15,361694,Zian Flemming
16,366228,Richie Musaba
17,329684,Lisandro Semedo
18,70598,Ivo Pinto
19,320513,Tesfaldet Tekie
20,122291,Martin Angha
21,437062,Tunahan Tasci
22,422778,Samy Baghdadi
23,328330,Marcos Senesi
24,384574,Gernot Trauner
25,244805,Cyriel Dessers
26,361879,Luis Sinisterra
27,133390,Alireza Jahanbakhsh
28,136068,Ofir Marciano
29,43004,Bryan Linssen
30,321959,Philippe Sandler
31,322148,Guus Til
32,345303,Tyrell Malacia
33,345441,Lutsharel Geertruida
34,133305,Jorrit Hendrix
35,404937,Thijs Jansen
36,422909,Ramon Hendriks
37,357133,Marcus Pedersen
38,303544,Fredrik Aursnes
39,107510,Valentin Alexandru Cojocaru
40,355870,Orkun Kökçü
41,361862,Cole Bassett
42,342564,Reiss Nelson
43,399620,Patrik Wålemark
