,ID,Name
0,143815,Anas Tahiri
1,404764,Tibor Halilovic
2,404110,Nicolas Madsen
3,296543,Jan Bekkema
4,361900,Sydney van Hooijdonk
5,369119,Arjen van der Heide
6,32196,Siem de Jong
7,34171,Erwin Mulder
8,121666,Nick Bakker
9,124274,Sven van Beek
10,124380,Thom Haye
11,136066,Lucas Woudenberg
12,142181,Joost van Aken
13,379595,Xavier Mous
14,379734,Hamdi Akujobi
15,379760,Milan van Ewijk
16,400143,Anthony Musaba
17,383865,Filip Stevanovic
18,321193,Rami Kaib
19,401593,Amin Sarr
20,371073,Rami Al Hajj
21,401046,Timo Zaal
22,321192,Ibrahim Dresevic
23,240976,David Sambissa
24,259530,Robin Maulun
25,412208,Tamás Kiss
26,346507,Roberts Uldrikis
27,349777,Michael Breij
28,298493,Patrick Joosten
29,77699,Calvin Mac-Intosch
30,89573,Erik Schouten
31,90564,Sonny Stevens
32,105316,Doke Schmidt
33,108655,Mitchel Paulissen
34,238998,Issa Kallon
35,422858,Nick Doodeman
36,361897,Jamie Jacobs
37,422861,Marco Tol
38,422862,Brett Minnema
39,422863,Pieter Bos
40,425440,Jasper ter Heide
41,431471,Roy van Mameren
42,433929,Thomas Rier
43,436147,Milan Smit
44,422859,Jhondly van der Meer
45,351532,Mees Hoedemakers
