,ID,Name
0,399608,Ahmed Touba
1,379713,Lennerd Daneels
2,379712,Saïd Bakari
3,386605,Ayman Azhil
4,368289,Issam El Maach
5,379705,Etienne Vaessen
6,379706,Juriën Gaari
7,379707,Melle Meulensteen
8,23373,Hans Mulder
9,38147,Alexander Büttner
10,40342,Michiel Kramer
11,63885,Vurnon Anita
12,136263,Iliass Bel Hassani
13,322159,Finn Stokkers
14,365160,Lars Nieuwpoort
15,389411,Yassin Oukili
16,391284,Richard van der Venne
17,429373,Roy Kuijpers
18,312584,Joel Pereira
19,384253,Achraf El Bouchataoui
20,400276,Luuk Wouters
21,400278,Thierry Lutonda
22,400545,Shawn Adewoye
23,367742,Cyril Ngonge
24,322591,Marin Sverko
25,33002,Bart van Hintum
26,77725,Michael de Leeuw
27,133960,Peter Leeuwenburgh
28,137368,Damil Dankerlui
29,321871,Mohamed El Hankouri
30,371293,Jan de Boer
31,379742,Laros Duarte
32,381718,Romano Postema
33,389086,Melayro Bogarde
34,364306,Daniël van Kaam
35,434212,Dirk Baron
36,333048,Jørgen Strand Larsen
37,335919,Daleho Irandust
38,404224,Emmanuel Matuta
39,406537,Paulos Abraham
40,412907,Neraysho Kasanwirjo
41,415775,Bjorn Meijer
42,415928,Thijmen Blokzijl
43,425112,Yahya Kalley
