,ID,Name
0,422636,Philippe Rommens
1,408818,Ogechika Heil
2,288859,Gerrit Nauber
3,431319,Aventis Aventisian
4,422641,Quiermo Dumay
5,331931,Justin Bakker
6,134722,Bas Kuipers
7,247700,Nick Hengelman
8,252239,Andries Noppert
9,276442,Joris Kramer
10,422633,Mats Deijl
11,348647,Boyd Lucassen
12,355961,Evert Linthorst
13,357807,Martijn Berden
14,422635,Ragnar Oratmangoen
15,344201,Iñigo Córdoba
16,331255,Cardona
17,284451,Isac Lidberg
18,12887,Jacob Mulenga
19,422640,Job Schuurman
20,422634,Luuk Brouwers
21,422642,Turan Tuzlacik
22,285992,Adrian Grbic
23,345558,Tomas Hajek
24,384141,Romaric Yapi
25,285933,Markus Schubert
26,130917,Eli Dasa
27,133959,Riechedly Bazoer
28,352844,Thomas Buitink
29,289343,Eric Verstappen
30,303076,Danilho Doekhi
31,401021,Enzo Cornelisse
32,404389,Enrico Hernández
33,413209,Daan Reiziger
34,363704,Toni Domgjoni
35,380663,Patrick Vroegh
36,400281,Million Manhoef
37,400282,Daan Huisman
38,429928,Gyan de Regt
39,437426,Miliano Jonathans
40,363618,Loïs Openda
