,ID,Name
0,303779,Maximiliano Romero
1,363077,Carlos Vinícius
2,346767,Mauro Júnior
3,142466,Philipp Max
4,44096,Eran Zahavi
5,343435,Ritsu Doan
6,137460,Érick Gutiérrez
7,85470,Marco van Ginkel
8,275012,Joël Drommel
9,352825,Cody Gakpo
10,361839,Jordan Teze
11,428694,Jenson Seelt
12,382556,Joey Veerman
13,117980,Bruma
14,103542,Yvon Mvogo
15,328075,Ibrahim Sangaré
16,386631,Richard Ledezma
17,402876,Vincent Müller
18,428695,Dennis Vos
19,343390,Jorn Brondeel
20,334977,Elton Kabangu
21,400010,Derrick Köhn
22,323531,Mats Köhlert
23,121821,Timon Wellenreuther
24,279751,Görkem Saglam
25,303113,Abdenasser El Khayati
26,255970,Wessel Dammers
27,322083,Leeroy Owusu
28,379600,Connor van den Berg
29,349481,Jizz Hornkamp
30,357080,Godfried Roemeratoe
31,361791,Driess Saddiki
32,321954,Ulrik Jenssen
33,109581,Pol Llonch
34,319990,Max Svensson
35,136461,Daniel Crowley
36,379599,Ché Nunnely
37,391027,Kilian Ludewig
38,400012,Wesley Spieringhs
39,409292,Nikolaos Michelis
40,429002,Sam Tel
41,437757,Jelte Pal
