,ID,Name
0,367742,Cyril Ngonge
1,322591,Marin Sverko
2,33002,Bart van Hintum
3,77725,Michael de Leeuw
4,133960,Peter Leeuwenburgh
5,137368,Damil Dankerlui
6,255970,Wessel Dammers
7,321871,Mohamed El Hankouri
8,371293,Jan de Boer
9,381718,Romano Postema
10,364306,Daniël van Kaam
11,333048,Jørgen Strand Larsen
12,335919,Daleho Irandust
13,343438,Jan Hoekstra
14,391047,Tomás Suslov
15,406537,Paulos Abraham
16,412907,Neraysho Kasanwirjo
17,415775,Bjorn Meijer
18,425112,Yahya Kalley
19,425956,Alex Mortensen
20,302644,Dario Dumic
21,361838,Michal Sadílek
22,90235,Lars Unnerstall
23,108935,Robin Pröpper
24,120454,Virgil Misidjan
25,29281,Wout Brama
26,37344,Ricky van Wolfswinkel
27,379702,Jesse Bosch
28,379703,Jeffrey de Lange
29,387172,Denilho Cleonise
30,387682,Ennio van der Gouw
31,400055,Jayden Oosterwolde
32,400059,Gijs Smal
33,322149,Michel Vlap
34,422781,Luca Everink
35,361898,Luka Ilic
36,363658,Dimitris Limnios
37,379701,Ramiz Zerrouki
38,402819,Mees Hilgers
39,405560,Daan Rots
40,422782,Manfred Ugalde
