,ID,Name
0,291964,Vaclav Cerny
1,361838,Michal Sadílek
2,90235,Lars Unnerstall
3,406780,Max Bruns
4,422781,Luca Everink
5,108935,Robin Pröpper
6,119741,Joshua Brenet
7,120454,Virgil Misidjan
8,280289,Giovanni Troupée
9,37344,Ricky van Wolfswinkel
10,322149,Michel Vlap
11,400059,Gijs Smal
12,379702,Jesse Bosch
13,379703,Jeffrey de Lange
14,387172,Denilho Cleonise
15,318754,Julio Pleguezuelo
16,422782,Manfred Ugalde
17,400057,Casper Staring
18,402819,Mees Hilgers
19,405560,Daan Rots
20,363658,Dimitris Limnios
21,379701,Ramiz Zerrouki
22,303779,Maximiliano Romero
23,346767,Mauro Júnior
24,98101,André Ramalho
25,363077,Carlos Vinícius
26,260809,Olivier Boscagli
27,142466,Philipp Max
28,80382,Mario Götze
29,44096,Eran Zahavi
30,343435,Ritsu Doan
31,137460,Érick Gutiérrez
32,275012,Joël Drommel
33,352825,Cody Gakpo
34,361839,Jordan Teze
35,85470,Marco van Ginkel
36,382556,Joey Veerman
37,117980,Bruma
38,103542,Yvon Mvogo
39,389935,Noni Madueke
40,328075,Ibrahim Sangaré
41,400273,Maxime Delanghe
42,408059,Yorbe Vertessen
43,386631,Richard Ledezma
