,ID,Name
0,328330,Marcos Senesi
1,384574,Gernot Trauner
2,244805,Cyriel Dessers
3,361879,Luis Sinisterra
4,133390,Alireza Jahanbakhsh
5,136068,Ofir Marciano
6,43004,Bryan Linssen
7,133305,Jorrit Hendrix
8,322148,Guus Til
9,345303,Tyrell Malacia
10,408489,Tein Troost
11,422909,Ramon Hendriks
12,357133,Marcus Pedersen
13,303544,Fredrik Aursnes
14,107510,Valentin Alexandru Cojocaru
15,355870,Orkun Kökçü
16,361862,Cole Bassett
17,342564,Reiss Nelson
18,416035,Sem Valk
19,399620,Patrik Wålemark
20,343390,Jorn Brondeel
21,334977,Elton Kabangu
22,400010,Derrick Köhn
23,323531,Mats Köhlert
24,279751,Görkem Saglam
25,121821,Timon Wellenreuther
26,66462,Freek Heerkens
27,81475,Miquel Nelom
28,303113,Abdenasser El Khayati
29,322083,Leeroy Owusu
30,255970,Wessel Dammers
31,349481,Jizz Hornkamp
32,357080,Godfried Roemeratoe
33,361791,Driess Saddiki
34,379600,Connor van den Berg
35,109581,Pol Llonch
36,312913,Emil Bergström
37,319990,Max Svensson
38,136461,Daniel Crowley
39,379599,Ché Nunnely
40,400012,Wesley Spieringhs
41,409292,Nikolaos Michelis
42,425104,Anargyros Kampetsis
