,ID,Name
0,377279,Peter Vindahl
1,399721,Kamal Sowah
2,300755,Pantelis Hatzidiakos
3,330514,Vangelis Pavlidis
4,379783,Yukinari Sugawara
5,373340,Zakaria Aboukhlal
6,353695,Dani de Wit
7,400978,Beau Reus
8,408102,Peer Koopmeiners
9,415772,Zico Buurmeester
10,328550,Owen Wijndal
11,90802,Jordy Clasie
12,90810,Bruno Martins Indi
13,90834,Hobie Verhulst
14,80137,Fredrik Midtsjø
15,355183,Aslak Witry
16,356742,Håkon Evjen
17,422739,Sam Beukema
18,424273,Milos Kerkez
19,343382,Tijjani Reijnders
20,320614,Jesper Karlsson
21,285992,Adrian Grbic
22,345558,Tomas Hajek
23,319922,Jacob Rasmussen
24,384141,Romaric Yapi
25,226599,Maximilian Wittek
26,133959,Riechedly Bazoer
27,141965,Jeroen Houwen
28,289343,Eric Verstappen
29,303076,Danilho Doekhi
30,352844,Thomas Buitink
31,401021,Enzo Cornelisse
32,413209,Daan Reiziger
33,112719,Sondre Tronstad
34,318295,Matús Bero
35,363704,Toni Domgjoni
36,361815,Yann Gboho
37,363618,Loïs Openda
38,380663,Patrick Vroegh
39,429928,Gyan de Regt
40,436060,Simon van Duivenbooden
41,400281,Million Manhoef
42,400282,Daan Huisman
