,ID,Name
0,399608,Ahmed Touba
1,255946,Dario Van den Buijs
2,379713,Lennerd Daneels
3,379712,Saïd Bakari
4,362553,Jens Odgaard
5,386605,Ayman Azhil
6,368289,Issam El Maach
7,379705,Etienne Vaessen
8,379706,Juriën Gaari
9,379707,Melle Meulensteen
10,389411,Yassin Oukili
11,391284,Richard van der Venne
12,365160,Lars Nieuwpoort
13,23373,Hans Mulder
14,38147,Alexander Büttner
15,40342,Michiel Kramer
16,63885,Vurnon Anita
17,136263,Iliass Bel Hassani
18,322159,Finn Stokkers
19,429373,Roy Kuijpers
20,312584,Joel Pereira
21,400278,Thierry Lutonda
22,400545,Shawn Adewoye
23,362459,Othmane Boussaid
24,344041,Moussa Sylla
25,302724,Eric Oelschlägel
26,315574,Thijmen Nijhuis
27,22842,Willem Janssen
28,39726,Mark van der Maarel
29,89575,Adam Maher
30,101605,Mike van der Hoorn
31,110360,Sander van de Streek
32,123556,Joris van Overeem
33,229520,Django Warmerdam
34,238997,Mimoun Mahi
35,256971,Hidde ter Avest
36,261082,Bart Ramselaar
37,393412,Remco Balk
38,411078,Quinten Timber
39,422872,Djevencio van der Kust
40,283351,Simon Gustafson
41,345600,Pontus Almqvist
42,422873,Anastasios Douvikas
43,382581,Fabian de Keijzer
44,382582,Tommy St. Jago
