,ID,Name
0,367742,Cyril Ngonge
1,322591,Marin Sverko
2,364306,Daniël van Kaam
3,33002,Bart van Hintum
4,77725,Michael de Leeuw
5,91123,Mike te Wierik
6,133960,Peter Leeuwenburgh
7,137368,Damil Dankerlui
8,321871,Mohamed El Hankouri
9,371293,Jan de Boer
10,379742,Laros Duarte
11,381718,Romano Postema
12,389086,Melayro Bogarde
13,333048,Jørgen Strand Larsen
14,404224,Emmanuel Matuta
15,406537,Paulos Abraham
16,412907,Neraysho Kasanwirjo
17,415775,Bjorn Meijer
18,425112,Yahya Kalley
19,434212,Dirk Baron
20,83809,Nicolás Tagliafico
21,260843,André Onana
22,400166,Mohammed Kudus
23,322696,Edson Álvarez
24,349932,Noussair Mazraoui
25,83337,Zakaria Labyad
26,70033,Daley Blind
27,401122,Kenneth Taylor
28,362732,Perr Schuurs
29,363884,Ryan Gravenberch
30,89794,Steven Berghuis
31,108860,Davy Klaassen
32,388650,Jurriën Timber
33,389945,Sontje Hansen
34,422802,Jay Gorter
35,34545,Przemyslaw Tyton
36,29474,Dusan Tadic
37,383798,Mohamed Daramy
38,236544,Sébastien Haller
39,367522,Danilo
40,404568,Brian Brobbey
41,411691,Enric Llansana
