,ID,Name
0,83809,Nicolás Tagliafico
1,340105,Lisandro Martínez
2,326505,David Neres
3,364315,Antony
4,260843,André Onana
5,403644,Victor Jensen
6,322696,Edson Álvarez
7,349932,Noussair Mazraoui
8,83337,Zakaria Labyad
9,34550,Remko Pasveer
10,70033,Daley Blind
11,89794,Steven Berghuis
12,108860,Davy Klaassen
13,362732,Perr Schuurs
14,363884,Ryan Gravenberch
15,401122,Kenneth Taylor
16,422802,Jay Gorter
17,388650,Jurriën Timber
18,29474,Dusan Tadic
19,383798,Mohamed Daramy
20,236544,Sébastien Haller
21,367522,Danilo
22,400165,Devyne Rensch
23,343390,Jorn Brondeel
24,334977,Elton Kabangu
25,121821,Timon Wellenreuther
26,279751,Görkem Saglam
27,346731,Kwasi Okyere Wriedt
28,323531,Mats Köhlert
29,365389,John Yeboah
30,400010,Derrick Köhn
31,322083,Leeroy Owusu
32,357080,Godfried Roemeratoe
33,361791,Driess Saddiki
34,81475,Miquel Nelom
35,379600,Connor van den Berg
36,321954,Ulrik Jenssen
37,319990,Max Svensson
38,379599,Ché Nunnely
39,400014,Vincent Schippers
40,409292,Nikolaos Michelis
41,425104,Anargyros Kampetsis
42,425569,Ringo Meerveld
43,429002,Sam Tel
