,ID,Name
0,377279,Peter Vindahl
1,300755,Pantelis Hatzidiakos
2,330514,Vangelis Pavlidis
3,289252,Albert Gudmundsson
4,379783,Yukinari Sugawara
5,405003,Thijs Oosting
6,408102,Peer Koopmeiners
7,422737,Ernest Poku
8,400978,Beau Reus
9,353695,Dani de Wit
10,328550,Owen Wijndal
11,373340,Zakaria Aboukhlal
12,90802,Jordy Clasie
13,90810,Bruno Martins Indi
14,90834,Hobie Verhulst
15,80137,Fredrik Midtsjø
16,355183,Aslak Fonn Witry
17,422739,Sam Beukema
18,404490,Yusuf Barasi
19,379784,Mohamed Taabouni
20,343382,Tijjani Reijnders
21,320614,Jesper Karlsson
22,83798,Andreas Samaris
23,379697,Ryan Johansson
24,361694,Zian Flemming
25,366228,Richie Musaba
26,243708,Yanick van Osch
27,328549,Deroy Duarte
28,90830,Ben Rienstra
29,104982,Mats Seuntjens
30,422779,Stijn Hogervorst
31,409128,Nigel Lonwijk
32,334533,Emil Hansson
33,70598,Ivo Pinto
34,320513,Tesfaldet Tekie
35,122291,Martin Angha
36,383604,George Cox
37,368266,Tom Hendriks
38,422778,Samy Baghdadi
39,422780,Toshio Lake
40,423863,Tijanni Noslin
41,425412,Yigit Celtik
42,425413,Ruben van Kouwen
