,ID,Name
0,110500,Felix Dornebusch
1,294844,Arianit Ferati
2,379697,Ryan Johansson
3,409128,Nigel Lonwijk
4,328549,Deroy Duarte
5,366228,Richie Musaba
6,243708,Yanick van Osch
7,281508,Roel Janssen
8,90830,Ben Rienstra
9,104982,Mats Seuntjens
10,422779,Stijn Hogervorst
11,334533,Emil Hansson
12,70598,Ivo Pinto
13,320513,Tesfaldet Tekie
14,122291,Martin Angha
15,380695,Bassala Sambou
16,383604,George Cox
17,422778,Samy Baghdadi
18,368266,Tom Hendriks
19,422780,Toshio Lake
20,423863,Tijanni Noslin
21,425412,Yigit Celtik
22,33841,Daniel Vukovic
23,422808,Jonathan Okita
24,396058,Rodrigo Guth
25,22300,Lasse Schöne
26,422807,Magnus Mattsson
27,422804,Bart van Rooij
28,299511,Jordy Bruijn
29,97367,Mattijs Branderhorst
30,132973,Javier Vet
31,271086,Calvin Verdonk
32,422809,Ilias Bronkhorst
33,422810,Elayis Tavsan
34,10705,Edgar Barreto
35,279967,Iván Márquez
36,364281,Ali Akman
37,422805,Souffian El Karouani
38,402852,Ole Romeny
39,422803,Cas Odenthal
40,422811,Thomas Beekman
41,422813,Joep van der Sluijs
42,422814,Robin Roefs
43,426009,Pedro Ruiz
