,ID,Name
0,255946,Dario Van den Buijs
1,285814,Jens Teunckens
2,379713,Lennerd Daneels
3,383972,Sebbe Augustijns
4,399608,Ahmed Touba
5,379712,Saïd Bakari
6,362553,Jens Odgaard
7,386605,Ayman Azhil
8,368289,Issam El Maach
9,379705,Etienne Vaessen
10,379706,Juriën Gaari
11,379707,Melle Meulensteen
12,389411,Yassin Oukili
13,391284,Richard van der Venne
14,365160,Lars Nieuwpoort
15,322159,Finn Stokkers
16,23373,Hans Mulder
17,38147,Alexander Büttner
18,40342,Michiel Kramer
19,63885,Vurnon Anita
20,400278,Thierry Lutonda
21,400545,Shawn Adewoye
22,384253,Achraf El Bouchataoui
23,422636,Philippe Rommens
24,408818,Ogechika Heil
25,367779,Giannis-Foivos Botos
26,348647,Boyd Lucassen
27,331931,Justin Bakker
28,422633,Mats Deijl
29,422637,Jay Idzes
30,115650,Warner Hahn
31,134722,Bas Kuipers
32,252239,Andries Noppert
33,276442,Joris Kramer
34,422641,Quiermo Dumay
35,422635,Ragnar Oratmangoen
36,331255,Marc Cardona
37,344201,Iñigo Córdoba
38,284451,Isac Lidberg
39,422639,Yacine Bourhane
40,422634,Luuk Brouwers
41,426002,Sven Jansen
