,ID,Name
0,240976,David Sambissa
1,412208,Tamás Kiss
2,346507,Roberts Uldrikis
3,349777,Michael Breij
4,298493,Patrick Joosten
5,77699,Calvin Mac-Intosch
6,89573,Erik Schouten
7,105316,Doke Schmidt
8,108655,Mitchel Paulissen
9,238998,Issa Kallon
10,422861,Marco Tol
11,422862,Brett Minnema
12,422863,Pieter Bos
13,425440,Jasper ter Heide
14,422858,Nick Doodeman
15,361897,Jamie Jacobs
16,422859,Jhondly van der Meer
17,422857,Alex Bangura
18,431350,Sekou Sylla
19,433929,Thomas Rier
20,434130,Thijmen Renkel
21,436147,Milan Smit
22,351532,Mees Hoedemakers
23,33841,Daniel Vukovic
24,422808,Jonathan Okita
25,396058,Rodrigo Guth
26,296536,Mikkel Duelund
27,22300,Lasse Schöne
28,422807,Magnus Mattsson
29,299511,Jordy Bruijn
30,97367,Mattijs Branderhorst
31,132973,Javier Vet
32,271086,Calvin Verdonk
33,422809,Ilias Bronkhorst
34,422810,Elayis Tavsan
35,279967,Iván Márquez
36,364281,Ali Akman
37,42705,Wilfried Bony
38,422803,Cas Odenthal
39,422805,Souffian El Karouani
