,ID,Name
0,361880,Oussama Darfalou
1,132420,Rico Strieder
2,68850,Kostas Lamprou
3,369545,Yuta Nakayama
4,382170,Daishawn Redan
5,422867,Mees de Wit
6,34108,Bram van Polen
7,34925,Maikel van der Werff
8,36974,Ryan Koolwijk
9,136102,Djavan Anderson
10,231106,Kenneth Paal
11,279173,Pelle Clement
12,279429,Sai van Wermeskerken
13,317693,Mike Hauptmeijer
14,365152,Eliano Reijnders
15,345544,Luka Adzic
16,119109,Gervane Kastaneer
17,432117,Max de Waal
18,436114,Thomas Beelen
19,362467,Jasper Schendelaar
20,399960,Siemen Voet
21,402068,Slobodan Tedic
22,422636,Philippe Rommens
23,288859,Gerrit Nauber
24,408818,Ogechika Heil
25,367779,Giannis-Foivos Botos
26,422633,Mats Deijl
27,422635,Ragnar Oratmangoen
28,331931,Justin Bakker
29,348647,Boyd Lucassen
30,355961,Evert Linthorst
31,357807,Martijn Berden
32,134722,Bas Kuipers
33,247700,Nick Hengelman
34,252239,Andries Noppert
35,276442,Joris Kramer
36,422637,Jay Idzes
37,331255,Cardona
38,344201,Iñigo Córdoba
39,284451,Isac Lidberg
40,12887,Jacob Mulenga
41,428528,Frank Ross
42,431319,Aventis Aventisian
43,422640,Job Schuurman
44,43712,Cuco Martina
