,ID,Name
0,96615,Benjamin van Leer
1,124105,Michael Heylen
2,343347,Arno Verschueren
3,259930,Younes Namli
4,283282,Riza Durmisi
5,225522,Mario Engels
6,84195,Lennart Thy
7,366549,Giannis Masouras
8,108153,Laurent Jans
9,25037,Adil Auassar
10,31238,Aaron Meijers
11,44145,Bart Vriends
12,90636,Tom Beugelsdijk
13,108426,Joeri de Kamps
14,120675,Tim Coremans
15,379741,Dirk Abels
16,383560,Sven Mijnans
17,343314,Vito van Crooij
18,411278,Jeremy Van Mullem
19,322776,Michael Pinto
20,249686,Adrián Dalmau
21,392339,Maduka Okoye
22,143815,Anas Tahiri
23,404764,Tibor Halilovic
24,296543,Jan Bekkema
25,32196,Siem de Jong
26,34171,Erwin Mulder
27,121666,Nick Bakker
28,124274,Sven van Beek
29,124380,Thom Haye
30,136066,Lucas Woudenberg
31,379595,Xavier Mous
32,379734,Hamdi Akujobi
33,379760,Milan van Ewijk
34,361900,Sydney van Hooijdonk
35,369119,Arjen van der Heide
36,400143,Anthony Musaba
37,383865,Filip Stevanovic
38,371073,Rami Al Hajj
39,321193,Rami Kaib
40,401593,Amin Sarr
41,409160,Syb van Ottele
42,422643,Djenahro Nunumete
43,401046,Timo Zaal
44,321192,Ibrahim Dresevic
