,ID,Name
0,391257,Mickael Tirpan
1,123681,Jordan Botaka
2,294844,Arianit Ferati
3,110500,Felix Dornebusch
4,79755,Dimitrios Siovas
5,83798,Andreas Samaris
6,90830,Ben Rienstra
7,104982,Mats Seuntjens
8,33981,Charlison Benschop
9,298805,Michael Verrips
10,243708,Yanick van Osch
11,288873,Paul Gladon
12,328549,Deroy Duarte
13,361694,Zian Flemming
14,366228,Richie Musaba
15,409128,Nigel Lonwijk
16,329684,Lisandro Semedo
17,70598,Ivo Pinto
18,320513,Tesfaldet Tekie
19,122291,Martin Angha
20,383604,George Cox
21,422778,Samy Baghdadi
22,423863,Tijjani Noslin
23,403495,Melih Ibrahimoglu
24,147910,Lucas Schoofs
25,367743,Noah Fadiga
26,227870,Nikolai Laursen
27,394980,Marco Rente
28,349202,Anas Ouahim
29,312702,Justin Hoogma
30,369095,Koen Bucker
31,379686,Ruben Roosken
32,138398,Bilal Basacikoglu
33,380635,Robin Jalving
34,334533,Emil Hansson
35,81725,Samuel Armenteros
36,136302,Sinan Bakis
37,322406,Luca de la Torre
38,379728,Navajo Bakboord
39,379729,Adrián Szoke
40,393081,Giacomo Quagliata
41,395830,Kasper Lunding Jakobsen
42,400497,Elias Sierra-Cappelleti
43,422763,Sven Sonnenberg
44,433912,Timo Jansink
45,433913,Sem Scheperman
