,ID,Name
0,367742,Cyril Ngonge
1,322591,Marin Sverko
2,364306,Daniël van Kaam
3,33002,Bart van Hintum
4,91123,Mike te Wierik
5,133960,Peter Leeuwenburgh
6,255970,Wessel Dammers
7,298493,Patrick Joosten
8,321871,Mohamed El Hankouri
9,371293,Jan de Boer
10,379742,Laros Duarte
11,381718,Romano Postema
12,333048,Jørgen Strand Larsen
13,335919,Daleho Irandust
14,343438,Jan Hoekstra
15,391047,Tomás Suslov
16,406537,Paulos Abraham
17,412907,Neraysho Kasanwirjo
18,415775,Bjorn Meijer
19,425433,Elias Olsson
20,132420,Rico Strieder
21,68850,Kostas Lamprou
22,369545,Yuta Nakayama
23,380731,Sam Kersten
24,393338,Chardi Landu
25,361695,Thomas van den Belt
26,365152,Eliano Reijnders
27,422867,Mees de Wit
28,345544,Luka Adzic
29,119109,Gervane Kastaneer
30,362467,Jasper Schendelaar
31,399960,Siemen Voet
32,402068,Slobodan Tedic
33,404099,Samir Lagsir
34,404370,Rav van den Berg
35,391012,Gabi Caschili
36,391232,Mark Pabai
37,379596,Dean Huiberts
38,425087,Elikia Mbinga
39,429270,Joey Kesting
