,ID,Name
0,399311,Filip Krastev
1,240976,David Sambissa
2,259530,Robin Maulun
3,412208,Tamás Kiss
4,346507,Roberts Uldrikis
5,349777,Michael Breij
6,404191,Maxim Gullit
7,422858,Nick Doodeman
8,298844,Sam Hendriks
9,343393,Tom Boere
10,77699,Calvin Mac-Intosch
11,89573,Erik Schouten
12,90564,Sonny Stevens
13,105316,Doke Schmidt
14,108655,Mitchel Paulissen
15,238998,Issa Kallon
16,422861,Marco Tol
17,422862,Brett Minnema
18,422863,Pieter Bos
19,425440,Jasper ter Heide
20,422859,Jhondly van der Meer
21,422857,Alex Bangura
22,351532,Mees Hoedemakers
23,377279,Peter Vindahl-Jensen
24,300755,Pantelis Hatzidiakos
25,330514,Vangelis Pavlidis
26,289252,Albert Gudmundsson
27,379783,Yukinari Sugawara
28,353695,Dani de Wit
29,90802,Jordy Clasie
30,90810,Bruno Martins Indi
31,90834,Hobie Verhulst
32,116641,Timo Letschert
33,328550,Owen Wijndal
34,373340,Zakaria Aboukhlal
35,400978,Beau Reus
36,405003,Thijs Oosting
37,408102,Peer Koopmeiners
38,355183,Aslak Fonn Witry
39,80137,Fredrik Midtsjø
40,320614,Jesper Karlsson
41,356742,Håkon Evjen
42,343382,Tijjani Reijnders
43,409747,Jelle Duin
44,422739,Sam Beukema
45,379784,Mohamed Taabouni
