,ID,Name
0,361880,Oussama Darfalou
1,345558,Tomas Hajek
2,319922,Jacob Rasmussen
3,384141,Romaric Yapi
4,226599,Maximilian Wittek
5,130917,Eli Dasa
6,133959,Riechedly Bazoer
7,141965,Jeroen Houwen
8,303076,Danilho Doekhi
9,352844,Thomas Buitink
10,401021,Enzo Cornelisse
11,112719,Sondre Tronstad
12,318295,Matús Bero
13,401731,Julian von Moos
14,363704,Toni Domgjoni
15,361815,Yann Gboho
16,365426,Hilary Gong
17,380663,Patrick Vroegh
18,363618,Loïs Openda
19,409126,Alois Dominik Oroz
20,422868,Nigel van Haveren
21,400281,Million Manhoef
22,400282,Daan Huisman
23,328330,Marcos Senesi
24,384574,Gernot Trauner
25,244805,Cyriel Dessers
26,361879,Luis Sinisterra
27,133390,Alireza Jahanbakhsh
28,136068,Ofir Marciano
29,302709,Justin Bijlow
30,43004,Bryan Linssen
31,82401,Jens Toornstra
32,373113,Naoufal Bannis
33,322148,Guus Til
34,345303,Tyrell Malacia
35,345441,Lutsharel Geertruida
36,404937,Thijs Jansen
37,422909,Ramon Hendriks
38,357133,Marcus Pedersen
39,303544,Fredrik Aursnes
40,142352,João Teixeira
41,355870,Orkun Kökcü
42,342564,Reiss Nelson
