,ID,Name
0,399311,Filip Krastev
1,259530,Robin Maulun
2,412208,Tamás Kiss
3,346507,Roberts Uldrikis
4,349777,Michael Breij
5,361897,Jamie Jacobs
6,298844,Sam Hendriks
7,343393,Tom Boere
8,77699,Calvin Mac-Intosch
9,89573,Erik Schouten
10,90564,Sonny Stevens
11,105316,Doke Schmidt
12,108655,Mitchel Paulissen
13,238998,Issa Kallon
14,404191,Maxim Gullit
15,422861,Marco Tol
16,422862,Brett Minnema
17,422863,Pieter Bos
18,422858,Nick Doodeman
19,422859,Jhondly van der Meer
20,425440,Jasper ter Heide
21,422857,Alex Bangura
22,361880,Oussama Darfalou
23,345558,Tomas Hajek
24,319922,Jacob Rasmussen
25,384141,Romaric Yapi
26,226599,Maximilian Wittek
27,130917,Eli Dasa
28,133959,Riechedly Bazoer
29,141965,Jeroen Houwen
30,289343,Eric Verstappen
31,303076,Danilho Doekhi
32,352844,Thomas Buitink
33,401021,Enzo Cornelisse
34,112719,Sondre Tronstad
35,401731,Julian von Moos
36,363704,Toni Domgjoni
37,361815,Yann Gboho
38,363618,Loïs Openda
39,392344,Nikolai Baden Frederiksen
40,400281,Million Manhoef
41,400282,Daan Huisman
42,380663,Patrick Vroegh
43,409126,Alois Dominik Oroz
44,422868,Nigel van Haveren
