,ID,Name
0,124021,Philipp Mwene
1,98101,André Ramalho
2,346767,Mauro Júnior
3,363077,Carlos Vinícius
4,260809,Olivier Boscagli
5,343435,Ritsu Doan
6,137460,Erick Gutiérrez
7,275012,Joël Drommel
8,85470,Marco van Ginkel
9,345333,Armando Obispo
10,352825,Cody Gakpo
11,361839,Jordan Teze
12,117980,Bruma
13,103542,Yvon Mvogo
14,389935,Noni Madueke
15,328075,Ibrahim Sangaré
16,400273,Maxime Delanghe
17,408059,Yorbe Vertessen
18,362459,Othmane Boussaid
19,373556,Arthur Zagre
20,302724,Eric Oelschlägel
21,329675,Maarten Paes
22,357396,Mohamed Mallahi
23,256971,Hidde ter Avest
24,261082,Bart Ramselaar
25,22842,Willem Janssen
26,39726,Mark van der Maarel
27,89575,Adam Maher
28,101605,Mike van der Hoorn
29,110360,Sander van de Streek
30,123556,Joris van Overeem
31,229520,Django Warmerdam
32,393412,Remco Balk
33,411078,Quinten Timber
34,249686,Adrián Dalmau
35,283351,Simon Gustafson
36,382581,Fabian de Keijzer
37,391015,Eros Maddy
38,422873,Anastasios Douvikas
39,427851,Rick Meissen
