,ID,Name
0,147910,Lucas Schoofs
1,367743,Noah Fadiga
2,377444,Mohamed Amissi
3,401096,Mateo Les
4,227870,Nikolai Laursen
5,104885,Janis Blaswich
6,394980,Marco Rente
7,379731,Orestis Kiomourtzoglou
8,369095,Koen Bucker
9,369553,Mats Knoester
10,379686,Ruben Roosken
11,355134,Kaj Sierhuis
12,231133,Alessandro Damen
13,138398,Bilal Basacikoglu
14,136302,Sinan Bakis
15,322406,Luca de la Torre
16,361866,Robin Polley
17,361875,Delano Burgzorg
18,379728,Navajo Bakboord
19,379729,Adrián Szoke
20,393081,Giacomo Quagliata
21,400497,Elias Sierra-Cappelleti
22,422763,Sven Sonnenberg
23,404764,Tibor Halilovic
24,404110,Nicolas Madsen
25,32196,Siem de Jong
26,121666,Nick Bakker
27,124274,Sven van Beek
28,136066,Lucas Woudenberg
29,261017,Henk Veerman
30,296543,Jan Bekkema
31,342814,Rodney Kongolo
32,379734,Hamdi Akujobi
33,379760,Milan van Ewijk
34,382556,Joey Veerman
35,400143,Anthony Musaba
36,379595,Xavier Mous
37,383865,Filip Stevanovic
38,399618,Benjamin Nygren
39,371073,Rami Al Hajj
40,321193,Rami Kaib
41,400007,Jaimy Kroesen
42,379733,Jan Ras
43,409160,Syb van Ottele
44,321192,Ibrahim Dresevic
