,ID,Name
0,422636,Philippe Rommens
1,288859,Gerrit Nauber
2,367779,Giannis-Foivos Botos
3,422633,Mats Deijl
4,348647,Boyd Lucassen
5,357807,Martijn Berden
6,422637,Jay Idzes
7,422641,Quiermo Dumay
8,331931,Justin Bakker
9,115650,Warner Hahn
10,252239,Andries Noppert
11,276442,Joris Kramer
12,422635,Ragnar Oratmangoen
13,344201,Iñigo Córdoba
14,284451,Isac Lidberg
15,12887,Jacob Mulenga
16,43712,Cuco Martina
17,428528,Frank Ross
18,429003,Zakaria Eddahchouri
19,422640,Job Schuurman
20,422634,Luuk Brouwers
21,302644,Dario Dumic
22,361838,Michal Sadílek
23,291964,Vaclav Cerny
24,90235,Lars Unnerstall
25,108935,Robin Pröpper
26,120454,Virgil Misidjan
27,280289,Giovanni Troupée
28,322149,Michel Vlap
29,37344,Ricky van Wolfswinkel
30,400059,Gijs Smal
31,379702,Jesse Bosch
32,379703,Jeffrey de Lange
33,387172,Denilho Cleonise
34,387682,Ennio van der Gouw
35,400055,Jayden Oosterwolde
36,406780,Max Bruns
37,400057,Casper Staring
38,402819,Mees Hilgers
39,405560,Daan Rots
40,363658,Dimitris Limnios
41,379701,Ramiz Zerrouki
42,422782,Manfred Ugalde
