,ID,Name
0,379713,Lennerd Daneels
1,383972,Sebbe Augustijns
2,255946,Dario Van den Buijs
3,285814,Jens Teunckens
4,379712,Saïd Bakari
5,362553,Jens Odgaard
6,368289,Issam El Maach
7,386605,Ayman Azhil
8,379705,Etienne Vaessen
9,379706,Juriën Gaari
10,379707,Melle Meulensteen
11,365160,Lars Nieuwpoort
12,322159,Finn Stokkers
13,23373,Hans Mulder
14,38147,Alexander Büttner
15,63885,Vurnon Anita
16,136263,Iliass Bel Hassani
17,384253,Achraf El Bouchataoui
18,400276,Luuk Wouters
19,400278,Thierry Lutonda
20,400545,Shawn Adewoye
21,429373,Roy Kuijpers
22,33841,Daniel Vukovic
23,22300,Lasse Schöne
24,296536,Mikkel Duelund
25,422807,Magnus Mattsson
26,422809,Ilias Bronkhorst
27,422810,Elayis Tavsan
28,299511,Jordy Bruijn
29,97367,Mattijs Branderhorst
30,132973,Javier Vet
31,271086,Calvin Verdonk
32,422804,Bart van Rooij
33,422806,Dirk Proper
34,279967,Iván Márquez
35,364281,Ali Akman
36,402852,Ole Romeny
37,422803,Cas Odenthal
38,422811,Thomas Beekman
39,422814,Robin Roefs
40,422805,Souffian El Karouani
