,ID,Name
0,377279,Peter Vindahl
1,300755,Pantelis Hatzidiakos
2,330514,Vangelis Pavlidis
3,289252,Albert Gudmundsson
4,379783,Yukinari Sugawara
5,408102,Peer Koopmeiners
6,415772,Zico Buurmeester
7,422737,Ernest Poku
8,400978,Beau Reus
9,353695,Dani de Wit
10,328550,Owen Wijndal
11,373340,Zakaria Aboukhlal
12,90810,Bruno Martins Indi
13,90834,Hobie Verhulst
14,80137,Fredrik Midtsjø
15,355183,Aslak Fonn Witry
16,422739,Sam Beukema
17,404490,Yusuf Barasi
18,379784,Mohamed Taabouni
19,343382,Tijjani Reijnders
20,320614,Jesper Karlsson
21,96615,Benjamin van Leer
22,124105,Michael Heylen
23,225522,Mario Engels
24,84195,Lennart Thy
25,366549,Giannis Masouras
26,108153,Laurent Jans
27,25037,Adil Auassar
28,31238,Aaron Meijers
29,44145,Bart Vriends
30,77706,Bryan Smeets
31,120675,Tim Coremans
32,90636,Tom Beugelsdijk
33,343314,Vito van Crooij
34,363875,Kenzo Goudmijn
35,379741,Dirk Abels
36,383560,Sven Mijnans
37,400163,Emanuel Emegha
38,411278,Jeremy Van Mullem
39,322776,Mica Pinto
40,426882,Achraf Madi
41,429380,Rijk Janse
