,ID,Name
0,328330,Marcos Senesi
1,244805,Cyriel Dessers
2,361879,Luis Sinisterra
3,133390,Alireza Jahanbakhsh
4,136068,Ofir Marciano
5,43004,Bryan Linssen
6,82401,Jens Toornstra
7,115863,Mark Diemers
8,373113,Naoufal Bannis
9,404937,Thijs Jansen
10,408489,Tein Troost
11,422909,Ramon Hendriks
12,345303,Tyrell Malacia
13,345441,Lutsharel Geertruida
14,322148,Guus Til
15,357133,Marcus Pedersen
16,303544,Fredrik Aursnes
17,355870,Orkun Kökcü
18,342564,Reiss Nelson
19,423949,Mimeirhel Benita
20,391257,Mickael Tirpan
21,294844,Arianit Ferati
22,83798,Andreas Samaris
23,379697,Ryan Johansson
24,361694,Zian Flemming
25,366228,Richie Musaba
26,422779,Stijn Hogervorst
27,90830,Ben Rienstra
28,104982,Mats Seuntjens
29,243708,Yanick van Osch
30,328549,Deroy Duarte
31,409128,Nigel Lonwijk
32,334533,Emil Hansson
33,70598,Ivo Pinto
34,320513,Tesfaldet Tekie
35,380695,Bassala Sambou
36,383604,George Cox
37,368266,Tom Hendriks
38,422780,Toshio Lake
39,423863,Tijanni Noslin
40,425412,Yigit Celtik
41,425413,Ruben van Kouwen
42,422778,Samy Baghdadi
