,ID,Name
0,124021,Phillipp Mwene
1,427824,Johan Bakayoko
2,346767,Mauro Júnior
3,260809,Olivier Boscagli
4,80382,Mario Götze
5,142466,Philipp Max
6,44096,Eran Zahavi
7,343435,Ritsu Doan
8,137460,Érick Gutiérrez
9,275012,Joël Drommel
10,345333,Armando Obispo
11,428694,Jenson Seelt
12,352825,Cody Gakpo
13,361839,Jordan Teze
14,382556,Joey Veerman
15,117980,Bruma
16,103542,Yvon Mvogo
17,328075,Ibrahim Sangaré
18,400273,Maxime Delanghe
19,408059,Yorbe Vertessen
20,377279,Peter Vindahl
21,330514,Vangelis Pavlidis
22,300755,Pantelis Hatzidiakos
23,379783,Yukinari Sugawara
24,373340,Zakaria Aboukhlal
25,353695,Dani de Wit
26,400978,Beau Reus
27,408102,Peer Koopmeiners
28,90802,Jordy Clasie
29,90810,Bruno Martins Indi
30,90834,Hobie Verhulst
31,328550,Owen Wijndal
32,80137,Fredrik Midtsjø
33,343382,Tijjani Reijnders
34,320614,Jesper Karlsson
35,422739,Sam Beukema
36,424273,Milos Kerkez
37,356742,Håkon Evjen
38,379784,Mohamed Taabouni
