,ID,Name
0,391257,Mickael Tirpan
1,123681,Jordan Botaka
2,110500,Felix Dornebusch
3,294844,Arianit Ferati
4,79755,Dimitrios Siovas
5,83798,Andreas Samaris
6,379697,Ryan Johansson
7,409128,Nigel Lonwijk
8,33981,Charlison Benschop
9,90830,Ben Rienstra
10,104982,Mats Seuntjens
11,243708,Yanick van Osch
12,281508,Roel Janssen
13,288873,Paul Gladon
14,328549,Deroy Duarte
15,361694,Zian Flemming
16,366228,Richie Musaba
17,329684,Lisandro Semedo
18,320513,Tesfaldet Tekie
19,122291,Martin Angha
20,383604,George Cox
21,423863,Tijjani Noslin
22,368266,Tom Hendriks
23,143815,Anas Tahiri
24,404110,Nicolas Madsen
25,32196,Siem de Jong
26,34171,Erwin Mulder
27,124380,Thom Haye
28,136066,Lucas Woudenberg
29,296543,Jan Bekkema
30,369119,Arjen van der Heide
31,379595,Xavier Mous
32,379734,Hamdi Akujobi
33,379760,Milan van Ewijk
34,400143,Anthony Musaba
35,383865,Filip Stevanovic
36,401593,Amin Sarr
37,371073,Rami Al Hajj
38,321193,Rami Kaib
39,379733,Jan Ras
40,401046,Timo Zaal
41,406783,Stanislav Shopov
42,422643,Djenahro Nunumete
43,432107,Trustin van 't Loo
44,321192,Ibrahim Dresevic
