,ID,Name
0,361880,Oussama Darfalou
1,132420,Rico Strieder
2,68850,Kostas Lamprou
3,369545,Yuta Nakayama
4,382170,Daishawn Redan
5,361695,Thomas van den Belt
6,365152,Eliano Reijnders
7,97101,Mustafa Saymak
8,34108,Bram van Polen
9,34925,Maikel van der Werff
10,36974,Ryan Koolwijk
11,136102,Djavan Anderson
12,279173,Pelle Clement
13,279429,Sai van Wermeskerken
14,317693,Mike Hauptmeijer
15,404370,Rav van den Berg
16,345544,Luka Adzic
17,432117,Max de Waal
18,119109,Gervane Kastaneer
19,362467,Jasper Schendelaar
20,399960,Siemen Voet
21,402068,Slobodan Tedic
22,379596,Dean Huiberts
23,33841,Daniel Vukovic
24,422808,Jonathan Okita
25,396058,Rodrigo Guth
26,296536,Mikkel Duelund
27,22300,Lasse Schöne
28,422807,Magnus Mattsson
29,97367,Mattijs Branderhorst
30,132973,Javier Vet
31,271086,Calvin Verdonk
32,299511,Jordy Bruijn
33,422809,Ilias Bronkhorst
34,422810,Elayis Tavsan
35,422804,Bart van Rooij
36,10705,Edgar Barreto
37,364281,Ali Akman
38,422803,Cas Odenthal
39,422814,Robin Roefs
40,431307,Nils Rossen
41,422805,Souffian El Karouani
