,ID,Name
0,291964,Vaclav Cerny
1,90235,Lars Unnerstall
2,37344,Ricky van Wolfswinkel
3,108935,Robin Pröpper
4,119741,Joshua Brenet
5,120454,Virgil Misidjan
6,280289,Giovanni Troupée
7,322149,Michel Vlap
8,379702,Jesse Bosch
9,379703,Jeffrey de Lange
10,387172,Denilho Cleonise
11,387682,Ennio van der Gouw
12,400059,Gijs Smal
13,406780,Max Bruns
14,318754,Julio Pleguezuelo
15,363658,Dimitris Limnios
16,379701,Ramiz Zerrouki
17,425219,Jahnoah Markelo
18,402819,Mees Hilgers
19,405560,Daan Rots
20,400057,Casper Staring
21,285992,Adrian Grbic
22,345558,Tomas Hajek
23,319922,Jacob Rasmussen
24,384141,Romaric Yapi
25,226599,Maximilian Wittek
26,285933,Markus Schubert
27,130917,Eli Dasa
28,133959,Riechedly Bazoer
29,141965,Jeroen Houwen
30,289343,Eric Verstappen
31,303076,Danilho Doekhi
32,352844,Thomas Buitink
33,401021,Enzo Cornelisse
34,112719,Sondre Tronstad
35,318295,Matús Bero
36,363704,Toni Domgjoni
37,361815,Yann Gboho
38,380663,Patrick Vroegh
39,392344,Nikolai Baden Frederiksen
40,400282,Daan Huisman
41,409126,Alois Dominik Oroz
