,ID,Name
0,362459,Othmane Boussaid
1,344041,Moussa Sylla
2,302724,Eric Oelschlägel
3,315574,Thijmen Nijhuis
4,393412,Remco Balk
5,411078,Quinten Timber
6,422872,Djevencio van der Kust
7,22842,Willem Janssen
8,39726,Mark van der Maarel
9,89575,Adam Maher
10,101605,Mike van der Hoorn
11,123556,Joris van Overeem
12,238997,Mimoun Mahi
13,261017,Henk Veerman
14,261082,Bart Ramselaar
15,283351,Simon Gustafson
16,422873,Anastasios Douvikas
17,427851,Rick Meissen
18,382581,Fabian de Keijzer
19,240976,David Sambissa
20,259530,Robin Maulun
21,412208,Tamás Kiss
22,346507,Roberts Uldrikis
23,349777,Michael Breij
24,361897,Jamie Jacobs
25,422858,Nick Doodeman
26,298493,Patrick Joosten
27,343393,Tom Boere
28,77699,Calvin Mac-Intosch
29,89573,Erik Schouten
30,90564,Sonny Stevens
31,105316,Doke Schmidt
32,238998,Issa Kallon
33,422861,Marco Tol
34,422862,Brett Minnema
35,422863,Pieter Bos
36,425440,Jasper ter Heide
37,422859,Jhondly van der Meer
38,422857,Alex Bangura
39,351532,Mees Hoedemakers
40,431350,Sekou Sylla
