,ID,Name
0,422636,Philippe Rommens
1,288859,Gerrit Nauber
2,408818,Ogechika Heil
3,367779,Giannis-Foivos Botos
4,422635,Ragnar Oratmangoen
5,422633,Mats Deijl
6,331931,Justin Bakker
7,348647,Boyd Lucassen
8,355961,Evert Linthorst
9,357807,Martijn Berden
10,134722,Bas Kuipers
11,247700,Nick Hengelman
12,252239,Andries Noppert
13,422637,Jay Idzes
14,331255,Cardona
15,344201,Iñigo Córdoba
16,284451,Isac Lidberg
17,12887,Jacob Mulenga
18,428528,Frank Ross
19,43712,Cuco Martina
20,422634,Luuk Brouwers
21,422640,Job Schuurman
22,362459,Othmane Boussaid
23,344041,Moussa Sylla
24,302724,Eric Oelschlägel
25,315574,Thijmen Nijhuis
26,357396,Mohamed Mallahi
27,22842,Willem Janssen
28,39726,Mark van der Maarel
29,89575,Adam Maher
30,101605,Mike van der Hoorn
31,110360,Sander van de Streek
32,123556,Joris van Overeem
33,229520,Django Warmerdam
34,238997,Mimoun Mahi
35,256971,Hidde ter Avest
36,261017,Henk Veerman
37,261082,Bart Ramselaar
38,393412,Remco Balk
39,411078,Quinten Timber
40,422872,Djevencio van der Kust
41,422873,Anastasios Douvikas
42,427851,Rick Meissen
43,382581,Fabian de Keijzer
44,382582,Tommy St. Jago
