,ID,Name
0,343390,Jorn Brondeel
1,334977,Elton Kabangu
2,400010,Derrick Köhn
3,323531,Mats Köhlert
4,121821,Timon Wellenreuther
5,279751,Görkem Saglam
6,255970,Wessel Dammers
7,66462,Freek Heerkens
8,81475,Miquel Nelom
9,322083,Leeroy Owusu
10,379600,Connor van den Berg
11,349481,Jizz Hornkamp
12,357080,Godfried Roemeratoe
13,361791,Driess Saddiki
14,321954,Ulrik Jenssen
15,312913,Emil Bergström
16,319990,Max Svensson
17,136461,Daniel Crowley
18,379599,Ché Nunnely
19,391027,Kilian Ludewig
20,409292,Nikolaos Michelis
21,425104,Anargyros Kampetsis
22,143815,Anas Tahiri
23,404764,Tibor Halilovic
24,404110,Nicolas Madsen
25,296543,Jan Bekkema
26,32196,Siem de Jong
27,34171,Erwin Mulder
28,121666,Nick Bakker
29,124274,Sven van Beek
30,124380,Thom Haye
31,136066,Lucas Woudenberg
32,142181,Joost van Aken
33,361900,Sydney van Hooijdonk
34,369119,Arjen van der Heide
35,379595,Xavier Mous
36,379734,Hamdi Akujobi
37,379760,Milan van Ewijk
38,400143,Anthony Musaba
39,383865,Filip Stevanovic
40,371073,Rami Al Hajj
41,321193,Rami Kaib
42,401593,Amin Sarr
43,379733,Jan Ras
44,321192,Ibrahim Dresevic
