,ID,Name
0,328330,Marcos Senesi
1,384574,Gernot Trauner
2,244805,Cyriel Dessers
3,361879,Luis Sinisterra
4,133390,Alireza Jahanbakhsh
5,136068,Ofir Marciano
6,43004,Bryan Linssen
7,82401,Jens Toornstra
8,133305,Jorrit Hendrix
9,302709,Justin Bijlow
10,322148,Guus Til
11,345303,Tyrell Malacia
12,345441,Lutsharel Geertruida
13,404937,Thijs Jansen
14,422909,Ramon Hendriks
15,357133,Marcus Pedersen
16,303544,Fredrik Aursnes
17,355870,Orkun Kökcü
18,361862,Cole Bassett
19,342564,Reiss Nelson
20,399620,Patrik Wålemark
21,367742,Cyril Ngonge
22,322591,Marin Sverko
23,371293,Jan de Boer
24,379742,Laros Duarte
25,381718,Romano Postema
26,389086,Melayro Bogarde
27,33002,Bart van Hintum
28,77725,Michael de Leeuw
29,91123,Mike te Wierik
30,133960,Peter Leeuwenburgh
31,137368,Damil Dankerlui
32,321871,Mohamed El Hankouri
33,333048,Jørgen Strand Larsen
34,335919,Daleho Irandust
35,391047,Tomás Suslov
36,404224,Emmanuel Matuta
37,406537,Paulos Abraham
38,412907,Neraysho Kasanwirjo
39,415775,Bjorn Meijer
40,425112,Yahya Kalley
41,425432,Owen van der Vlag
