,ID,Name
0,302644,Dario Dumic
1,361838,Michal Sadílek
2,90235,Lars Unnerstall
3,322149,Michel Vlap
4,108935,Robin Pröpper
5,120454,Virgil Misidjan
6,280289,Giovanni Troupée
7,29281,Wout Brama
8,37344,Ricky van Wolfswinkel
9,379702,Jesse Bosch
10,379703,Jeffrey de Lange
11,387172,Denilho Cleonise
12,387682,Ennio van der Gouw
13,400055,Jayden Oosterwolde
14,400059,Gijs Smal
15,361898,Luka Ilic
16,318754,Julio Pleguezuelo
17,363658,Dimitris Limnios
18,379701,Ramiz Zerrouki
19,402819,Mees Hilgers
20,405560,Daan Rots
21,422782,Manfred Ugalde
22,403495,Melih Ibrahimoglu
23,147910,Lucas Schoofs
24,367743,Noah Fadiga
25,401096,Mateo Les
26,227870,Nikolai Laursen
27,104885,Janis Blaswich
28,394980,Marco Rente
29,379731,Orestis Kiomourtzoglou
30,296650,Ismail Azzaoui
31,231133,Alessandro Damen
32,369095,Koen Bucker
33,369553,Mats Knoester
34,379686,Ruben Roosken
35,140505,Rai Vloet
36,355134,Kaj Sierhuis
37,136302,Sinan Bakis
38,322406,Luca de la Torre
39,379728,Navajo Bakboord
40,361866,Robin Polley
41,361875,Delano Burgzorg
42,393081,Giacomo Quagliata
43,400497,Elias Sierra-Cappelleti
44,422763,Sven Sonnenberg
