,ID,Name
0,328330,Marcos Senesi
1,384574,Gernot Trauner
2,244805,Cyriel Dessers
3,361879,Luis Sinisterra
4,133390,Alireza Jahanbakhsh
5,136068,Ofir Marciano
6,404937,Thijs Jansen
7,422909,Ramon Hendriks
8,43004,Bryan Linssen
9,82401,Jens Toornstra
10,133305,Jorrit Hendrix
11,345303,Tyrell Malacia
12,345441,Lutsharel Geertruida
13,322148,Guus Til
14,302709,Justin Bijlow
15,303544,Fredrik Aursnes
16,357133,Marcus Pedersen
17,355870,Orkun Kökcü
18,361862,Cole Bassett
19,399620,Patrik Wålemark
20,124105,Michael Heylen
21,343347,Arno Verschueren
22,259930,Younes Namli
23,283282,Riza Durmisi
24,225522,Mario Engels
25,84195,Lennart Thy
26,366549,Giannis Masouras
27,108153,Laurent Jans
28,25037,Adil Auassar
29,44145,Bart Vriends
30,108426,Joeri de Kamps
31,120675,Tim Coremans
32,379741,Dirk Abels
33,383560,Sven Mijnans
34,411278,Jeremy Van Mullem
35,429380,Rijk Janse
36,343314,Vito van Crooij
37,322776,Michael Pinto
38,249686,Adrián Dalmau
39,392339,Maduka Okoye
