,ID,Name
0,367742,Cyril Ngonge
1,322591,Marin Sverko
2,364306,Daniël van Kaam
3,33002,Bart van Hintum
4,77725,Michael de Leeuw
5,91123,Mike te Wierik
6,133960,Peter Leeuwenburgh
7,137368,Damil Dankerlui
8,321871,Mohamed El Hankouri
9,371293,Jan de Boer
10,379742,Laros Duarte
11,381718,Romano Postema
12,389086,Melayro Bogarde
13,333048,Jørgen Strand Larsen
14,343438,Jan Hoekstra
15,391047,Tomás Suslov
16,404224,Emmanuel Matuta
17,406537,Paulos Abraham
18,412907,Neraysho Kasanwirjo
19,415775,Bjorn Meijer
20,415928,Thijmen Blokzijl
21,425112,Yahya Kalley
22,422636,Philippe Rommens
23,288859,Gerrit Nauber
24,367779,Giannis-Foivos Botos
25,422633,Mats Deijl
26,348647,Boyd Lucassen
27,357807,Martijn Berden
28,422637,Jay Idzes
29,422635,Ragnar Oratmangoen
30,331931,Justin Bakker
31,134722,Bas Kuipers
32,247700,Nick Hengelman
33,252239,Andries Noppert
34,276442,Joris Kramer
35,344201,Iñigo Córdoba
36,331255,Cardona
37,284451,Isac Lidberg
38,12887,Jacob Mulenga
39,428528,Frank Ross
40,431319,Aventis Aventisian
41,43712,Cuco Martina
42,422640,Job Schuurman
43,422634,Luuk Brouwers
