,ID,Name
0,83809,Nicolás Tagliafico
1,340105,Lisandro Martínez
2,364315,Antony
3,400166,Mohammed Kudus
4,322696,Edson Álvarez
5,349932,Noussair Mazraoui
6,362732,Perr Schuurs
7,401122,Kenneth Taylor
8,422802,Jay Gorter
9,423955,Charlie Setford
10,34550,Remko Pasveer
11,70033,Daley Blind
12,89794,Steven Berghuis
13,108860,Davy Klaassen
14,388650,Jurriën Timber
15,29474,Dusan Tadic
16,383798,Mohamed Daramy
17,236544,Sébastien Haller
18,427577,Youri Regeer
19,367522,Danilo
20,400165,Devyne Rensch
21,147910,Lucas Schoofs
22,367743,Noah Fadiga
23,401096,Mateo Les
24,227870,Nikolai Laursen
25,104885,Janis Blaswich
26,394980,Marco Rente
27,379731,Orestis Kiomourtzoglou
28,380635,Robin Jalving
29,355134,Kaj Sierhuis
30,369095,Koen Bucker
31,369553,Mats Knoester
32,379686,Ruben Roosken
33,138398,Bilal Basacikoglu
34,400170,Rohat Agca
35,334533,Emil Hansson
36,136302,Sinan Bakis
37,322406,Luca de la Torre
38,393081,Giacomo Quagliata
39,379728,Navajo Bakboord
40,379729,Adrián Szoke
41,400497,Elias Sierra-Cappelleti
42,422763,Sven Sonnenberg
