,ID,Name
0,343390,Jorn Brondeel
1,334977,Elton Kabangu
2,400010,Derrick Köhn
3,323531,Mats Köhlert
4,405003,Thijs Oosting
5,425569,Ringo Meerveld
6,379600,Connor van den Berg
7,349481,Jizz Hornkamp
8,361791,Driess Saddiki
9,66462,Freek Heerkens
10,81475,Miquel Nelom
11,255970,Wessel Dammers
12,322083,Leeroy Owusu
13,321954,Ulrik Jenssen
14,109581,Pol Llonch
15,312913,Emil Bergström
16,319990,Max Svensson
17,136461,Daniel Crowley
18,379599,Ché Nunnely
19,391027,Kilian Ludewig
20,405831,Maarten Schut
21,409292,Nikolaos Michelis
22,425104,Anargyros Kampetsis
23,255946,Dario Van den Buijs
24,379713,Lennerd Daneels
25,399608,Ahmed Touba
26,379712,Saïd Bakari
27,362553,Jens Odgaard
28,368289,Issam El Maach
29,386605,Ayman Azhil
30,389411,Yassin Oukili
31,391284,Richard van der Venne
32,429373,Roy Kuijpers
33,379705,Etienne Vaessen
34,379706,Juriën Gaari
35,379707,Melle Meulensteen
36,365160,Lars Nieuwpoort
37,322159,Finn Stokkers
38,38147,Alexander Büttner
39,40342,Michiel Kramer
40,63885,Vurnon Anita
41,136263,Iliass Bel Hassani
42,432167,Mark Spenkelink
43,400276,Luuk Wouters
44,400278,Thierry Lutonda
45,400545,Shawn Adewoye
