,ID,Name
0,33841,Daniel Vukovic
1,422808,Jonathan Okita
2,396058,Rodrigo Guth
3,296536,Mikkel Duelund
4,22300,Lasse Schöne
5,422807,Magnus Mattsson
6,422806,Dirk Proper
7,422804,Bart van Rooij
8,422809,Ilias Bronkhorst
9,97367,Mattijs Branderhorst
10,271086,Calvin Verdonk
11,10705,Edgar Barreto
12,364281,Ali Akman
13,422803,Cas Odenthal
14,422813,Joep van der Sluijs
15,422814,Robin Roefs
16,431307,Nils Rossen
17,433122,Mathias De Wolf
18,422805,Souffian El Karouani
19,377279,Peter Vindahl
20,399721,Kamal Sowah
21,300755,Pantelis Hatzidiakos
22,330514,Vangelis Pavlidis
23,379783,Yukinari Sugawara
24,373340,Zakaria Aboukhlal
25,400978,Beau Reus
26,408102,Peer Koopmeiners
27,353695,Dani de Wit
28,90802,Jordy Clasie
29,90810,Bruno Martins Indi
30,90834,Hobie Verhulst
31,355183,Aslak Witry
32,356742,Håkon Evjen
33,343382,Tijjani Reijnders
34,320614,Jesper Karlsson
35,422739,Sam Beukema
36,424273,Milos Kerkez
37,433950,Mexx Meerdink
38,379784,Mohamed Taabouni
