,ID,Name
0,427824,Johan Bakayoko
1,346767,Mauro Júnior
2,363077,Carlos Vinícius
3,260809,Olivier Boscagli
4,142466,Philipp Max
5,80382,Mario Götze
6,44096,Eran Zahavi
7,343435,Ritsu Doan
8,137460,Érick Gutiérrez
9,275012,Joël Drommel
10,85470,Marco van Ginkel
11,345333,Armando Obispo
12,352825,Cody Gakpo
13,361839,Jordan Teze
14,382556,Joey Veerman
15,117980,Bruma
16,103542,Yvon Mvogo
17,389935,Noni Madueke
18,328075,Ibrahim Sangaré
19,402876,Vincent Müller
20,408059,Yorbe Vertessen
21,403495,Melih Ibrahimoglu
22,367743,Noah Fadiga
23,227870,Nikolai Laursen
24,349202,Anas Ouahim
25,138398,Bilal Basacikoglu
26,312702,Justin Hoogma
27,369095,Koen Bucker
28,369553,Mats Knoester
29,379686,Ruben Roosken
30,380635,Robin Jalving
31,334533,Emil Hansson
32,81725,Samuel Armenteros
33,136302,Sinan Bakis
34,322406,Luca de la Torre
35,361866,Robin Polley
36,393081,Giacomo Quagliata
37,395830,Kasper Lunding Jakobsen
38,400497,Elias Sierra-Cappelleti
39,379728,Navajo Bakboord
40,379729,Adrián Szoke
41,422763,Sven Sonnenberg
42,433912,Timo Jansink
43,433913,Sem Scheperman
