,ID,Name
0,391257,Mickael Tirpan
1,123681,Jordan Botaka
2,110500,Felix Dornebusch
3,79755,Dimitrios Siovas
4,83798,Andreas Samaris
5,361694,Zian Flemming
6,366228,Richie Musaba
7,90830,Ben Rienstra
8,33981,Charlison Benschop
9,243708,Yanick van Osch
10,281508,Roel Janssen
11,288873,Paul Gladon
12,298805,Michael Verrips
13,328549,Deroy Duarte
14,409128,Nigel Lonwijk
15,329684,Lisandro Semedo
16,70598,Ivo Pinto
17,320513,Tesfaldet Tekie
18,122291,Martin Angha
19,383604,George Cox
20,422778,Samy Baghdadi
21,423863,Tijjani Noslin
22,361880,Oussama Darfalou
23,132420,Rico Strieder
24,68850,Kostas Lamprou
25,369545,Yuta Nakayama
26,382170,Daishawn Redan
27,97101,Mustafa Saymak
28,136102,Djavan Anderson
29,231106,Kenneth Paal
30,279173,Pelle Clement
31,279429,Sai van Wermeskerken
32,317693,Mike Hauptmeijer
33,34108,Bram van Polen
34,34925,Maikel van der Werff
35,36974,Ryan Koolwijk
36,361695,Thomas van den Belt
37,365152,Eliano Reijnders
38,422867,Mees de Wit
39,345544,Luka Adzic
40,119109,Gervane Kastaneer
41,362467,Jasper Schendelaar
42,399960,Siemen Voet
43,402068,Slobodan Tedic
44,432117,Max de Waal
