,ID,Name
0,291964,Vaclav Cerny
1,361838,Michal Sadílek
2,90235,Lars Unnerstall
3,406780,Max Bruns
4,108935,Robin Pröpper
5,119741,Joshua Brenet
6,120454,Virgil Misidjan
7,280289,Giovanni Troupée
8,322149,Michel Vlap
9,327903,Kik Pierie
10,400059,Gijs Smal
11,379702,Jesse Bosch
12,379703,Jeffrey de Lange
13,387172,Denilho Cleonise
14,387682,Ennio van der Gouw
15,37344,Ricky van Wolfswinkel
16,318754,Julio Pleguezuelo
17,400057,Casper Staring
18,405560,Daan Rots
19,363658,Dimitris Limnios
20,379701,Ramiz Zerrouki
21,422782,Manfred Ugalde
22,240976,David Sambissa
23,259530,Robin Maulun
24,412208,Tamás Kiss
25,422861,Marco Tol
26,422862,Brett Minnema
27,422863,Pieter Bos
28,425440,Jasper ter Heide
29,298493,Patrick Joosten
30,343393,Tom Boere
31,349777,Michael Breij
32,361897,Jamie Jacobs
33,77699,Calvin Mac-Intosch
34,89573,Erik Schouten
35,90564,Sonny Stevens
36,108655,Mitchel Paulissen
37,238998,Issa Kallon
38,422858,Nick Doodeman
39,431471,Roy van Mameren
40,433929,Thomas Rier
41,422857,Alex Bangura
42,422859,Jhondly van der Meer
