,ID,Name
0,259530,Robin Maulun
1,412208,Tamás Kiss
2,346507,Roberts Uldrikis
3,361897,Jamie Jacobs
4,349777,Michael Breij
5,298493,Patrick Joosten
6,343393,Tom Boere
7,77699,Calvin Mac-Intosch
8,89573,Erik Schouten
9,90564,Sonny Stevens
10,105316,Doke Schmidt
11,238998,Issa Kallon
12,422858,Nick Doodeman
13,431471,Roy van Mameren
14,422861,Marco Tol
15,422862,Brett Minnema
16,422863,Pieter Bos
17,425440,Jasper ter Heide
18,431350,Sekou Sylla
19,433929,Thomas Rier
20,436147,Milan Smit
21,422859,Jhondly van der Meer
22,351532,Mees Hoedemakers
23,399608,Ahmed Touba
24,379713,Lennerd Daneels
25,379712,Saïd Bakari
26,386605,Ayman Azhil
27,368289,Issam El Maach
28,379705,Etienne Vaessen
29,379706,Juriën Gaari
30,379707,Melle Meulensteen
31,23373,Hans Mulder
32,38147,Alexander Büttner
33,40342,Michiel Kramer
34,63885,Vurnon Anita
35,136263,Iliass Bel Hassani
36,389411,Yassin Oukili
37,391284,Richard van der Venne
38,322159,Finn Stokkers
39,365160,Lars Nieuwpoort
40,429373,Roy Kuijpers
41,312584,Joel Pereira
42,384253,Achraf El Bouchataoui
43,400276,Luuk Wouters
44,400278,Thierry Lutonda
45,400545,Shawn Adewoye
