,ID,Name
0,83809,Nicolás Tagliafico
1,340105,Lisandro Martínez
2,364315,Antony
3,260843,André Onana
4,400166,Mohammed Kudus
5,322696,Edson Álvarez
6,83337,Zakaria Labyad
7,423955,Charlie Setford
8,70033,Daley Blind
9,89794,Steven Berghuis
10,108860,Davy Klaassen
11,411079,Calvin Raatsie
12,362732,Perr Schuurs
13,363884,Ryan Gravenberch
14,29474,Dusan Tadic
15,383798,Mohamed Daramy
16,236544,Sébastien Haller
17,400165,Devyne Rensch
18,415781,Kian Fitz-Jim
19,367522,Danilo
20,433575,Liam van Gelderen
21,255946,Dario Van den Buijs
22,379713,Lennerd Daneels
23,399608,Ahmed Touba
24,379712,Saïd Bakari
25,362553,Jens Odgaard
26,368289,Issam El Maach
27,386605,Ayman Azhil
28,389411,Yassin Oukili
29,391284,Richard van der Venne
30,429373,Roy Kuijpers
31,379706,Juriën Gaari
32,322159,Finn Stokkers
33,365160,Lars Nieuwpoort
34,23373,Hans Mulder
35,40342,Michiel Kramer
36,63885,Vurnon Anita
37,136263,Iliass Bel Hassani
38,312584,Joel Pereira
39,384253,Achraf El Bouchataoui
40,432167,Mark Spenkelink
41,400276,Luuk Wouters
42,400278,Thierry Lutonda
43,400545,Shawn Adewoye
