,ID,Name
0,132420,Rico Strieder
1,68850,Kostas Lamprou
2,369545,Yuta Nakayama
3,365152,Eliano Reijnders
4,422867,Mees de Wit
5,361695,Thomas van den Belt
6,380731,Sam Kersten
7,382170,Daishawn Redan
8,389942,Leandro Fernandes
9,97101,Mustafa Saymak
10,34108,Bram van Polen
11,36974,Ryan Koolwijk
12,231106,Kenneth Paal
13,317693,Mike Hauptmeijer
14,345544,Luka Adzic
15,119109,Gervane Kastaneer
16,391232,Mark Pabai
17,399960,Siemen Voet
18,402068,Slobodan Tedic
19,362467,Jasper Schendelaar
20,379596,Dean Huiberts
21,399311,Filip Krastev
22,240976,David Sambissa
23,259530,Robin Maulun
24,412208,Tamás Kiss
25,346507,Roberts Uldrikis
26,349777,Michael Breij
27,361897,Jamie Jacobs
28,404191,Maxim Gullit
29,298844,Sam Hendriks
30,343393,Tom Boere
31,77699,Calvin Mac-Intosch
32,89573,Erik Schouten
33,90564,Sonny Stevens
34,105316,Doke Schmidt
35,108655,Mitchel Paulissen
36,238998,Issa Kallon
37,422858,Nick Doodeman
38,422861,Marco Tol
39,422863,Pieter Bos
40,422857,Alex Bangura
41,351532,Mees Hoedemakers
42,425440,Jasper ter Heide
43,422859,Jhondly van der Meer
