,ID,Name
0,343390,Jorn Brondeel
1,334977,Elton Kabangu
2,323531,Mats Köhlert
3,365389,John Yeboah
4,346731,Kwasi Okyere Wriedt
5,121821,Timon Wellenreuther
6,279751,Görkem Saglam
7,400010,Derrick Köhn
8,81475,Miquel Nelom
9,322083,Leeroy Owusu
10,357080,Godfried Roemeratoe
11,361791,Driess Saddiki
12,379600,Connor van den Berg
13,321954,Ulrik Jenssen
14,109581,Pol Llonch
15,312913,Emil Bergström
16,319990,Max Svensson
17,379599,Ché Nunnely
18,400014,Vincent Schippers
19,409292,Nikolaos Michelis
20,425104,Anargyros Kampetsis
21,425569,Ringo Meerveld
22,96615,Benjamin van Leer
23,124105,Michael Heylen
24,225522,Mario Engels
25,84195,Lennart Thy
26,366549,Giannis Masouras
27,25037,Adil Auassar
28,31238,Aaron Meijers
29,44145,Bart Vriends
30,77706,Bryan Smeets
31,90636,Tom Beugelsdijk
32,120675,Tim Coremans
33,289016,Mohammed Osman
34,379741,Dirk Abels
35,383560,Sven Mijnans
36,343314,Vito van Crooij
37,363875,Kenzo Goudmijn
38,400163,Emanuel Emegha
39,322776,Mica Pinto
40,392339,Maduka Okoye
