,ID,Name
0,33841,Daniel Vukovic
1,422808,Jonathan Okita
2,396058,Rodrigo Guth
3,22300,Lasse Schöne
4,422807,Magnus Mattsson
5,422806,Dirk Proper
6,299511,Jordy Bruijn
7,97367,Mattijs Branderhorst
8,132973,Javier Vet
9,271086,Calvin Verdonk
10,422804,Bart van Rooij
11,422809,Ilias Bronkhorst
12,422810,Elayis Tavsan
13,10705,Edgar Barreto
14,279967,Iván Márquez
15,364281,Ali Akman
16,422811,Thomas Beekman
17,422813,Joep van der Sluijs
18,422814,Robin Roefs
19,426009,Pedro Ruiz
20,422805,Souffian El Karouani
21,402852,Ole Romeny
22,422803,Cas Odenthal
23,404764,Tibor Halilovic
24,404110,Nicolas Madsen
25,342814,Rodney Kongolo
26,369119,Arjen van der Heide
27,121666,Nick Bakker
28,136066,Lucas Woudenberg
29,261017,Henk Veerman
30,296543,Jan Bekkema
31,379734,Hamdi Akujobi
32,379760,Milan van Ewijk
33,382556,Joey Veerman
34,379595,Xavier Mous
35,400143,Anthony Musaba
36,383865,Filip Stevanovic
37,399618,Benjamin Nygren
38,321193,Rami Kaib
39,371073,Rami Al Hajj
40,400007,Jaimy Kroesen
41,401046,Timo Zaal
42,379733,Jan Ras
43,409160,Syb van Ottele
44,422643,Djenahro Nunumete
