,ID,Name
0,132420,Rico Strieder
1,68850,Kostas Lamprou
2,369545,Yuta Nakayama
3,382170,Daishawn Redan
4,393338,Chardi Landu
5,361695,Thomas van den Belt
6,34108,Bram van Polen
7,34925,Maikel van der Werff
8,36974,Ryan Koolwijk
9,136102,Djavan Anderson
10,231106,Kenneth Paal
11,279173,Pelle Clement
12,279429,Sai van Wermeskerken
13,317693,Mike Hauptmeijer
14,404370,Rav van den Berg
15,422867,Mees de Wit
16,425087,Elikia Mbinga
17,436114,Thomas Beelen
18,365152,Eliano Reijnders
19,345544,Luka Adzic
20,362467,Jasper Schendelaar
21,402068,Slobodan Tedic
22,119109,Gervane Kastaneer
23,362459,Othmane Boussaid
24,373556,Arthur Zagre
25,344041,Moussa Sylla
26,302724,Eric Oelschlägel
27,315574,Thijmen Nijhuis
28,393412,Remco Balk
29,411078,Quinten Timber
30,414501,Ruben Kluivert
31,22842,Willem Janssen
32,89575,Adam Maher
33,101605,Mike van der Hoorn
34,110360,Sander van de Streek
35,123556,Joris van Overeem
36,229520,Django Warmerdam
37,256971,Hidde ter Avest
38,261017,Henk Veerman
39,422872,Djevencio van der Kust
40,283351,Simon Gustafson
41,345600,Pontus Almqvist
42,382581,Fabian de Keijzer
43,418600,Rocco Robert Shein
44,422873,Anastasios Douvikas
45,427851,Rick Meissen
