,ID,Name
0,367742,Cyril Ngonge
1,322591,Marin Sverko
2,364306,Daniël van Kaam
3,434212,Dirk Baron
4,33002,Bart van Hintum
5,77725,Michael de Leeuw
6,91123,Mike te Wierik
7,133960,Peter Leeuwenburgh
8,137368,Damil Dankerlui
9,321871,Mohamed El Hankouri
10,371293,Jan de Boer
11,379742,Laros Duarte
12,381718,Romano Postema
13,389086,Melayro Bogarde
14,333048,Jørgen Strand Larsen
15,335919,Daleho Irandust
16,391047,Tomás Suslov
17,404224,Emmanuel Matuta
18,406537,Paulos Abraham
19,412907,Neraysho Kasanwirjo
20,415775,Bjorn Meijer
21,425112,Yahya Kalley
22,96615,Benjamin van Leer
23,124105,Michael Heylen
24,343347,Arno Verschueren
25,259930,Younes Namli
26,283282,Riza Durmisi
27,84195,Lennart Thy
28,108153,Laurent Jans
29,25037,Adil Auassar
30,31238,Aaron Meijers
31,44145,Bart Vriends
32,90636,Tom Beugelsdijk
33,108426,Joeri de Kamps
34,120675,Tim Coremans
35,343314,Vito van Crooij
36,379741,Dirk Abels
37,383560,Sven Mijnans
38,409075,Jason Meerstadt
39,411278,Jeremy Van Mullem
40,249686,Adrián Dalmau
41,392339,Maduka Okoye
42,343398,Marouane Afaker
