,ID,Name
0,291964,Vaclav Cerny
1,90235,Lars Unnerstall
2,406780,Max Bruns
3,108935,Robin Pröpper
4,119741,Joshua Brenet
5,120454,Virgil Misidjan
6,280289,Giovanni Troupée
7,322149,Michel Vlap
8,327903,Kik Pierie
9,400059,Gijs Smal
10,379702,Jesse Bosch
11,379703,Jeffrey de Lange
12,387172,Denilho Cleonise
13,387682,Ennio van der Gouw
14,37344,Ricky van Wolfswinkel
15,318754,Julio Pleguezuelo
16,422782,Manfred Ugalde
17,402819,Mees Hilgers
18,400057,Casper Staring
19,363658,Dimitris Limnios
20,379701,Ramiz Zerrouki
21,391257,Mickael Tirpan
22,123681,Jordan Botaka
23,294844,Arianit Ferati
24,110500,Felix Dornebusch
25,83798,Andreas Samaris
26,90830,Ben Rienstra
27,104982,Mats Seuntjens
28,33981,Charlison Benschop
29,298805,Michael Verrips
30,328549,Deroy Duarte
31,243708,Yanick van Osch
32,281508,Roel Janssen
33,288873,Paul Gladon
34,409128,Nigel Lonwijk
35,361694,Zian Flemming
36,366228,Richie Musaba
37,423863,Tijjani Noslin
38,329684,Lisandro Semedo
39,70598,Ivo Pinto
40,320513,Tesfaldet Tekie
41,122291,Martin Angha
42,383604,George Cox
43,422778,Samy Baghdadi
