,ID,Name
0,343390,Jorn Brondeel
1,334977,Elton Kabangu
2,323531,Mats Köhlert
3,400010,Derrick Köhn
4,121821,Timon Wellenreuther
5,279751,Görkem Saglam
6,303113,Abdenasser El Khayati
7,255970,Wessel Dammers
8,66462,Freek Heerkens
9,81475,Miquel Nelom
10,349481,Jizz Hornkamp
11,357080,Godfried Roemeratoe
12,361791,Driess Saddiki
13,379600,Connor van den Berg
14,322083,Leeroy Owusu
15,321954,Ulrik Jenssen
16,109581,Pol Llonch
17,319990,Max Svensson
18,136461,Daniel Crowley
19,391027,Kilian Ludewig
20,400012,Wesley Spieringhs
21,409292,Nikolaos Michelis
22,437757,Jelte Pal
23,403495,Melih Ibrahimoglu
24,147910,Lucas Schoofs
25,367743,Noah Fadiga
26,227870,Nikolai Laursen
27,394980,Marco Rente
28,433912,Timo Jansink
29,312702,Justin Hoogma
30,138398,Bilal Basacikoglu
31,380635,Robin Jalving
32,369095,Koen Bucker
33,369553,Mats Knoester
34,379686,Ruben Roosken
35,334533,Emil Hansson
36,81725,Samuel Armenteros
37,136302,Sinan Bakis
38,322406,Luca de la Torre
39,379728,Navajo Bakboord
40,393081,Giacomo Quagliata
41,433913,Sem Scheperman
42,395830,Kasper Lunding Jakobsen
43,400497,Elias Sierra-Cappelleti
44,422763,Sven Sonnenberg
