,ID,Name
0,422636,Philippe Rommens
1,288859,Gerrit Nauber
2,408818,Ogechika Heil
3,367779,Giannis-Foivos Botos
4,422635,Ragnar Oratmangoen
5,422633,Mats Deijl
6,331931,Justin Bakker
7,348647,Boyd Lucassen
8,355961,Evert Linthorst
9,357807,Martijn Berden
10,134722,Bas Kuipers
11,247700,Nick Hengelman
12,252239,Andries Noppert
13,276442,Joris Kramer
14,422637,Jay Idzes
15,331255,Cardona
16,344201,Iñigo Córdoba
17,284451,Isac Lidberg
18,12887,Jacob Mulenga
19,428528,Frank Ross
20,422640,Job Schuurman
21,43712,Cuco Martina
22,422634,Luuk Brouwers
23,343390,Jorn Brondeel
24,334977,Elton Kabangu
25,323531,Mats Köhlert
26,400010,Derrick Köhn
27,279751,Görkem Saglam
28,121821,Timon Wellenreuther
29,255970,Wessel Dammers
30,66462,Freek Heerkens
31,322083,Leeroy Owusu
32,349481,Jizz Hornkamp
33,357080,Godfried Roemeratoe
34,361791,Driess Saddiki
35,379600,Connor van den Berg
36,321954,Ulrik Jenssen
37,109581,Pol Llonch
38,312913,Emil Bergström
39,319990,Max Svensson
40,136461,Daniel Crowley
41,379599,Ché Nunnely
42,391027,Kilian Ludewig
43,400012,Wesley Spieringhs
44,409292,Nikolaos Michelis
45,425104,Anargyros Kampetsis
