,ID,Name
0,377279,Peter Vindahl
1,399721,Kamal Sowah
2,300755,Pantelis Hatzidiakos
3,330514,Vangelis Pavlidis
4,379783,Yukinari Sugawara
5,373340,Zakaria Aboukhlal
6,353695,Dani de Wit
7,400978,Beau Reus
8,408102,Peer Koopmeiners
9,415772,Zico Buurmeester
10,422737,Ernest Poku
11,328550,Owen Wijndal
12,90802,Jordy Clasie
13,90810,Bruno Martins Indi
14,90834,Hobie Verhulst
15,80137,Fredrik Midtsjø
16,355183,Aslak Witry
17,356742,Håkon Evjen
18,379784,Mohamed Taabouni
19,422739,Sam Beukema
20,424273,Milos Kerkez
21,343382,Tijjani Reijnders
22,320614,Jesper Karlsson
23,83809,Nicolás Tagliafico
24,400166,Mohammed Kudus
25,322696,Edson Álvarez
26,349932,Noussair Mazraoui
27,4065,Maarten Stekelenburg
28,89794,Steven Berghuis
29,108860,Davy Klaassen
30,70033,Daley Blind
31,401122,Kenneth Taylor
32,388650,Jurriën Timber
33,389945,Sontje Hansen
34,422802,Jay Gorter
35,34545,Przemyslaw Tyton
36,29474,Dusan Tadic
37,383798,Mohamed Daramy
38,236544,Sébastien Haller
39,369107,Mohamed Ihattaren
40,404568,Brian Brobbey
41,411691,Enric Llansana
42,427577,Youri Regeer
43,437387,Anass Salah-Eddine
44,400165,Devyne Rensch
