,ID,Name
0,328330,Marcos Senesi
1,384574,Gernot Trauner
2,244805,Cyriel Dessers
3,361879,Luis Sinisterra
4,133390,Alireza Jahanbakhsh
5,136068,Ofir Marciano
6,404937,Thijs Jansen
7,422909,Ramon Hendriks
8,43004,Bryan Linssen
9,82401,Jens Toornstra
10,321959,Philippe Sandler
11,322148,Guus Til
12,133305,Jorrit Hendrix
13,345303,Tyrell Malacia
14,345441,Lutsharel Geertruida
15,357133,Marcus Pedersen
16,303544,Fredrik Aursnes
17,107510,Valentin Alexandru Cojocaru
18,355870,Orkun Kökçü
19,361862,Cole Bassett
20,342564,Reiss Nelson
21,399620,Patrik Wålemark
22,303779,Maximiliano Romero
23,346767,Mauro Júnior
24,142466,Philipp Max
25,80382,Mario Götze
26,44096,Eran Zahavi
27,343435,Ritsu Doan
28,137460,Érick Gutiérrez
29,428694,Jenson Seelt
30,85470,Marco van Ginkel
31,275012,Joël Drommel
32,352825,Cody Gakpo
33,361839,Jordan Teze
34,382556,Joey Veerman
35,117980,Bruma
36,103542,Yvon Mvogo
37,389935,Noni Madueke
38,328075,Ibrahim Sangaré
39,386631,Richard Ledezma
40,400273,Maxime Delanghe
41,428695,Dennis Vos
