,ID,Name
0,33841,Daniel Vukovic
1,422808,Jonathan Okita
2,396058,Rodrigo Guth
3,22300,Lasse Schöne
4,296536,Mikkel Duelund
5,422806,Dirk Proper
6,299511,Jordy Bruijn
7,26035,Rens van Eijden
8,97367,Mattijs Branderhorst
9,132973,Javier Vet
10,271086,Calvin Verdonk
11,422804,Bart van Rooij
12,422809,Ilias Bronkhorst
13,422810,Elayis Tavsan
14,279967,Iván Márquez
15,364281,Ali Akman
16,422813,Joep van der Sluijs
17,422814,Robin Roefs
18,433122,Mathias De Wolf
19,437616,Ibrahim Cissoko
20,422805,Souffian El Karouani
21,422803,Cas Odenthal
22,422636,Philippe Rommens
23,288859,Gerrit Nauber
24,408818,Ogechika Heil
25,431319,Aventis Aventisian
26,422635,Ragnar Oratmangoen
27,422633,Mats Deijl
28,134722,Bas Kuipers
29,247700,Nick Hengelman
30,252239,Andries Noppert
31,422637,Jay Idzes
32,331931,Justin Bakker
33,348647,Boyd Lucassen
34,357807,Martijn Berden
35,344201,Iñigo Córdoba
36,331255,Marc Cardona
37,284451,Isac Lidberg
38,12887,Jacob Mulenga
39,422640,Job Schuurman
40,422642,Turan Tuzlacik
41,422634,Luuk Brouwers
