,ID,Name
0,285992,Adrian Grbic
1,345558,Tomas Hajek
2,319922,Jacob Rasmussen
3,285933,Markus Schubert
4,130917,Eli Dasa
5,289343,Eric Verstappen
6,303076,Danilho Doekhi
7,401021,Enzo Cornelisse
8,413209,Daan Reiziger
9,352844,Thomas Buitink
10,112719,Sondre Tronstad
11,318295,Matús Bero
12,363704,Toni Domgjoni
13,380663,Patrick Vroegh
14,392344,Nikolai Frederiksen
15,400281,Million Manhoef
16,400282,Daan Huisman
17,363618,Loïs Openda
18,143815,Anas Tahiri
19,404764,Tibor Halilovic
20,404110,Nicolas Madsen
21,32196,Siem de Jong
22,34171,Erwin Mulder
23,124274,Sven van Beek
24,124380,Thom Haye
25,136066,Lucas Woudenberg
26,296543,Jan Bekkema
27,379595,Xavier Mous
28,379734,Hamdi Akujobi
29,379760,Milan van Ewijk
30,361900,Sydney van Hooijdonk
31,369119,Arjen van der Heide
32,400143,Anthony Musaba
33,383865,Filip Stevanovic
34,371073,Rami Al Hajj
35,321193,Rami Kaib
36,401593,Amin Sarr
37,409160,Syb van Ottele
38,422643,Djenahro Nunumete
39,401046,Timo Zaal
40,321192,Ibrahim Dresevic
