,ID,Name
0,362459,Othmane Boussaid
1,373556,Arthur Zagre
2,344041,Moussa Sylla
3,302724,Eric Oelschlägel
4,393412,Remco Balk
5,411078,Quinten Timber
6,422872,Djevencio van der Kust
7,315574,Thijmen Nijhuis
8,22842,Willem Janssen
9,39726,Mark van der Maarel
10,89575,Adam Maher
11,101605,Mike van der Hoorn
12,110360,Sander van de Streek
13,123556,Joris van Overeem
14,238997,Mimoun Mahi
15,256971,Hidde ter Avest
16,261082,Bart Ramselaar
17,283351,Simon Gustafson
18,345600,Pontus Almqvist
19,422873,Anastasios Douvikas
20,382581,Fabian de Keijzer
21,382582,Tommy St. Jago
22,391257,Mickael Tirpan
23,123681,Jordan Botaka
24,294844,Arianit Ferati
25,110500,Felix Dornebusch
26,79755,Dimitrios Siovas
27,83798,Andreas Samaris
28,90830,Ben Rienstra
29,104982,Mats Seuntjens
30,33981,Charlison Benschop
31,298805,Michael Verrips
32,243708,Yanick van Osch
33,288873,Paul Gladon
34,409128,Nigel Lonwijk
35,328549,Deroy Duarte
36,361694,Zian Flemming
37,366228,Richie Musaba
38,329684,Lisandro Semedo
39,70598,Ivo Pinto
40,320513,Tesfaldet Tekie
41,122291,Martin Angha
42,383604,George Cox
43,422778,Samy Baghdadi
44,423863,Tijjani Noslin
