,ID,Name
0,33841,Daniel Vukovic
1,422808,Jonathan Okita
2,396058,Rodrigo Guth
3,422807,Magnus Mattsson
4,296536,Mikkel Duelund
5,22300,Lasse Schöne
6,422804,Bart van Rooij
7,26035,Rens van Eijden
8,97367,Mattijs Branderhorst
9,132973,Javier Vet
10,271086,Calvin Verdonk
11,299511,Jordy Bruijn
12,422810,Elayis Tavsan
13,279967,Iván Márquez
14,364281,Ali Akman
15,42705,Wilfried Bony
16,422803,Cas Odenthal
17,422814,Robin Roefs
18,433122,Mathias De Wolf
19,422805,Souffian El Karouani
20,291964,Vaclav Cerny
21,361838,Michal Sadílek
22,90235,Lars Unnerstall
23,108935,Robin Pröpper
24,119741,Joshua Brenet
25,120454,Virgil Misidjan
26,280289,Giovanni Troupée
27,29281,Wout Brama
28,322149,Michel Vlap
29,327903,Kik Pierie
30,379702,Jesse Bosch
31,379703,Jeffrey de Lange
32,387172,Denilho Cleonise
33,400059,Gijs Smal
34,406780,Max Bruns
35,318754,Julio Pleguezuelo
36,400057,Casper Staring
37,422782,Manfred Ugalde
38,436492,Sam Karssies
39,402819,Mees Hilgers
40,405560,Daan Rots
41,363658,Dimitris Limnios
42,379701,Ramiz Zerrouki
