,ID,Name
0,83809,Nicolás Tagliafico
1,260843,André Onana
2,400166,Mohammed Kudus
3,322696,Edson Álvarez
4,422802,Jay Gorter
5,388650,Jurriën Timber
6,362732,Perr Schuurs
7,363884,Ryan Gravenberch
8,89794,Steven Berghuis
9,108860,Davy Klaassen
10,401122,Kenneth Taylor
11,4065,Maarten Stekelenburg
12,70033,Daley Blind
13,29474,Dusan Tadic
14,383798,Mohamed Daramy
15,236544,Sébastien Haller
16,367522,Danilo
17,404568,Brian Brobbey
18,411691,Enric Llansana
19,433575,Liam van Gelderen
20,96615,Benjamin van Leer
21,124105,Michael Heylen
22,343347,Arno Verschueren
23,259930,Younes Namli
24,283282,Riza Durmisi
25,225522,Mario Engels
26,84195,Lennart Thy
27,366549,Giannis Masouras
28,108153,Laurent Jans
29,25037,Adil Auassar
30,31238,Aaron Meijers
31,44145,Bart Vriends
32,108426,Joeri de Kamps
33,120675,Tim Coremans
34,90636,Tom Beugelsdijk
35,343314,Vito van Crooij
36,379741,Dirk Abels
37,383560,Sven Mijnans
38,411278,Jeremy Van Mullem
39,322776,Michael Pinto
40,249686,Adrián Dalmau
41,392339,Maduka Okoye
