,ID,Name
0,403495,Melih Ibrahimoglu
1,147910,Lucas Schoofs
2,367743,Noah Fadiga
3,401096,Mateo Les
4,227870,Nikolai Laursen
5,349202,Anas Ouahim
6,394980,Marco Rente
7,380635,Robin Jalving
8,369095,Koen Bucker
9,379686,Ruben Roosken
10,138398,Bilal Basacikoglu
11,312702,Justin Hoogma
12,334533,Emil Hansson
13,136302,Sinan Bakis
14,322406,Luca de la Torre
15,422763,Sven Sonnenberg
16,433912,Timo Jansink
17,433913,Sem Scheperman
18,361866,Robin Polley
19,379728,Navajo Bakboord
20,379729,Adrián Szoke
21,393081,Giacomo Quagliata
22,400497,Elias Sierra-Cappelleti
23,328330,Marcos Senesi
24,384574,Gernot Trauner
25,244805,Cyriel Dessers
26,361879,Luis Sinisterra
27,133390,Alireza Jahanbakhsh
28,136068,Ofir Marciano
29,133305,Jorrit Hendrix
30,322148,Guus Til
31,43004,Bryan Linssen
32,82401,Jens Toornstra
33,422909,Ramon Hendriks
34,404937,Thijs Jansen
35,345303,Tyrell Malacia
36,357133,Marcus Pedersen
37,303544,Fredrik Aursnes
38,107510,Valentin Alexandru Cojocaru
39,355870,Orkun Kökçü
40,361862,Cole Bassett
41,342564,Reiss Nelson
42,416035,Sem Valk
43,399620,Patrik Wålemark
44,423949,Mimeirhel Benita
