,ID,Name
0,143815,Anas Tahiri
1,404764,Tibor Halilovic
2,296543,Jan Bekkema
3,361900,Sydney van Hooijdonk
4,369119,Arjen van der Heide
5,32196,Siem de Jong
6,34171,Erwin Mulder
7,121666,Nick Bakker
8,124274,Sven van Beek
9,124380,Thom Haye
10,136066,Lucas Woudenberg
11,379595,Xavier Mous
12,379734,Hamdi Akujobi
13,379760,Milan van Ewijk
14,400143,Anthony Musaba
15,383865,Filip Stevanovic
16,321193,Rami Kaib
17,401593,Amin Sarr
18,371073,Rami Al Hajj
19,409160,Syb van Ottele
20,422643,Djenahro Nunumete
21,401046,Timo Zaal
22,321192,Ibrahim Dresevic
23,367742,Cyril Ngonge
24,322591,Marin Sverko
25,33002,Bart van Hintum
26,77725,Michael de Leeuw
27,91123,Mike te Wierik
28,133960,Peter Leeuwenburgh
29,137368,Damil Dankerlui
30,321871,Mohamed El Hankouri
31,371293,Jan de Boer
32,379742,Laros Duarte
33,381718,Romano Postema
34,389086,Melayro Bogarde
35,364306,Daniël van Kaam
36,333048,Jørgen Strand Larsen
37,335919,Daleho Irandust
38,404224,Emmanuel Matuta
39,406537,Paulos Abraham
40,412907,Neraysho Kasanwirjo
41,415775,Bjorn Meijer
42,425112,Yahya Kalley
43,434212,Dirk Baron
