,ID,Name
0,361880,Oussama Darfalou
1,132420,Rico Strieder
2,68850,Kostas Lamprou
3,369545,Yuta Nakayama
4,382170,Daishawn Redan
5,393338,Chardi Landu
6,361695,Thomas van den Belt
7,365152,Eliano Reijnders
8,34108,Bram van Polen
9,34925,Maikel van der Werff
10,36974,Ryan Koolwijk
11,136102,Djavan Anderson
12,231106,Kenneth Paal
13,279173,Pelle Clement
14,279429,Sai van Wermeskerken
15,317693,Mike Hauptmeijer
16,422867,Mees de Wit
17,345544,Luka Adzic
18,119109,Gervane Kastaneer
19,362467,Jasper Schendelaar
20,399960,Siemen Voet
21,391012,Gabi Caschili
22,432117,Max de Waal
23,377279,Peter Vindahl
24,399721,Kamal Sowah
25,300755,Pantelis Hatzidiakos
26,330514,Vangelis Pavlidis
27,379783,Yukinari Sugawara
28,373340,Zakaria Aboukhlal
29,353695,Dani de Wit
30,328550,Owen Wijndal
31,90802,Jordy Clasie
32,90834,Hobie Verhulst
33,400978,Beau Reus
34,408102,Peer Koopmeiners
35,415772,Zico Buurmeester
36,422737,Ernest Poku
37,80137,Fredrik Midtsjø
38,355183,Aslak Witry
39,320614,Jesper Karlsson
40,422739,Sam Beukema
41,424273,Milos Kerkez
42,434318,Maxim Dekker
43,356742,Håkon Evjen
44,343382,Tijjani Reijnders
