,ID,Name
0,303779,Maximiliano Romero
1,363077,Carlos Vinícius
2,346767,Mauro Júnior
3,98101,André Ramalho
4,260809,Olivier Boscagli
5,80382,Mario Götze
6,44096,Eran Zahavi
7,137460,Érick Gutiérrez
8,382556,Joey Veerman
9,275012,Joël Drommel
10,85470,Marco van Ginkel
11,352825,Cody Gakpo
12,361839,Jordan Teze
13,117980,Bruma
14,103542,Yvon Mvogo
15,389935,Noni Madueke
16,328075,Ibrahim Sangaré
17,402876,Vincent Müller
18,403097,Fredrik Oppegård
19,408059,Yorbe Vertessen
20,386631,Richard Ledezma
21,399608,Ahmed Touba
22,379713,Lennerd Daneels
23,379712,Saïd Bakari
24,362553,Jens Odgaard
25,368289,Issam El Maach
26,386605,Ayman Azhil
27,389411,Yassin Oukili
28,391284,Richard van der Venne
29,429373,Roy Kuijpers
30,379705,Etienne Vaessen
31,379706,Juriën Gaari
32,379707,Melle Meulensteen
33,365160,Lars Nieuwpoort
34,322159,Finn Stokkers
35,38147,Alexander Büttner
36,40342,Michiel Kramer
37,63885,Vurnon Anita
38,136263,Iliass Bel Hassani
39,312584,Joel Pereira
40,384253,Achraf El Bouchataoui
41,400276,Luuk Wouters
42,400278,Thierry Lutonda
43,400545,Shawn Adewoye
