,ID,Name
0,285992,Adrian Grbic
1,345558,Tomas Hajek
2,319922,Jacob Rasmussen
3,384141,Romaric Yapi
4,285933,Markus Schubert
5,130917,Eli Dasa
6,401021,Enzo Cornelisse
7,413209,Daan Reiziger
8,133959,Riechedly Bazoer
9,141965,Jeroen Houwen
10,352844,Thomas Buitink
11,303076,Danilho Doekhi
12,112719,Sondre Tronstad
13,318295,Matús Bero
14,363704,Toni Domgjoni
15,380663,Patrick Vroegh
16,400281,Million Manhoef
17,400282,Daan Huisman
18,363618,Loïs Openda
19,436060,Simon van Duivenbooden
20,412208,Tamás Kiss
21,346507,Roberts Uldrikis
22,361897,Jamie Jacobs
23,422858,Nick Doodeman
24,422861,Marco Tol
25,422862,Brett Minnema
26,422863,Pieter Bos
27,425440,Jasper ter Heide
28,77699,Calvin Mac-Intosch
29,89573,Erik Schouten
30,105316,Doke Schmidt
31,108655,Mitchel Paulissen
32,238998,Issa Kallon
33,298493,Patrick Joosten
34,431471,Roy van Mameren
35,434130,Thijmen Renkel
36,436147,Milan Smit
37,422857,Alex Bangura
