,ID,Name
0,343390,Jorn Brondeel
1,334977,Elton Kabangu
2,365389,John Yeboah
3,323531,Mats Köhlert
4,121821,Timon Wellenreuther
5,279751,Görkem Saglam
6,346731,Kwasi Okyere Wriedt
7,400010,Derrick Köhn
8,379600,Connor van den Berg
9,357080,Godfried Roemeratoe
10,361791,Driess Saddiki
11,81475,Miquel Nelom
12,322083,Leeroy Owusu
13,321954,Ulrik Jenssen
14,109581,Pol Llonch
15,319990,Max Svensson
16,400014,Vincent Schippers
17,409292,Nikolaos Michelis
18,425104,Anargyros Kampetsis
19,425569,Ringo Meerveld
20,429002,Sam Tel
21,429592,Noah Lewis
22,379599,Ché Nunnely
23,399311,Filip Krastev
24,259530,Robin Maulun
25,412208,Tamás Kiss
26,346507,Roberts Uldrikis
27,349777,Michael Breij
28,361897,Jamie Jacobs
29,404191,Maxim Gullit
30,298844,Sam Hendriks
31,343393,Tom Boere
32,77699,Calvin Mac-Intosch
33,89573,Erik Schouten
34,90564,Sonny Stevens
35,105316,Doke Schmidt
36,108655,Mitchel Paulissen
37,238998,Issa Kallon
38,422858,Nick Doodeman
39,422861,Marco Tol
40,422862,Brett Minnema
41,422863,Pieter Bos
42,422857,Alex Bangura
43,351532,Mees Hoedemakers
44,422859,Jhondly van der Meer
