,ID,Name
0,404764,Tibor Halilovic
1,404110,Nicolas Madsen
2,342814,Rodney Kongolo
3,369119,Arjen van der Heide
4,400143,Anthony Musaba
5,32196,Siem de Jong
6,121666,Nick Bakker
7,124274,Sven van Beek
8,136066,Lucas Woudenberg
9,261017,Henk Veerman
10,296543,Jan Bekkema
11,379595,Xavier Mous
12,379734,Hamdi Akujobi
13,379760,Milan van Ewijk
14,382556,Joey Veerman
15,383865,Filip Stevanovic
16,399618,Benjamin Nygren
17,321193,Rami Kaib
18,371073,Rami Al Hajj
19,400007,Jaimy Kroesen
20,409160,Syb van Ottele
21,321192,Ibrahim Dresevic
22,124105,Michael Heylen
23,96615,Benjamin van Leer
24,84195,Lennart Thy
25,225522,Mario Engels
26,366549,Giannis Masouras
27,108153,Laurent Jans
28,25037,Adil Auassar
29,31238,Aaron Meijers
30,44145,Bart Vriends
31,77706,Bryan Smeets
32,120675,Tim Coremans
33,343314,Vito van Crooij
34,363875,Kenzo Goudmijn
35,379741,Dirk Abels
36,383560,Sven Mijnans
37,400163,Emanuel Emegha
38,289016,Mohammed Osman
39,90636,Tom Beugelsdijk
40,322776,Mica Pinto
41,429380,Rijk Janse
