,ID,Name
0,362459,Othmane Boussaid
1,373556,Arthur Zagre
2,302724,Eric Oelschlägel
3,411078,Quinten Timber
4,357396,Mohamed Mallahi
5,256971,Hidde ter Avest
6,261082,Bart Ramselaar
7,393412,Remco Balk
8,22842,Willem Janssen
9,39726,Mark van der Maarel
10,89575,Adam Maher
11,101605,Mike van der Hoorn
12,110360,Sander van de Streek
13,123556,Joris van Overeem
14,229520,Django Warmerdam
15,238997,Mimoun Mahi
16,249686,Adrián Dalmau
17,283351,Simon Gustafson
18,422873,Anastasios Douvikas
19,429657,Sep van der Heijden
20,409052,Benaissa Benamar
21,382581,Fabian de Keijzer
22,422636,Philippe Rommens
23,408818,Ogechika Heil
24,367779,Giannis-Foivos Botos
25,422635,Ragnar Oratmangoen
26,422633,Mats Deijl
27,331931,Justin Bakker
28,348647,Boyd Lucassen
29,357807,Martijn Berden
30,115650,Warner Hahn
31,134722,Bas Kuipers
32,252239,Andries Noppert
33,276442,Joris Kramer
34,422637,Jay Idzes
35,344201,Iñigo Córdoba
36,284451,Isac Lidberg
37,12887,Jacob Mulenga
38,43712,Cuco Martina
39,422634,Luuk Brouwers
40,422639,Yacine Bourhane
41,422640,Job Schuurman
42,428528,Frank Ross
