,ID,Name
0,132420,Rico Strieder
1,68850,Kostas Lamprou
2,369545,Yuta Nakayama
3,380731,Sam Kersten
4,393338,Chardi Landu
5,317693,Mike Hauptmeijer
6,361695,Thomas van den Belt
7,36974,Ryan Koolwijk
8,365152,Eliano Reijnders
9,422867,Mees de Wit
10,345544,Luka Adzic
11,425087,Elikia Mbinga
12,119109,Gervane Kastaneer
13,362467,Jasper Schendelaar
14,399960,Siemen Voet
15,402068,Slobodan Tedic
16,404099,Samir Lagsir
17,404370,Rav van den Berg
18,391012,Gabi Caschili
19,391232,Mark Pabai
20,379596,Dean Huiberts
21,391257,Mickael Tirpan
22,110500,Felix Dornebusch
23,294844,Arianit Ferati
24,83798,Andreas Samaris
25,90830,Ben Rienstra
26,104982,Mats Seuntjens
27,243708,Yanick van Osch
28,281508,Roel Janssen
29,409128,Nigel Lonwijk
30,328549,Deroy Duarte
31,361694,Zian Flemming
32,366228,Richie Musaba
33,422779,Stijn Hogervorst
34,334533,Emil Hansson
35,70598,Ivo Pinto
36,320513,Tesfaldet Tekie
37,380695,Bassala Sambou
38,383604,George Cox
39,422778,Samy Baghdadi
40,422780,Toshio Lake
41,423863,Tijanni Noslin
42,425412,Yigit Celtik
43,425413,Ruben van Kouwen
