,ID,Name
0,147910,Lucas Schoofs
1,367743,Noah Fadiga
2,227870,Nikolai Laursen
3,104885,Janis Blaswich
4,349202,Anas Ouahim
5,394980,Marco Rente
6,379731,Orestis Kiomourtzoglou
7,380635,Robin Jalving
8,369095,Koen Bucker
9,369553,Mats Knoester
10,379686,Ruben Roosken
11,355134,Kaj Sierhuis
12,138398,Bilal Basacikoglu
13,312702,Justin Hoogma
14,400170,Rohat Agca
15,334533,Emil Hansson
16,322406,Luca de la Torre
17,379728,Navajo Bakboord
18,379729,Adrián Szoke
19,393081,Giacomo Quagliata
20,395830,Kasper Lunding Jakobsen
21,400497,Elias Sierra-Cappelleti
22,422763,Sven Sonnenberg
23,362459,Othmane Boussaid
24,344041,Moussa Sylla
25,302724,Eric Oelschlägel
26,393412,Remco Balk
27,411078,Quinten Timber
28,422872,Djevencio van der Kust
29,22842,Willem Janssen
30,39726,Mark van der Maarel
31,89575,Adam Maher
32,101605,Mike van der Hoorn
33,110360,Sander van de Streek
34,123556,Joris van Overeem
35,229520,Django Warmerdam
36,238997,Mimoun Mahi
37,256971,Hidde ter Avest
38,261017,Henk Veerman
39,261082,Bart Ramselaar
40,283351,Simon Gustafson
41,422873,Anastasios Douvikas
42,427851,Rick Meissen
43,431330,Kevin Gadellaa
44,382581,Fabian de Keijzer
45,382582,Tommy St. Jago
