,ID,Name
0,399608,Ahmed Touba
1,379713,Lennerd Daneels
2,383972,Sebbe Augustijns
3,379712,Saïd Bakari
4,386605,Ayman Azhil
5,368289,Issam El Maach
6,379705,Etienne Vaessen
7,379706,Juriën Gaari
8,379707,Melle Meulensteen
9,23373,Hans Mulder
10,38147,Alexander Büttner
11,40342,Michiel Kramer
12,63885,Vurnon Anita
13,136263,Iliass Bel Hassani
14,389411,Yassin Oukili
15,391284,Richard van der Venne
16,322159,Finn Stokkers
17,365160,Lars Nieuwpoort
18,429373,Roy Kuijpers
19,312584,Joel Pereira
20,384253,Achraf El Bouchataoui
21,400276,Luuk Wouters
22,400278,Thierry Lutonda
23,403495,Melih Ibrahimoglu
24,147910,Lucas Schoofs
25,367743,Noah Fadiga
26,401096,Mateo Les
27,227870,Nikolai Laursen
28,394980,Marco Rente
29,312702,Justin Hoogma
30,138398,Bilal Basacikoglu
31,369095,Koen Bucker
32,369553,Mats Knoester
33,380635,Robin Jalving
34,433912,Timo Jansink
35,334533,Emil Hansson
36,81725,Samuel Armenteros
37,136302,Sinan Bakis
38,322406,Luca de la Torre
39,361866,Robin Polley
40,393081,Giacomo Quagliata
41,379728,Navajo Bakboord
42,379729,Adrián Szoke
43,433913,Sem Scheperman
44,395830,Kasper Lunding Jakobsen
45,400497,Elias Sierra-Cappelleti
