,ID,Name
0,240976,David Sambissa
1,259530,Robin Maulun
2,412208,Tamás Kiss
3,422858,Nick Doodeman
4,361897,Jamie Jacobs
5,298493,Patrick Joosten
6,343393,Tom Boere
7,349777,Michael Breij
8,89573,Erik Schouten
9,105316,Doke Schmidt
10,108655,Mitchel Paulissen
11,238998,Issa Kallon
12,422861,Marco Tol
13,422862,Brett Minnema
14,422863,Pieter Bos
15,425440,Jasper ter Heide
16,422859,Jhondly van der Meer
17,422857,Alex Bangura
18,431350,Sekou Sylla
19,431471,Roy van Mameren
20,433929,Thomas Rier
21,434130,Thijmen Renkel
22,351532,Mees Hoedemakers
23,83809,Nicolás Tagliafico
24,364315,Antony
25,260843,André Onana
26,400166,Mohammed Kudus
27,349932,Noussair Mazraoui
28,83337,Zakaria Labyad
29,401122,Kenneth Taylor
30,423955,Charlie Setford
31,388650,Jurriën Timber
32,362732,Perr Schuurs
33,363884,Ryan Gravenberch
34,89794,Steven Berghuis
35,108860,Davy Klaassen
36,70033,Daley Blind
37,34545,Przemyslaw Tyton
38,29474,Dusan Tadic
39,383798,Mohamed Daramy
40,236544,Sébastien Haller
41,400165,Devyne Rensch
42,433575,Liam van Gelderen
43,404568,Brian Brobbey
