,ID,Name
0,303779,Maximiliano Romero
1,427824,Johan Bakayoko
2,346767,Mauro Júnior
3,142466,Philipp Max
4,80382,Mario Götze
5,44096,Eran Zahavi
6,343435,Ritsu Doan
7,137460,Érick Gutiérrez
8,352825,Cody Gakpo
9,361839,Jordan Teze
10,275012,Joël Drommel
11,428694,Jenson Seelt
12,117980,Bruma
13,103542,Yvon Mvogo
14,389935,Noni Madueke
15,328075,Ibrahim Sangaré
16,400273,Maxime Delanghe
17,386631,Richard Ledezma
18,428695,Dennis Vos
19,33841,Daniel Vukovic
20,422808,Jonathan Okita
21,396058,Rodrigo Guth
22,296536,Mikkel Duelund
23,22300,Lasse Schöne
24,26035,Rens van Eijden
25,97367,Mattijs Branderhorst
26,132973,Javier Vet
27,299511,Jordy Bruijn
28,422804,Bart van Rooij
29,422806,Dirk Proper
30,422809,Ilias Bronkhorst
31,422810,Elayis Tavsan
32,10705,Edgar Barreto
33,279967,Iván Márquez
34,364281,Ali Akman
35,422803,Cas Odenthal
36,422805,Souffian El Karouani
37,422813,Joep van der Sluijs
38,422814,Robin Roefs
39,433122,Mathias De Wolf
40,437616,Ibrahim Cissoko
