,ID,Name
0,96615,Benjamin van Leer
1,124105,Michael Heylen
2,343347,Arno Verschueren
3,259930,Younes Namli
4,283282,Riza Durmisi
5,225522,Mario Engels
6,84195,Lennart Thy
7,108153,Laurent Jans
8,25037,Adil Auassar
9,31238,Aaron Meijers
10,44145,Bart Vriends
11,90636,Tom Beugelsdijk
12,108426,Joeri de Kamps
13,120675,Tim Coremans
14,379741,Dirk Abels
15,383560,Sven Mijnans
16,409075,Jason Meerstadt
17,411278,Jeremy Van Mullem
18,343314,Vito van Crooij
19,322776,Michael Pinto
20,249686,Adrián Dalmau
21,392339,Maduka Okoye
22,343398,Marouane Afaker
23,68850,Kostas Lamprou
24,369545,Yuta Nakayama
25,382170,Daishawn Redan
26,393338,Chardi Landu
27,361695,Thomas van den Belt
28,34108,Bram van Polen
29,34925,Maikel van der Werff
30,36974,Ryan Koolwijk
31,136102,Djavan Anderson
32,231106,Kenneth Paal
33,279173,Pelle Clement
34,279429,Sai van Wermeskerken
35,317693,Mike Hauptmeijer
36,404370,Rav van den Berg
37,422867,Mees de Wit
38,436114,Thomas Beelen
39,365152,Eliano Reijnders
40,345544,Luka Adzic
41,362467,Jasper Schendelaar
42,119109,Gervane Kastaneer
43,399960,Siemen Voet
44,402068,Slobodan Tedic
45,437701,Tristan van Gilst
