,ID,Name
0,240976,David Sambissa
1,259530,Robin Maulun
2,346507,Roberts Uldrikis
3,349777,Michael Breij
4,361897,Jamie Jacobs
5,422858,Nick Doodeman
6,422861,Marco Tol
7,422862,Brett Minnema
8,422863,Pieter Bos
9,425440,Jasper ter Heide
10,298493,Patrick Joosten
11,343393,Tom Boere
12,77699,Calvin Mac-Intosch
13,89573,Erik Schouten
14,90564,Sonny Stevens
15,105316,Doke Schmidt
16,108655,Mitchel Paulissen
17,238998,Issa Kallon
18,431471,Roy van Mameren
19,433929,Thomas Rier
20,436147,Milan Smit
21,431350,Sekou Sylla
22,422859,Jhondly van der Meer
23,343390,Jorn Brondeel
24,334977,Elton Kabangu
25,323531,Mats Köhlert
26,121821,Timon Wellenreuther
27,279751,Görkem Saglam
28,400010,Derrick Köhn
29,303113,Abdenasser El Khayati
30,66462,Freek Heerkens
31,81475,Miquel Nelom
32,322083,Leeroy Owusu
33,255970,Wessel Dammers
34,349481,Jizz Hornkamp
35,357080,Godfried Roemeratoe
36,361791,Driess Saddiki
37,379600,Connor van den Berg
38,321954,Ulrik Jenssen
39,109581,Pol Llonch
40,319990,Max Svensson
41,136461,Daniel Crowley
42,391027,Kilian Ludewig
43,400012,Wesley Spieringhs
44,409292,Nikolaos Michelis
45,437757,Jelte Pal
