,ID,Name
0,83809,Nicolás Tagliafico
1,400166,Mohammed Kudus
2,322696,Edson Álvarez
3,349932,Noussair Mazraoui
4,388650,Jurriën Timber
5,401122,Kenneth Taylor
6,89794,Steven Berghuis
7,108860,Davy Klaassen
8,4065,Maarten Stekelenburg
9,70033,Daley Blind
10,422802,Jay Gorter
11,34545,Przemyslaw Tyton
12,29474,Dusan Tadic
13,383798,Mohamed Daramy
14,236544,Sébastien Haller
15,404568,Brian Brobbey
16,411691,Enric Llansana
17,400165,Devyne Rensch
18,369107,Mohamed Ihattaren
19,427577,Youri Regeer
20,437387,Anass Salah-Eddine
21,143815,Anas Tahiri
22,404764,Tibor Halilovic
23,404110,Nicolas Madsen
24,296543,Jan Bekkema
25,32196,Siem de Jong
26,34171,Erwin Mulder
27,124274,Sven van Beek
28,124380,Thom Haye
29,136066,Lucas Woudenberg
30,361900,Sydney van Hooijdonk
31,369119,Arjen van der Heide
32,379595,Xavier Mous
33,379734,Hamdi Akujobi
34,379760,Milan van Ewijk
35,400143,Anthony Musaba
36,383865,Filip Stevanovic
37,321193,Rami Kaib
38,371073,Rami Al Hajj
39,401593,Amin Sarr
40,401046,Timo Zaal
41,409160,Syb van Ottele
42,422643,Djenahro Nunumete
43,321192,Ibrahim Dresevic
