,ID,Name
0,391257,Mickael Tirpan
1,123681,Jordan Botaka
2,110500,Felix Dornebusch
3,79755,Dimitrios Siovas
4,83798,Andreas Samaris
5,379697,Ryan Johansson
6,33981,Charlison Benschop
7,409128,Nigel Lonwijk
8,422779,Stijn Hogervorst
9,423863,Tijjani Noslin
10,90830,Ben Rienstra
11,243708,Yanick van Osch
12,288873,Paul Gladon
13,298805,Michael Verrips
14,366228,Richie Musaba
15,329684,Lisandro Semedo
16,320513,Tesfaldet Tekie
17,122291,Martin Angha
18,383604,George Cox
19,437062,Tunahan Tasci
20,422778,Samy Baghdadi
21,285992,Adrian Grbic
22,345558,Tomas Hajek
23,384141,Romaric Yapi
24,285933,Markus Schubert
25,130917,Eli Dasa
26,133959,Riechedly Bazoer
27,289343,Eric Verstappen
28,303076,Danilho Doekhi
29,352844,Thomas Buitink
30,401021,Enzo Cornelisse
31,413209,Daan Reiziger
32,112719,Sondre Tronstad
33,318295,Matús Bero
34,363704,Toni Domgjoni
35,380663,Patrick Vroegh
36,363618,Loïs Openda
37,392344,Nikolai Frederiksen
38,400281,Million Manhoef
39,400282,Daan Huisman
