,ID,Name
0,422636,Philippe Rommens
1,288859,Gerrit Nauber
2,408818,Ogechika Heil
3,431319,Aventis Aventisian
4,367779,Giannis-Foivos Botos
5,422633,Mats Deijl
6,422635,Ragnar Oratmangoen
7,348647,Boyd Lucassen
8,357807,Martijn Berden
9,422637,Jay Idzes
10,331931,Justin Bakker
11,134722,Bas Kuipers
12,247700,Nick Hengelman
13,252239,Andries Noppert
14,344201,Iñigo Córdoba
15,331255,Marc Cardona
16,284451,Isac Lidberg
17,12887,Jacob Mulenga
18,422640,Job Schuurman
19,422642,Turan Tuzlacik
20,422634,Luuk Brouwers
21,328330,Marcos Senesi
22,384574,Gernot Trauner
23,244805,Cyriel Dessers
24,133390,Alireza Jahanbakhsh
25,136068,Ofir Marciano
26,345441,Lutsharel Geertruida
27,321959,Philippe Sandler
28,322148,Guus Til
29,43004,Bryan Linssen
30,82401,Jens Toornstra
31,133305,Jorrit Hendrix
32,387720,Denzel Hall
33,404937,Thijs Jansen
34,422909,Ramon Hendriks
35,357133,Marcus Pedersen
36,303544,Fredrik Aursnes
37,107510,Valentin Alexandru Cojocaru
38,355870,Orkun Kökçü
39,361862,Cole Bassett
40,399620,Patrik Wålemark
41,422920,Lennard Hartjes
42,438297,Karim Dermane
