,ID,Name
0,362459,Othmane Boussaid
1,373556,Arthur Zagre
2,344041,Moussa Sylla
3,302724,Eric Oelschlägel
4,422872,Djevencio van der Kust
5,315574,Thijmen Nijhuis
6,393412,Remco Balk
7,411078,Quinten Timber
8,414501,Ruben Kluivert
9,22842,Willem Janssen
10,89575,Adam Maher
11,101605,Mike van der Hoorn
12,110360,Sander van de Streek
13,123556,Joris van Overeem
14,229520,Django Warmerdam
15,238997,Mimoun Mahi
16,256971,Hidde ter Avest
17,261017,Henk Veerman
18,283351,Simon Gustafson
19,345600,Pontus Almqvist
20,418600,Rocco Robert Shein
21,422873,Anastasios Douvikas
22,427851,Rick Meissen
23,377279,Peter Vindahl
24,399721,Kamal Sowah
25,330514,Vangelis Pavlidis
26,300755,Pantelis Hatzidiakos
27,379783,Yukinari Sugawara
28,373340,Zakaria Aboukhlal
29,415772,Zico Buurmeester
30,328550,Owen Wijndal
31,90810,Bruno Martins Indi
32,90834,Hobie Verhulst
33,353695,Dani de Wit
34,400978,Beau Reus
35,408102,Peer Koopmeiners
36,355183,Aslak Witry
37,80137,Fredrik Midtsjø
38,320614,Jesper Karlsson
39,356742,Håkon Evjen
40,343382,Tijjani Reijnders
41,409747,Jelle Duin
42,422739,Sam Beukema
43,424273,Milos Kerkez
44,434318,Maxim Dekker
45,379784,Mohamed Taabouni
