,ID,Name
0,291964,Vaclav Cerny
1,361838,Michal Sadílek
2,90235,Lars Unnerstall
3,108935,Robin Pröpper
4,119741,Joshua Brenet
5,120454,Virgil Misidjan
6,280289,Giovanni Troupée
7,29281,Wout Brama
8,37344,Ricky van Wolfswinkel
9,322149,Michel Vlap
10,327903,Kik Pierie
11,379702,Jesse Bosch
12,379703,Jeffrey de Lange
13,387172,Denilho Cleonise
14,387682,Ennio van der Gouw
15,400059,Gijs Smal
16,406780,Max Bruns
17,318754,Julio Pleguezuelo
18,400057,Casper Staring
19,363658,Dimitris Limnios
20,379701,Ramiz Zerrouki
21,422782,Manfred Ugalde
22,402819,Mees Hilgers
23,367742,Cyril Ngonge
24,322591,Marin Sverko
25,371293,Jan de Boer
26,379742,Laros Duarte
27,381718,Romano Postema
28,389086,Melayro Bogarde
29,77725,Michael de Leeuw
30,91123,Mike te Wierik
31,133960,Peter Leeuwenburgh
32,137368,Damil Dankerlui
33,321871,Mohamed El Hankouri
34,364306,Daniël van Kaam
35,434212,Dirk Baron
36,425956,Alex Mortensen
37,335919,Daleho Irandust
38,391047,Tomás Suslov
39,404224,Emmanuel Matuta
40,406537,Paulos Abraham
41,412907,Neraysho Kasanwirjo
42,415775,Bjorn Meijer
43,425112,Yahya Kalley
