,ID,Name
0,399311,Filip Krastev
1,240976,David Sambissa
2,259530,Robin Maulun
3,412208,Tamás Kiss
4,404191,Maxim Gullit
5,422861,Marco Tol
6,422862,Brett Minnema
7,422863,Pieter Bos
8,298844,Sam Hendriks
9,343393,Tom Boere
10,349777,Michael Breij
11,77699,Calvin Mac-Intosch
12,90564,Sonny Stevens
13,105316,Doke Schmidt
14,108655,Mitchel Paulissen
15,238998,Issa Kallon
16,361897,Jamie Jacobs
17,422858,Nick Doodeman
18,422857,Alex Bangura
19,351532,Mees Hoedemakers
20,422859,Jhondly van der Meer
21,422636,Philippe Rommens
22,288859,Gerrit Nauber
23,408818,Ogechika Heil
24,367779,Giannis-Foivos Botos
25,422633,Mats Deijl
26,331931,Justin Bakker
27,348647,Boyd Lucassen
28,357807,Martijn Berden
29,115650,Warner Hahn
30,134722,Bas Kuipers
31,252239,Andries Noppert
32,276442,Joris Kramer
33,422637,Jay Idzes
34,422635,Ragnar Oratmangoen
35,331255,Marc Cardona
36,344201,Iñigo Córdoba
37,284451,Isac Lidberg
38,12887,Jacob Mulenga
39,422634,Luuk Brouwers
40,422639,Yacine Bourhane
41,422640,Job Schuurman
42,422642,Turan Tuzlacik
