,ID,Name
0,361838,Michal Sadílek
1,90235,Lars Unnerstall
2,108935,Robin Pröpper
3,120454,Virgil Misidjan
4,280289,Giovanni Troupée
5,29281,Wout Brama
6,37344,Ricky van Wolfswinkel
7,322149,Michel Vlap
8,379702,Jesse Bosch
9,379703,Jeffrey de Lange
10,387172,Denilho Cleonise
11,422781,Luca Everink
12,318754,Julio Pleguezuelo
13,422782,Manfred Ugalde
14,400057,Casper Staring
15,402819,Mees Hilgers
16,405560,Daan Rots
17,363658,Dimitris Limnios
18,379701,Ramiz Zerrouki
19,344041,Moussa Sylla
20,373556,Arthur Zagre
21,22842,Willem Janssen
22,39726,Mark van der Maarel
23,89575,Adam Maher
24,101605,Mike van der Hoorn
25,110360,Sander van de Streek
26,123556,Joris van Overeem
27,229520,Django Warmerdam
28,238997,Mimoun Mahi
29,329675,Maarten Paes
30,411078,Quinten Timber
31,256971,Hidde ter Avest
32,261082,Bart Ramselaar
33,249686,Adrián Dalmau
34,283351,Simon Gustafson
35,422873,Anastasios Douvikas
36,382581,Fabian de Keijzer
37,400823,Davy van den Berg
38,409052,Benaissa Benamar
