,ID,Name
0,345558,Tomas Hajek
1,319922,Jacob Rasmussen
2,384141,Romaric Yapi
3,226599,Maximilian Wittek
4,285933,Markus Schubert
5,130917,Eli Dasa
6,133959,Riechedly Bazoer
7,141965,Jeroen Houwen
8,289343,Eric Verstappen
9,303076,Danilho Doekhi
10,352844,Thomas Buitink
11,401021,Enzo Cornelisse
12,112719,Sondre Tronstad
13,318295,Matús Bero
14,401731,Julian von Moos
15,363704,Toni Domgjoni
16,361815,Yann Gboho
17,363618,Loïs Openda
18,392344,Nikolai Baden Frederiksen
19,400281,Million Manhoef
20,400282,Daan Huisman
21,380663,Patrick Vroegh
22,409126,Alois Dominik Oroz
23,147910,Lucas Schoofs
24,367743,Noah Fadiga
25,377444,Mohamed Amissi
26,401096,Mateo Les
27,227870,Nikolai Laursen
28,104885,Janis Blaswich
29,394980,Marco Rente
30,379731,Orestis Kiomourtzoglou
31,355134,Kaj Sierhuis
32,379686,Ruben Roosken
33,369095,Koen Bucker
34,369553,Mats Knoester
35,231133,Alessandro Damen
36,400170,Rohat Agca
37,138398,Bilal Basacikoglu
38,136302,Sinan Bakis
39,322406,Luca de la Torre
40,361866,Robin Polley
41,379729,Adrián Szoke
42,422763,Sven Sonnenberg
43,400497,Elias Sierra-Cappelleti
44,393081,Giacomo Quagliata
