,ID,Name
0,367742,Cyril Ngonge
1,322591,Marin Sverko
2,364306,Daniël van Kaam
3,33002,Bart van Hintum
4,77725,Michael de Leeuw
5,91123,Mike te Wierik
6,133960,Peter Leeuwenburgh
7,255970,Wessel Dammers
8,298493,Patrick Joosten
9,321871,Mohamed El Hankouri
10,371293,Jan de Boer
11,379742,Laros Duarte
12,381718,Romano Postema
13,333048,Jørgen Strand Larsen
14,343438,Jan Hoekstra
15,391047,Tomás Suslov
16,406537,Paulos Abraham
17,412907,Neraysho Kasanwirjo
18,415775,Bjorn Meijer
19,415927,Luciano Valente
20,425433,Elias Olsson
21,328330,Marcos Senesi
22,384574,Gernot Trauner
23,244805,Cyriel Dessers
24,361879,Luis Sinisterra
25,133390,Alireza Jahanbakhsh
26,136068,Ofir Marciano
27,302709,Justin Bijlow
28,322148,Guus Til
29,373113,Naoufal Bannis
30,345303,Tyrell Malacia
31,345441,Lutsharel Geertruida
32,404937,Thijs Jansen
33,422909,Ramon Hendriks
34,43004,Bryan Linssen
35,82401,Jens Toornstra
36,115863,Mark Diemers
37,357133,Marcus Pedersen
38,303544,Fredrik Aursnes
39,142352,João Teixeira
40,355870,Orkun Kökcü
41,342564,Reiss Nelson
