,ID,Name
0,83809,Nicolás Tagliafico
1,340105,Lisandro Martínez
2,326505,David Neres
3,364315,Antony
4,260843,André Onana
5,403644,Victor Jensen
6,322696,Edson Álvarez
7,34550,Remko Pasveer
8,70033,Daley Blind
9,89794,Steven Berghuis
10,108860,Davy Klaassen
11,388650,Jurriën Timber
12,362732,Perr Schuurs
13,363884,Ryan Gravenberch
14,422802,Jay Gorter
15,401122,Kenneth Taylor
16,29474,Dusan Tadic
17,383798,Mohamed Daramy
18,236544,Sébastien Haller
19,400165,Devyne Rensch
20,367522,Danilo
21,427577,Youri Regeer
22,377279,Peter Vindahl
23,300755,Pantelis Hatzidiakos
24,330514,Vangelis Pavlidis
25,289252,Albert Gudmundsson
26,379783,Yukinari Sugawara
27,90802,Jordy Clasie
28,90810,Bruno Martins Indi
29,90834,Hobie Verhulst
30,353695,Dani de Wit
31,328550,Owen Wijndal
32,373340,Zakaria Aboukhlal
33,400978,Beau Reus
34,408102,Peer Koopmeiners
35,415772,Zico Buurmeester
36,422737,Ernest Poku
37,355183,Aslak Fonn Witry
38,80137,Fredrik Midtsjø
39,343382,Tijjani Reijnders
40,320614,Jesper Karlsson
41,422739,Sam Beukema
42,404490,Yusuf Barasi
43,379784,Mohamed Taabouni
