,ID,Name
0,302644,Dario Dumic
1,291964,Vaclav Cerny
2,361838,Michal Sadílek
3,90235,Lars Unnerstall
4,322149,Michel Vlap
5,406780,Max Bruns
6,422781,Luca Everink
7,108935,Robin Pröpper
8,120454,Virgil Misidjan
9,280289,Giovanni Troupée
10,37344,Ricky van Wolfswinkel
11,400059,Gijs Smal
12,379702,Jesse Bosch
13,379703,Jeffrey de Lange
14,387172,Denilho Cleonise
15,387682,Ennio van der Gouw
16,400055,Jayden Oosterwolde
17,318754,Julio Pleguezuelo
18,400057,Casper Staring
19,402819,Mees Hilgers
20,405560,Daan Rots
21,363658,Dimitris Limnios
22,379701,Ramiz Zerrouki
23,255946,Dario Van den Buijs
24,285814,Jens Teunckens
25,379713,Lennerd Daneels
26,383972,Sebbe Augustijns
27,399608,Ahmed Touba
28,379712,Saïd Bakari
29,362553,Jens Odgaard
30,368289,Issam El Maach
31,386605,Ayman Azhil
32,389411,Yassin Oukili
33,379705,Etienne Vaessen
34,379706,Juriën Gaari
35,379707,Melle Meulensteen
36,365160,Lars Nieuwpoort
37,322159,Finn Stokkers
38,38147,Alexander Büttner
39,63885,Vurnon Anita
40,136263,Iliass Bel Hassani
41,384253,Achraf El Bouchataoui
42,400278,Thierry Lutonda
43,400545,Shawn Adewoye
44,429373,Roy Kuijpers
