,ID,Name
0,33841,Daniel Vukovic
1,396058,Rodrigo Guth
2,296536,Mikkel Duelund
3,22300,Lasse Schöne
4,422807,Magnus Mattsson
5,422809,Ilias Bronkhorst
6,422810,Elayis Tavsan
7,422806,Dirk Proper
8,422804,Bart van Rooij
9,299511,Jordy Bruijn
10,97367,Mattijs Branderhorst
11,132973,Javier Vet
12,271086,Calvin Verdonk
13,402852,Ole Romeny
14,422803,Cas Odenthal
15,422805,Souffian El Karouani
16,422811,Thomas Beekman
17,422814,Robin Roefs
18,303779,Maximiliano Romero
19,124021,Philipp Mwene
20,98101,André Ramalho
21,346767,Mauro Júnior
22,363077,Carlos Vinícius
23,260809,Olivier Boscagli
24,80382,Mario Götze
25,142466,Philipp Max
26,343435,Ritsu Doan
27,137460,Erick Gutiérrez
28,85470,Marco van Ginkel
29,345333,Armando Obispo
30,352825,Cody Gakpo
31,361839,Jordan Teze
32,275012,Joël Drommel
33,117980,Bruma
34,103542,Yvon Mvogo
35,328075,Ibrahim Sangaré
36,386631,Richard Ledezma
37,400273,Maxime Delanghe
38,408059,Yorbe Vertessen
