,ID,Name
0,285992,Adrian Grbic
1,345558,Tomas Hajek
2,319922,Jacob Rasmussen
3,384141,Romaric Yapi
4,226599,Maximilian Wittek
5,285933,Markus Schubert
6,130917,Eli Dasa
7,413209,Daan Reiziger
8,133959,Riechedly Bazoer
9,141965,Jeroen Houwen
10,303076,Danilho Doekhi
11,352844,Thomas Buitink
12,112719,Sondre Tronstad
13,318295,Matús Bero
14,363704,Toni Domgjoni
15,361815,Yann Gboho
16,363618,Loïs Openda
17,392344,Nikolai Baden Frederiksen
18,400281,Million Manhoef
19,400282,Daan Huisman
20,409126,Alois Dominik Oroz
21,380663,Patrick Vroegh
22,429928,Gyan de Regt
23,124021,Phillipp Mwene
24,346767,Mauro Júnior
25,363077,Carlos Vinícius
26,260809,Olivier Boscagli
27,80382,Mario Götze
28,142466,Philipp Max
29,44096,Eran Zahavi
30,343435,Ritsu Doan
31,137460,Érick Gutiérrez
32,275012,Joël Drommel
33,345333,Armando Obispo
34,352825,Cody Gakpo
35,361839,Jordan Teze
36,85470,Marco van Ginkel
37,382556,Joey Veerman
38,117980,Bruma
39,103542,Yvon Mvogo
40,389935,Noni Madueke
41,328075,Ibrahim Sangaré
42,402876,Vincent Müller
43,408059,Yorbe Vertessen
