,ID,Name
0,240976,David Sambissa
1,259530,Robin Maulun
2,412208,Tamás Kiss
3,422858,Nick Doodeman
4,361897,Jamie Jacobs
5,404191,Maxim Gullit
6,422861,Marco Tol
7,422862,Brett Minnema
8,422863,Pieter Bos
9,425440,Jasper ter Heide
10,298493,Patrick Joosten
11,343393,Tom Boere
12,349777,Michael Breij
13,77699,Calvin Mac-Intosch
14,89573,Erik Schouten
15,90564,Sonny Stevens
16,105316,Doke Schmidt
17,108655,Mitchel Paulissen
18,238998,Issa Kallon
19,422859,Jhondly van der Meer
20,351532,Mees Hoedemakers
21,431350,Sekou Sylla
22,422857,Alex Bangura
23,361880,Oussama Darfalou
24,132420,Rico Strieder
25,68850,Kostas Lamprou
26,369545,Yuta Nakayama
27,382170,Daishawn Redan
28,97101,Mustafa Saymak
29,136102,Djavan Anderson
30,279173,Pelle Clement
31,279429,Sai van Wermeskerken
32,317693,Mike Hauptmeijer
33,34108,Bram van Polen
34,34925,Maikel van der Werff
35,36974,Ryan Koolwijk
36,404370,Rav van den Berg
37,422867,Mees de Wit
38,365152,Eliano Reijnders
39,345544,Luka Adzic
40,119109,Gervane Kastaneer
41,362467,Jasper Schendelaar
42,402068,Slobodan Tedic
43,379596,Dean Huiberts
44,432117,Max de Waal
