,ID,Name
0,367742,Cyril Ngonge
1,322591,Marin Sverko
2,364306,Daniël van Kaam
3,33002,Bart van Hintum
4,77725,Michael de Leeuw
5,91123,Mike te Wierik
6,133960,Peter Leeuwenburgh
7,137368,Damil Dankerlui
8,321871,Mohamed El Hankouri
9,379742,Laros Duarte
10,381718,Romano Postema
11,389086,Melayro Bogarde
12,333048,Jørgen Strand Larsen
13,335919,Daleho Irandust
14,343438,Jan Hoekstra
15,391047,Tomás Suslov
16,404224,Emmanuel Matuta
17,406537,Paulos Abraham
18,412907,Neraysho Kasanwirjo
19,415775,Bjorn Meijer
20,425112,Yahya Kalley
21,425432,Owen van der Vlag
22,391257,Mickael Tirpan
23,123681,Jordan Botaka
24,79755,Dimitrios Siovas
25,83798,Andreas Samaris
26,90830,Ben Rienstra
27,104982,Mats Seuntjens
28,243708,Yanick van Osch
29,281508,Roel Janssen
30,288873,Paul Gladon
31,298805,Michael Verrips
32,409128,Nigel Lonwijk
33,361694,Zian Flemming
34,366228,Richie Musaba
35,33981,Charlison Benschop
36,328549,Deroy Duarte
37,329684,Lisandro Semedo
38,320513,Tesfaldet Tekie
39,122291,Martin Angha
40,368266,Tom Hendriks
41,422778,Samy Baghdadi
