,ID,Name
0,379713,Lennerd Daneels
1,399608,Ahmed Touba
2,379712,Saïd Bakari
3,362553,Jens Odgaard
4,368289,Issam El Maach
5,386605,Ayman Azhil
6,389411,Yassin Oukili
7,391284,Richard van der Venne
8,429373,Roy Kuijpers
9,379705,Etienne Vaessen
10,379706,Juriën Gaari
11,379707,Melle Meulensteen
12,23373,Hans Mulder
13,40342,Michiel Kramer
14,63885,Vurnon Anita
15,136263,Iliass Bel Hassani
16,322159,Finn Stokkers
17,312584,Joel Pereira
18,384253,Achraf El Bouchataoui
19,400276,Luuk Wouters
20,400278,Thierry Lutonda
21,400545,Shawn Adewoye
22,143815,Anas Tahiri
23,404110,Nicolas Madsen
24,296543,Jan Bekkema
25,32196,Siem de Jong
26,34171,Erwin Mulder
27,121666,Nick Bakker
28,124274,Sven van Beek
29,124380,Thom Haye
30,142181,Joost van Aken
31,361900,Sydney van Hooijdonk
32,369119,Arjen van der Heide
33,379595,Xavier Mous
34,379734,Hamdi Akujobi
35,379760,Milan van Ewijk
36,400143,Anthony Musaba
37,383865,Filip Stevanovic
38,321193,Rami Kaib
39,371073,Rami Al Hajj
40,379733,Jan Ras
41,409160,Syb van Ottele
42,321192,Ibrahim Dresevic
