,ID,Name
0,367742,Cyril Ngonge
1,322591,Marin Sverko
2,33002,Bart van Hintum
3,77725,Michael de Leeuw
4,91123,Mike te Wierik
5,133960,Peter Leeuwenburgh
6,137368,Damil Dankerlui
7,321871,Mohamed El Hankouri
8,371293,Jan de Boer
9,379742,Laros Duarte
10,381718,Romano Postema
11,389086,Melayro Bogarde
12,333048,Jørgen Strand Larsen
13,335919,Daleho Irandust
14,391047,Tomás Suslov
15,404224,Emmanuel Matuta
16,406537,Paulos Abraham
17,412907,Neraysho Kasanwirjo
18,415775,Bjorn Meijer
19,425112,Yahya Kalley
20,434212,Dirk Baron
21,33841,Daniel Vukovic
22,422808,Jonathan Okita
23,396058,Rodrigo Guth
24,22300,Lasse Schöne
25,422807,Magnus Mattsson
26,422806,Dirk Proper
27,422804,Bart van Rooij
28,422809,Ilias Bronkhorst
29,422810,Elayis Tavsan
30,97367,Mattijs Branderhorst
31,132973,Javier Vet
32,271086,Calvin Verdonk
33,10705,Edgar Barreto
34,279967,Iván Márquez
35,364281,Ali Akman
36,42705,Wilfried Bony
37,422803,Cas Odenthal
38,422814,Robin Roefs
39,433122,Mathias De Wolf
40,422805,Souffian El Karouani
