,ID,Name
0,124105,Michael Heylen
1,259930,Younes Namli
2,283282,Riza Durmisi
3,225522,Mario Engels
4,84195,Lennart Thy
5,366549,Giannis Masouras
6,108153,Laurent Jans
7,25037,Adil Auassar
8,31238,Aaron Meijers
9,44145,Bart Vriends
10,90636,Tom Beugelsdijk
11,108426,Joeri de Kamps
12,120675,Tim Coremans
13,379741,Dirk Abels
14,383560,Sven Mijnans
15,343314,Vito van Crooij
16,411278,Jeremy Van Mullem
17,249686,Adrián Dalmau
18,434197,Ishan Kort
19,392339,Maduka Okoye
20,422636,Philippe Rommens
21,288859,Gerrit Nauber
22,408818,Ogechika Heil
23,367779,Giannis-Foivos Botos
24,422635,Ragnar Oratmangoen
25,422633,Mats Deijl
26,331931,Justin Bakker
27,348647,Boyd Lucassen
28,355961,Evert Linthorst
29,357807,Martijn Berden
30,134722,Bas Kuipers
31,247700,Nick Hengelman
32,252239,Andries Noppert
33,276442,Joris Kramer
34,422637,Jay Idzes
35,331255,Cardona
36,344201,Iñigo Córdoba
37,284451,Isac Lidberg
38,12887,Jacob Mulenga
39,428528,Frank Ross
40,422640,Job Schuurman
41,43712,Cuco Martina
42,422634,Luuk Brouwers
