,ID,Name
0,288859,Gerrit Nauber
1,408818,Ogechika Heil
2,367779,Giannis-Foivos Botos
3,331931,Justin Bakker
4,348647,Boyd Lucassen
5,357807,Martijn Berden
6,115650,Warner Hahn
7,134722,Bas Kuipers
8,252239,Andries Noppert
9,331255,Marc Cardona
10,284451,Isac Lidberg
11,12887,Jacob Mulenga
12,422633,Mats Deijl
13,422634,Luuk Brouwers
14,422635,Ragnar Oratmangoen
15,422636,Philippe Rommens
16,422637,Jay Idzes
17,422638,Michalis Spiridakis
18,422639,Yacine Bourhane
19,422640,Job Schuurman
20,422641,Quiermo Dumay
21,422642,Turan Tuzlacik
22,404764,Tibor Halilovic
23,342814,Rodney Kongolo
24,369119,Arjen van der Heide
25,379595,Xavier Mous
26,379734,Hamdi Akujobi
27,379760,Milan van Ewijk
28,382556,Joey Veerman
29,32196,Siem de Jong
30,34171,Erwin Mulder
31,124274,Sven van Beek
32,261017,Henk Veerman
33,296543,Jan Bekkema
34,301423,Mitchell van Bergen
35,383865,Filip Stevanovic
36,399618,Benjamin Nygren
37,371073,Rami Hajal
38,321192,Ibrahim Dresevic
39,321193,Rami Kaib
40,406783,Stanislav Shopov
41,409160,Syb van Ottele
42,422643,Djenahro Nunumete
