,ID,Name
0,422636,Philippe Rommens
1,288859,Gerrit Nauber
2,367779,Giannis-Foivos Botos
3,422633,Mats Deijl
4,422637,Jay Idzes
5,331931,Justin Bakker
6,348647,Boyd Lucassen
7,357807,Martijn Berden
8,134722,Bas Kuipers
9,247700,Nick Hengelman
10,252239,Andries Noppert
11,276442,Joris Kramer
12,331255,Cardona
13,344201,Iñigo Córdoba
14,284451,Isac Lidberg
15,12887,Jacob Mulenga
16,428528,Frank Ross
17,431319,Aventis Aventisian
18,43712,Cuco Martina
19,422640,Job Schuurman
20,422634,Luuk Brouwers
21,377279,Peter Vindahl
22,399721,Kamal Sowah
23,330514,Vangelis Pavlidis
24,379783,Yukinari Sugawara
25,373340,Zakaria Aboukhlal
26,353695,Dani de Wit
27,400978,Beau Reus
28,408102,Peer Koopmeiners
29,90802,Jordy Clasie
30,90810,Bruno Martins Indi
31,90834,Hobie Verhulst
32,328550,Owen Wijndal
33,80137,Fredrik Midtsjø
34,355183,Aslak Witry
35,320614,Jesper Karlsson
36,356742,Håkon Evjen
37,343382,Tijjani Reijnders
38,422739,Sam Beukema
39,424273,Milos Kerkez
40,379784,Mohamed Taabouni
