,ID,Name
0,255946,Dario Van den Buijs
1,379713,Lennerd Daneels
2,399608,Ahmed Touba
3,379712,Saïd Bakari
4,362553,Jens Odgaard
5,386605,Ayman Azhil
6,368289,Issam El Maach
7,379705,Etienne Vaessen
8,379706,Juriën Gaari
9,379707,Melle Meulensteen
10,322159,Finn Stokkers
11,40342,Michiel Kramer
12,63885,Vurnon Anita
13,136263,Iliass Bel Hassani
14,365160,Lars Nieuwpoort
15,389411,Yassin Oukili
16,391284,Richard van der Venne
17,429373,Roy Kuijpers
18,432167,Mark Spenkelink
19,384253,Achraf El Bouchataoui
20,400276,Luuk Wouters
21,400278,Thierry Lutonda
22,400545,Shawn Adewoye
23,328330,Marcos Senesi
24,384574,Gernot Trauner
25,244805,Cyriel Dessers
26,361879,Luis Sinisterra
27,133390,Alireza Jahanbakhsh
28,136068,Ofir Marciano
29,43004,Bryan Linssen
30,82401,Jens Toornstra
31,133305,Jorrit Hendrix
32,322148,Guus Til
33,302709,Justin Bijlow
34,345303,Tyrell Malacia
35,345441,Lutsharel Geertruida
36,404937,Thijs Jansen
37,422909,Ramon Hendriks
38,357133,Marcus Pedersen
39,303544,Fredrik Aursnes
40,355870,Orkun Kökcü
41,361862,Cole Bassett
42,342564,Reiss Nelson
43,399620,Patrik Wålemark
