,ID,Name
0,96615,Benjamin van Leer
1,124105,Michael Heylen
2,343347,Arno Verschueren
3,259930,Younes Namli
4,283282,Riza Durmisi
5,225522,Mario Engels
6,84195,Lennart Thy
7,366549,Giannis Masouras
8,108153,Laurent Jans
9,25037,Adil Auassar
10,31238,Aaron Meijers
11,44145,Bart Vriends
12,108426,Joeri de Kamps
13,120675,Tim Coremans
14,379741,Dirk Abels
15,383560,Sven Mijnans
16,343314,Vito van Crooij
17,411278,Jeremy Van Mullem
18,425114,Mohammed Tahiri
19,426882,Achraf Madi
20,392339,Maduka Okoye
21,343390,Jorn Brondeel
22,334977,Elton Kabangu
23,323531,Mats Köhlert
24,121821,Timon Wellenreuther
25,400010,Derrick Köhn
26,255970,Wessel Dammers
27,66462,Freek Heerkens
28,81475,Miquel Nelom
29,322083,Leeroy Owusu
30,379600,Connor van den Berg
31,349481,Jizz Hornkamp
32,361791,Driess Saddiki
33,405003,Thijs Oosting
34,425569,Ringo Meerveld
35,321954,Ulrik Jenssen
36,109581,Pol Llonch
37,312913,Emil Bergström
38,319990,Max Svensson
39,136461,Daniel Crowley
40,379599,Ché Nunnely
41,391027,Kilian Ludewig
42,409292,Nikolaos Michelis
43,425104,Anargyros Kampetsis
