,ID,Name
0,143815,Anas Tahiri
1,404110,Nicolas Madsen
2,400143,Anthony Musaba
3,379595,Xavier Mous
4,379734,Hamdi Akujobi
5,379760,Milan van Ewijk
6,296543,Jan Bekkema
7,361900,Sydney van Hooijdonk
8,369119,Arjen van der Heide
9,32196,Siem de Jong
10,34171,Erwin Mulder
11,121666,Nick Bakker
12,124380,Thom Haye
13,136066,Lucas Woudenberg
14,142181,Joost van Aken
15,383865,Filip Stevanovic
16,401593,Amin Sarr
17,371073,Rami Al Hajj
18,379733,Jan Ras
19,401046,Timo Zaal
20,422643,Djenahro Nunumete
21,432107,Trustin van 't Loo
22,321192,Ibrahim Dresevic
23,33841,Daniel Vukovic
24,422808,Jonathan Okita
25,396058,Rodrigo Guth
26,296536,Mikkel Duelund
27,22300,Lasse Schöne
28,422807,Magnus Mattsson
29,422806,Dirk Proper
30,97367,Mattijs Branderhorst
31,132973,Javier Vet
32,271086,Calvin Verdonk
33,422804,Bart van Rooij
34,422809,Ilias Bronkhorst
35,422810,Elayis Tavsan
36,10705,Edgar Barreto
37,279967,Iván Márquez
38,364281,Ali Akman
39,422814,Robin Roefs
40,431307,Nils Rossen
41,422805,Souffian El Karouani
42,422803,Cas Odenthal
