,ID,Name
0,377279,Peter Vindahl
1,399721,Kamal Sowah
2,300755,Pantelis Hatzidiakos
3,330514,Vangelis Pavlidis
4,379783,Yukinari Sugawara
5,373340,Zakaria Aboukhlal
6,328550,Owen Wijndal
7,353695,Dani de Wit
8,90802,Jordy Clasie
9,90810,Bruno Martins Indi
10,90834,Hobie Verhulst
11,400978,Beau Reus
12,408102,Peer Koopmeiners
13,415772,Zico Buurmeester
14,355183,Aslak Witry
15,379784,Mohamed Taabouni
16,356742,Håkon Evjen
17,343382,Tijjani Reijnders
18,320614,Jesper Karlsson
19,422739,Sam Beukema
20,424273,Milos Kerkez
21,433950,Mexx Meerdink
22,434318,Maxim Dekker
23,291964,Vaclav Cerny
24,361838,Michal Sadílek
25,90235,Lars Unnerstall
26,108935,Robin Pröpper
27,119741,Joshua Brenet
28,120454,Virgil Misidjan
29,280289,Giovanni Troupée
30,322149,Michel Vlap
31,327903,Kik Pierie
32,379702,Jesse Bosch
33,379703,Jeffrey de Lange
34,387172,Denilho Cleonise
35,400059,Gijs Smal
36,406780,Max Bruns
37,37344,Ricky van Wolfswinkel
38,318754,Julio Pleguezuelo
39,400057,Casper Staring
40,422782,Manfred Ugalde
41,405560,Daan Rots
42,363658,Dimitris Limnios
43,379701,Ramiz Zerrouki
