,ID,Name
0,403495,Melih Ibrahimoglu
1,147910,Lucas Schoofs
2,367743,Noah Fadiga
3,227870,Nikolai Laursen
4,349202,Anas Ouahim
5,394980,Marco Rente
6,379731,Orestis Kiomourtzoglou
7,380635,Robin Jalving
8,369095,Koen Bucker
9,369553,Mats Knoester
10,379686,Ruben Roosken
11,312702,Justin Hoogma
12,138398,Bilal Basacikoglu
13,334533,Emil Hansson
14,81725,Samuel Armenteros
15,136302,Sinan Bakis
16,322406,Luca de la Torre
17,395830,Kasper Lunding Jakobsen
18,400497,Elias Sierra-Cappelleti
19,379729,Adrián Szoke
20,393081,Giacomo Quagliata
21,361866,Robin Polley
22,285992,Adrian Grbic
23,345558,Tomas Hajek
24,319922,Jacob Rasmussen
25,226599,Maximilian Wittek
26,285933,Markus Schubert
27,352844,Thomas Buitink
28,141965,Jeroen Houwen
29,401021,Enzo Cornelisse
30,413209,Daan Reiziger
31,112719,Sondre Tronstad
32,318295,Matús Bero
33,363704,Toni Domgjoni
34,361815,Yann Gboho
35,363618,Loïs Openda
36,392344,Nikolai Baden Frederiksen
37,400281,Million Manhoef
38,400282,Daan Huisman
39,429928,Gyan de Regt
40,434292,Marcus Steffen
41,409126,Alois Dominik Oroz
