,ID,Name
0,361880,Oussama Darfalou
1,132420,Rico Strieder
2,68850,Kostas Lamprou
3,369545,Yuta Nakayama
4,382170,Daishawn Redan
5,361695,Thomas van den Belt
6,365152,Eliano Reijnders
7,97101,Mustafa Saymak
8,34108,Bram van Polen
9,34925,Maikel van der Werff
10,36974,Ryan Koolwijk
11,136102,Djavan Anderson
12,231106,Kenneth Paal
13,279173,Pelle Clement
14,279429,Sai van Wermeskerken
15,317693,Mike Hauptmeijer
16,422867,Mees de Wit
17,345544,Luka Adzic
18,432117,Max de Waal
19,119109,Gervane Kastaneer
20,362467,Jasper Schendelaar
21,399960,Siemen Voet
22,402068,Slobodan Tedic
23,328330,Marcos Senesi
24,384574,Gernot Trauner
25,244805,Cyriel Dessers
26,361879,Luis Sinisterra
27,133390,Alireza Jahanbakhsh
28,136068,Ofir Marciano
29,43004,Bryan Linssen
30,82401,Jens Toornstra
31,133305,Jorrit Hendrix
32,322148,Guus Til
33,345303,Tyrell Malacia
34,345441,Lutsharel Geertruida
35,404937,Thijs Jansen
36,408489,Tein Troost
37,422909,Ramon Hendriks
38,357133,Marcus Pedersen
39,303544,Fredrik Aursnes
40,355870,Orkun Kökcü
41,361862,Cole Bassett
42,342564,Reiss Nelson
43,399620,Patrik Wålemark
