,ID,Name
0,391257,Mickael Tirpan
1,123681,Jordan Botaka
2,110500,Felix Dornebusch
3,79755,Dimitrios Siovas
4,83798,Andreas Samaris
5,90830,Ben Rienstra
6,104982,Mats Seuntjens
7,33981,Charlison Benschop
8,243708,Yanick van Osch
9,288873,Paul Gladon
10,298805,Michael Verrips
11,328549,Deroy Duarte
12,361694,Zian Flemming
13,366228,Richie Musaba
14,409128,Nigel Lonwijk
15,329684,Lisandro Semedo
16,70598,Ivo Pinto
17,320513,Tesfaldet Tekie
18,122291,Martin Angha
19,383604,George Cox
20,422778,Samy Baghdadi
21,423863,Tijjani Noslin
22,343390,Jorn Brondeel
23,334977,Elton Kabangu
24,323531,Mats Köhlert
25,279751,Görkem Saglam
26,121821,Timon Wellenreuther
27,400010,Derrick Köhn
28,66462,Freek Heerkens
29,81475,Miquel Nelom
30,303113,Abdenasser El Khayati
31,255970,Wessel Dammers
32,322083,Leeroy Owusu
33,379600,Connor van den Berg
34,349481,Jizz Hornkamp
35,357080,Godfried Roemeratoe
36,425569,Ringo Meerveld
37,109581,Pol Llonch
38,312913,Emil Bergström
39,319990,Max Svensson
40,136461,Daniel Crowley
41,379599,Ché Nunnely
42,391027,Kilian Ludewig
43,409292,Nikolaos Michelis
44,425104,Anargyros Kampetsis
