,ID,Name
0,302724,Eric Oelschlägel
1,393412,Remco Balk
2,411078,Quinten Timber
3,422872,Djevencio van der Kust
4,315574,Thijmen Nijhuis
5,357396,Mohamed Mallahi
6,22842,Willem Janssen
7,89575,Adam Maher
8,101605,Mike van der Hoorn
9,110360,Sander van de Streek
10,123556,Joris van Overeem
11,229520,Django Warmerdam
12,283351,Simon Gustafson
13,418600,Rocco Robert Shein
14,422873,Anastasios Douvikas
15,427851,Rick Meissen
16,434293,Mees Rijks
17,382581,Fabian de Keijzer
18,382582,Tommy St. Jago
19,303779,Maximiliano Romero
20,346767,Mauro Júnior
21,363077,Carlos Vinícius
22,260809,Olivier Boscagli
23,142466,Philipp Max
24,80382,Mario Götze
25,44096,Eran Zahavi
26,343435,Ritsu Doan
27,137460,Érick Gutiérrez
28,275012,Joël Drommel
29,345333,Armando Obispo
30,352825,Cody Gakpo
31,361839,Jordan Teze
32,382556,Joey Veerman
33,85470,Marco van Ginkel
34,117980,Bruma
35,103542,Yvon Mvogo
36,389935,Noni Madueke
37,328075,Ibrahim Sangaré
38,402876,Vincent Müller
39,408059,Yorbe Vertessen
40,386631,Richard Ledezma
