,ID,Name
0,329842,Thibaud Verlinden
1,379785,Adnan Ugur
2,110500,Felix Dornebusch
3,294844,Arianit Ferati
4,391933,Lazaros Rota
5,379697,Ryan Johansson
6,407647,Arian Kastrati
7,366228,Richie Musaba
8,104982,Mats Seuntjens
9,328549,Deroy Duarte
10,243708,Yanick van Osch
11,281508,Roel Janssen
12,334533,Emil Hansson
13,320513,Tesfaldet Tekie
14,122291,Martin Angha
15,383604,George Cox
16,368266,Tom Hendriks
17,415194,Ronan Pluijmen
18,422778,Samy Baghdadi
19,422779,Stijn Hogervorst
20,422780,Toshio Lake
21,361838,Michal Sadílek
22,90235,Lars Unnerstall
23,37344,Ricky van Wolfswinkel
24,108935,Robin Pröpper
25,247849,Queensy Menig
26,280289,Giovanni Troupée
27,322149,Michel Vlap
28,357080,Godfried Roemeratoe
29,379702,Jesse Bosch
30,379703,Jeffrey de Lange
31,387682,Ennio van der Gouw
32,400055,Jayden Oosterwolde
33,400058,Thijs van Leeuwen
34,400059,Gijs Smal
35,361898,Luka Ilic
36,402819,Mees Hilgers
37,405560,Daan Rots
38,406780,Max Bruns
39,422781,Luca Everink
40,422782,Manfred Ugalde
41,363658,Dimitris Limnios
42,379701,Ramiz Zerrouki
