,ID,Name
0,403495,Melih Ibrahimoglu
1,147910,Lucas Schoofs
2,367743,Noah Fadiga
3,377444,Mohamed Amissi
4,401096,Mateo Leš
5,227870,Nikolai Laursen
6,379731,Orestis Kiomourtzoglou
7,380635,Robin Jalving
8,379686,Ruben Roosken
9,231133,Alessandro Damen
10,369095,Koen Bucker
11,369553,Mats Knoester
12,138398,Bilal Basacikoglu
13,140505,Rai Vloet
14,136302,Sinan Bakis
15,322406,Luca de la Torre
16,422763,Sven Sonnenberg
17,361875,Delano Burgzorg
18,379728,Navajo Bakboord
19,379729,Adrian Szoke
20,393081,Giacomo Quagliata
21,395830,Kasper Lunding Jakobsen
22,400497,Elias Sierra-Cappelleti
23,124021,Philipp Mwene
24,98101,André Ramalho
25,346767,Mauro Júnior
26,80382,Mario Götze
27,44096,Eran Zahavi
28,70906,Nick Viergever
29,77429,Davy Pröpper
30,352825,Cody Gakpo
31,361839,Jordan Teze
32,275012,Joël Drommel
33,345333,Armando Obispo
34,137327,Ryan Thomas
35,117980,Bruma
36,103542,Yvon Mvogo
37,389935,Noni Madueke
38,328075,Ibrahim Sangaré
39,403097,Fredrik Oppegård
40,408059,Yorbe Vertessen
41,422764,Fodé Fofana
42,422765,Aron van Lare
