,ID,Name
0,361880,Oussama Darfalou
1,132420,Rico Strieder
2,68850,Kostas Lamprou
3,369545,Yuta Nakayama
4,382170,Daishawn Redan
5,404370,Rav van den Berg
6,422867,Mees de Wit
7,425087,Elikia Mbinga
8,429270,Joey Kesting
9,97101,Mustafa Saymak
10,365152,Eliano Reijnders
11,231106,Kenneth Paal
12,279429,Sai van Wermeskerken
13,317693,Mike Hauptmeijer
14,361695,Thomas van den Belt
15,34108,Bram van Polen
16,119109,Gervane Kastaneer
17,431253,Damian van der Haar
18,431254,Jesse Vermaning
19,391012,Gabi Caschili
20,399960,Siemen Voet
21,402068,Slobodan Tedic
22,343390,Jorn Brondeel
23,334977,Elton Kabangu
24,346731,Kwasi Okyere Wriedt
25,400010,Derrick Köhn
26,121821,Timon Wellenreuther
27,279751,Görkem Saglam
28,323531,Mats Köhlert
29,81475,Miquel Nelom
30,357080,Godfried Roemeratoe
31,361791,Driess Saddiki
32,425569,Ringo Meerveld
33,379600,Connor van den Berg
34,379601,Rick Zuijderwijk
35,109581,Pol Llonch
36,312913,Emil Bergström
37,319990,Max Svensson
38,379599,Ché Nunnely
39,400014,Vincent Schippers
40,409292,Nikolaos Michelis
41,425104,Anargyros Kampetsis
42,391027,Kilian Ludewig
