,ID,Name
0,355676,Dylan Ryan
1,343390,Jorn Brondeel
2,334977,Elton Kabangu
3,323531,Mats Köhlert
4,279751,Görkem Saglam
5,346731,Kwasi Okyere Wriedt
6,365389,John Yeboah
7,400010,Derrick Köhn
8,379600,Connor van den Berg
9,379601,Rick Zuijderwijk
10,361791,Driess Saddiki
11,38423,Robbin Ruiter
12,66462,Freek Heerkens
13,322083,Leeroy Owusu
14,321954,Ulrik Jenssen
15,312913,Emil Bergström
16,319990,Max Svensson
17,400012,Wesley Spieringhs
18,400014,Vincent Schippers
19,409292,Nikolaos Michelis
20,379599,Ché Nunnely
21,328330,Marcos Senesi
22,384574,Gernot Trauner
23,399610,Francesco Antonucci
24,361879,Luis Sinisterra
25,136068,Ofir Marciano
26,302709,Justin Bijlow
27,345303,Tyrell Malacia
28,373113,Naoufal Bannis
29,322148,Guus Til
30,35174,Leroy Fer
31,43004,Bryan Linssen
32,82401,Jens Toornstra
33,122398,Ridgeciano Haps
34,404937,Thijs Jansen
35,361878,Wouter Burger
36,357133,Marcus Pedersen
37,303544,Fredrik Aursnes
38,376967,Róbert Bozeník
39,355870,Orkun Kökcü
40,422909,Ramon Hendriks
41,422920,Lennard Hartjes
42,422921,Antoni Milambo
