,ID,Name
0,362459,Othmane Boussaid
1,344041,Moussa Sylla
2,302724,Eric Oelschlägel
3,411078,Quinten Timber
4,369408,Sylian Mokono
5,329675,Maarten Paes
6,256971,Hidde ter Avest
7,261082,Bart Ramselaar
8,22842,Willem Janssen
9,39726,Mark van der Maarel
10,89575,Adam Maher
11,123556,Joris van Overeem
12,141875,Gyrano Kerk
13,229520,Django Warmerdam
14,249686,Adrián Dalmau
15,283351,Simon Gustafson
16,382581,Fabian de Keijzer
17,400823,Davy van den Berg
18,409052,Benaissa Benamar
19,422872,Djevencio van der Kust
20,422873,Anastasios Douvikas
21,96615,Benjamin van Leer
22,124105,Michael Heylen
23,84195,Lennart Thy
24,225522,Mario Engels
25,108153,Laurent Jans
26,25037,Adil Auassar
27,44145,Bart Vriends
28,77706,Bryan Smeets
29,120675,Tim Coremans
30,343314,Vito van Crooij
31,349895,Abdou Harroui
32,363875,Kenzo Goudmijn
33,379741,Dirk Abels
34,379742,Laros Duarte
35,383560,Sven Mijnans
36,400163,Emanuel Emegha
37,322776,Mica Pinto
38,422874,Jafar Bynoe
39,422875,Gaultiér Overman
40,392339,Maduka Okoye
