,ID,Name
0,33841,Daniel Vukovic
1,396058,Rodrigo Guth
2,296536,Mikkel Duelund
3,422807,Magnus Mattsson
4,22300,Lasse Schöne
5,422804,Bart van Rooij
6,422806,Dirk Proper
7,422809,Ilias Bronkhorst
8,422810,Elayis Tavsan
9,299511,Jordy Bruijn
10,97367,Mattijs Branderhorst
11,132973,Javier Vet
12,271086,Calvin Verdonk
13,279967,Iván Márquez
14,364281,Ali Akman
15,431306,Guus Gertsen
16,431307,Nils Rossen
17,402852,Ole Romeny
18,422803,Cas Odenthal
19,147910,Lucas Schoofs
20,367743,Noah Fadiga
21,377444,Mohamed Amissi
22,401096,Mateo Les
23,227870,Nikolai Laursen
24,104885,Janis Blaswich
25,379731,Orestis Kiomourtzoglou
26,379686,Ruben Roosken
27,231133,Alessandro Damen
28,369095,Koen Bucker
29,369553,Mats Knoester
30,138398,Bilal Basacikoglu
31,140505,Rai Vloet
32,136302,Sinan Bakis
33,322406,Luca de la Torre
34,361866,Robin Polley
35,361875,Delano Burgzorg
36,379728,Navajo Bakboord
37,379729,Adrián Szoke
38,393081,Giacomo Quagliata
39,400497,Elias Sierra-Cappelleti
40,422763,Sven Sonnenberg
