,ID,Name
0,90235,Lars Unnerstall
1,108935,Robin Pröpper
2,120454,Virgil Misidjan
3,280289,Giovanni Troupée
4,379702,Jesse Bosch
5,379703,Jeffrey de Lange
6,387172,Denilho Cleonise
7,387682,Ennio van der Gouw
8,400055,Jayden Oosterwolde
9,322149,Michel Vlap
10,400059,Gijs Smal
11,406780,Max Bruns
12,422781,Luca Everink
13,37344,Ricky van Wolfswinkel
14,318754,Julio Pleguezuelo
15,422782,Manfred Ugalde
16,400057,Casper Staring
17,402819,Mees Hilgers
18,405560,Daan Rots
19,363658,Dimitris Limnios
20,143815,Anas Tahiri
21,404764,Tibor Halilovic
22,32196,Siem de Jong
23,121666,Nick Bakker
24,124274,Sven van Beek
25,136066,Lucas Woudenberg
26,342814,Rodney Kongolo
27,379595,Xavier Mous
28,261017,Henk Veerman
29,296543,Jan Bekkema
30,379760,Milan van Ewijk
31,400143,Anthony Musaba
32,383865,Filip Stevanovic
33,321193,Rami Kaib
34,371073,Rami Al Hajj
35,399618,Benjamin Nygren
36,379733,Jan Ras
37,408042,Marijn Dijkstra
38,409160,Syb van Ottele
39,422643,Djenahro Nunumete
40,321192,Ibrahim Dresevic
