,ID,Name
0,422636,Philippe Rommens
1,408818,Ogechika Heil
2,288859,Gerrit Nauber
3,331931,Justin Bakker
4,115650,Warner Hahn
5,134722,Bas Kuipers
6,252239,Andries Noppert
7,422633,Mats Deijl
8,348647,Boyd Lucassen
9,422635,Ragnar Oratmangoen
10,422637,Jay Idzes
11,422641,Quiermo Dumay
12,344201,Iñigo Córdoba
13,284451,Isac Lidberg
14,12887,Jacob Mulenga
15,428528,Frank Ross
16,431319,Aventis Aventisian
17,43712,Cuco Martina
18,422642,Turan Tuzlacik
19,422640,Job Schuurman
20,422634,Luuk Brouwers
21,255946,Dario Van den Buijs
22,379713,Lennerd Daneels
23,362553,Jens Odgaard
24,386605,Ayman Azhil
25,368289,Issam El Maach
26,379705,Etienne Vaessen
27,379706,Juriën Gaari
28,379707,Melle Meulensteen
29,389411,Yassin Oukili
30,391284,Richard van der Venne
31,322159,Finn Stokkers
32,38147,Alexander Büttner
33,40342,Michiel Kramer
34,63885,Vurnon Anita
35,136263,Iliass Bel Hassani
36,365160,Lars Nieuwpoort
37,429373,Roy Kuijpers
38,400276,Luuk Wouters
39,400278,Thierry Lutonda
40,400545,Shawn Adewoye
