,ID,Name
0,328330,Marcos Senesi
1,384574,Gernot Trauner
2,244805,Cyriel Dessers
3,133390,Alireza Jahanbakhsh
4,136068,Ofir Marciano
5,43004,Bryan Linssen
6,82401,Jens Toornstra
7,302709,Justin Bijlow
8,387720,Denzel Hall
9,404937,Thijs Jansen
10,422909,Ramon Hendriks
11,345303,Tyrell Malacia
12,345441,Lutsharel Geertruida
13,322148,Guus Til
14,357133,Marcus Pedersen
15,303544,Fredrik Aursnes
16,355870,Orkun Kökcü
17,342564,Reiss Nelson
18,422920,Lennard Hartjes
19,422921,Antoni Milambo
20,285992,Adrian Grbic
21,345558,Tomas Hajek
22,319922,Jacob Rasmussen
23,384141,Romaric Yapi
24,226599,Maximilian Wittek
25,285933,Markus Schubert
26,130917,Eli Dasa
27,133959,Riechedly Bazoer
28,141965,Jeroen Houwen
29,289343,Eric Verstappen
30,303076,Danilho Doekhi
31,352844,Thomas Buitink
32,401021,Enzo Cornelisse
33,404389,Enrico Hernández
34,112719,Sondre Tronstad
35,363704,Toni Domgjoni
36,380663,Patrick Vroegh
37,363618,Loïs Openda
38,409126,Alois Dominik Oroz
39,429928,Gyan de Regt
40,400281,Million Manhoef
41,400282,Daan Huisman
