,ID,Name
0,343390,Jorn Brondeel
1,334977,Elton Kabangu
2,400010,Derrick Köhn
3,121821,Timon Wellenreuther
4,279751,Görkem Saglam
5,323531,Mats Köhlert
6,322083,Leeroy Owusu
7,303113,Abdenasser El Khayati
8,255970,Wessel Dammers
9,66462,Freek Heerkens
10,349481,Jizz Hornkamp
11,357080,Godfried Roemeratoe
12,361791,Driess Saddiki
13,379600,Connor van den Berg
14,321954,Ulrik Jenssen
15,109581,Pol Llonch
16,319990,Max Svensson
17,136461,Daniel Crowley
18,391027,Kilian Ludewig
19,400012,Wesley Spieringhs
20,409292,Nikolaos Michelis
21,437757,Jelte Pal
22,362459,Othmane Boussaid
23,344041,Moussa Sylla
24,373556,Arthur Zagre
25,302724,Eric Oelschlägel
26,315574,Thijmen Nijhuis
27,393412,Remco Balk
28,414501,Ruben Kluivert
29,422872,Djevencio van der Kust
30,22842,Willem Janssen
31,39726,Mark van der Maarel
32,89575,Adam Maher
33,101605,Mike van der Hoorn
34,110360,Sander van de Streek
35,123556,Joris van Overeem
36,229520,Django Warmerdam
37,238997,Mimoun Mahi
38,261017,Henk Veerman
39,283351,Simon Gustafson
40,345600,Pontus Almqvist
41,422873,Anastasios Douvikas
42,427851,Rick Meissen
43,431330,Kevin Gadellaa
