,ID,Name
0,328330,Marcos Senesi
1,244805,Cyriel Dessers
2,361879,Luis Sinisterra
3,133390,Alireza Jahanbakhsh
4,136068,Ofir Marciano
5,43004,Bryan Linssen
6,82401,Jens Toornstra
7,321959,Philippe Sandler
8,322148,Guus Til
9,345441,Lutsharel Geertruida
10,404937,Thijs Jansen
11,422909,Ramon Hendriks
12,387720,Denzel Hall
13,133305,Jorrit Hendrix
14,357133,Marcus Pedersen
15,303544,Fredrik Aursnes
16,107510,Valentin Alexandru Cojocaru
17,355870,Orkun Kökçü
18,361862,Cole Bassett
19,399620,Patrik Wålemark
20,291964,Vaclav Cerny
21,361838,Michal Sadílek
22,90235,Lars Unnerstall
23,29281,Wout Brama
24,37344,Ricky van Wolfswinkel
25,108935,Robin Pröpper
26,119741,Joshua Brenet
27,120454,Virgil Misidjan
28,280289,Giovanni Troupée
29,322149,Michel Vlap
30,327903,Kik Pierie
31,379702,Jesse Bosch
32,379703,Jeffrey de Lange
33,387172,Denilho Cleonise
34,387682,Ennio van der Gouw
35,400059,Gijs Smal
36,406780,Max Bruns
37,318754,Julio Pleguezuelo
38,400057,Casper Staring
39,363658,Dimitris Limnios
40,379701,Ramiz Zerrouki
41,422782,Manfred Ugalde
42,402819,Mees Hilgers
