,ID,Name
0,143815,Anas Tahiri
1,404764,Tibor Halilovic
2,404110,Nicolas Madsen
3,296543,Jan Bekkema
4,361900,Sydney van Hooijdonk
5,369119,Arjen van der Heide
6,32196,Siem de Jong
7,34171,Erwin Mulder
8,124274,Sven van Beek
9,124380,Thom Haye
10,136066,Lucas Woudenberg
11,379595,Xavier Mous
12,379734,Hamdi Akujobi
13,379760,Milan van Ewijk
14,400143,Anthony Musaba
15,383865,Filip Stevanovic
16,321193,Rami Kaib
17,401593,Amin Sarr
18,371073,Rami Al Hajj
19,409160,Syb van Ottele
20,422643,Djenahro Nunumete
21,401046,Timo Zaal
22,321192,Ibrahim Dresevic
23,422636,Philippe Rommens
24,408818,Ogechika Heil
25,367779,Giannis-Foivos Botos
26,431319,Aventis Aventisian
27,422641,Quiermo Dumay
28,422637,Jay Idzes
29,422635,Ragnar Oratmangoen
30,422633,Mats Deijl
31,331931,Justin Bakker
32,348647,Boyd Lucassen
33,355961,Evert Linthorst
34,357807,Martijn Berden
35,134722,Bas Kuipers
36,247700,Nick Hengelman
37,252239,Andries Noppert
38,276442,Joris Kramer
39,344201,Iñigo Córdoba
40,284451,Isac Lidberg
41,12887,Jacob Mulenga
42,422634,Luuk Brouwers
43,422640,Job Schuurman
