,ID,Name
0,132420,Rico Strieder
1,68850,Kostas Lamprou
2,369545,Yuta Nakayama
3,404370,Rav van den Berg
4,422867,Mees de Wit
5,365152,Eliano Reijnders
6,436114,Thomas Beelen
7,382170,Daishawn Redan
8,393338,Chardi Landu
9,34108,Bram van Polen
10,34925,Maikel van der Werff
11,36974,Ryan Koolwijk
12,136102,Djavan Anderson
13,231106,Kenneth Paal
14,279173,Pelle Clement
15,279429,Sai van Wermeskerken
16,317693,Mike Hauptmeijer
17,361695,Thomas van den Belt
18,432117,Max de Waal
19,362467,Jasper Schendelaar
20,119109,Gervane Kastaneer
21,399960,Siemen Voet
22,402068,Slobodan Tedic
23,303779,Maximiliano Romero
24,427824,Johan Bakayoko
25,346767,Mauro Júnior
26,142466,Philipp Max
27,80382,Mario Götze
28,137460,Érick Gutiérrez
29,275012,Joël Drommel
30,352825,Cody Gakpo
31,361839,Jordan Teze
32,382556,Joey Veerman
33,428694,Jenson Seelt
34,117980,Bruma
35,103542,Yvon Mvogo
36,389935,Noni Madueke
37,328075,Ibrahim Sangaré
38,386631,Richard Ledezma
39,400273,Maxime Delanghe
40,428695,Dennis Vos
