,ID,Name
0,377279,Peter Vindahl
1,399721,Kamal Sowah
2,300755,Pantelis Hatzidiakos
3,330514,Vangelis Pavlidis
4,379783,Yukinari Sugawara
5,373340,Zakaria Aboukhlal
6,353695,Dani de Wit
7,408102,Peer Koopmeiners
8,415772,Zico Buurmeester
9,328550,Owen Wijndal
10,90802,Jordy Clasie
11,90810,Bruno Martins Indi
12,90834,Hobie Verhulst
13,80137,Fredrik Midtsjø
14,355183,Aslak Witry
15,356742,Håkon Evjen
16,379784,Mohamed Taabouni
17,422739,Sam Beukema
18,424273,Milos Kerkez
19,434318,Maxim Dekker
20,438484,Myron van Brederode
21,343382,Tijjani Reijnders
22,320614,Jesper Karlsson
23,379713,Lennerd Daneels
24,383972,Sebbe Augustijns
25,379712,Saïd Bakari
26,368289,Issam El Maach
27,379705,Etienne Vaessen
28,379706,Juriën Gaari
29,379707,Melle Meulensteen
30,23373,Hans Mulder
31,38147,Alexander Büttner
32,40342,Michiel Kramer
33,63885,Vurnon Anita
34,136263,Iliass Bel Hassani
35,322159,Finn Stokkers
36,365160,Lars Nieuwpoort
37,389411,Yassin Oukili
38,391284,Richard van der Venne
39,429373,Roy Kuijpers
40,432167,Mark Spenkelink
41,400276,Luuk Wouters
42,400278,Thierry Lutonda
43,400545,Shawn Adewoye
44,384253,Achraf El Bouchataoui
