,ID,Name
0,367742,Cyril Ngonge
1,322591,Marin Sverko
2,364306,Daniël van Kaam
3,371293,Jan de Boer
4,379742,Laros Duarte
5,381718,Romano Postema
6,389086,Melayro Bogarde
7,77725,Michael de Leeuw
8,91123,Mike te Wierik
9,133960,Peter Leeuwenburgh
10,137368,Damil Dankerlui
11,434212,Dirk Baron
12,333048,Jørgen Strand Larsen
13,335919,Daleho Irandust
14,391047,Tomás Suslov
15,404224,Emmanuel Matuta
16,406537,Paulos Abraham
17,412907,Neraysho Kasanwirjo
18,415775,Bjorn Meijer
19,425112,Yahya Kalley
20,240976,David Sambissa
21,259530,Robin Maulun
22,346507,Roberts Uldrikis
23,349777,Michael Breij
24,298493,Patrick Joosten
25,343393,Tom Boere
26,422861,Marco Tol
27,422862,Brett Minnema
28,361897,Jamie Jacobs
29,422858,Nick Doodeman
30,77699,Calvin Mac-Intosch
31,89573,Erik Schouten
32,90564,Sonny Stevens
33,105316,Doke Schmidt
34,108655,Mitchel Paulissen
35,238998,Issa Kallon
36,351532,Mees Hoedemakers
37,422859,Jhondly van der Meer
38,431350,Sekou Sylla
39,434130,Thijmen Renkel
40,436147,Milan Smit
