,ID,Name
0,147910,Lucas Schoofs
1,367743,Noah Fadiga
2,401096,Mateo Les
3,227870,Nikolai Laursen
4,394980,Marco Rente
5,349202,Anas Ouahim
6,433912,Timo Jansink
7,380635,Robin Jalving
8,369095,Koen Bucker
9,369553,Mats Knoester
10,379686,Ruben Roosken
11,312702,Justin Hoogma
12,138398,Bilal Basacikoglu
13,334533,Emil Hansson
14,81725,Samuel Armenteros
15,136302,Sinan Bakis
16,322406,Luca de la Torre
17,379728,Navajo Bakboord
18,379729,Adrián Szoke
19,393081,Giacomo Quagliata
20,395830,Kasper Lunding Jakobsen
21,400497,Elias Sierra-Cappelleti
22,433913,Sem Scheperman
23,96615,Benjamin van Leer
24,124105,Michael Heylen
25,343347,Arno Verschueren
26,259930,Younes Namli
27,283282,Riza Durmisi
28,225522,Mario Engels
29,84195,Lennart Thy
30,108153,Laurent Jans
31,25037,Adil Auassar
32,31238,Aaron Meijers
33,44145,Bart Vriends
34,108426,Joeri de Kamps
35,120675,Tim Coremans
36,90636,Tom Beugelsdijk
37,343314,Vito van Crooij
38,379741,Dirk Abels
39,383560,Sven Mijnans
40,409075,Jason Meerstadt
41,411278,Jeremy Van Mullem
42,322776,Michael Pinto
43,249686,Adrián Dalmau
44,392339,Maduka Okoye
45,343398,Marouane Afaker
