,ID,Name
0,33841,Daniel Vukovic
1,422808,Jonathan Okita
2,396058,Rodrigo Guth
3,22300,Lasse Schöne
4,296536,Mikkel Duelund
5,422806,Dirk Proper
6,299511,Jordy Bruijn
7,26035,Rens van Eijden
8,97367,Mattijs Branderhorst
9,132973,Javier Vet
10,271086,Calvin Verdonk
11,422804,Bart van Rooij
12,422809,Ilias Bronkhorst
13,422810,Elayis Tavsan
14,10705,Edgar Barreto
15,279967,Iván Márquez
16,364281,Ali Akman
17,422813,Joep van der Sluijs
18,422814,Robin Roefs
19,433122,Mathias De Wolf
20,437616,Ibrahim Cissoko
21,422805,Souffian El Karouani
22,422803,Cas Odenthal
23,391257,Mickael Tirpan
24,123681,Jordan Botaka
25,110500,Felix Dornebusch
26,79755,Dimitrios Siovas
27,379697,Ryan Johansson
28,409128,Nigel Lonwijk
29,423863,Tijjani Noslin
30,90830,Ben Rienstra
31,104982,Mats Seuntjens
32,33981,Charlison Benschop
33,243708,Yanick van Osch
34,288873,Paul Gladon
35,298805,Michael Verrips
36,328549,Deroy Duarte
37,361694,Zian Flemming
38,366228,Richie Musaba
39,70598,Ivo Pinto
40,329684,Lisandro Semedo
41,320513,Tesfaldet Tekie
42,122291,Martin Angha
43,383604,George Cox
44,422778,Samy Baghdadi
45,437062,Tunahan Tasci
