,ID,Name
0,285992,Adrian Grbic
1,384141,Romaric Yapi
2,285933,Markus Schubert
3,130917,Eli Dasa
4,133959,Riechedly Bazoer
5,141965,Jeroen Houwen
6,303076,Danilho Doekhi
7,352844,Thomas Buitink
8,401021,Enzo Cornelisse
9,413209,Daan Reiziger
10,112719,Sondre Tronstad
11,318295,Matús Bero
12,363704,Toni Domgjoni
13,380663,Patrick Vroegh
14,414485,Giovanni van Zwam
15,392344,Nikolai Frederiksen
16,400281,Million Manhoef
17,400282,Daan Huisman
18,363618,Loïs Openda
19,83809,Nicolás Tagliafico
20,400166,Mohammed Kudus
21,322696,Edson Álvarez
22,401122,Kenneth Taylor
23,89794,Steven Berghuis
24,108860,Davy Klaassen
25,4065,Maarten Stekelenburg
26,70033,Daley Blind
27,422802,Jay Gorter
28,433575,Liam van Gelderen
29,34545,Przemyslaw Tyton
30,29474,Dusan Tadic
31,383798,Mohamed Daramy
32,236544,Sébastien Haller
33,400165,Devyne Rensch
34,369107,Mohamed Ihattaren
35,404568,Brian Brobbey
36,411691,Enric Llansana
37,437387,Anass Salah-Eddine
38,438480,Nordin Musampa
39,427577,Youri Regeer
