,ID,Name
0,391257,Mickael Tirpan
1,123681,Jordan Botaka
2,294844,Arianit Ferati
3,79755,Dimitrios Siovas
4,83798,Andreas Samaris
5,379697,Ryan Johansson
6,298805,Michael Verrips
7,104982,Mats Seuntjens
8,243708,Yanick van Osch
9,288873,Paul Gladon
10,33981,Charlison Benschop
11,409128,Nigel Lonwijk
12,328549,Deroy Duarte
13,361694,Zian Flemming
14,366228,Richie Musaba
15,70598,Ivo Pinto
16,320513,Tesfaldet Tekie
17,122291,Martin Angha
18,368266,Tom Hendriks
19,422778,Samy Baghdadi
20,423863,Tijjani Noslin
21,437062,Tunahan Tasci
22,96615,Benjamin van Leer
23,124105,Michael Heylen
24,343347,Arno Verschueren
25,259930,Younes Namli
26,283282,Riza Durmisi
27,225522,Mario Engels
28,84195,Lennart Thy
29,366549,Giannis Masouras
30,108153,Laurent Jans
31,25037,Adil Auassar
32,31238,Aaron Meijers
33,44145,Bart Vriends
34,108426,Joeri de Kamps
35,120675,Tim Coremans
36,343314,Vito van Crooij
37,90636,Tom Beugelsdijk
38,379741,Dirk Abels
39,383560,Sven Mijnans
40,411278,Jeremy Van Mullem
41,322776,Michael Pinto
42,249686,Adrián Dalmau
43,392339,Maduka Okoye
