,ID,Name
0,367742,Cyril Ngonge
1,322591,Marin Sverko
2,364306,Daniël van Kaam
3,33002,Bart van Hintum
4,77725,Michael de Leeuw
5,91123,Mike te Wierik
6,133960,Peter Leeuwenburgh
7,137368,Damil Dankerlui
8,255970,Wessel Dammers
9,371293,Jan de Boer
10,379742,Laros Duarte
11,381718,Romano Postema
12,389086,Melayro Bogarde
13,333048,Jørgen Strand Larsen
14,343438,Jan Hoekstra
15,391047,Tomás Suslov
16,406537,Paulos Abraham
17,415775,Bjorn Meijer
18,425112,Yahya Kalley
19,303779,Maximiliano Romero
20,124021,Phillipp Mwene
21,346767,Mauro Júnior
22,260809,Olivier Boscagli
23,142466,Philipp Max
24,80382,Mario Götze
25,343435,Ritsu Doan
26,137460,Erick Gutiérrez
27,345333,Armando Obispo
28,275012,Joël Drommel
29,422764,Fodé Fofana
30,428694,Jenson Seelt
31,352825,Cody Gakpo
32,361839,Jordan Teze
33,382556,Joey Veerman
34,85470,Marco van Ginkel
35,117980,Bruma
36,103542,Yvon Mvogo
37,386631,Richard Ledezma
38,402876,Vincent Müller
39,408059,Yorbe Vertessen
