,ID,Name
0,399311,Filip Krastev
1,259530,Robin Maulun
2,412208,Tamás Kiss
3,346507,Roberts Uldrikis
4,422858,Nick Doodeman
5,349777,Michael Breij
6,361897,Jamie Jacobs
7,298493,Patrick Joosten
8,298844,Sam Hendriks
9,77699,Calvin Mac-Intosch
10,89573,Erik Schouten
11,90564,Sonny Stevens
12,108655,Mitchel Paulissen
13,404191,Maxim Gullit
14,422861,Marco Tol
15,422862,Brett Minnema
16,422863,Pieter Bos
17,422859,Jhondly van der Meer
18,431350,Sekou Sylla
19,422857,Alex Bangura
20,124105,Michael Heylen
21,259930,Younes Namli
22,225522,Mario Engels
23,84195,Lennart Thy
24,366549,Giannis Masouras
25,108153,Laurent Jans
26,120675,Tim Coremans
27,90636,Tom Beugelsdijk
28,31238,Aaron Meijers
29,44145,Bart Vriends
30,77706,Bryan Smeets
31,379741,Dirk Abels
32,383560,Sven Mijnans
33,400163,Emanuel Emegha
34,343314,Vito van Crooij
35,429380,Rijk Janse
36,249686,Adrián Dalmau
37,426882,Achraf Madi
38,431351,Finn Murre
