,ID,Name
0,391257,Mickael Tirpan
1,110500,Felix Dornebusch
2,294844,Arianit Ferati
3,83798,Andreas Samaris
4,379697,Ryan Johansson
5,90830,Ben Rienstra
6,104982,Mats Seuntjens
7,298805,Michael Verrips
8,243708,Yanick van Osch
9,281508,Roel Janssen
10,422779,Stijn Hogervorst
11,328549,Deroy Duarte
12,361694,Zian Flemming
13,366228,Richie Musaba
14,334533,Emil Hansson
15,70598,Ivo Pinto
16,320513,Tesfaldet Tekie
17,122291,Martin Angha
18,383604,George Cox
19,423863,Tijjani Noslin
20,425412,Yigit Celtik
21,377279,Peter Vindahl
22,330514,Vangelis Pavlidis
23,300755,Pantelis Hatzidiakos
24,289252,Albert Gudmundsson
25,379783,Yukinari Sugawara
26,90802,Jordy Clasie
27,90834,Hobie Verhulst
28,353695,Dani de Wit
29,328550,Owen Wijndal
30,405003,Thijs Oosting
31,408102,Peer Koopmeiners
32,415670,Jorn Berkhout
33,422737,Ernest Poku
34,400978,Beau Reus
35,355183,Aslak Fonn Witry
36,80137,Fredrik Midtsjø
37,320614,Jesper Karlsson
38,356742,Håkon Evjen
39,379784,Mohamed Taabouni
40,343382,Tijjani Reijnders
41,404489,Fedde de Jong
42,422739,Sam Beukema
