,ID,Name
0,362459,Othmane Boussaid
1,373556,Arthur Zagre
2,302724,Eric Oelschlägel
3,393412,Remco Balk
4,411078,Quinten Timber
5,22842,Willem Janssen
6,39726,Mark van der Maarel
7,89575,Adam Maher
8,101605,Mike van der Hoorn
9,110360,Sander van de Streek
10,123556,Joris van Overeem
11,229520,Django Warmerdam
12,238997,Mimoun Mahi
13,256971,Hidde ter Avest
14,261082,Bart Ramselaar
15,283351,Simon Gustafson
16,422873,Anastasios Douvikas
17,427851,Rick Meissen
18,431329,Naoki Maeda
19,431330,Kevin Gadellaa
20,382581,Fabian de Keijzer
21,391015,Eros Maddy
22,340105,Lisandro Martínez
23,83809,Nicolás Tagliafico
24,364315,Antony
25,322696,Edson Álvarez
26,349932,Noussair Mazraoui
27,362732,Perr Schuurs
28,363884,Ryan Gravenberch
29,34550,Remko Pasveer
30,70033,Daley Blind
31,89794,Steven Berghuis
32,108860,Davy Klaassen
33,388650,Jurriën Timber
34,401122,Kenneth Taylor
35,422802,Jay Gorter
36,423955,Charlie Setford
37,29474,Dusan Tadic
38,383798,Mohamed Daramy
39,404568,Brian Brobbey
40,400165,Devyne Rensch
41,431331,Amourrichio van Axel Dongen
