,ID,Name
0,33841,Daniel Vukovic
1,422808,Jonathan Okita
2,396058,Rodrigo Guth
3,22300,Lasse Schöne
4,296536,Mikkel Duelund
5,422806,Dirk Proper
6,299511,Jordy Bruijn
7,97367,Mattijs Branderhorst
8,132973,Javier Vet
9,271086,Calvin Verdonk
10,422804,Bart van Rooij
11,422809,Ilias Bronkhorst
12,422810,Elayis Tavsan
13,10705,Edgar Barreto
14,279967,Iván Márquez
15,364281,Ali Akman
16,422811,Thomas Beekman
17,422813,Joep van der Sluijs
18,422814,Robin Roefs
19,426009,Pedro Ruiz
20,422805,Souffian El Karouani
21,402852,Ole Romeny
22,422803,Cas Odenthal
23,361880,Oussama Darfalou
24,345558,Tomas Hajek
25,319922,Jacob Rasmussen
26,384141,Romaric Yapi
27,226599,Maximilian Wittek
28,285933,Markus Schubert
29,130917,Eli Dasa
30,133959,Riechedly Bazoer
31,141965,Jeroen Houwen
32,303076,Danilho Doekhi
33,401021,Enzo Cornelisse
34,112719,Sondre Tronstad
35,401731,Julian von Moos
36,363704,Toni Domgjoni
37,361815,Yann Gboho
38,365426,Hilary Gong
39,380663,Patrick Vroegh
40,363618,Loïs Openda
41,409126,Alois Dominik Oroz
42,422868,Nigel van Haveren
43,392344,Nikolai Baden Frederiksen
44,400282,Daan Huisman
