,ID,Name
0,302644,Dario Dumic
1,361838,Michal Sadílek
2,90235,Lars Unnerstall
3,400059,Gijs Smal
4,406780,Max Bruns
5,108935,Robin Pröpper
6,120454,Virgil Misidjan
7,280289,Giovanni Troupée
8,37344,Ricky van Wolfswinkel
9,322149,Michel Vlap
10,379702,Jesse Bosch
11,379703,Jeffrey de Lange
12,387172,Denilho Cleonise
13,387682,Ennio van der Gouw
14,400055,Jayden Oosterwolde
15,361898,Luka Ilic
16,318754,Julio Pleguezuelo
17,422782,Manfred Ugalde
18,402819,Mees Hilgers
19,405560,Daan Rots
20,363658,Dimitris Limnios
21,379701,Ramiz Zerrouki
22,400057,Casper Staring
23,343390,Jorn Brondeel
24,334977,Elton Kabangu
25,346731,Kwasi Okyere Wriedt
26,121821,Timon Wellenreuther
27,279751,Görkem Saglam
28,323531,Mats Köhlert
29,365389,John Yeboah
30,400010,Derrick Köhn
31,379600,Connor van den Berg
32,357080,Godfried Roemeratoe
33,361791,Driess Saddiki
34,81475,Miquel Nelom
35,322083,Leeroy Owusu
36,321954,Ulrik Jenssen
37,109581,Pol Llonch
38,312913,Emil Bergström
39,319990,Max Svensson
40,400014,Vincent Schippers
41,409292,Nikolaos Michelis
42,425104,Anargyros Kampetsis
43,425569,Ringo Meerveld
44,379599,Ché Nunnely
