,ID,Name
0,391257,Mickael Tirpan
1,110500,Felix Dornebusch
2,294844,Arianit Ferati
3,83798,Andreas Samaris
4,379697,Ryan Johansson
5,361694,Zian Flemming
6,366228,Richie Musaba
7,328549,Deroy Duarte
8,90830,Ben Rienstra
9,104982,Mats Seuntjens
10,243708,Yanick van Osch
11,281508,Roel Janssen
12,409128,Nigel Lonwijk
13,334533,Emil Hansson
14,70598,Ivo Pinto
15,329684,Lisandro Semedo
16,320513,Tesfaldet Tekie
17,122291,Martin Angha
18,380695,Bassala Sambou
19,383604,George Cox
20,368266,Tom Hendriks
21,423863,Tijanni Noslin
22,425412,Yigit Celtik
23,362459,Othmane Boussaid
24,373556,Arthur Zagre
25,302724,Eric Oelschlägel
26,329675,Maarten Paes
27,357396,Mohamed Mallahi
28,256971,Hidde ter Avest
29,393412,Remco Balk
30,22842,Willem Janssen
31,89575,Adam Maher
32,101605,Mike van der Hoorn
33,110360,Sander van de Streek
34,123556,Joris van Overeem
35,238997,Mimoun Mahi
36,411078,Quinten Timber
37,249686,Adrián Dalmau
38,283351,Simon Gustafson
39,400823,Davy van den Berg
40,409052,Benaissa Benamar
41,391015,Eros Maddy
42,422873,Anastasios Douvikas
43,427851,Rick Meissen
44,429657,Sep van der Heijden
