,ID,Name
0,377279,Peter Vindahl
1,300755,Pantelis Hatzidiakos
2,330514,Vangelis Pavlidis
3,289252,Albert Gudmundsson
4,379783,Yukinari Sugawara
5,400978,Beau Reus
6,353695,Dani de Wit
7,328550,Owen Wijndal
8,373340,Zakaria Aboukhlal
9,90802,Jordy Clasie
10,90810,Bruno Martins Indi
11,90834,Hobie Verhulst
12,408102,Peer Koopmeiners
13,415772,Zico Buurmeester
14,422737,Ernest Poku
15,80137,Fredrik Midtsjø
16,355183,Aslak Fonn Witry
17,422739,Sam Beukema
18,356742,Håkon Evjen
19,404490,Yusuf Barasi
20,379784,Mohamed Taabouni
21,343382,Tijjani Reijnders
22,320614,Jesper Karlsson
23,334977,Elton Kabangu
24,346731,Kwasi Okyere Wriedt
25,323531,Mats Köhlert
26,121821,Timon Wellenreuther
27,279751,Görkem Saglam
28,400010,Derrick Köhn
29,81475,Miquel Nelom
30,379600,Connor van den Berg
31,322083,Leeroy Owusu
32,357080,Godfried Roemeratoe
33,361791,Driess Saddiki
34,321954,Ulrik Jenssen
35,109581,Pol Llonch
36,319990,Max Svensson
37,379599,Ché Nunnely
38,400014,Vincent Schippers
39,405831,Maarten Schut
40,409292,Nikolaos Michelis
41,425104,Anargyros Kampetsis
42,425569,Ringo Meerveld
43,429002,Sam Tel
44,429592,Noah Lewis
