,ID,Name
0,147910,Lucas Schoofs
1,367743,Noah Fadiga
2,377444,Mohamed Amissi
3,401096,Mateo Les
4,227870,Nikolai Laursen
5,104885,Janis Blaswich
6,394980,Marco Rente
7,379731,Orestis Kiomourtzoglou
8,369095,Koen Bucker
9,369553,Mats Knoester
10,379686,Ruben Roosken
11,355134,Kaj Sierhuis
12,231133,Alessandro Damen
13,400170,Rohat Agca
14,138398,Bilal Basacikoglu
15,136302,Sinan Bakis
16,322406,Luca de la Torre
17,361866,Robin Polley
18,379728,Navajo Bakboord
19,379729,Adrián Szoke
20,393081,Giacomo Quagliata
21,400497,Elias Sierra-Cappelleti
22,422763,Sven Sonnenberg
23,367742,Cyril Ngonge
24,322591,Marin Sverko
25,33002,Bart van Hintum
26,77725,Michael de Leeuw
27,91123,Mike te Wierik
28,133960,Peter Leeuwenburgh
29,137368,Damil Dankerlui
30,255970,Wessel Dammers
31,298493,Patrick Joosten
32,371293,Jan de Boer
33,379742,Laros Duarte
34,381718,Romano Postema
35,364306,Daniël van Kaam
36,333048,Jørgen Strand Larsen
37,391047,Tomás Suslov
38,406537,Paulos Abraham
39,412907,Neraysho Kasanwirjo
40,415775,Bjorn Meijer
41,343438,Jan Hoekstra
