,ID,Name
0,132420,Rico Strieder
1,68850,Kostas Lamprou
2,369545,Yuta Nakayama
3,389942,Leandro Fernandes
4,422867,Mees de Wit
5,393338,Chardi Landu
6,97101,Mustafa Saymak
7,34108,Bram van Polen
8,36974,Ryan Koolwijk
9,317693,Mike Hauptmeijer
10,361695,Thomas van den Belt
11,365152,Eliano Reijnders
12,345544,Luka Adzic
13,362467,Jasper Schendelaar
14,119109,Gervane Kastaneer
15,399960,Siemen Voet
16,402068,Slobodan Tedic
17,404099,Samir Lagsir
18,404370,Rav van den Berg
19,425087,Elikia Mbinga
20,391012,Gabi Caschili
21,302644,Dario Dumic
22,291964,Vaclav Cerny
23,361838,Michal Sadílek
24,90235,Lars Unnerstall
25,108935,Robin Pröpper
26,120454,Virgil Misidjan
27,280289,Giovanni Troupée
28,37344,Ricky van Wolfswinkel
29,322149,Michel Vlap
30,379702,Jesse Bosch
31,379703,Jeffrey de Lange
32,387172,Denilho Cleonise
33,387682,Ennio van der Gouw
34,400055,Jayden Oosterwolde
35,400059,Gijs Smal
36,422781,Luca Everink
37,318754,Julio Pleguezuelo
38,400057,Casper Staring
39,363658,Dimitris Limnios
40,379701,Ramiz Zerrouki
41,422782,Manfred Ugalde
42,402819,Mees Hilgers
43,405560,Daan Rots
