,ID,Name
0,124105,Michael Heylen
1,225522,Mario Engels
2,84195,Lennart Thy
3,366549,Giannis Masouras
4,108153,Laurent Jans
5,25037,Adil Auassar
6,31238,Aaron Meijers
7,44145,Bart Vriends
8,77706,Bryan Smeets
9,120675,Tim Coremans
10,90636,Tom Beugelsdijk
11,379741,Dirk Abels
12,383560,Sven Mijnans
13,289016,Mohammed Osman
14,400163,Emanuel Emegha
15,411278,Jeremy Van Mullem
16,343314,Vito van Crooij
17,363875,Kenzo Goudmijn
18,322776,Mica Pinto
19,426882,Achraf Madi
20,429380,Rijk Janse
21,392339,Maduka Okoye
22,345558,Tomas Hajek
23,319922,Jacob Rasmussen
24,384141,Romaric Yapi
25,226599,Maximilian Wittek
26,285933,Markus Schubert
27,289343,Eric Verstappen
28,303076,Danilho Doekhi
29,352844,Thomas Buitink
30,133959,Riechedly Bazoer
31,141965,Jeroen Houwen
32,401021,Enzo Cornelisse
33,112719,Sondre Tronstad
34,318295,Matús Bero
35,363704,Toni Domgjoni
36,401731,Julian von Moos
37,361815,Yann Gboho
38,363618,Loïs Openda
39,409126,Alois Dominik Oroz
40,429928,Gyan de Regt
41,380663,Patrick Vroegh
42,392344,Nikolai Baden Frederiksen
43,400281,Million Manhoef
44,400282,Daan Huisman
