,ID,Name
0,143815,Anas Tahiri
1,404764,Tibor Halilovic
2,404110,Nicolas Madsen
3,400143,Anthony Musaba
4,379595,Xavier Mous
5,379734,Hamdi Akujobi
6,379760,Milan van Ewijk
7,296543,Jan Bekkema
8,361900,Sydney van Hooijdonk
9,369119,Arjen van der Heide
10,34171,Erwin Mulder
11,121666,Nick Bakker
12,124274,Sven van Beek
13,124380,Thom Haye
14,136066,Lucas Woudenberg
15,142181,Joost van Aken
16,383865,Filip Stevanovic
17,401593,Amin Sarr
18,321193,Rami Kaib
19,371073,Rami Al Hajj
20,409160,Syb van Ottele
21,379733,Jan Ras
22,321192,Ibrahim Dresevic
23,403495,Melih Ibrahimoglu
24,147910,Lucas Schoofs
25,367743,Noah Fadiga
26,227870,Nikolai Laursen
27,394980,Marco Rente
28,349202,Anas Ouahim
29,379731,Orestis Kiomourtzoglou
30,380635,Robin Jalving
31,138398,Bilal Basacikoglu
32,369095,Koen Bucker
33,369553,Mats Knoester
34,379686,Ruben Roosken
35,312702,Justin Hoogma
36,334533,Emil Hansson
37,81725,Samuel Armenteros
38,136302,Sinan Bakis
39,322406,Luca de la Torre
40,379728,Navajo Bakboord
41,379729,Adrián Szoke
42,395830,Kasper Lunding Jakobsen
43,400497,Elias Sierra-Cappelleti
44,422763,Sven Sonnenberg
45,433912,Timo Jansink
