,ID,Name
0,404764,Tibor Halilovic
1,404110,Nicolas Madsen
2,400143,Anthony Musaba
3,32196,Siem de Jong
4,34171,Erwin Mulder
5,121666,Nick Bakker
6,124274,Sven van Beek
7,136066,Lucas Woudenberg
8,261017,Henk Veerman
9,296543,Jan Bekkema
10,369119,Arjen van der Heide
11,379595,Xavier Mous
12,379734,Hamdi Akujobi
13,379760,Milan van Ewijk
14,382556,Joey Veerman
15,383865,Filip Stevanovic
16,399618,Benjamin Nygren
17,371073,Rami Al Hajj
18,321192,Ibrahim Dresevic
19,406783,Stanislav Shopov
20,409160,Syb van Ottele
21,422643,Djenahro Nunumete
22,379733,Jan Ras
23,391257,Mickael Tirpan
24,110500,Felix Dornebusch
25,243708,Yanick van Osch
26,281508,Roel Janssen
27,328549,Deroy Duarte
28,366228,Richie Musaba
29,90830,Ben Rienstra
30,104982,Mats Seuntjens
31,409128,Nigel Lonwijk
32,415194,Ronan Pluijmen
33,422779,Stijn Hogervorst
34,334533,Emil Hansson
35,320513,Tesfaldet Tekie
36,122291,Martin Angha
37,380695,Bassala Sambou
38,383604,George Cox
39,422780,Toshio Lake
40,423863,Tijanni Noslin
41,425412,Yigit Celtik
42,425413,Ruben van Kouwen
43,422778,Samy Baghdadi
