,ID,Name
0,345558,Tomas Hajek
1,319922,Jacob Rasmussen
2,384141,Romaric Yapi
3,226599,Maximilian Wittek
4,285933,Markus Schubert
5,130917,Eli Dasa
6,133959,Riechedly Bazoer
7,141965,Jeroen Houwen
8,303076,Danilho Doekhi
9,352844,Thomas Buitink
10,413209,Daan Reiziger
11,112719,Sondre Tronstad
12,318295,Matús Bero
13,363704,Toni Domgjoni
14,380663,Patrick Vroegh
15,363618,Loïs Openda
16,392344,Nikolai Frederiksen
17,400282,Daan Huisman
18,409126,Alois Dominik Oroz
19,96615,Benjamin van Leer
20,124105,Michael Heylen
21,283282,Riza Durmisi
22,225522,Mario Engels
23,84195,Lennart Thy
24,366549,Giannis Masouras
25,108153,Laurent Jans
26,25037,Adil Auassar
27,31238,Aaron Meijers
28,44145,Bart Vriends
29,90636,Tom Beugelsdijk
30,108426,Joeri de Kamps
31,120675,Tim Coremans
32,379741,Dirk Abels
33,383560,Sven Mijnans
34,343314,Vito van Crooij
35,411278,Jeremy Van Mullem
36,425114,Mohammed Tahiri
37,322776,Michael Pinto
38,249686,Adrián Dalmau
39,392339,Maduka Okoye
40,433809,Pepijn Doesburg
