,ID,Name
0,255946,Dario Van den Buijs
1,285814,Jens Teunckens
2,379713,Lennerd Daneels
3,399608,Ahmed Touba
4,379712,Saïd Bakari
5,362553,Jens Odgaard
6,386605,Ayman Azhil
7,368289,Issam El Maach
8,379705,Etienne Vaessen
9,379706,Juriën Gaari
10,379707,Melle Meulensteen
11,23373,Hans Mulder
12,38147,Alexander Büttner
13,40342,Michiel Kramer
14,63885,Vurnon Anita
15,136263,Iliass Bel Hassani
16,389411,Yassin Oukili
17,322159,Finn Stokkers
18,400276,Luuk Wouters
19,400278,Thierry Lutonda
20,303779,Maximiliano Romero
21,124021,Philipp Mwene
22,98101,André Ramalho
23,363077,Carlos Vinícius
24,346767,Mauro Júnior
25,260809,Olivier Boscagli
26,80382,Mario Götze
27,142466,Philipp Max
28,343435,Ritsu Doan
29,137460,Erick Gutiérrez
30,85470,Marco van Ginkel
31,275012,Joël Drommel
32,345333,Armando Obispo
33,352825,Cody Gakpo
34,361839,Jordan Teze
35,117980,Bruma
36,103542,Yvon Mvogo
37,328075,Ibrahim Sangaré
38,386631,Richard Ledezma
39,400273,Maxime Delanghe
40,408059,Yorbe Vertessen
