,ID,Name
0,328330,Marcos Senesi
1,244805,Cyriel Dessers
2,361879,Luis Sinisterra
3,133390,Alireza Jahanbakhsh
4,136068,Ofir Marciano
5,43004,Bryan Linssen
6,82401,Jens Toornstra
7,115863,Mark Diemers
8,302709,Justin Bijlow
9,373113,Naoufal Bannis
10,404937,Thijs Jansen
11,422909,Ramon Hendriks
12,345303,Tyrell Malacia
13,345441,Lutsharel Geertruida
14,322148,Guus Til
15,357133,Marcus Pedersen
16,303544,Fredrik Aursnes
17,142352,João Teixeira
18,355870,Orkun Kökcü
19,342564,Reiss Nelson
20,422921,Antoni Milambo
21,423949,Mimeirhel Benita
22,83809,Nicolás Tagliafico
23,340105,Lisandro Martínez
24,326505,David Neres
25,364315,Antony
26,260843,André Onana
27,403644,Victor Jensen
28,322696,Edson Álvarez
29,34550,Remko Pasveer
30,70033,Daley Blind
31,89794,Steven Berghuis
32,108860,Davy Klaassen
33,388650,Jurriën Timber
34,362732,Perr Schuurs
35,363884,Ryan Gravenberch
36,422802,Jay Gorter
37,401122,Kenneth Taylor
38,29474,Dusan Tadic
39,383798,Mohamed Daramy
40,236544,Sébastien Haller
41,400165,Devyne Rensch
42,367522,Danilo
43,427577,Youri Regeer
