,ID,Name
0,422636,Philippe Rommens
1,408818,Ogechika Heil
2,288859,Gerrit Nauber
3,367779,Giannis-Foivos Botos
4,422633,Mats Deijl
5,422637,Jay Idzes
6,331931,Justin Bakker
7,348647,Boyd Lucassen
8,357807,Martijn Berden
9,115650,Warner Hahn
10,134722,Bas Kuipers
11,252239,Andries Noppert
12,276442,Joris Kramer
13,422635,Ragnar Oratmangoen
14,344201,Iñigo Córdoba
15,284451,Isac Lidberg
16,12887,Jacob Mulenga
17,422634,Luuk Brouwers
18,422639,Yacine Bourhane
19,422640,Job Schuurman
20,428528,Frank Ross
21,33841,Daniel Vukovic
22,396058,Rodrigo Guth
23,422807,Magnus Mattsson
24,22300,Lasse Schöne
25,296536,Mikkel Duelund
26,299511,Jordy Bruijn
27,97367,Mattijs Branderhorst
28,132973,Javier Vet
29,271086,Calvin Verdonk
30,422809,Ilias Bronkhorst
31,422810,Elayis Tavsan
32,422804,Bart van Rooij
33,422806,Dirk Proper
34,279967,Iván Márquez
35,364281,Ali Akman
36,422805,Souffian El Karouani
37,402852,Ole Romeny
38,422803,Cas Odenthal
39,422811,Thomas Beekman
40,422814,Robin Roefs
