,ID,Name
0,399311,Filip Krastev
1,259530,Robin Maulun
2,412208,Tamás Kiss
3,346507,Roberts Uldrikis
4,349777,Michael Breij
5,298844,Sam Hendriks
6,343393,Tom Boere
7,77699,Calvin Mac-Intosch
8,89573,Erik Schouten
9,90564,Sonny Stevens
10,105316,Doke Schmidt
11,108655,Mitchel Paulissen
12,238998,Issa Kallon
13,404191,Maxim Gullit
14,422861,Marco Tol
15,422862,Brett Minnema
16,422863,Pieter Bos
17,422858,Nick Doodeman
18,361897,Jamie Jacobs
19,422859,Jhondly van der Meer
20,425440,Jasper ter Heide
21,422857,Alex Bangura
22,351532,Mees Hoedemakers
23,404764,Tibor Halilovic
24,404110,Nicolas Madsen
25,400143,Anthony Musaba
26,342814,Rodney Kongolo
27,369119,Arjen van der Heide
28,379595,Xavier Mous
29,379734,Hamdi Akujobi
30,379760,Milan van Ewijk
31,382556,Joey Veerman
32,32196,Siem de Jong
33,121666,Nick Bakker
34,124274,Sven van Beek
35,261017,Henk Veerman
36,296543,Jan Bekkema
37,383865,Filip Stevanovic
38,399618,Benjamin Nygren
39,371073,Rami Al Hajj
40,321193,Rami Kaib
41,400007,Jaimy Kroesen
42,409160,Syb van Ottele
43,422643,Djenahro Nunumete
44,321192,Ibrahim Dresevic
