,ID,Name
0,343390,Jorn Brondeel
1,334977,Elton Kabangu
2,121821,Timon Wellenreuther
3,279751,Görkem Saglam
4,400010,Derrick Köhn
5,425569,Ringo Meerveld
6,405003,Thijs Oosting
7,255970,Wessel Dammers
8,66462,Freek Heerkens
9,81475,Miquel Nelom
10,322083,Leeroy Owusu
11,379600,Connor van den Berg
12,349481,Jizz Hornkamp
13,357080,Godfried Roemeratoe
14,361791,Driess Saddiki
15,321954,Ulrik Jenssen
16,312913,Emil Bergström
17,319990,Max Svensson
18,136461,Daniel Crowley
19,409292,Nikolaos Michelis
20,425104,Anargyros Kampetsis
21,379599,Ché Nunnely
22,391027,Kilian Ludewig
23,340105,Lisandro Martínez
24,364315,Antony
25,260843,André Onana
26,403644,Victor Jensen
27,400166,Mohammed Kudus
28,322696,Edson Álvarez
29,349932,Noussair Mazraoui
30,362732,Perr Schuurs
31,363884,Ryan Gravenberch
32,34550,Remko Pasveer
33,70033,Daley Blind
34,89794,Steven Berghuis
35,108860,Davy Klaassen
36,401122,Kenneth Taylor
37,422802,Jay Gorter
38,388650,Jurriën Timber
39,29474,Dusan Tadic
40,383798,Mohamed Daramy
41,236544,Sébastien Haller
42,400165,Devyne Rensch
43,367522,Danilo
