,ID,Name
0,33841,Daniel Vukovic
1,422808,Jonathan Okita
2,396058,Rodrigo Guth
3,22300,Lasse Schöne
4,296536,Mikkel Duelund
5,422807,Magnus Mattsson
6,422806,Dirk Proper
7,97367,Mattijs Branderhorst
8,132973,Javier Vet
9,271086,Calvin Verdonk
10,422804,Bart van Rooij
11,422809,Ilias Bronkhorst
12,422810,Elayis Tavsan
13,10705,Edgar Barreto
14,279967,Iván Márquez
15,364281,Ali Akman
16,422814,Robin Roefs
17,431307,Nils Rossen
18,433122,Mathias De Wolf
19,422805,Souffian El Karouani
20,422803,Cas Odenthal
21,255946,Dario Van den Buijs
22,379713,Lennerd Daneels
23,399608,Ahmed Touba
24,379712,Saïd Bakari
25,362553,Jens Odgaard
26,386605,Ayman Azhil
27,368289,Issam El Maach
28,379705,Etienne Vaessen
29,379706,Juriën Gaari
30,379707,Melle Meulensteen
31,389411,Yassin Oukili
32,391284,Richard van der Venne
33,322159,Finn Stokkers
34,38147,Alexander Büttner
35,40342,Michiel Kramer
36,63885,Vurnon Anita
37,136263,Iliass Bel Hassani
38,365160,Lars Nieuwpoort
39,429373,Roy Kuijpers
40,432167,Mark Spenkelink
41,400276,Luuk Wouters
42,400278,Thierry Lutonda
43,400545,Shawn Adewoye
