,ID,Name
0,377279,Peter Vindahl
1,399721,Kamal Sowah
2,300755,Pantelis Hatzidiakos
3,330514,Vangelis Pavlidis
4,379783,Yukinari Sugawara
5,373340,Zakaria Aboukhlal
6,328550,Owen Wijndal
7,400978,Beau Reus
8,408102,Peer Koopmeiners
9,422737,Ernest Poku
10,353695,Dani de Wit
11,90802,Jordy Clasie
12,90810,Bruno Martins Indi
13,90834,Hobie Verhulst
14,355183,Aslak Witry
15,356742,Håkon Evjen
16,343382,Tijjani Reijnders
17,320614,Jesper Karlsson
18,422739,Sam Beukema
19,424273,Milos Kerkez
20,379784,Mohamed Taabouni
21,403495,Melih Ibrahimoglu
22,367743,Noah Fadiga
23,227870,Nikolai Laursen
24,104885,Janis Blaswich
25,349202,Anas Ouahim
26,394980,Marco Rente
27,379731,Orestis Kiomourtzoglou
28,380635,Robin Jalving
29,400170,Rohat Agca
30,312702,Justin Hoogma
31,369095,Koen Bucker
32,369553,Mats Knoester
33,379686,Ruben Roosken
34,138398,Bilal Basacikoglu
35,334533,Emil Hansson
36,136302,Sinan Bakis
37,379728,Navajo Bakboord
38,379729,Adrián Szoke
39,400497,Elias Sierra-Cappelleti
40,395830,Kasper Lunding Jakobsen
41,393081,Giacomo Quagliata
42,361866,Robin Polley
43,422763,Sven Sonnenberg
