,ID,Name
0,33841,Daniel Vukovic
1,422808,Jonathan Okita
2,396058,Rodrigo Guth
3,422807,Magnus Mattsson
4,22300,Lasse Schöne
5,422806,Dirk Proper
6,422804,Bart van Rooij
7,422809,Ilias Bronkhorst
8,422810,Elayis Tavsan
9,299511,Jordy Bruijn
10,97367,Mattijs Branderhorst
11,132973,Javier Vet
12,271086,Calvin Verdonk
13,279967,Iván Márquez
14,364281,Ali Akman
15,42705,Wilfried Bony
16,422813,Joep van der Sluijs
17,422814,Robin Roefs
18,433122,Mathias De Wolf
19,422805,Souffian El Karouani
20,422803,Cas Odenthal
21,96615,Benjamin van Leer
22,124105,Michael Heylen
23,343347,Arno Verschueren
24,259930,Younes Namli
25,283282,Riza Durmisi
26,84195,Lennart Thy
27,225522,Mario Engels
28,366549,Giannis Masouras
29,108153,Laurent Jans
30,25037,Adil Auassar
31,31238,Aaron Meijers
32,44145,Bart Vriends
33,108426,Joeri de Kamps
34,120675,Tim Coremans
35,379741,Dirk Abels
36,383560,Sven Mijnans
37,343314,Vito van Crooij
38,411278,Jeremy Van Mullem
39,322776,Michael Pinto
40,249686,Adrián Dalmau
41,392339,Maduka Okoye
