,ID,Name
0,422636,Philippe Rommens
1,288859,Gerrit Nauber
2,408818,Ogechika Heil
3,367779,Giannis-Foivos Botos
4,422635,Ragnar Oratmangoen
5,422633,Mats Deijl
6,331931,Justin Bakker
7,348647,Boyd Lucassen
8,355961,Evert Linthorst
9,134722,Bas Kuipers
10,247700,Nick Hengelman
11,252239,Andries Noppert
12,276442,Joris Kramer
13,422637,Jay Idzes
14,331255,Cardona
15,344201,Iñigo Córdoba
16,284451,Isac Lidberg
17,12887,Jacob Mulenga
18,428528,Frank Ross
19,431319,Aventis Aventisian
20,422640,Job Schuurman
21,43712,Cuco Martina
22,422634,Luuk Brouwers
23,240976,David Sambissa
24,259530,Robin Maulun
25,412208,Tamás Kiss
26,298493,Patrick Joosten
27,349777,Michael Breij
28,77699,Calvin Mac-Intosch
29,105316,Doke Schmidt
30,108655,Mitchel Paulissen
31,238998,Issa Kallon
32,422858,Nick Doodeman
33,422861,Marco Tol
34,422862,Brett Minnema
35,422863,Pieter Bos
36,431350,Sekou Sylla
37,431471,Roy van Mameren
38,433929,Thomas Rier
39,434130,Thijmen Renkel
40,351532,Mees Hoedemakers
41,422857,Alex Bangura
