,ID,Name
0,291964,Vaclav Cerny
1,90235,Lars Unnerstall
2,108935,Robin Pröpper
3,119741,Joshua Brenet
4,120454,Virgil Misidjan
5,280289,Giovanni Troupée
6,322149,Michel Vlap
7,327903,Kik Pierie
8,379702,Jesse Bosch
9,379703,Jeffrey de Lange
10,400059,Gijs Smal
11,406780,Max Bruns
12,422781,Luca Everink
13,37344,Ricky van Wolfswinkel
14,318754,Julio Pleguezuelo
15,400057,Casper Staring
16,422782,Manfred Ugalde
17,405560,Daan Rots
18,363658,Dimitris Limnios
19,379701,Ramiz Zerrouki
20,132420,Rico Strieder
21,68850,Kostas Lamprou
22,97101,Mustafa Saymak
23,34108,Bram van Polen
24,34925,Maikel van der Werff
25,36974,Ryan Koolwijk
26,136102,Djavan Anderson
27,231106,Kenneth Paal
28,279173,Pelle Clement
29,279429,Sai van Wermeskerken
30,317693,Mike Hauptmeijer
31,365152,Eliano Reijnders
32,382170,Daishawn Redan
33,361695,Thomas van den Belt
34,404370,Rav van den Berg
35,422867,Mees de Wit
36,345544,Luka Adzic
37,119109,Gervane Kastaneer
38,432117,Max de Waal
39,362467,Jasper Schendelaar
40,399960,Siemen Voet
41,402068,Slobodan Tedic
