,ID,Name
0,361880,Oussama Darfalou
1,345558,Tomas Hajek
2,319922,Jacob Rasmussen
3,384141,Romaric Yapi
4,226599,Maximilian Wittek
5,285933,Markus Schubert
6,130917,Eli Dasa
7,115869,Oussama Tannane
8,133959,Riechedly Bazoer
9,141965,Jeroen Houwen
10,303076,Danilho Doekhi
11,352844,Thomas Buitink
12,401021,Enzo Cornelisse
13,112719,Sondre Tronstad
14,318295,Matús Bero
15,401731,Julian von Moos
16,363704,Toni Domgjoni
17,361815,Yann Gboho
18,363618,Loïs Openda
19,380663,Patrick Vroegh
20,392344,Nikolai Baden Frederiksen
21,400282,Daan Huisman
22,422868,Nigel van Haveren
23,302644,Dario Dumic
24,361838,Michal Sadílek
25,90235,Lars Unnerstall
26,108935,Robin Pröpper
27,120454,Virgil Misidjan
28,280289,Giovanni Troupée
29,29281,Wout Brama
30,37344,Ricky van Wolfswinkel
31,322149,Michel Vlap
32,379702,Jesse Bosch
33,379703,Jeffrey de Lange
34,387172,Denilho Cleonise
35,387682,Ennio van der Gouw
36,400055,Jayden Oosterwolde
37,400059,Gijs Smal
38,422781,Luca Everink
39,361898,Luka Ilic
40,318754,Julio Pleguezuelo
41,363658,Dimitris Limnios
42,379701,Ramiz Zerrouki
43,422782,Manfred Ugalde
44,402819,Mees Hilgers
45,405560,Daan Rots
