,ID,Name
0,33841,Daniel Vukovic
1,422808,Jonathan Okita
2,396058,Rodrigo Guth
3,22300,Lasse Schöne
4,296536,Mikkel Duelund
5,422807,Magnus Mattsson
6,422812,Kevin Bukusu
7,422806,Dirk Proper
8,299511,Jordy Bruijn
9,97367,Mattijs Branderhorst
10,132973,Javier Vet
11,422804,Bart van Rooij
12,422809,Ilias Bronkhorst
13,422810,Elayis Tavsan
14,10705,Edgar Barreto
15,279967,Iván Márquez
16,364281,Ali Akman
17,422811,Thomas Beekman
18,422805,Souffian El Karouani
19,402852,Ole Romeny
20,422803,Cas Odenthal
21,422813,Joep van der Sluijs
22,422814,Robin Roefs
23,132420,Rico Strieder
24,68850,Kostas Lamprou
25,369545,Yuta Nakayama
26,379598,Jarno Westerman
27,380731,Sam Kersten
28,97101,Mustafa Saymak
29,34108,Bram van Polen
30,365152,Eliano Reijnders
31,231106,Kenneth Paal
32,279173,Pelle Clement
33,317693,Mike Hauptmeijer
34,361695,Thomas van den Belt
35,393338,Chardi Landu
36,422867,Mees de Wit
37,362467,Jasper Schendelaar
38,119109,Gervane Kastaneer
39,391232,Mark Pabai
40,379596,Dean Huiberts
41,399960,Siemen Voet
42,402068,Slobodan Tedic
43,404370,Rav van den Berg
