,ID,Name
0,346767,Mauro Júnior
1,363077,Carlos Vinícius
2,260809,Olivier Boscagli
3,142466,Philipp Max
4,80382,Mario Götze
5,44096,Eran Zahavi
6,343435,Ritsu Doan
7,137460,Érick Gutiérrez
8,85470,Marco van Ginkel
9,275012,Joël Drommel
10,382556,Joey Veerman
11,352825,Cody Gakpo
12,361839,Jordan Teze
13,117980,Bruma
14,389935,Noni Madueke
15,328075,Ibrahim Sangaré
16,400273,Maxime Delanghe
17,402876,Vincent Müller
18,408059,Yorbe Vertessen
19,428695,Dennis Vos
20,143815,Anas Tahiri
21,404764,Tibor Halilovic
22,404110,Nicolas Madsen
23,32196,Siem de Jong
24,34171,Erwin Mulder
25,121666,Nick Bakker
26,124274,Sven van Beek
27,124380,Thom Haye
28,136066,Lucas Woudenberg
29,379734,Hamdi Akujobi
30,379760,Milan van Ewijk
31,400143,Anthony Musaba
32,296543,Jan Bekkema
33,361900,Sydney van Hooijdonk
34,369119,Arjen van der Heide
35,379595,Xavier Mous
36,383865,Filip Stevanovic
37,401593,Amin Sarr
38,321193,Rami Kaib
39,371073,Rami Al Hajj
40,379733,Jan Ras
41,409160,Syb van Ottele
42,321192,Ibrahim Dresevic
