,ID,Name
0,291964,Vaclav Cerny
1,361838,Michal Sadílek
2,90235,Lars Unnerstall
3,406780,Max Bruns
4,422781,Luca Everink
5,108935,Robin Pröpper
6,119741,Joshua Brenet
7,120454,Virgil Misidjan
8,280289,Giovanni Troupée
9,37344,Ricky van Wolfswinkel
10,322149,Michel Vlap
11,400059,Gijs Smal
12,379702,Jesse Bosch
13,379703,Jeffrey de Lange
14,387172,Denilho Cleonise
15,387682,Ennio van der Gouw
16,318754,Julio Pleguezuelo
17,422782,Manfred Ugalde
18,400057,Casper Staring
19,405560,Daan Rots
20,363658,Dimitris Limnios
21,379701,Ramiz Zerrouki
22,422636,Philippe Rommens
23,288859,Gerrit Nauber
24,408818,Ogechika Heil
25,422633,Mats Deijl
26,422635,Ragnar Oratmangoen
27,348647,Boyd Lucassen
28,355961,Evert Linthorst
29,357807,Martijn Berden
30,422637,Jay Idzes
31,134722,Bas Kuipers
32,252239,Andries Noppert
33,276442,Joris Kramer
34,331255,Cardona
35,344201,Iñigo Córdoba
36,284451,Isac Lidberg
37,12887,Jacob Mulenga
38,43712,Cuco Martina
39,422640,Job Schuurman
40,433180,Lars Groenendijk
41,422634,Luuk Brouwers
