,ID,Name
0,328330,Marcos Senesi
1,384574,Gernot Trauner
2,361879,Luis Sinisterra
3,133390,Alireza Jahanbakhsh
4,136068,Ofir Marciano
5,302709,Justin Bijlow
6,345303,Tyrell Malacia
7,345441,Lutsharel Geertruida
8,322148,Guus Til
9,43004,Bryan Linssen
10,82401,Jens Toornstra
11,133305,Jorrit Hendrix
12,404937,Thijs Jansen
13,422909,Ramon Hendriks
14,357133,Marcus Pedersen
15,303544,Fredrik Aursnes
16,355870,Orkun Kökcü
17,361862,Cole Bassett
18,399620,Patrik Wålemark
19,240976,David Sambissa
20,259530,Robin Maulun
21,412208,Tamás Kiss
22,361897,Jamie Jacobs
23,404191,Maxim Gullit
24,298493,Patrick Joosten
25,343393,Tom Boere
26,349777,Michael Breij
27,77699,Calvin Mac-Intosch
28,89573,Erik Schouten
29,90564,Sonny Stevens
30,105316,Doke Schmidt
31,108655,Mitchel Paulissen
32,238998,Issa Kallon
33,422861,Marco Tol
34,422862,Brett Minnema
35,422863,Pieter Bos
36,425440,Jasper ter Heide
37,422858,Nick Doodeman
38,351532,Mees Hoedemakers
39,422857,Alex Bangura
40,422859,Jhondly van der Meer
41,431350,Sekou Sylla
