,ID,Name
0,361880,Oussama Darfalou
1,132420,Rico Strieder
2,68850,Kostas Lamprou
3,369545,Yuta Nakayama
4,382170,Daishawn Redan
5,404370,Rav van den Berg
6,422867,Mees de Wit
7,361695,Thomas van den Belt
8,365152,Eliano Reijnders
9,97101,Mustafa Saymak
10,34108,Bram van Polen
11,34925,Maikel van der Werff
12,36974,Ryan Koolwijk
13,136102,Djavan Anderson
14,231106,Kenneth Paal
15,279173,Pelle Clement
16,279429,Sai van Wermeskerken
17,317693,Mike Hauptmeijer
18,345544,Luka Adzic
19,119109,Gervane Kastaneer
20,362467,Jasper Schendelaar
21,432117,Max de Waal
22,402068,Slobodan Tedic
23,367742,Cyril Ngonge
24,322591,Marin Sverko
25,33002,Bart van Hintum
26,77725,Michael de Leeuw
27,91123,Mike te Wierik
28,133960,Peter Leeuwenburgh
29,137368,Damil Dankerlui
30,321871,Mohamed El Hankouri
31,371293,Jan de Boer
32,379742,Laros Duarte
33,381718,Romano Postema
34,389086,Melayro Bogarde
35,364306,Daniël van Kaam
36,333048,Jørgen Strand Larsen
37,335919,Daleho Irandust
38,343438,Jan Hoekstra
39,391047,Tomás Suslov
40,404224,Emmanuel Matuta
41,406537,Paulos Abraham
42,412907,Neraysho Kasanwirjo
43,415775,Bjorn Meijer
44,425112,Yahya Kalley
