,ID,Name
0,362459,Othmane Boussaid
1,344041,Moussa Sylla
2,302724,Eric Oelschlägel
3,393412,Remco Balk
4,411078,Quinten Timber
5,422872,Djevencio van der Kust
6,22842,Willem Janssen
7,39726,Mark van der Maarel
8,89575,Adam Maher
9,101605,Mike van der Hoorn
10,110360,Sander van de Streek
11,123556,Joris van Overeem
12,229520,Django Warmerdam
13,256971,Hidde ter Avest
14,261017,Henk Veerman
15,261082,Bart Ramselaar
16,283351,Simon Gustafson
17,422873,Anastasios Douvikas
18,427851,Rick Meissen
19,431330,Kevin Gadellaa
20,382581,Fabian de Keijzer
21,382582,Tommy St. Jago
22,285992,Adrian Grbic
23,345558,Tomas Hajek
24,319922,Jacob Rasmussen
25,384141,Romaric Yapi
26,226599,Maximilian Wittek
27,285933,Markus Schubert
28,130917,Eli Dasa
29,141965,Jeroen Houwen
30,303076,Danilho Doekhi
31,352844,Thomas Buitink
32,401021,Enzo Cornelisse
33,413209,Daan Reiziger
34,112719,Sondre Tronstad
35,318295,Matús Bero
36,363704,Toni Domgjoni
37,361815,Yann Gboho
38,363618,Loïs Openda
39,392344,Nikolai Baden Frederiksen
40,400281,Million Manhoef
41,400282,Daan Huisman
42,380663,Patrick Vroegh
43,409126,Alois Dominik Oroz
