,ID,Name
0,285992,Adrian Grbic
1,384141,Romaric Yapi
2,226599,Maximilian Wittek
3,285933,Markus Schubert
4,130917,Eli Dasa
5,413209,Daan Reiziger
6,133959,Riechedly Bazoer
7,141965,Jeroen Houwen
8,303076,Danilho Doekhi
9,352844,Thomas Buitink
10,401021,Enzo Cornelisse
11,112719,Sondre Tronstad
12,363704,Toni Domgjoni
13,361815,Yann Gboho
14,363618,Loïs Openda
15,380663,Patrick Vroegh
16,409126,Alois Dominik Oroz
17,392344,Nikolai Baden Frederiksen
18,400281,Million Manhoef
19,400282,Daan Huisman
20,255946,Dario Van den Buijs
21,379713,Lennerd Daneels
22,399608,Ahmed Touba
23,379712,Saïd Bakari
24,362553,Jens Odgaard
25,368289,Issam El Maach
26,386605,Ayman Azhil
27,389411,Yassin Oukili
28,391284,Richard van der Venne
29,379705,Etienne Vaessen
30,379707,Melle Meulensteen
31,365160,Lars Nieuwpoort
32,322159,Finn Stokkers
33,23373,Hans Mulder
34,38147,Alexander Büttner
35,40342,Michiel Kramer
36,63885,Vurnon Anita
37,429373,Roy Kuijpers
38,312584,Joel Pereira
39,384253,Achraf El Bouchataoui
40,400276,Luuk Wouters
41,400278,Thierry Lutonda
42,400545,Shawn Adewoye
