,ID,Name
0,343390,Jorn Brondeel
1,334977,Elton Kabangu
2,400010,Derrick Köhn
3,323531,Mats Köhlert
4,121821,Timon Wellenreuther
5,279751,Görkem Saglam
6,379600,Connor van den Berg
7,425569,Ringo Meerveld
8,303113,Abdenasser El Khayati
9,66462,Freek Heerkens
10,81475,Miquel Nelom
11,322083,Leeroy Owusu
12,255970,Wessel Dammers
13,349481,Jizz Hornkamp
14,357080,Godfried Roemeratoe
15,361791,Driess Saddiki
16,321954,Ulrik Jenssen
17,109581,Pol Llonch
18,312913,Emil Bergström
19,319990,Max Svensson
20,136461,Daniel Crowley
21,379599,Ché Nunnely
22,425104,Anargyros Kampetsis
23,377279,Peter Vindahl
24,399721,Kamal Sowah
25,300755,Pantelis Hatzidiakos
26,330514,Vangelis Pavlidis
27,379783,Yukinari Sugawara
28,373340,Zakaria Aboukhlal
29,328550,Owen Wijndal
30,353695,Dani de Wit
31,90802,Jordy Clasie
32,90810,Bruno Martins Indi
33,90834,Hobie Verhulst
34,400978,Beau Reus
35,408102,Peer Koopmeiners
36,415772,Zico Buurmeester
37,355183,Aslak Witry
38,356742,Håkon Evjen
39,343382,Tijjani Reijnders
40,320614,Jesper Karlsson
41,422739,Sam Beukema
42,424273,Milos Kerkez
43,379784,Mohamed Taabouni
