,ID,Name
0,303779,Maximiliano Romero
1,346767,Mauro Júnior
2,363077,Carlos Vinícius
3,260809,Olivier Boscagli
4,142466,Philipp Max
5,80382,Mario Götze
6,44096,Eran Zahavi
7,343435,Ritsu Doan
8,137460,Érick Gutiérrez
9,275012,Joël Drommel
10,85470,Marco van Ginkel
11,345333,Armando Obispo
12,382556,Joey Veerman
13,361839,Jordan Teze
14,117980,Bruma
15,103542,Yvon Mvogo
16,389935,Noni Madueke
17,328075,Ibrahim Sangaré
18,386631,Richard Ledezma
19,400273,Maxime Delanghe
20,408059,Yorbe Vertessen
21,391257,Mickael Tirpan
22,123681,Jordan Botaka
23,294844,Arianit Ferati
24,110500,Felix Dornebusch
25,79755,Dimitrios Siovas
26,83798,Andreas Samaris
27,379697,Ryan Johansson
28,90830,Ben Rienstra
29,104982,Mats Seuntjens
30,33981,Charlison Benschop
31,298805,Michael Verrips
32,328549,Deroy Duarte
33,243708,Yanick van Osch
34,288873,Paul Gladon
35,361694,Zian Flemming
36,366228,Richie Musaba
37,409128,Nigel Lonwijk
38,329684,Lisandro Semedo
39,70598,Ivo Pinto
40,423863,Tijjani Noslin
