,ID,Name
0,362459,Othmane Boussaid
1,373556,Arthur Zagre
2,344041,Moussa Sylla
3,393412,Remco Balk
4,411078,Quinten Timber
5,22842,Willem Janssen
6,39726,Mark van der Maarel
7,101605,Mike van der Hoorn
8,110360,Sander van de Streek
9,123556,Joris van Overeem
10,238997,Mimoun Mahi
11,261082,Bart Ramselaar
12,422872,Djevencio van der Kust
13,315574,Thijmen Nijhuis
14,283351,Simon Gustafson
15,345600,Pontus Almqvist
16,418600,Rocco Robert Shein
17,382581,Fabian de Keijzer
18,382582,Tommy St. Jago
19,422873,Anastasios Douvikas
20,427851,Rick Meissen
21,431330,Kevin Gadellaa
22,367742,Cyril Ngonge
23,371293,Jan de Boer
24,379742,Laros Duarte
25,381718,Romano Postema
26,389086,Melayro Bogarde
27,33002,Bart van Hintum
28,77725,Michael de Leeuw
29,91123,Mike te Wierik
30,133960,Peter Leeuwenburgh
31,137368,Damil Dankerlui
32,321871,Mohamed El Hankouri
33,364306,Daniël van Kaam
34,333048,Jørgen Strand Larsen
35,391047,Tomás Suslov
36,404224,Emmanuel Matuta
37,406537,Paulos Abraham
38,412907,Neraysho Kasanwirjo
39,415775,Bjorn Meijer
40,425112,Yahya Kalley
41,425432,Owen van der Vlag
