,ID,Name
0,83809,Nicolás Tagliafico
1,340105,Lisandro Martínez
2,364315,Antony
3,260843,André Onana
4,400166,Mohammed Kudus
5,322696,Edson Álvarez
6,349932,Noussair Mazraoui
7,83337,Zakaria Labyad
8,70033,Daley Blind
9,89794,Steven Berghuis
10,108860,Davy Klaassen
11,362732,Perr Schuurs
12,363884,Ryan Gravenberch
13,401122,Kenneth Taylor
14,388650,Jurriën Timber
15,423955,Charlie Setford
16,34545,Przemyslaw Tyton
17,29474,Dusan Tadic
18,383798,Mohamed Daramy
19,236544,Sébastien Haller
20,367522,Danilo
21,400165,Devyne Rensch
22,404568,Brian Brobbey
23,328330,Marcos Senesi
24,384574,Gernot Trauner
25,244805,Cyriel Dessers
26,361879,Luis Sinisterra
27,133390,Alireza Jahanbakhsh
28,136068,Ofir Marciano
29,322148,Guus Til
30,43004,Bryan Linssen
31,82401,Jens Toornstra
32,133305,Jorrit Hendrix
33,345303,Tyrell Malacia
34,345441,Lutsharel Geertruida
35,404937,Thijs Jansen
36,408489,Tein Troost
37,422909,Ramon Hendriks
38,357133,Marcus Pedersen
39,303544,Fredrik Aursnes
40,361862,Cole Bassett
41,342564,Reiss Nelson
42,423949,Mimeirhel Benita
43,399620,Patrik Wålemark
