,ID,Name
0,124021,Philipp Mwene
1,98101,André Ramalho
2,346767,Mauro Júnior
3,260809,Olivier Boscagli
4,142466,Philipp Max
5,80382,Mario Götze
6,44096,Eran Zahavi
7,137460,Erick Gutiérrez
8,275012,Joël Drommel
9,352825,Cody Gakpo
10,361839,Jordan Teze
11,70906,Nick Viergever
12,77429,Davy Pröpper
13,85470,Marco van Ginkel
14,345333,Armando Obispo
15,137327,Ryan Thomas
16,117980,Bruma
17,103542,Yvon Mvogo
18,389935,Noni Madueke
19,328075,Ibrahim Sangaré
20,408059,Yorbe Vertessen
21,240976,David Sambissa
22,259530,Robin Maulun
23,412208,Tamás Kiss
24,422860,Stefan Deuling
25,422861,Marco Tol
26,422862,Brett Minnema
27,422863,Pieter Bos
28,298844,Sam Hendriks
29,343393,Tom Boere
30,349777,Michael Breij
31,77699,Calvin Mac-Intosch
32,89573,Erik Schouten
33,90564,Sonny Stevens
34,105316,Doke Schmidt
35,108655,Mitchel Paulissen
36,238998,Issa Kallon
37,422858,Nick Doodeman
38,361897,Jamie Jacobs
39,351532,Mees Hoedemakers
40,422857,Alex Bangura
41,422859,Jhondly van der Meer
