,ID,Name
0,377279,Peter Vindahl
1,300755,Pantelis Hatzidiakos
2,289252,Albert Gudmundsson
3,379783,Yukinari Sugawara
4,373340,Zakaria Aboukhlal
5,408102,Peer Koopmeiners
6,415772,Zico Buurmeester
7,422737,Ernest Poku
8,90802,Jordy Clasie
9,90810,Bruno Martins Indi
10,90834,Hobie Verhulst
11,328550,Owen Wijndal
12,353695,Dani de Wit
13,400978,Beau Reus
14,355183,Aslak Fonn Witry
15,356742,Håkon Evjen
16,343382,Tijjani Reijnders
17,320614,Jesper Karlsson
18,422739,Sam Beukema
19,379784,Mohamed Taabouni
20,404490,Yusuf Barasi
21,367742,Cyril Ngonge
22,322591,Marin Sverko
23,33002,Bart van Hintum
24,77725,Michael de Leeuw
25,91123,Mike te Wierik
26,133960,Peter Leeuwenburgh
27,137368,Damil Dankerlui
28,255970,Wessel Dammers
29,298493,Patrick Joosten
30,371293,Jan de Boer
31,379742,Laros Duarte
32,381718,Romano Postema
33,364306,Daniël van Kaam
34,333048,Jørgen Strand Larsen
35,343438,Jan Hoekstra
36,391047,Tomás Suslov
37,406537,Paulos Abraham
38,412907,Neraysho Kasanwirjo
39,415775,Bjorn Meijer
40,425112,Yahya Kalley
