,ID,Name
0,345558,Tomas Hajek
1,319922,Jacob Rasmussen
2,384141,Romaric Yapi
3,226599,Maximilian Wittek
4,285933,Markus Schubert
5,130917,Eli Dasa
6,401021,Enzo Cornelisse
7,133959,Riechedly Bazoer
8,141965,Jeroen Houwen
9,289343,Eric Verstappen
10,303076,Danilho Doekhi
11,352844,Thomas Buitink
12,112719,Sondre Tronstad
13,318295,Matús Bero
14,401731,Julian von Moos
15,363704,Toni Domgjoni
16,361815,Yann Gboho
17,363618,Loïs Openda
18,392344,Nikolai Baden Frederiksen
19,400281,Million Manhoef
20,400282,Daan Huisman
21,380663,Patrick Vroegh
22,132420,Rico Strieder
23,68850,Kostas Lamprou
24,369545,Yuta Nakayama
25,389942,Leandro Fernandes
26,361695,Thomas van den Belt
27,279173,Pelle Clement
28,317693,Mike Hauptmeijer
29,97101,Mustafa Saymak
30,34108,Bram van Polen
31,36974,Ryan Koolwijk
32,393338,Chardi Landu
33,404370,Rav van den Berg
34,422867,Mees de Wit
35,425087,Elikia Mbinga
36,365152,Eliano Reijnders
37,345544,Luka Adzic
38,119109,Gervane Kastaneer
39,362467,Jasper Schendelaar
40,391012,Gabi Caschili
41,399960,Siemen Voet
42,402068,Slobodan Tedic
43,404099,Samir Lagsir
