,ID,Name
0,399608,Ahmed Touba
1,255946,Dario Van den Buijs
2,285814,Jens Teunckens
3,379713,Lennerd Daneels
4,383972,Sebbe Augustijns
5,379712,Saïd Bakari
6,362553,Jens Odgaard
7,386605,Ayman Azhil
8,368289,Issam El Maach
9,379705,Etienne Vaessen
10,379706,Juriën Gaari
11,379707,Melle Meulensteen
12,365160,Lars Nieuwpoort
13,322159,Finn Stokkers
14,23373,Hans Mulder
15,40342,Michiel Kramer
16,63885,Vurnon Anita
17,136263,Iliass Bel Hassani
18,400276,Luuk Wouters
19,400278,Thierry Lutonda
20,400545,Shawn Adewoye
21,384253,Achraf El Bouchataoui
22,83809,Nicolás Tagliafico
23,340105,Lisandro Martínez
24,364315,Antony
25,326505,David Neres
26,260843,André Onana
27,403644,Victor Jensen
28,322696,Edson Álvarez
29,83337,Zakaria Labyad
30,349932,Noussair Mazraoui
31,362732,Perr Schuurs
32,363884,Ryan Gravenberch
33,89794,Steven Berghuis
34,108860,Davy Klaassen
35,34550,Remko Pasveer
36,70033,Daley Blind
37,388650,Jurriën Timber
38,422802,Jay Gorter
39,401122,Kenneth Taylor
40,29474,Dusan Tadic
41,383798,Mohamed Daramy
42,236544,Sébastien Haller
43,400165,Devyne Rensch
44,367522,Danilo
