,ID,Name
0,422636,Philippe Rommens
1,288859,Gerrit Nauber
2,367779,Giannis-Foivos Botos
3,422633,Mats Deijl
4,422635,Ragnar Oratmangoen
5,422637,Jay Idzes
6,331931,Justin Bakker
7,348647,Boyd Lucassen
8,357807,Martijn Berden
9,115650,Warner Hahn
10,252239,Andries Noppert
11,276442,Joris Kramer
12,422641,Quiermo Dumay
13,344201,Iñigo Córdoba
14,284451,Isac Lidberg
15,12887,Jacob Mulenga
16,422634,Luuk Brouwers
17,422639,Yacine Bourhane
18,422640,Job Schuurman
19,428527,Semir Ozturk
20,428528,Frank Ross
21,367742,Cyril Ngonge
22,322591,Marin Sverko
23,33002,Bart van Hintum
24,77725,Michael de Leeuw
25,91123,Mike te Wierik
26,133960,Peter Leeuwenburgh
27,255970,Wessel Dammers
28,298493,Patrick Joosten
29,321871,Mohamed El Hankouri
30,371293,Jan de Boer
31,379742,Laros Duarte
32,364306,Daniël van Kaam
33,333048,Jørgen Strand Larsen
34,335919,Daleho Irandust
35,343438,Jan Hoekstra
36,391047,Tomás Suslov
37,406537,Paulos Abraham
38,412907,Neraysho Kasanwirjo
39,415775,Bjorn Meijer
40,415928,Thijmen Blokzijl
