,ID,Name
0,291964,Vaclav Cerny
1,361838,Michal Sadílek
2,90235,Lars Unnerstall
3,406780,Max Bruns
4,108935,Robin Pröpper
5,119741,Joshua Brenet
6,120454,Virgil Misidjan
7,280289,Giovanni Troupée
8,37344,Ricky van Wolfswinkel
9,322149,Michel Vlap
10,400059,Gijs Smal
11,379702,Jesse Bosch
12,379703,Jeffrey de Lange
13,387172,Denilho Cleonise
14,318754,Julio Pleguezuelo
15,422782,Manfred Ugalde
16,436492,Sam Karssies
17,400057,Casper Staring
18,402819,Mees Hilgers
19,363658,Dimitris Limnios
20,379701,Ramiz Zerrouki
21,96615,Benjamin van Leer
22,124105,Michael Heylen
23,343347,Arno Verschueren
24,259930,Younes Namli
25,283282,Riza Durmisi
26,84195,Lennart Thy
27,366549,Giannis Masouras
28,108153,Laurent Jans
29,25037,Adil Auassar
30,31238,Aaron Meijers
31,44145,Bart Vriends
32,120675,Tim Coremans
33,379741,Dirk Abels
34,383560,Sven Mijnans
35,409075,Jason Meerstadt
36,411278,Jeremy Van Mullem
37,249686,Adrián Dalmau
38,437336,Augustin Drakpe
39,392339,Maduka Okoye
