,ID,Name
0,362459,Othmane Boussaid
1,373556,Arthur Zagre
2,302724,Eric Oelschlägel
3,411078,Quinten Timber
4,429657,Sep van der Heijden
5,329675,Maarten Paes
6,261082,Bart Ramselaar
7,393412,Remco Balk
8,39726,Mark van der Maarel
9,89575,Adam Maher
10,101605,Mike van der Hoorn
11,110360,Sander van de Streek
12,123556,Joris van Overeem
13,229520,Django Warmerdam
14,238997,Mimoun Mahi
15,249686,Adrián Dalmau
16,283351,Simon Gustafson
17,400823,Davy van den Berg
18,409052,Benaissa Benamar
19,391015,Eros Maddy
20,422873,Anastasios Douvikas
21,427851,Rick Meissen
22,302644,Dario Dumic
23,291964,Vaclav Cerny
24,361838,Michal Sadílek
25,90235,Lars Unnerstall
26,108935,Robin Pröpper
27,120454,Virgil Misidjan
28,280289,Giovanni Troupée
29,37344,Ricky van Wolfswinkel
30,322149,Michel Vlap
31,379702,Jesse Bosch
32,379703,Jeffrey de Lange
33,387172,Denilho Cleonise
34,387682,Ennio van der Gouw
35,400055,Jayden Oosterwolde
36,400059,Gijs Smal
37,422781,Luca Everink
38,318754,Julio Pleguezuelo
39,400057,Casper Staring
40,422782,Manfred Ugalde
41,402819,Mees Hilgers
42,405560,Daan Rots
43,363658,Dimitris Limnios
44,379701,Ramiz Zerrouki
