,ID,Name
0,147910,Lucas Schoofs
1,367743,Noah Fadiga
2,377444,Mohamed Amissi
3,401096,Mateo Les
4,227870,Nikolai Laursen
5,394980,Marco Rente
6,104885,Janis Blaswich
7,379731,Orestis Kiomourtzoglou
8,138398,Bilal Basacikoglu
9,400170,Rohat Agca
10,369095,Koen Bucker
11,369553,Mats Knoester
12,379686,Ruben Roosken
13,355134,Kaj Sierhuis
14,231133,Alessandro Damen
15,136302,Sinan Bakis
16,322406,Luca de la Torre
17,361866,Robin Polley
18,379728,Navajo Bakboord
19,379729,Adrián Szoke
20,393081,Giacomo Quagliata
21,400497,Elias Sierra-Cappelleti
22,422763,Sven Sonnenberg
23,399311,Filip Krastev
24,259530,Robin Maulun
25,412208,Tamás Kiss
26,346507,Roberts Uldrikis
27,349777,Michael Breij
28,343393,Tom Boere
29,404191,Maxim Gullit
30,361897,Jamie Jacobs
31,77699,Calvin Mac-Intosch
32,89573,Erik Schouten
33,90564,Sonny Stevens
34,108655,Mitchel Paulissen
35,238998,Issa Kallon
36,422858,Nick Doodeman
37,422861,Marco Tol
38,422862,Brett Minnema
39,422863,Pieter Bos
40,425440,Jasper ter Heide
41,351532,Mees Hoedemakers
42,422859,Jhondly van der Meer
43,422857,Alex Bangura
