,ID,Name
0,404764,Tibor Halilovic
1,404110,Nicolas Madsen
2,342814,Rodney Kongolo
3,369119,Arjen van der Heide
4,400143,Anthony Musaba
5,32196,Siem de Jong
6,121666,Nick Bakker
7,124274,Sven van Beek
8,261017,Henk Veerman
9,296543,Jan Bekkema
10,379595,Xavier Mous
11,379734,Hamdi Akujobi
12,379760,Milan van Ewijk
13,382556,Joey Veerman
14,383865,Filip Stevanovic
15,399618,Benjamin Nygren
16,321193,Rami Kaib
17,371073,Rami Al Hajj
18,409160,Syb van Ottele
19,422643,Djenahro Nunumete
20,400007,Jaimy Kroesen
21,321192,Ibrahim Dresevic
22,328330,Marcos Senesi
23,244805,Cyriel Dessers
24,133390,Alireza Jahanbakhsh
25,136068,Ofir Marciano
26,302709,Justin Bijlow
27,322148,Guus Til
28,373113,Naoufal Bannis
29,404937,Thijs Jansen
30,422909,Ramon Hendriks
31,345303,Tyrell Malacia
32,345441,Lutsharel Geertruida
33,43004,Bryan Linssen
34,82401,Jens Toornstra
35,115863,Mark Diemers
36,357133,Marcus Pedersen
37,303544,Fredrik Aursnes
38,142352,João Teixeira
39,355870,Orkun Kökcü
40,342564,Reiss Nelson
41,423949,Mimeirhel Benita
