,ID,Name
0,343390,Jorn Brondeel
1,334977,Elton Kabangu
2,323531,Mats Köhlert
3,121821,Timon Wellenreuther
4,279751,Görkem Saglam
5,346731,Kwasi Okyere Wriedt
6,365389,John Yeboah
7,400010,Derrick Köhn
8,357080,Godfried Roemeratoe
9,361791,Driess Saddiki
10,81475,Miquel Nelom
11,322083,Leeroy Owusu
12,425569,Ringo Meerveld
13,379600,Connor van den Berg
14,429592,Noah Lewis
15,321954,Ulrik Jenssen
16,109581,Pol Llonch
17,319990,Max Svensson
18,429002,Sam Tel
19,400014,Vincent Schippers
20,425104,Anargyros Kampetsis
21,379599,Ché Nunnely
22,33841,Daniel Vukovic
23,396058,Rodrigo Guth
24,296536,Mikkel Duelund
25,422807,Magnus Mattsson
26,22300,Lasse Schöne
27,422809,Ilias Bronkhorst
28,422810,Elayis Tavsan
29,299511,Jordy Bruijn
30,97367,Mattijs Branderhorst
31,132973,Javier Vet
32,271086,Calvin Verdonk
33,422804,Bart van Rooij
34,422806,Dirk Proper
35,279967,Iván Márquez
36,364281,Ali Akman
37,402852,Ole Romeny
38,422803,Cas Odenthal
39,422811,Thomas Beekman
40,422814,Robin Roefs
