,ID,Name
0,83809,Nicolás Tagliafico
1,326505,David Neres
2,364315,Antony
3,260843,André Onana
4,403644,Victor Jensen
5,422802,Jay Gorter
6,34550,Remko Pasveer
7,70033,Daley Blind
8,89794,Steven Berghuis
9,108860,Davy Klaassen
10,362732,Perr Schuurs
11,363884,Ryan Gravenberch
12,388650,Jurriën Timber
13,401122,Kenneth Taylor
14,29474,Dusan Tadic
15,383798,Mohamed Daramy
16,236544,Sébastien Haller
17,400165,Devyne Rensch
18,367522,Danilo
19,427577,Youri Regeer
20,391257,Mickael Tirpan
21,110500,Felix Dornebusch
22,294844,Arianit Ferati
23,83798,Andreas Samaris
24,90830,Ben Rienstra
25,104982,Mats Seuntjens
26,243708,Yanick van Osch
27,281508,Roel Janssen
28,328549,Deroy Duarte
29,361694,Zian Flemming
30,366228,Richie Musaba
31,409128,Nigel Lonwijk
32,422779,Stijn Hogervorst
33,334533,Emil Hansson
34,70598,Ivo Pinto
35,122291,Martin Angha
36,380695,Bassala Sambou
37,383604,George Cox
38,368266,Tom Hendriks
39,422780,Toshio Lake
40,423863,Tijanni Noslin
