,ID,Name
0,343390,Jorn Brondeel
1,334977,Elton Kabangu
2,400010,Derrick Köhn
3,323531,Mats Köhlert
4,121821,Timon Wellenreuther
5,279751,Görkem Saglam
6,66462,Freek Heerkens
7,81475,Miquel Nelom
8,322083,Leeroy Owusu
9,379600,Connor van den Berg
10,379601,Rick Zuijderwijk
11,357080,Godfried Roemeratoe
12,361791,Driess Saddiki
13,425569,Ringo Meerveld
14,321954,Ulrik Jenssen
15,109581,Pol Llonch
16,312913,Emil Bergström
17,319990,Max Svensson
18,379599,Ché Nunnely
19,391027,Kilian Ludewig
20,400014,Vincent Schippers
21,409292,Nikolaos Michelis
22,425104,Anargyros Kampetsis
23,291964,Vaclav Cerny
24,361838,Michal Sadílek
25,37344,Ricky van Wolfswinkel
26,108935,Robin Pröpper
27,120454,Virgil Misidjan
28,280289,Giovanni Troupée
29,379703,Jeffrey de Lange
30,387172,Denilho Cleonise
31,387682,Ennio van der Gouw
32,400055,Jayden Oosterwolde
33,400059,Gijs Smal
34,406780,Max Bruns
35,422781,Luca Everink
36,322149,Michel Vlap
37,318754,Julio Pleguezuelo
38,363658,Dimitris Limnios
39,379701,Ramiz Zerrouki
40,400057,Casper Staring
41,422782,Manfred Ugalde
42,402819,Mees Hilgers
43,405560,Daan Rots
