,ID,Name
0,377279,Peter Vindahl
1,300755,Pantelis Hatzidiakos
2,330514,Vangelis Pavlidis
3,289252,Albert Gudmundsson
4,379783,Yukinari Sugawara
5,400978,Beau Reus
6,405003,Thijs Oosting
7,408102,Peer Koopmeiners
8,415772,Zico Buurmeester
9,422737,Ernest Poku
10,90802,Jordy Clasie
11,90834,Hobie Verhulst
12,353695,Dani de Wit
13,328550,Owen Wijndal
14,355183,Aslak Witry
15,80137,Fredrik Midtsjø
16,356742,Håkon Evjen
17,422739,Sam Beukema
18,379784,Mohamed Taabouni
19,320614,Jesper Karlsson
20,404490,Yusuf Barasi
21,399311,Filip Krastev
22,259530,Robin Maulun
23,412208,Tamás Kiss
24,346507,Roberts Uldrikis
25,349777,Michael Breij
26,361897,Jamie Jacobs
27,422858,Nick Doodeman
28,404191,Maxim Gullit
29,298493,Patrick Joosten
30,298844,Sam Hendriks
31,343393,Tom Boere
32,77699,Calvin Mac-Intosch
33,89573,Erik Schouten
34,90564,Sonny Stevens
35,105316,Doke Schmidt
36,108655,Mitchel Paulissen
37,422861,Marco Tol
38,422862,Brett Minnema
39,422863,Pieter Bos
40,425440,Jasper ter Heide
41,422859,Jhondly van der Meer
42,431350,Sekou Sylla
43,431471,Roy van Mameren
