,ID,Name
0,143815,Anas Tahiri
1,404764,Tibor Halilovic
2,404110,Nicolas Madsen
3,261017,Henk Veerman
4,296543,Jan Bekkema
5,32196,Siem de Jong
6,34171,Erwin Mulder
7,121666,Nick Bakker
8,124274,Sven van Beek
9,136066,Lucas Woudenberg
10,379595,Xavier Mous
11,379734,Hamdi Akujobi
12,379760,Milan van Ewijk
13,342814,Rodney Kongolo
14,400143,Anthony Musaba
15,383865,Filip Stevanovic
16,399618,Benjamin Nygren
17,321193,Rami Kaib
18,371073,Rami Al Hajj
19,409160,Syb van Ottele
20,321192,Ibrahim Dresevic
21,361880,Oussama Darfalou
22,68850,Kostas Lamprou
23,369545,Yuta Nakayama
24,97101,Mustafa Saymak
25,361695,Thomas van den Belt
26,34108,Bram van Polen
27,34925,Maikel van der Werff
28,36974,Ryan Koolwijk
29,279173,Pelle Clement
30,279429,Sai van Wermeskerken
31,317693,Mike Hauptmeijer
32,404370,Rav van den Berg
33,422867,Mees de Wit
34,425087,Elikia Mbinga
35,382170,Daishawn Redan
36,365152,Eliano Reijnders
37,345544,Luka Adzic
38,119109,Gervane Kastaneer
39,379596,Dean Huiberts
40,362467,Jasper Schendelaar
41,399960,Siemen Voet
42,402068,Slobodan Tedic
43,431254,Jesse Vermaning
