,ID,Name
0,285992,Adrian Grbic
1,345558,Tomas Hajek
2,319922,Jacob Rasmussen
3,384141,Romaric Yapi
4,226599,Maximilian Wittek
5,130917,Eli Dasa
6,141965,Jeroen Houwen
7,289343,Eric Verstappen
8,303076,Danilho Doekhi
9,352844,Thomas Buitink
10,413209,Daan Reiziger
11,401021,Enzo Cornelisse
12,404389,Enrico Hernández
13,318295,Matús Bero
14,363704,Toni Domgjoni
15,361815,Yann Gboho
16,363618,Loïs Openda
17,392344,Nikolai Baden Frederiksen
18,400281,Million Manhoef
19,400282,Daan Huisman
20,380663,Patrick Vroegh
21,409126,Alois Dominik Oroz
22,367742,Cyril Ngonge
23,322591,Marin Sverko
24,371293,Jan de Boer
25,379742,Laros Duarte
26,381718,Romano Postema
27,389086,Melayro Bogarde
28,33002,Bart van Hintum
29,77725,Michael de Leeuw
30,91123,Mike te Wierik
31,133960,Peter Leeuwenburgh
32,137368,Damil Dankerlui
33,255970,Wessel Dammers
34,321871,Mohamed El Hankouri
35,364306,Daniël van Kaam
36,333048,Jørgen Strand Larsen
37,391047,Tomás Suslov
38,406537,Paulos Abraham
39,412907,Neraysho Kasanwirjo
40,415775,Bjorn Meijer
41,343438,Jan Hoekstra
