,ID,Name
0,343390,Jorn Brondeel
1,334977,Elton Kabangu
2,323531,Mats Köhlert
3,365389,John Yeboah
4,346731,Kwasi Okyere Wriedt
5,121821,Timon Wellenreuther
6,279751,Görkem Saglam
7,379600,Connor van den Berg
8,81475,Miquel Nelom
9,322083,Leeroy Owusu
10,357080,Godfried Roemeratoe
11,361791,Driess Saddiki
12,321954,Ulrik Jenssen
13,109581,Pol Llonch
14,312913,Emil Bergström
15,319990,Max Svensson
16,400014,Vincent Schippers
17,409292,Nikolaos Michelis
18,425104,Anargyros Kampetsis
19,425569,Ringo Meerveld
20,379599,Ché Nunnely
21,391257,Mickael Tirpan
22,110500,Felix Dornebusch
23,294844,Arianit Ferati
24,379697,Ryan Johansson
25,409128,Nigel Lonwijk
26,422779,Stijn Hogervorst
27,243708,Yanick van Osch
28,328549,Deroy Duarte
29,361694,Zian Flemming
30,366228,Richie Musaba
31,90830,Ben Rienstra
32,104982,Mats Seuntjens
33,334533,Emil Hansson
34,70598,Ivo Pinto
35,320513,Tesfaldet Tekie
36,122291,Martin Angha
37,380695,Bassala Sambou
38,383604,George Cox
39,422778,Samy Baghdadi
40,422780,Toshio Lake
41,423863,Tijanni Noslin
42,425412,Yigit Celtik
43,368266,Tom Hendriks
