,ID,Name
0,367742,Cyril Ngonge
1,322591,Marin Sverko
2,364306,Daniël van Kaam
3,371293,Jan de Boer
4,381718,Romano Postema
5,33002,Bart van Hintum
6,77725,Michael de Leeuw
7,91123,Mike te Wierik
8,133960,Peter Leeuwenburgh
9,137368,Damil Dankerlui
10,255970,Wessel Dammers
11,298493,Patrick Joosten
12,321871,Mohamed El Hankouri
13,333048,Jørgen Strand Larsen
14,335919,Daleho Irandust
15,391047,Tomás Suslov
16,406537,Paulos Abraham
17,412907,Neraysho Kasanwirjo
18,415775,Bjorn Meijer
19,425112,Yahya Kalley
20,425432,Owen van der Vlag
21,361880,Oussama Darfalou
22,345558,Tomas Hajek
23,319922,Jacob Rasmussen
24,384141,Romaric Yapi
25,226599,Maximilian Wittek
26,285933,Markus Schubert
27,130917,Eli Dasa
28,115869,Oussama Tannane
29,352844,Thomas Buitink
30,133959,Riechedly Bazoer
31,141965,Jeroen Houwen
32,401021,Enzo Cornelisse
33,112719,Sondre Tronstad
34,318295,Matús Bero
35,363704,Toni Domgjoni
36,401731,Julian von Moos
37,361815,Yann Gboho
38,380663,Patrick Vroegh
39,363618,Loïs Openda
40,409126,Alois Dominik Oroz
41,392344,Nikolai Baden Frederiksen
42,400281,Million Manhoef
43,400282,Daan Huisman
