,ID,Name
0,422636,Philippe Rommens
1,408818,Ogechika Heil
2,288859,Gerrit Nauber
3,367779,Giannis-Foivos Botos
4,422635,Ragnar Oratmangoen
5,422641,Quiermo Dumay
6,331931,Justin Bakker
7,115650,Warner Hahn
8,134722,Bas Kuipers
9,252239,Andries Noppert
10,276442,Joris Kramer
11,422633,Mats Deijl
12,348647,Boyd Lucassen
13,357807,Martijn Berden
14,422637,Jay Idzes
15,344201,Iñigo Córdoba
16,331255,Marc Cardona
17,284451,Isac Lidberg
18,422642,Turan Tuzlacik
19,422639,Yacine Bourhane
20,422640,Job Schuurman
21,422634,Luuk Brouwers
22,303779,Maximiliano Romero
23,124021,Philipp Mwene
24,98101,André Ramalho
25,363077,Carlos Vinícius
26,346767,Mauro Júnior
27,260809,Olivier Boscagli
28,142466,Philipp Max
29,44096,Eran Zahavi
30,343435,Ritsu Doan
31,137460,Erick Gutiérrez
32,345333,Armando Obispo
33,275012,Joël Drommel
34,77429,Davy Pröpper
35,85470,Marco van Ginkel
36,352825,Cody Gakpo
37,361839,Jordan Teze
38,137327,Ryan Thomas
39,117980,Bruma
40,103542,Yvon Mvogo
41,389935,Noni Madueke
42,402876,Vincent Müller
43,408059,Yorbe Vertessen
