,ID,Name
0,33841,Daniel Vukovic
1,422808,Jonathan Okita
2,396058,Rodrigo Guth
3,422807,Magnus Mattsson
4,22300,Lasse Schöne
5,296536,Mikkel Duelund
6,299511,Jordy Bruijn
7,26035,Rens van Eijden
8,97367,Mattijs Branderhorst
9,132973,Javier Vet
10,271086,Calvin Verdonk
11,422806,Dirk Proper
12,422804,Bart van Rooij
13,422809,Ilias Bronkhorst
14,422810,Elayis Tavsan
15,279967,Iván Márquez
16,422814,Robin Roefs
17,433122,Mathias De Wolf
18,422805,Souffian El Karouani
19,83809,Nicolás Tagliafico
20,400166,Mohammed Kudus
21,322696,Edson Álvarez
22,362732,Perr Schuurs
23,363884,Ryan Gravenberch
24,401122,Kenneth Taylor
25,89794,Steven Berghuis
26,108860,Davy Klaassen
27,4065,Maarten Stekelenburg
28,70033,Daley Blind
29,388650,Jurriën Timber
30,422802,Jay Gorter
31,433575,Liam van Gelderen
32,34545,Przemyslaw Tyton
33,29474,Dusan Tadic
34,383798,Mohamed Daramy
35,236544,Sébastien Haller
36,404568,Brian Brobbey
37,411691,Enric Llansana
38,367522,Danilo
39,369107,Mohamed Ihattaren
40,427577,Youri Regeer
41,437387,Anass Salah-Eddine
