,ID,Name
0,377279,Peter Vindahl
1,399721,Kamal Sowah
2,330514,Vangelis Pavlidis
3,379783,Yukinari Sugawara
4,373340,Zakaria Aboukhlal
5,353695,Dani de Wit
6,400978,Beau Reus
7,408102,Peer Koopmeiners
8,415772,Zico Buurmeester
9,328550,Owen Wijndal
10,90802,Jordy Clasie
11,90810,Bruno Martins Indi
12,90834,Hobie Verhulst
13,80137,Fredrik Midtsjø
14,355183,Aslak Witry
15,356742,Håkon Evjen
16,422739,Sam Beukema
17,424273,Milos Kerkez
18,343382,Tijjani Reijnders
19,320614,Jesper Karlsson
20,143815,Anas Tahiri
21,404764,Tibor Halilovic
22,404110,Nicolas Madsen
23,400143,Anthony Musaba
24,379595,Xavier Mous
25,379734,Hamdi Akujobi
26,296543,Jan Bekkema
27,361900,Sydney van Hooijdonk
28,369119,Arjen van der Heide
29,34171,Erwin Mulder
30,121666,Nick Bakker
31,124274,Sven van Beek
32,124380,Thom Haye
33,136066,Lucas Woudenberg
34,383865,Filip Stevanovic
35,401593,Amin Sarr
36,371073,Rami Al Hajj
37,401046,Timo Zaal
38,379733,Jan Ras
39,409160,Syb van Ottele
40,422643,Djenahro Nunumete
