,ID,Name
0,399608,Ahmed Touba
1,379713,Lennerd Daneels
2,379712,Saïd Bakari
3,362553,Jens Odgaard
4,386605,Ayman Azhil
5,368289,Issam El Maach
6,379705,Etienne Vaessen
7,379706,Juriën Gaari
8,379707,Melle Meulensteen
9,38147,Alexander Büttner
10,40342,Michiel Kramer
11,63885,Vurnon Anita
12,136263,Iliass Bel Hassani
13,389411,Yassin Oukili
14,391284,Richard van der Venne
15,365160,Lars Nieuwpoort
16,322159,Finn Stokkers
17,429373,Roy Kuijpers
18,312584,Joel Pereira
19,400276,Luuk Wouters
20,400278,Thierry Lutonda
21,400545,Shawn Adewoye
22,384253,Achraf El Bouchataoui
23,361880,Oussama Darfalou
24,132420,Rico Strieder
25,68850,Kostas Lamprou
26,369545,Yuta Nakayama
27,136102,Djavan Anderson
28,231106,Kenneth Paal
29,279173,Pelle Clement
30,279429,Sai van Wermeskerken
31,317693,Mike Hauptmeijer
32,34108,Bram van Polen
33,34925,Maikel van der Werff
34,36974,Ryan Koolwijk
35,382170,Daishawn Redan
36,361695,Thomas van den Belt
37,365152,Eliano Reijnders
38,422867,Mees de Wit
39,436114,Thomas Beelen
40,345544,Luka Adzic
41,119109,Gervane Kastaneer
42,362467,Jasper Schendelaar
43,432117,Max de Waal
44,399960,Siemen Voet
45,402068,Slobodan Tedic
