,ID,Name
0,240976,David Sambissa
1,259530,Robin Maulun
2,412208,Tamás Kiss
3,346507,Roberts Uldrikis
4,349777,Michael Breij
5,298493,Patrick Joosten
6,77699,Calvin Mac-Intosch
7,89573,Erik Schouten
8,105316,Doke Schmidt
9,108655,Mitchel Paulissen
10,238998,Issa Kallon
11,361897,Jamie Jacobs
12,422858,Nick Doodeman
13,422861,Marco Tol
14,422862,Brett Minnema
15,422863,Pieter Bos
16,425440,Jasper ter Heide
17,431350,Sekou Sylla
18,434130,Thijmen Renkel
19,436147,Milan Smit
20,422859,Jhondly van der Meer
21,351532,Mees Hoedemakers
22,303779,Maximiliano Romero
23,427824,Johan Bakayoko
24,346767,Mauro Júnior
25,98101,André Ramalho
26,80382,Mario Götze
27,142466,Philipp Max
28,44096,Eran Zahavi
29,343435,Ritsu Doan
30,137460,Érick Gutiérrez
31,428694,Jenson Seelt
32,352825,Cody Gakpo
33,361839,Jordan Teze
34,382556,Joey Veerman
35,275012,Joël Drommel
36,117980,Bruma
37,103542,Yvon Mvogo
38,328075,Ibrahim Sangaré
39,386631,Richard Ledezma
40,400273,Maxime Delanghe
41,428695,Dennis Vos
