,ID,Name
0,124105,Michael Heylen
1,225522,Mario Engels
2,84195,Lennart Thy
3,366549,Giannis Masouras
4,108153,Laurent Jans
5,25037,Adil Auassar
6,343314,Vito van Crooij
7,363875,Kenzo Goudmijn
8,400163,Emanuel Emegha
9,411278,Jeremy Van Mullem
10,429380,Rijk Janse
11,31238,Aaron Meijers
12,44145,Bart Vriends
13,77706,Bryan Smeets
14,120675,Tim Coremans
15,90636,Tom Beugelsdijk
16,379741,Dirk Abels
17,383560,Sven Mijnans
18,289016,Mohammed Osman
19,322776,Mica Pinto
20,392339,Maduka Okoye
21,426882,Achraf Madi
22,379713,Lennerd Daneels
23,255946,Dario Van den Buijs
24,285814,Jens Teunckens
25,379712,Saïd Bakari
26,362553,Jens Odgaard
27,368289,Issam El Maach
28,386605,Ayman Azhil
29,379705,Etienne Vaessen
30,379706,Juriën Gaari
31,379707,Melle Meulensteen
32,23373,Hans Mulder
33,38147,Alexander Büttner
34,40342,Michiel Kramer
35,63885,Vurnon Anita
36,136263,Iliass Bel Hassani
37,429373,Roy Kuijpers
38,322159,Finn Stokkers
39,400276,Luuk Wouters
40,400278,Thierry Lutonda
41,400545,Shawn Adewoye
