,ID,Name
0,303779,Maximiliano Romero
1,124021,Phillipp Mwene
2,346767,Mauro Júnior
3,98101,André Ramalho
4,363077,Carlos Vinícius
5,260809,Olivier Boscagli
6,80382,Mario Götze
7,142466,Philipp Max
8,137460,Erick Gutiérrez
9,275012,Joël Drommel
10,85470,Marco van Ginkel
11,345333,Armando Obispo
12,352825,Cody Gakpo
13,361839,Jordan Teze
14,103542,Yvon Mvogo
15,328075,Ibrahim Sangaré
16,386631,Richard Ledezma
17,400273,Maxime Delanghe
18,408059,Yorbe Vertessen
19,422636,Philippe Rommens
20,288859,Gerrit Nauber
21,408818,Ogechika Heil
22,367779,Giannis-Foivos Botos
23,348647,Boyd Lucassen
24,357807,Martijn Berden
25,422637,Jay Idzes
26,331931,Justin Bakker
27,115650,Warner Hahn
28,134722,Bas Kuipers
29,252239,Andries Noppert
30,276442,Joris Kramer
31,422641,Quiermo Dumay
32,422635,Ragnar Oratmangoen
33,344201,Iñigo Córdoba
34,284451,Isac Lidberg
35,12887,Jacob Mulenga
36,428528,Frank Ross
37,422639,Yacine Bourhane
38,422640,Job Schuurman
39,422642,Turan Tuzlacik
40,422634,Luuk Brouwers
