,ID,Name
0,124105,Michael Heylen
1,259930,Younes Namli
2,225522,Mario Engels
3,84195,Lennart Thy
4,108153,Laurent Jans
5,25037,Adil Auassar
6,31238,Aaron Meijers
7,44145,Bart Vriends
8,77706,Bryan Smeets
9,108426,Joeri de Kamps
10,120675,Tim Coremans
11,90636,Tom Beugelsdijk
12,343314,Vito van Crooij
13,379741,Dirk Abels
14,383560,Sven Mijnans
15,400163,Emanuel Emegha
16,429380,Rijk Janse
17,322776,Michael Pinto
18,249686,Adrián Dalmau
19,431351,Finn Murre
20,426882,Achraf Madi
21,362459,Othmane Boussaid
22,344041,Moussa Sylla
23,373556,Arthur Zagre
24,302724,Eric Oelschlägel
25,393412,Remco Balk
26,411078,Quinten Timber
27,22842,Willem Janssen
28,39726,Mark van der Maarel
29,89575,Adam Maher
30,101605,Mike van der Hoorn
31,110360,Sander van de Streek
32,123556,Joris van Overeem
33,229520,Django Warmerdam
34,238997,Mimoun Mahi
35,256971,Hidde ter Avest
36,261082,Bart Ramselaar
37,283351,Simon Gustafson
38,422873,Anastasios Douvikas
39,427851,Rick Meissen
40,431330,Kevin Gadellaa
41,382581,Fabian de Keijzer
