,ID,Name
0,124021,Phillipp Mwene
1,346767,Mauro Júnior
2,260809,Olivier Boscagli
3,80382,Mario Götze
4,142466,Philipp Max
5,44096,Eran Zahavi
6,343435,Ritsu Doan
7,137460,Erick Gutiérrez
8,275012,Joël Drommel
9,85470,Marco van Ginkel
10,345333,Armando Obispo
11,422764,Fodé Fofana
12,428694,Jenson Seelt
13,352825,Cody Gakpo
14,361839,Jordan Teze
15,382556,Joey Veerman
16,117980,Bruma
17,103542,Yvon Mvogo
18,386631,Richard Ledezma
19,402876,Vincent Müller
20,408059,Yorbe Vertessen
21,83809,Nicolás Tagliafico
22,340105,Lisandro Martínez
23,364315,Antony
24,322696,Edson Álvarez
25,349932,Noussair Mazraoui
26,362732,Perr Schuurs
27,363884,Ryan Gravenberch
28,89794,Steven Berghuis
29,108860,Davy Klaassen
30,34550,Remko Pasveer
31,70033,Daley Blind
32,388650,Jurriën Timber
33,401122,Kenneth Taylor
34,422802,Jay Gorter
35,423955,Charlie Setford
36,29474,Dusan Tadic
37,383798,Mohamed Daramy
38,404568,Brian Brobbey
39,400165,Devyne Rensch
40,367522,Danilo
41,427577,Youri Regeer
42,431331,Amourricho van Axel Dongen
