,ID,Name
0,33841,Daniel Vukovic
1,396058,Rodrigo Guth
2,22300,Lasse Schöne
3,296536,Mikkel Duelund
4,422807,Magnus Mattsson
5,422809,Ilias Bronkhorst
6,422810,Elayis Tavsan
7,422804,Bart van Rooij
8,422806,Dirk Proper
9,299511,Jordy Bruijn
10,97367,Mattijs Branderhorst
11,271086,Calvin Verdonk
12,279967,Iván Márquez
13,364281,Ali Akman
14,402852,Ole Romeny
15,422803,Cas Odenthal
16,422814,Robin Roefs
17,431306,Guus Gertsen
18,431307,Nils Rossen
19,328330,Marcos Senesi
20,384574,Gernot Trauner
21,244805,Cyriel Dessers
22,361879,Luis Sinisterra
23,133390,Alireza Jahanbakhsh
24,136068,Ofir Marciano
25,302709,Justin Bijlow
26,322148,Guus Til
27,404937,Thijs Jansen
28,422909,Ramon Hendriks
29,387720,Denzel Hall
30,345303,Tyrell Malacia
31,345441,Lutsharel Geertruida
32,43004,Bryan Linssen
33,82401,Jens Toornstra
34,303544,Fredrik Aursnes
35,355870,Orkun Kökcü
36,342564,Reiss Nelson
37,399620,Patrik Wålemark
