,ID,Name
0,147910,Lucas Schoofs
1,367743,Noah Fadiga
2,377444,Mohamed Amissi
3,401096,Mateo Les
4,227870,Nikolai Laursen
5,104885,Janis Blaswich
6,394980,Marco Rente
7,379731,Orestis Kiomourtzoglou
8,369095,Koen Bucker
9,369553,Mats Knoester
10,379686,Ruben Roosken
11,355134,Kaj Sierhuis
12,231133,Alessandro Damen
13,138398,Bilal Basacikoglu
14,136302,Sinan Bakis
15,322406,Luca de la Torre
16,400497,Elias Sierra-Cappelleti
17,422763,Sven Sonnenberg
18,361875,Delano Burgzorg
19,379728,Navajo Bakboord
20,379729,Adrián Szoke
21,393081,Giacomo Quagliata
22,422636,Philippe Rommens
23,408818,Ogechika Heil
24,422633,Mats Deijl
25,348647,Boyd Lucassen
26,331931,Justin Bakker
27,134722,Bas Kuipers
28,252239,Andries Noppert
29,276442,Joris Kramer
30,422637,Jay Idzes
31,422641,Quiermo Dumay
32,422635,Ragnar Oratmangoen
33,344201,Iñigo Córdoba
34,284451,Isac Lidberg
35,12887,Jacob Mulenga
36,428528,Frank Ross
37,431319,Aventis Aventisian
38,431651,Nando Verdoni
39,422642,Turan Tuzlacik
40,422640,Job Schuurman
41,43712,Cuco Martina
42,422634,Luuk Brouwers
