,ID,Name
0,255946,Dario Van den Buijs
1,379713,Lennerd Daneels
2,362553,Jens Odgaard
3,386605,Ayman Azhil
4,368289,Issam El Maach
5,379705,Etienne Vaessen
6,379706,Juriën Gaari
7,379707,Melle Meulensteen
8,389411,Yassin Oukili
9,391284,Richard van der Venne
10,365160,Lars Nieuwpoort
11,322159,Finn Stokkers
12,38147,Alexander Büttner
13,40342,Michiel Kramer
14,63885,Vurnon Anita
15,136263,Iliass Bel Hassani
16,429373,Roy Kuijpers
17,400276,Luuk Wouters
18,400278,Thierry Lutonda
19,400545,Shawn Adewoye
20,391257,Mickael Tirpan
21,110500,Felix Dornebusch
22,294844,Arianit Ferati
23,83798,Andreas Samaris
24,379697,Ryan Johansson
25,361694,Zian Flemming
26,366228,Richie Musaba
27,298805,Michael Verrips
28,328549,Deroy Duarte
29,90830,Ben Rienstra
30,104982,Mats Seuntjens
31,243708,Yanick van Osch
32,281508,Roel Janssen
33,409128,Nigel Lonwijk
34,422779,Stijn Hogervorst
35,334533,Emil Hansson
36,70598,Ivo Pinto
37,320513,Tesfaldet Tekie
38,122291,Martin Angha
39,383604,George Cox
40,422780,Toshio Lake
41,423863,Tijjani Noslin
42,425412,Yigit Celtik
