,ID,Name
0,362459,Othmane Boussaid
1,373556,Arthur Zagre
2,344041,Moussa Sylla
3,302724,Eric Oelschlägel
4,329675,Maarten Paes
5,256971,Hidde ter Avest
6,261082,Bart Ramselaar
7,357396,Mohamed Mallahi
8,22842,Willem Janssen
9,39726,Mark van der Maarel
10,89575,Adam Maher
11,101605,Mike van der Hoorn
12,110360,Sander van de Streek
13,123556,Joris van Overeem
14,229520,Django Warmerdam
15,393412,Remco Balk
16,411078,Quinten Timber
17,249686,Adrián Dalmau
18,422873,Anastasios Douvikas
19,409052,Benaissa Benamar
20,382581,Fabian de Keijzer
21,404764,Tibor Halilovic
22,32196,Siem de Jong
23,121666,Nick Bakker
24,261017,Henk Veerman
25,296543,Jan Bekkema
26,342814,Rodney Kongolo
27,369119,Arjen van der Heide
28,379595,Xavier Mous
29,379734,Hamdi Akujobi
30,379760,Milan van Ewijk
31,382556,Joey Veerman
32,400143,Anthony Musaba
33,399618,Benjamin Nygren
34,371073,Rami Al Hajj
35,321192,Ibrahim Dresevic
36,321193,Rami Kaib
37,379733,Jan Ras
38,400007,Jaimy Kroesen
39,401046,Timo Zaal
40,409160,Syb van Ottele
41,422643,Djenahro Nunumete
