,ID,Name
0,255946,Dario Van den Buijs
1,285814,Jens Teunckens
2,379713,Lennerd Daneels
3,383972,Sebbe Augustijns
4,399608,Ahmed Touba
5,379712,Saïd Bakari
6,362553,Jens Odgaard
7,386605,Ayman Azhil
8,368289,Issam El Maach
9,379705,Etienne Vaessen
10,379706,Juriën Gaari
11,379707,Melle Meulensteen
12,389411,Yassin Oukili
13,365160,Lars Nieuwpoort
14,322159,Finn Stokkers
15,23373,Hans Mulder
16,38147,Alexander Büttner
17,40342,Michiel Kramer
18,63885,Vurnon Anita
19,136263,Iliass Bel Hassani
20,400276,Luuk Wouters
21,400545,Shawn Adewoye
22,384253,Achraf El Bouchataoui
23,96615,Benjamin van Leer
24,124105,Michael Heylen
25,225522,Mario Engels
26,84195,Lennart Thy
27,366549,Giannis Masouras
28,108153,Laurent Jans
29,25037,Adil Auassar
30,44145,Bart Vriends
31,77706,Bryan Smeets
32,120675,Tim Coremans
33,90636,Tom Beugelsdijk
34,383560,Sven Mijnans
35,343314,Vito van Crooij
36,363875,Kenzo Goudmijn
37,289016,Mohammed Osman
38,400163,Emanuel Emegha
39,411278,Jeremy Van Mullem
40,322776,Mica Pinto
41,392339,Maduka Okoye
42,425114,Mohammed Tahiri
43,426882,Achraf Madi
