,ID,Name
0,132420,Rico Strieder
1,68850,Kostas Lamprou
2,369545,Yuta Nakayama
3,365152,Eliano Reijnders
4,422867,Mees de Wit
5,361695,Thomas van den Belt
6,380731,Sam Kersten
7,382170,Daishawn Redan
8,389942,Leandro Fernandes
9,97101,Mustafa Saymak
10,34108,Bram van Polen
11,36974,Ryan Koolwijk
12,231106,Kenneth Paal
13,317693,Mike Hauptmeijer
14,345544,Luka Adzic
15,119109,Gervane Kastaneer
16,391232,Mark Pabai
17,399960,Siemen Voet
18,402068,Slobodan Tedic
19,362467,Jasper Schendelaar
20,379596,Dean Huiberts
21,403495,Melih Ibrahimoglu
22,147910,Lucas Schoofs
23,401096,Mateo Les
24,227870,Nikolai Laursen
25,104885,Janis Blaswich
26,394980,Marco Rente
27,379731,Orestis Kiomourtzoglou
28,296650,Ismail Azzaoui
29,355134,Kaj Sierhuis
30,369095,Koen Bucker
31,369553,Mats Knoester
32,379686,Ruben Roosken
33,231133,Alessandro Damen
34,138398,Bilal Basacikoglu
35,140505,Rai Vloet
36,136302,Sinan Bakis
37,322406,Luca de la Torre
38,361866,Robin Polley
39,361875,Delano Burgzorg
40,379728,Navajo Bakboord
41,393081,Giacomo Quagliata
42,400497,Elias Sierra-Cappelleti
43,422763,Sven Sonnenberg
