,ID,Name
0,399311,Filip Krastev
1,240976,David Sambissa
2,259530,Robin Maulun
3,412208,Tamás Kiss
4,422858,Nick Doodeman
5,422862,Brett Minnema
6,422863,Pieter Bos
7,298844,Sam Hendriks
8,343393,Tom Boere
9,349777,Michael Breij
10,77699,Calvin Mac-Intosch
11,90564,Sonny Stevens
12,105316,Doke Schmidt
13,108655,Mitchel Paulissen
14,238998,Issa Kallon
15,361897,Jamie Jacobs
16,425440,Jasper ter Heide
17,422859,Jhondly van der Meer
18,422857,Alex Bangura
19,351532,Mees Hoedemakers
20,403495,Melih Ibrahimoglu
21,147910,Lucas Schoofs
22,367743,Noah Fadiga
23,377444,Mohamed Amissi
24,401096,Mateo Les
25,227870,Nikolai Laursen
26,104885,Janis Blaswich
27,394980,Marco Rente
28,379731,Orestis Kiomourtzoglou
29,296650,Ismail Azzaoui
30,355134,Kaj Sierhuis
31,231133,Alessandro Damen
32,138398,Bilal Basacikoglu
33,140505,Rai Vloet
34,379686,Ruben Roosken
35,369095,Koen Bucker
36,369553,Mats Knoester
37,136302,Sinan Bakis
38,322406,Luca de la Torre
39,361875,Delano Burgzorg
40,379728,Navajo Bakboord
41,393081,Giacomo Quagliata
42,400497,Elias Sierra-Cappelleti
