,ID,Name
0,343390,Jorn Brondeel
1,334977,Elton Kabangu
2,400010,Derrick Köhn
3,323531,Mats Köhlert
4,121821,Timon Wellenreuther
5,379600,Connor van den Berg
6,66462,Freek Heerkens
7,255970,Wessel Dammers
8,303113,Abdenasser El Khayati
9,322083,Leeroy Owusu
10,349481,Jizz Hornkamp
11,357080,Godfried Roemeratoe
12,361791,Driess Saddiki
13,321954,Ulrik Jenssen
14,109581,Pol Llonch
15,312913,Emil Bergström
16,319990,Max Svensson
17,136461,Daniel Crowley
18,379599,Ché Nunnely
19,391027,Kilian Ludewig
20,400012,Wesley Spieringhs
21,425104,Anargyros Kampetsis
22,285992,Adrian Grbic
23,345558,Tomas Hajek
24,319922,Jacob Rasmussen
25,384141,Romaric Yapi
26,285933,Markus Schubert
27,130917,Eli Dasa
28,133959,Riechedly Bazoer
29,289343,Eric Verstappen
30,303076,Danilho Doekhi
31,401021,Enzo Cornelisse
32,413209,Daan Reiziger
33,436060,Simon van Duivenbooden
34,112719,Sondre Tronstad
35,318295,Matús Bero
36,363704,Toni Domgjoni
37,380663,Patrick Vroegh
38,363618,Loïs Openda
39,437426,Miliano Jonathans
40,400281,Million Manhoef
41,400282,Daan Huisman
