,ID,Name
0,391257,Mickael Tirpan
1,123681,Jordan Botaka
2,110500,Felix Dornebusch
3,294844,Arianit Ferati
4,79755,Dimitrios Siovas
5,83798,Andreas Samaris
6,379697,Ryan Johansson
7,361694,Zian Flemming
8,366228,Richie Musaba
9,328549,Deroy Duarte
10,104982,Mats Seuntjens
11,243708,Yanick van Osch
12,281508,Roel Janssen
13,288873,Paul Gladon
14,409128,Nigel Lonwijk
15,423863,Tijjani Noslin
16,329684,Lisandro Semedo
17,70598,Ivo Pinto
18,320513,Tesfaldet Tekie
19,122291,Martin Angha
20,437062,Tunahan Tasci
21,422778,Samy Baghdadi
22,368266,Tom Hendriks
23,422636,Philippe Rommens
24,288859,Gerrit Nauber
25,408818,Ogechika Heil
26,431319,Aventis Aventisian
27,331931,Justin Bakker
28,348647,Boyd Lucassen
29,355961,Evert Linthorst
30,357807,Martijn Berden
31,134722,Bas Kuipers
32,247700,Nick Hengelman
33,252239,Andries Noppert
34,276442,Joris Kramer
35,422635,Ragnar Oratmangoen
36,422633,Mats Deijl
37,344201,Iñigo Córdoba
38,331255,Cardona
39,284451,Isac Lidberg
40,12887,Jacob Mulenga
41,428528,Frank Ross
42,422634,Luuk Brouwers
43,422640,Job Schuurman
44,43712,Cuco Martina
