,ID,Name
0,328330,Marcos Senesi
1,384574,Gernot Trauner
2,244805,Cyriel Dessers
3,361879,Luis Sinisterra
4,136068,Ofir Marciano
5,133305,Jorrit Hendrix
6,43004,Bryan Linssen
7,321959,Philippe Sandler
8,343197,Delano Ladan
9,345303,Tyrell Malacia
10,345441,Lutsharel Geertruida
11,404937,Thijs Jansen
12,422909,Ramon Hendriks
13,357133,Marcus Pedersen
14,303544,Fredrik Aursnes
15,107510,Valentin Alexandru Cojocaru
16,355870,Orkun Kökçü
17,361862,Cole Bassett
18,342564,Reiss Nelson
19,399620,Patrik Wålemark
20,362459,Othmane Boussaid
21,344041,Moussa Sylla
22,302724,Eric Oelschlägel
23,393412,Remco Balk
24,411078,Quinten Timber
25,414501,Ruben Kluivert
26,22842,Willem Janssen
27,89575,Adam Maher
28,101605,Mike van der Hoorn
29,110360,Sander van de Streek
30,123556,Joris van Overeem
31,229520,Django Warmerdam
32,256971,Hidde ter Avest
33,422872,Djevencio van der Kust
34,283351,Simon Gustafson
35,345600,Pontus Almqvist
36,418600,Rocco Robert Shein
37,422873,Anastasios Douvikas
38,431330,Kevin Gadellaa
39,382581,Fabian de Keijzer
40,382582,Tommy St. Jago
