,ID,Name
0,367742,Cyril Ngonge
1,322591,Marin Sverko
2,364306,Daniël van Kaam
3,434212,Dirk Baron
4,33002,Bart van Hintum
5,77725,Michael de Leeuw
6,91123,Mike te Wierik
7,133960,Peter Leeuwenburgh
8,137368,Damil Dankerlui
9,321871,Mohamed El Hankouri
10,371293,Jan de Boer
11,379742,Laros Duarte
12,381718,Romano Postema
13,389086,Melayro Bogarde
14,333048,Jørgen Strand Larsen
15,335919,Daleho Irandust
16,404224,Emmanuel Matuta
17,406537,Paulos Abraham
18,415775,Bjorn Meijer
19,425112,Yahya Kalley
20,403495,Melih Ibrahimoglu
21,147910,Lucas Schoofs
22,367743,Noah Fadiga
23,401096,Mateo Les
24,227870,Nikolai Laursen
25,349202,Anas Ouahim
26,394980,Marco Rente
27,380635,Robin Jalving
28,369095,Koen Bucker
29,369553,Mats Knoester
30,379686,Ruben Roosken
31,138398,Bilal Basacikoglu
32,312702,Justin Hoogma
33,433912,Timo Jansink
34,334533,Emil Hansson
35,81725,Samuel Armenteros
36,136302,Sinan Bakis
37,322406,Luca de la Torre
38,361866,Robin Polley
39,400497,Elias Sierra-Cappelleti
40,379728,Navajo Bakboord
41,379729,Adrián Szoke
42,422763,Sven Sonnenberg
