,ID,Name
0,302644,Dario Dumic
1,361838,Michal Sadílek
2,90235,Lars Unnerstall
3,108935,Robin Pröpper
4,120454,Virgil Misidjan
5,280289,Giovanni Troupée
6,37344,Ricky van Wolfswinkel
7,322149,Michel Vlap
8,400059,Gijs Smal
9,379702,Jesse Bosch
10,379703,Jeffrey de Lange
11,387172,Denilho Cleonise
12,387682,Ennio van der Gouw
13,400055,Jayden Oosterwolde
14,361898,Luka Ilic
15,318754,Julio Pleguezuelo
16,363658,Dimitris Limnios
17,402819,Mees Hilgers
18,405560,Daan Rots
19,400057,Casper Staring
20,33841,Daniel Vukovic
21,422808,Jonathan Okita
22,396058,Rodrigo Guth
23,22300,Lasse Schöne
24,299511,Jordy Bruijn
25,97367,Mattijs Branderhorst
26,132973,Javier Vet
27,271086,Calvin Verdonk
28,422804,Bart van Rooij
29,422809,Ilias Bronkhorst
30,422810,Elayis Tavsan
31,422806,Dirk Proper
32,10705,Edgar Barreto
33,279967,Iván Márquez
34,364281,Ali Akman
35,422811,Thomas Beekman
36,422814,Robin Roefs
37,422805,Souffian El Karouani
38,402852,Ole Romeny
39,422803,Cas Odenthal
