,ID,Name
0,255946,Dario Van den Buijs
1,379713,Lennerd Daneels
2,399608,Ahmed Touba
3,379712,Saïd Bakari
4,362553,Jens Odgaard
5,368289,Issam El Maach
6,379705,Etienne Vaessen
7,379706,Juriën Gaari
8,379707,Melle Meulensteen
9,23373,Hans Mulder
10,38147,Alexander Büttner
11,40342,Michiel Kramer
12,63885,Vurnon Anita
13,136263,Iliass Bel Hassani
14,365160,Lars Nieuwpoort
15,389411,Yassin Oukili
16,391284,Richard van der Venne
17,429373,Roy Kuijpers
18,432167,Mark Spenkelink
19,400276,Luuk Wouters
20,400278,Thierry Lutonda
21,384253,Achraf El Bouchataoui
22,291964,Vaclav Cerny
23,361838,Michal Sadílek
24,90235,Lars Unnerstall
25,108935,Robin Pröpper
26,119741,Joshua Brenet
27,120454,Virgil Misidjan
28,280289,Giovanni Troupée
29,37344,Ricky van Wolfswinkel
30,379702,Jesse Bosch
31,379703,Jeffrey de Lange
32,387172,Denilho Cleonise
33,387682,Ennio van der Gouw
34,400059,Gijs Smal
35,406780,Max Bruns
36,422781,Luca Everink
37,322149,Michel Vlap
38,318754,Julio Pleguezuelo
39,363658,Dimitris Limnios
40,379701,Ramiz Zerrouki
41,400057,Casper Staring
42,422782,Manfred Ugalde
43,405560,Daan Rots
