,ID,Name
0,343390,Jorn Brondeel
1,334977,Elton Kabangu
2,346731,Kwasi Okyere Wriedt
3,365389,John Yeboah
4,400010,Derrick Köhn
5,121821,Timon Wellenreuther
6,279751,Görkem Saglam
7,323531,Mats Köhlert
8,379600,Connor van den Berg
9,66462,Freek Heerkens
10,81475,Miquel Nelom
11,361791,Driess Saddiki
12,321954,Ulrik Jenssen
13,109581,Pol Llonch
14,312913,Emil Bergström
15,319990,Max Svensson
16,379599,Ché Nunnely
17,400014,Vincent Schippers
18,409292,Nikolaos Michelis
19,425104,Anargyros Kampetsis
20,425569,Ringo Meerveld
21,303779,Maximiliano Romero
22,124021,Philipp Mwene
23,98101,André Ramalho
24,346767,Mauro Júnior
25,363077,Carlos Vinícius
26,260809,Olivier Boscagli
27,142466,Philipp Max
28,80382,Mario Götze
29,44096,Eran Zahavi
30,343435,Ritsu Doan
31,137460,Erick Gutiérrez
32,275012,Joël Drommel
33,77429,Davy Pröpper
34,85470,Marco van Ginkel
35,345333,Armando Obispo
36,352825,Cody Gakpo
37,361839,Jordan Teze
38,117980,Bruma
39,103542,Yvon Mvogo
40,328075,Ibrahim Sangaré
41,402876,Vincent Müller
42,408059,Yorbe Vertessen
