,ID,Name
0,83809,Nicolás Tagliafico
1,340105,Lisandro Martínez
2,326505,David Neres
3,364315,Antony
4,400166,Mohammed Kudus
5,322696,Edson Álvarez
6,349932,Noussair Mazraoui
7,83337,Zakaria Labyad
8,34550,Remko Pasveer
9,70033,Daley Blind
10,89794,Steven Berghuis
11,108860,Davy Klaassen
12,362732,Perr Schuurs
13,363884,Ryan Gravenberch
14,401122,Kenneth Taylor
15,422802,Jay Gorter
16,388650,Jurriën Timber
17,29474,Dusan Tadic
18,383798,Mohamed Daramy
19,236544,Sébastien Haller
20,367522,Danilo
21,423955,Charlie Setford
22,400165,Devyne Rensch
23,367742,Cyril Ngonge
24,322591,Marin Sverko
25,77725,Michael de Leeuw
26,133960,Peter Leeuwenburgh
27,137368,Damil Dankerlui
28,255970,Wessel Dammers
29,298493,Patrick Joosten
30,321871,Mohamed El Hankouri
31,371293,Jan de Boer
32,381718,Romano Postema
33,333048,Jørgen Strand Larsen
34,335919,Daleho Irandust
35,391047,Tomás Suslov
36,406537,Paulos Abraham
37,412907,Neraysho Kasanwirjo
38,415775,Bjorn Meijer
39,425112,Yahya Kalley
40,425433,Elias Olsson
41,343438,Jan Hoekstra
