,ID,Name
0,367742,Cyril Ngonge
1,322591,Marin Sverko
2,364306,Daniël van Kaam
3,33002,Bart van Hintum
4,77725,Michael de Leeuw
5,91123,Mike te Wierik
6,133960,Peter Leeuwenburgh
7,137368,Damil Dankerlui
8,321871,Mohamed El Hankouri
9,371293,Jan de Boer
10,379742,Laros Duarte
11,381718,Romano Postema
12,389086,Melayro Bogarde
13,333048,Jørgen Strand Larsen
14,335919,Daleho Irandust
15,391047,Tomás Suslov
16,404224,Emmanuel Matuta
17,406537,Paulos Abraham
18,412907,Neraysho Kasanwirjo
19,415775,Bjorn Meijer
20,425112,Yahya Kalley
21,425432,Owen van der Vlag
22,343390,Jorn Brondeel
23,334977,Elton Kabangu
24,323531,Mats Köhlert
25,121821,Timon Wellenreuther
26,279751,Görkem Saglam
27,400010,Derrick Köhn
28,425569,Ringo Meerveld
29,322083,Leeroy Owusu
30,255970,Wessel Dammers
31,379600,Connor van den Berg
32,349481,Jizz Hornkamp
33,357080,Godfried Roemeratoe
34,361791,Driess Saddiki
35,66462,Freek Heerkens
36,81475,Miquel Nelom
37,321954,Ulrik Jenssen
38,312913,Emil Bergström
39,319990,Max Svensson
40,136461,Daniel Crowley
41,379599,Ché Nunnely
42,391027,Kilian Ludewig
43,409292,Nikolaos Michelis
44,425104,Anargyros Kampetsis
