,ID,Name
0,240976,David Sambissa
1,259530,Robin Maulun
2,412208,Tamás Kiss
3,361897,Jamie Jacobs
4,404191,Maxim Gullit
5,422861,Marco Tol
6,422862,Brett Minnema
7,422863,Pieter Bos
8,425440,Jasper ter Heide
9,298493,Patrick Joosten
10,343393,Tom Boere
11,349777,Michael Breij
12,77699,Calvin Mac-Intosch
13,89573,Erik Schouten
14,90564,Sonny Stevens
15,105316,Doke Schmidt
16,108655,Mitchel Paulissen
17,238998,Issa Kallon
18,422858,Nick Doodeman
19,422859,Jhondly van der Meer
20,351532,Mees Hoedemakers
21,431350,Sekou Sylla
22,422857,Alex Bangura
23,391257,Mickael Tirpan
24,123681,Jordan Botaka
25,110500,Felix Dornebusch
26,79755,Dimitrios Siovas
27,83798,Andreas Samaris
28,90830,Ben Rienstra
29,104982,Mats Seuntjens
30,33981,Charlison Benschop
31,243708,Yanick van Osch
32,281508,Roel Janssen
33,288873,Paul Gladon
34,328549,Deroy Duarte
35,361694,Zian Flemming
36,366228,Richie Musaba
37,409128,Nigel Lonwijk
38,70598,Ivo Pinto
39,320513,Tesfaldet Tekie
40,122291,Martin Angha
41,383604,George Cox
42,422778,Samy Baghdadi
43,423863,Tijjani Noslin
44,368266,Tom Hendriks
