,ID,Name
0,403495,Melih Ibrahimoglu
1,367743,Noah Fadiga
2,227870,Nikolai Laursen
3,349202,Anas Ouahim
4,104885,Janis Blaswich
5,394980,Marco Rente
6,379731,Orestis Kiomourtzoglou
7,380635,Robin Jalving
8,369095,Koen Bucker
9,369553,Mats Knoester
10,379686,Ruben Roosken
11,138398,Bilal Basacikoglu
12,312702,Justin Hoogma
13,334533,Emil Hansson
14,81725,Samuel Armenteros
15,136302,Sinan Bakis
16,322406,Luca de la Torre
17,361866,Robin Polley
18,379728,Navajo Bakboord
19,379729,Adrián Szoke
20,393081,Giacomo Quagliata
21,395830,Kasper Lunding Jakobsen
22,400497,Elias Sierra-Cappelleti
23,361880,Oussama Darfalou
24,132420,Rico Strieder
25,68850,Kostas Lamprou
26,369545,Yuta Nakayama
27,382170,Daishawn Redan
28,97101,Mustafa Saymak
29,361695,Thomas van den Belt
30,136102,Djavan Anderson
31,231106,Kenneth Paal
32,279173,Pelle Clement
33,279429,Sai van Wermeskerken
34,317693,Mike Hauptmeijer
35,34108,Bram van Polen
36,34925,Maikel van der Werff
37,36974,Ryan Koolwijk
38,365152,Eliano Reijnders
39,345544,Luka Adzic
40,119109,Gervane Kastaneer
41,399960,Siemen Voet
42,402068,Slobodan Tedic
43,431254,Jesse Vermaning
44,432117,Max de Waal
45,362467,Jasper Schendelaar
