,ID,Name
0,33841,Daniel Vukovic
1,396058,Rodrigo Guth
2,422807,Magnus Mattsson
3,22300,Lasse Schöne
4,296536,Mikkel Duelund
5,422806,Dirk Proper
6,299511,Jordy Bruijn
7,97367,Mattijs Branderhorst
8,132973,Javier Vet
9,271086,Calvin Verdonk
10,422809,Ilias Bronkhorst
11,422810,Elayis Tavsan
12,422804,Bart van Rooij
13,10705,Edgar Barreto
14,279967,Iván Márquez
15,364281,Ali Akman
16,422805,Souffian El Karouani
17,402852,Ole Romeny
18,422803,Cas Odenthal
19,422811,Thomas Beekman
20,422814,Robin Roefs
21,399311,Filip Krastev
22,259530,Robin Maulun
23,412208,Tamás Kiss
24,346507,Roberts Uldrikis
25,349777,Michael Breij
26,298844,Sam Hendriks
27,343393,Tom Boere
28,77699,Calvin Mac-Intosch
29,89573,Erik Schouten
30,90564,Sonny Stevens
31,105316,Doke Schmidt
32,108655,Mitchel Paulissen
33,238998,Issa Kallon
34,422858,Nick Doodeman
35,404191,Maxim Gullit
36,361897,Jamie Jacobs
37,422862,Brett Minnema
38,422863,Pieter Bos
39,422859,Jhondly van der Meer
40,422857,Alex Bangura
41,351532,Mees Hoedemakers
42,425440,Jasper ter Heide
