,ID,Name
0,377279,Peter Vindahl
1,399721,Kamal Sowah
2,300755,Pantelis Hatzidiakos
3,330514,Vangelis Pavlidis
4,379783,Yukinari Sugawara
5,373340,Zakaria Aboukhlal
6,353695,Dani de Wit
7,400978,Beau Reus
8,408102,Peer Koopmeiners
9,328550,Owen Wijndal
10,90802,Jordy Clasie
11,90810,Bruno Martins Indi
12,90834,Hobie Verhulst
13,80137,Fredrik Midtsjø
14,355183,Aslak Witry
15,356742,Håkon Evjen
16,379784,Mohamed Taabouni
17,422739,Sam Beukema
18,424273,Milos Kerkez
19,343382,Tijjani Reijnders
20,320614,Jesper Karlsson
21,328330,Marcos Senesi
22,384574,Gernot Trauner
23,361879,Luis Sinisterra
24,133390,Alireza Jahanbakhsh
25,136068,Ofir Marciano
26,43004,Bryan Linssen
27,82401,Jens Toornstra
28,133305,Jorrit Hendrix
29,302709,Justin Bijlow
30,322148,Guus Til
31,345303,Tyrell Malacia
32,345441,Lutsharel Geertruida
33,404937,Thijs Jansen
34,422909,Ramon Hendriks
35,357133,Marcus Pedersen
36,355870,Orkun Kökcü
37,361862,Cole Bassett
38,399620,Patrik Wålemark
