,ID,Name
0,422636,Philippe Rommens
1,288859,Gerrit Nauber
2,408818,Ogechika Heil
3,367779,Giannis-Foivos Botos
4,422637,Jay Idzes
5,422635,Ragnar Oratmangoen
6,422633,Mats Deijl
7,331931,Justin Bakker
8,348647,Boyd Lucassen
9,355961,Evert Linthorst
10,357807,Martijn Berden
11,247700,Nick Hengelman
12,252239,Andries Noppert
13,276442,Joris Kramer
14,331255,Cardona
15,344201,Iñigo Córdoba
16,284451,Isac Lidberg
17,12887,Jacob Mulenga
18,428528,Frank Ross
19,431319,Aventis Aventisian
20,422640,Job Schuurman
21,43712,Cuco Martina
22,422634,Luuk Brouwers
23,83809,Nicolás Tagliafico
24,340105,Lisandro Martínez
25,364315,Antony
26,260843,André Onana
27,403644,Victor Jensen
28,400166,Mohammed Kudus
29,322696,Edson Álvarez
30,349932,Noussair Mazraoui
31,362732,Perr Schuurs
32,363884,Ryan Gravenberch
33,70033,Daley Blind
34,89794,Steven Berghuis
35,108860,Davy Klaassen
36,401122,Kenneth Taylor
37,411079,Calvin Raatsie
38,423955,Charlie Setford
39,29474,Dusan Tadic
40,383798,Mohamed Daramy
41,236544,Sébastien Haller
42,400165,Devyne Rensch
43,367522,Danilo
44,433575,Liam van Gelderen
