,ID,Name
0,143815,Anas Tahiri
1,404764,Tibor Halilovic
2,404110,Nicolas Madsen
3,400143,Anthony Musaba
4,379595,Xavier Mous
5,379734,Hamdi Akujobi
6,379760,Milan van Ewijk
7,296543,Jan Bekkema
8,361900,Sydney van Hooijdonk
9,369119,Arjen van der Heide
10,32196,Siem de Jong
11,34171,Erwin Mulder
12,121666,Nick Bakker
13,124274,Sven van Beek
14,124380,Thom Haye
15,136066,Lucas Woudenberg
16,383865,Filip Stevanovic
17,401593,Amin Sarr
18,321193,Rami Kaib
19,371073,Rami Al Hajj
20,409160,Syb van Ottele
21,379733,Jan Ras
22,321192,Ibrahim Dresevic
23,362459,Othmane Boussaid
24,344041,Moussa Sylla
25,302724,Eric Oelschlägel
26,357396,Mohamed Mallahi
27,393412,Remco Balk
28,411078,Quinten Timber
29,422872,Djevencio van der Kust
30,22842,Willem Janssen
31,39726,Mark van der Maarel
32,89575,Adam Maher
33,101605,Mike van der Hoorn
34,110360,Sander van de Streek
35,123556,Joris van Overeem
36,229520,Django Warmerdam
37,256971,Hidde ter Avest
38,261017,Henk Veerman
39,261082,Bart Ramselaar
40,283351,Simon Gustafson
41,422873,Anastasios Douvikas
42,431330,Kevin Gadellaa
43,382581,Fabian de Keijzer
44,382582,Tommy St. Jago
