,ID,Name
0,96615,Benjamin van Leer
1,124105,Michael Heylen
2,343347,Arno Verschueren
3,259930,Younes Namli
4,283282,Riza Durmisi
5,225522,Mario Engels
6,84195,Lennart Thy
7,366549,Giannis Masouras
8,108153,Laurent Jans
9,25037,Adil Auassar
10,31238,Aaron Meijers
11,90636,Tom Beugelsdijk
12,108426,Joeri de Kamps
13,120675,Tim Coremans
14,379741,Dirk Abels
15,383560,Sven Mijnans
16,343314,Vito van Crooij
17,411278,Jeremy Van Mullem
18,322776,Michael Pinto
19,249686,Adrián Dalmau
20,392339,Maduka Okoye
21,427824,Johan Bakayoko
22,346767,Mauro Júnior
23,363077,Carlos Vinícius
24,260809,Olivier Boscagli
25,80382,Mario Götze
26,142466,Philipp Max
27,44096,Eran Zahavi
28,343435,Ritsu Doan
29,137460,Érick Gutiérrez
30,404776,Ismael Saibari
31,428694,Jenson Seelt
32,275012,Joël Drommel
33,361839,Jordan Teze
34,382556,Joey Veerman
35,117980,Bruma
36,103542,Yvon Mvogo
37,389935,Noni Madueke
38,328075,Ibrahim Sangaré
39,402876,Vincent Müller
40,428695,Dennis Vos
41,408059,Yorbe Vertessen
