,ID,Name
0,345558,Tomas Hajek
1,319922,Jacob Rasmussen
2,384141,Romaric Yapi
3,285933,Markus Schubert
4,130917,Eli Dasa
5,141965,Jeroen Houwen
6,289343,Eric Verstappen
7,303076,Danilho Doekhi
8,352844,Thomas Buitink
9,401021,Enzo Cornelisse
10,112719,Sondre Tronstad
11,318295,Matús Bero
12,363704,Toni Domgjoni
13,361815,Yann Gboho
14,363618,Loïs Openda
15,392344,Nikolai Baden Frederiksen
16,400281,Million Manhoef
17,400282,Daan Huisman
18,380663,Patrick Vroegh
19,409126,Alois Dominik Oroz
20,429928,Gyan de Regt
21,33841,Daniel Vukovic
22,422808,Jonathan Okita
23,396058,Rodrigo Guth
24,296536,Mikkel Duelund
25,422807,Magnus Mattsson
26,422804,Bart van Rooij
27,422806,Dirk Proper
28,97367,Mattijs Branderhorst
29,132973,Javier Vet
30,271086,Calvin Verdonk
31,422809,Ilias Bronkhorst
32,422810,Elayis Tavsan
33,10705,Edgar Barreto
34,279967,Iván Márquez
35,364281,Ali Akman
36,422803,Cas Odenthal
37,422805,Souffian El Karouani
38,422814,Robin Roefs
39,431307,Nils Rossen
40,433122,Mathias De Wolf
