,ID,Name
0,343390,Jorn Brondeel
1,334977,Elton Kabangu
2,346731,Kwasi Okyere Wriedt
3,121821,Timon Wellenreuther
4,279751,Görkem Saglam
5,323531,Mats Köhlert
6,365389,John Yeboah
7,400010,Derrick Köhn
8,322083,Leeroy Owusu
9,357080,Godfried Roemeratoe
10,361791,Driess Saddiki
11,379600,Connor van den Berg
12,321954,Ulrik Jenssen
13,109581,Pol Llonch
14,319990,Max Svensson
15,379599,Ché Nunnely
16,400014,Vincent Schippers
17,409292,Nikolaos Michelis
18,425104,Anargyros Kampetsis
19,425569,Ringo Meerveld
20,429002,Sam Tel
21,422636,Philippe Rommens
22,288859,Gerrit Nauber
23,331931,Justin Bakker
24,348647,Boyd Lucassen
25,357807,Martijn Berden
26,422633,Mats Deijl
27,422637,Jay Idzes
28,422641,Quiermo Dumay
29,115650,Warner Hahn
30,252239,Andries Noppert
31,422635,Ragnar Oratmangoen
32,284451,Isac Lidberg
33,12887,Jacob Mulenga
34,43712,Cuco Martina
35,422634,Luuk Brouwers
36,428527,Semir Ozturk
37,428528,Frank Ross
38,429003,Zakaria Eddahchouri
39,422639,Yacine Bourhane
40,422640,Job Schuurman
