,ID,Name
0,391257,Mickael Tirpan
1,294844,Arianit Ferati
2,83798,Andreas Samaris
3,379697,Ryan Johansson
4,90830,Ben Rienstra
5,104982,Mats Seuntjens
6,243708,Yanick van Osch
7,281508,Roel Janssen
8,409128,Nigel Lonwijk
9,328549,Deroy Duarte
10,361694,Zian Flemming
11,366228,Richie Musaba
12,334533,Emil Hansson
13,70598,Ivo Pinto
14,320513,Tesfaldet Tekie
15,122291,Martin Angha
16,380695,Bassala Sambou
17,383604,George Cox
18,368266,Tom Hendriks
19,422780,Toshio Lake
20,423863,Tijanni Noslin
21,425412,Yigit Celtik
22,425413,Ruben van Kouwen
23,367742,Cyril Ngonge
24,322591,Marin Sverko
25,364306,Daniël van Kaam
26,33002,Bart van Hintum
27,91123,Mike te Wierik
28,133960,Peter Leeuwenburgh
29,255970,Wessel Dammers
30,298493,Patrick Joosten
31,321871,Mohamed El Hankouri
32,379742,Laros Duarte
33,381718,Romano Postema
34,333048,Jørgen Strand Larsen
35,335919,Daleho Irandust
36,343438,Jan Hoekstra
37,406537,Paulos Abraham
38,412907,Neraysho Kasanwirjo
39,415775,Bjorn Meijer
40,425432,Owen van der Vlag
41,425433,Elias Olsson
