,ID,Name
0,132420,Rico Strieder
1,68850,Kostas Lamprou
2,369545,Yuta Nakayama
3,422867,Mees de Wit
4,36974,Ryan Koolwijk
5,365152,Eliano Reijnders
6,380731,Sam Kersten
7,382170,Daishawn Redan
8,97101,Mustafa Saymak
9,361695,Thomas van den Belt
10,231106,Kenneth Paal
11,317693,Mike Hauptmeijer
12,345544,Luka Adzic
13,362467,Jasper Schendelaar
14,119109,Gervane Kastaneer
15,391012,Gabi Caschili
16,391232,Mark Pabai
17,399960,Siemen Voet
18,402068,Slobodan Tedic
19,404370,Rav van den Berg
20,379596,Dean Huiberts
21,255946,Dario Van den Buijs
22,285814,Jens Teunckens
23,379713,Lennerd Daneels
24,383972,Sebbe Augustijns
25,399608,Ahmed Touba
26,379712,Saïd Bakari
27,362553,Jens Odgaard
28,386605,Ayman Azhil
29,368289,Issam El Maach
30,379705,Etienne Vaessen
31,379706,Juriën Gaari
32,379707,Melle Meulensteen
33,365160,Lars Nieuwpoort
34,322159,Finn Stokkers
35,40342,Michiel Kramer
36,63885,Vurnon Anita
37,136263,Iliass Bel Hassani
38,384253,Achraf El Bouchataoui
39,400276,Luuk Wouters
40,400278,Thierry Lutonda
41,400545,Shawn Adewoye
