,ID,Name
0,422636,Philippe Rommens
1,408818,Ogechika Heil
2,288859,Gerrit Nauber
3,367779,Giannis-Foivos Botos
4,422641,Quiermo Dumay
5,422633,Mats Deijl
6,422637,Jay Idzes
7,331931,Justin Bakker
8,348647,Boyd Lucassen
9,357807,Martijn Berden
10,115650,Warner Hahn
11,134722,Bas Kuipers
12,252239,Andries Noppert
13,276442,Joris Kramer
14,422635,Ragnar Oratmangoen
15,331255,Marc Cardona
16,284451,Isac Lidberg
17,12887,Jacob Mulenga
18,422634,Luuk Brouwers
19,422639,Yacine Bourhane
20,422640,Job Schuurman
21,422642,Turan Tuzlacik
22,96615,Benjamin van Leer
23,124105,Michael Heylen
24,225522,Mario Engels
25,84195,Lennart Thy
26,108153,Laurent Jans
27,120675,Tim Coremans
28,90636,Tom Beugelsdijk
29,44145,Bart Vriends
30,77706,Bryan Smeets
31,400163,Emanuel Emegha
32,409075,Jason Meerstadt
33,343314,Vito van Crooij
34,363875,Kenzo Goudmijn
35,379741,Dirk Abels
36,379742,Laros Duarte
37,383560,Sven Mijnans
38,422875,Gaultiér Overman
39,322776,Mica Pinto
40,422874,Jafar Bynoe
41,392339,Maduka Okoye
