,ID,Name
0,355676,Dylan Ryan
1,343390,Jorn Brondeel
2,334977,Elton Kabangu
3,323531,Mats Köhlert
4,121821,Timon Wellenreuther
5,279751,Görkem Saglam
6,346731,Kwasi Okyere Wriedt
7,400010,Derrick Köhn
8,379600,Connor van den Berg
9,379601,Rick Zuijderwijk
10,357080,Godfried Roemeratoe
11,361791,Driess Saddiki
12,66462,Freek Heerkens
13,322083,Leeroy Owusu
14,321954,Ulrik Jenssen
15,109581,Pol Llonch
16,319990,Max Svensson
17,379599,Ché Nunnely
18,400012,Wesley Spieringhs
19,400014,Vincent Schippers
20,409292,Nikolaos Michelis
21,132420,Rico Strieder
22,68850,Kostas Lamprou
23,369545,Yuta Nakayama
24,422867,Mees de Wit
25,34108,Bram van Polen
26,365152,Eliano Reijnders
27,393338,Chardi Landu
28,231106,Kenneth Paal
29,279173,Pelle Clement
30,317693,Mike Hauptmeijer
31,361695,Thomas van den Belt
32,362467,Jasper Schendelaar
33,399960,Siemen Voet
34,402068,Slobodan Tedic
35,404099,Samir Lagsir
36,404370,Rav van den Berg
37,408338,Daijiro Chirino
38,119109,Gervane Kastaneer
39,391232,Mark Pabai
