,ID,Name
0,345558,Tomas Hajek
1,319922,Jacob Rasmussen
2,226599,Maximilian Wittek
3,285933,Markus Schubert
4,130917,Eli Dasa
5,401021,Enzo Cornelisse
6,133959,Riechedly Bazoer
7,141965,Jeroen Houwen
8,289343,Eric Verstappen
9,303076,Danilho Doekhi
10,352844,Thomas Buitink
11,112719,Sondre Tronstad
12,318295,Matús Bero
13,363704,Toni Domgjoni
14,401731,Julian von Moos
15,361815,Yann Gboho
16,363618,Loïs Openda
17,365426,Hilary Gong
18,380663,Patrick Vroegh
19,392344,Nikolai Baden Frederiksen
20,400281,Million Manhoef
21,400282,Daan Huisman
22,409126,Alois Dominik Oroz
23,377279,Peter Vindahl
24,330514,Vangelis Pavlidis
25,300755,Pantelis Hatzidiakos
26,289252,Albert Gudmundsson
27,379783,Yukinari Sugawara
28,328550,Owen Wijndal
29,373340,Zakaria Aboukhlal
30,353695,Dani de Wit
31,90802,Jordy Clasie
32,90810,Bruno Martins Indi
33,90834,Hobie Verhulst
34,400978,Beau Reus
35,405003,Thijs Oosting
36,408102,Peer Koopmeiners
37,80137,Fredrik Midtsjø
38,355183,Aslak Fonn Witry
39,320614,Jesper Karlsson
40,343382,Tijjani Reijnders
41,379784,Mohamed Taabouni
42,409747,Jelle Duin
43,422739,Sam Beukema
