,ID,Name
0,362459,Othmane Boussaid
1,373556,Arthur Zagre
2,302724,Eric Oelschlägel
3,329675,Maarten Paes
4,256971,Hidde ter Avest
5,261082,Bart Ramselaar
6,393412,Remco Balk
7,411078,Quinten Timber
8,22842,Willem Janssen
9,39726,Mark van der Maarel
10,89575,Adam Maher
11,101605,Mike van der Hoorn
12,123556,Joris van Overeem
13,229520,Django Warmerdam
14,238997,Mimoun Mahi
15,249686,Adrián Dalmau
16,283351,Simon Gustafson
17,382581,Fabian de Keijzer
18,422873,Anastasios Douvikas
19,427851,Rick Meissen
20,403495,Melih Ibrahimoglu
21,147910,Lucas Schoofs
22,367743,Noah Fadiga
23,227870,Nikolai Laursen
24,104885,Janis Blaswich
25,394980,Marco Rente
26,379731,Orestis Kiomourtzoglou
27,296650,Ismail Azzaoui
28,231133,Alessandro Damen
29,355134,Kaj Sierhuis
30,369095,Koen Bucker
31,369553,Mats Knoester
32,379686,Ruben Roosken
33,138398,Bilal Basacikoglu
34,136302,Sinan Bakis
35,322406,Luca de la Torre
36,379728,Navajo Bakboord
37,361866,Robin Polley
38,361875,Delano Burgzorg
39,393081,Giacomo Quagliata
40,400497,Elias Sierra-Cappelleti
41,422763,Sven Sonnenberg
