,ID,Name
0,302644,Dario Dumic
1,361838,Michal Sadílek
2,291964,Vaclav Cerny
3,90235,Lars Unnerstall
4,108935,Robin Pröpper
5,280289,Giovanni Troupée
6,29281,Wout Brama
7,37344,Ricky van Wolfswinkel
8,322149,Michel Vlap
9,379702,Jesse Bosch
10,379703,Jeffrey de Lange
11,387172,Denilho Cleonise
12,387682,Ennio van der Gouw
13,400055,Jayden Oosterwolde
14,400059,Gijs Smal
15,318754,Julio Pleguezuelo
16,363658,Dimitris Limnios
17,379701,Ramiz Zerrouki
18,402819,Mees Hilgers
19,405560,Daan Rots
20,422782,Manfred Ugalde
21,400057,Casper Staring
22,328330,Marcos Senesi
23,384574,Gernot Trauner
24,244805,Cyriel Dessers
25,361879,Luis Sinisterra
26,133390,Alireza Jahanbakhsh
27,136068,Ofir Marciano
28,43004,Bryan Linssen
29,82401,Jens Toornstra
30,115863,Mark Diemers
31,373113,Naoufal Bannis
32,322148,Guus Til
33,345303,Tyrell Malacia
34,345441,Lutsharel Geertruida
35,404937,Thijs Jansen
36,408489,Tein Troost
37,422909,Ramon Hendriks
38,357133,Marcus Pedersen
39,303544,Fredrik Aursnes
40,142352,João Teixeira
41,355870,Orkun Kökcü
42,342564,Reiss Nelson
