,ID,Name
0,96615,Benjamin van Leer
1,124105,Michael Heylen
2,225522,Mario Engels
3,84195,Lennart Thy
4,366549,Giannis Masouras
5,108153,Laurent Jans
6,25037,Adil Auassar
7,31238,Aaron Meijers
8,44145,Bart Vriends
9,77706,Bryan Smeets
10,120675,Tim Coremans
11,90636,Tom Beugelsdijk
12,379741,Dirk Abels
13,383560,Sven Mijnans
14,343314,Vito van Crooij
15,363875,Kenzo Goudmijn
16,400163,Emanuel Emegha
17,411278,Jeremy Van Mullem
18,322776,Mica Pinto
19,392339,Maduka Okoye
20,83809,Nicolás Tagliafico
21,340105,Lisandro Martínez
22,326505,David Neres
23,260843,André Onana
24,322696,Edson Álvarez
25,83337,Zakaria Labyad
26,349932,Noussair Mazraoui
27,362732,Perr Schuurs
28,363884,Ryan Gravenberch
29,388650,Jurriën Timber
30,89794,Steven Berghuis
31,108860,Davy Klaassen
32,34550,Remko Pasveer
33,70033,Daley Blind
34,401122,Kenneth Taylor
35,422802,Jay Gorter
36,29474,Dusan Tadic
37,383798,Mohamed Daramy
38,400165,Devyne Rensch
39,367522,Danilo
