,ID,Name
0,404764,Tibor Halilovic
1,404110,Nicolas Madsen
2,379734,Hamdi Akujobi
3,379760,Milan van Ewijk
4,382556,Joey Veerman
5,121666,Nick Bakker
6,124274,Sven van Beek
7,136066,Lucas Woudenberg
8,261017,Henk Veerman
9,296543,Jan Bekkema
10,342814,Rodney Kongolo
11,379595,Xavier Mous
12,383865,Filip Stevanovic
13,399618,Benjamin Nygren
14,321193,Rami Kaib
15,371073,Rami Al Hajj
16,379733,Jan Ras
17,409160,Syb van Ottele
18,400007,Jaimy Kroesen
19,321192,Ibrahim Dresevic
20,124021,Philipp Mwene
21,98101,André Ramalho
22,346767,Mauro Júnior
23,363077,Carlos Vinícius
24,260809,Olivier Boscagli
25,80382,Mario Götze
26,343435,Ritsu Doan
27,137460,Erick Gutiérrez
28,77429,Davy Pröpper
29,85470,Marco van Ginkel
30,345333,Armando Obispo
31,275012,Joël Drommel
32,117980,Bruma
33,103542,Yvon Mvogo
34,328075,Ibrahim Sangaré
35,400273,Maxime Delanghe
36,404776,Ismael Saibari
37,408059,Yorbe Vertessen
