,ID,Name
0,83809,Nicolás Tagliafico
1,90365,Lisandro Magallán
2,340105,Lisandro Martínez
3,364315,Antony
4,326505,David Neres
5,403644,Victor Jensen
6,322696,Edson Álvarez
7,83337,Zakaria Labyad
8,349932,Noussair Mazraoui
9,401122,Kenneth Taylor
10,388650,Jurriën Timber
11,362732,Perr Schuurs
12,363884,Ryan Gravenberch
13,108860,Davy Klaassen
14,89794,Steven Berghuis
15,4065,Maarten Stekelenburg
16,34550,Remko Pasveer
17,70033,Daley Blind
18,29474,Dusan Tadic
19,236544,Sébastien Haller
20,367522,Danilo
21,423955,Charlie Setford
22,400165,Devyne Rensch
23,361880,Oussama Darfalou
24,345558,Tomas Hajek
25,384141,Romaric Yapi
26,226599,Maximilian Wittek
27,285933,Markus Schubert
28,130917,Eli Dasa
29,115869,Oussama Tannane
30,133959,Riechedly Bazoer
31,141965,Jeroen Houwen
32,352844,Thomas Buitink
33,401021,Enzo Cornelisse
34,112719,Sondre Tronstad
35,318295,Matús Bero
36,363704,Toni Domgjoni
37,361815,Yann Gboho
38,363618,Loïs Openda
39,365426,Hilary Gong
40,380663,Patrick Vroegh
41,392344,Nikolai Baden Frederiksen
42,400282,Daan Huisman
43,409126,Alois Dominik Oroz
44,422868,Nigel van Haveren
