,ID,Name
0,403495,Melih Ibrahimoglu
1,147910,Lucas Schoofs
2,367743,Noah Fadiga
3,377444,Mohamed Amissi
4,401096,Mateo Leš
5,227870,Nikolai Laursen
6,104885,Janis Blaswich
7,379731,Orestis Kiomourtzoglou
8,296650,Ismail Azzaoui
9,138398,Bilal Basacikoglu
10,140505,Rai Vloet
11,380635,Robin Jalving
12,400170,Rohat Agca
13,379686,Ruben Roosken
14,369095,Koen Bucker
15,369553,Mats Knoester
16,136302,Sinan Bakis
17,322406,Luca de la Torre
18,361875,Delano Burgzorg
19,379729,Adrian Szoke
20,400497,Elias Sierra-Cappelleti
21,422763,Sven Sonnenberg
22,33841,Daniel Vukovic
23,422808,Jonathan Okita
24,396058,Rodrigo Guth
25,22300,Lasse Schöne
26,296536,Mikkel Duelund
27,422807,Magnus Mattsson
28,422812,Kevin Bukusu
29,422806,Dirk Proper
30,422804,Bart van Rooij
31,299511,Jordy Bruijn
32,97367,Mattijs Branderhorst
33,132973,Javier Vet
34,422809,Ilias Bronkhorst
35,422810,Elayis Tavsan
36,279967,Iván Márquez
37,364281,Ali Akman
38,402852,Ole Romeny
39,422803,Cas Odenthal
40,422805,Souffian El Karouani
41,422811,Thomas Beekman
42,422813,Joep van der Sluijs
43,422814,Robin Roefs
