,ID,Name
0,362459,Othmane Boussaid
1,373556,Arthur Zagre
2,344041,Moussa Sylla
3,302724,Eric Oelschlägel
4,22842,Willem Janssen
5,89575,Adam Maher
6,101605,Mike van der Hoorn
7,123556,Joris van Overeem
8,229520,Django Warmerdam
9,256971,Hidde ter Avest
10,393412,Remco Balk
11,411078,Quinten Timber
12,414501,Ruben Kluivert
13,422872,Djevencio van der Kust
14,283351,Simon Gustafson
15,345600,Pontus Almqvist
16,382581,Fabian de Keijzer
17,422873,Anastasios Douvikas
18,427851,Rick Meissen
19,431330,Kevin Gadellaa
20,418600,Rocco Robert Shein
21,33841,Daniel Vukovic
22,422808,Jonathan Okita
23,396058,Rodrigo Guth
24,22300,Lasse Schöne
25,296536,Mikkel Duelund
26,422806,Dirk Proper
27,422804,Bart van Rooij
28,422809,Ilias Bronkhorst
29,422810,Elayis Tavsan
30,299511,Jordy Bruijn
31,26035,Rens van Eijden
32,97367,Mattijs Branderhorst
33,132973,Javier Vet
34,271086,Calvin Verdonk
35,279967,Iván Márquez
36,422813,Joep van der Sluijs
37,422814,Robin Roefs
38,433122,Mathias De Wolf
39,437616,Ibrahim Cissoko
40,422805,Souffian El Karouani
