,ID,Name
0,362459,Othmane Boussaid
1,344041,Moussa Sylla
2,373556,Arthur Zagre
3,302724,Eric Oelschlägel
4,411078,Quinten Timber
5,329675,Maarten Paes
6,256971,Hidde ter Avest
7,261082,Bart Ramselaar
8,22842,Willem Janssen
9,39726,Mark van der Maarel
10,89575,Adam Maher
11,101605,Mike van der Hoorn
12,110360,Sander van de Streek
13,123556,Joris van Overeem
14,229520,Django Warmerdam
15,238997,Mimoun Mahi
16,249686,Adrián Dalmau
17,283351,Simon Gustafson
18,422873,Anastasios Douvikas
19,382581,Fabian de Keijzer
20,400823,Davy van den Berg
21,409052,Benaissa Benamar
22,384574,Gernot Trauner
23,361879,Luis Sinisterra
24,133390,Alireza Jahanbakhsh
25,136068,Ofir Marciano
26,302709,Justin Bijlow
27,43004,Bryan Linssen
28,82401,Jens Toornstra
29,122398,Ridgeciano Haps
30,322148,Guus Til
31,345303,Tyrell Malacia
32,373113,Naoufal Bannis
33,408489,Tein Troost
34,422909,Ramon Hendriks
35,361878,Wouter Burger
36,357133,Marcus Pedersen
37,303544,Fredrik Aursnes
38,355870,Orkun Kökcü
39,411680,Aliou Balde
40,422920,Lennard Hartjes
41,422921,Antoni Milambo
42,423949,Mimeirhel Benita
