,ID,Name
0,83809,Nicolás Tagliafico
1,400166,Mohammed Kudus
2,322696,Edson Álvarez
3,363884,Ryan Gravenberch
4,388650,Jurriën Timber
5,401122,Kenneth Taylor
6,89794,Steven Berghuis
7,108860,Davy Klaassen
8,4065,Maarten Stekelenburg
9,70033,Daley Blind
10,422802,Jay Gorter
11,433575,Liam van Gelderen
12,34545,Przemyslaw Tyton
13,29474,Dusan Tadic
14,383798,Mohamed Daramy
15,236544,Sébastien Haller
16,404568,Brian Brobbey
17,411691,Enric Llansana
18,400165,Devyne Rensch
19,369107,Mohamed Ihattaren
20,437387,Anass Salah-Eddine
21,427577,Youri Regeer
22,132420,Rico Strieder
23,68850,Kostas Lamprou
24,369545,Yuta Nakayama
25,34108,Bram van Polen
26,34925,Maikel van der Werff
27,136102,Djavan Anderson
28,231106,Kenneth Paal
29,279173,Pelle Clement
30,279429,Sai van Wermeskerken
31,317693,Mike Hauptmeijer
32,361695,Thomas van den Belt
33,382170,Daishawn Redan
34,393338,Chardi Landu
35,404370,Rav van den Berg
36,422867,Mees de Wit
37,425087,Elikia Mbinga
38,365152,Eliano Reijnders
39,436114,Thomas Beelen
40,362467,Jasper Schendelaar
41,119109,Gervane Kastaneer
42,437701,Tristan van Gilst
43,432117,Max de Waal
44,402068,Slobodan Tedic
