,ID,Name
0,403495,Melih Ibrahimoglu
1,147910,Lucas Schoofs
2,367743,Noah Fadiga
3,227870,Nikolai Laursen
4,394980,Marco Rente
5,349202,Anas Ouahim
6,433912,Timo Jansink
7,380635,Robin Jalving
8,369095,Koen Bucker
9,369553,Mats Knoester
10,379686,Ruben Roosken
11,312702,Justin Hoogma
12,138398,Bilal Basacikoglu
13,334533,Emil Hansson
14,81725,Samuel Armenteros
15,136302,Sinan Bakis
16,322406,Luca de la Torre
17,379728,Navajo Bakboord
18,379729,Adrián Szoke
19,393081,Giacomo Quagliata
20,395830,Kasper Lunding Jakobsen
21,400497,Elias Sierra-Cappelleti
22,422763,Sven Sonnenberg
23,291964,Vaclav Cerny
24,361838,Michal Sadílek
25,90235,Lars Unnerstall
26,108935,Robin Pröpper
27,119741,Joshua Brenet
28,120454,Virgil Misidjan
29,280289,Giovanni Troupée
30,37344,Ricky van Wolfswinkel
31,322149,Michel Vlap
32,379702,Jesse Bosch
33,379703,Jeffrey de Lange
34,387172,Denilho Cleonise
35,400059,Gijs Smal
36,406780,Max Bruns
37,318754,Julio Pleguezuelo
38,400057,Casper Staring
39,422782,Manfred Ugalde
40,436492,Sam Karssies
41,402819,Mees Hilgers
42,363658,Dimitris Limnios
43,379701,Ramiz Zerrouki
