,ID,Name
0,124105,Michael Heylen
1,343347,Arno Verschueren
2,259930,Younes Namli
3,84195,Lennart Thy
4,366549,Giannis Masouras
5,108153,Laurent Jans
6,25037,Adil Auassar
7,31238,Aaron Meijers
8,44145,Bart Vriends
9,90636,Tom Beugelsdijk
10,108426,Joeri de Kamps
11,120675,Tim Coremans
12,379741,Dirk Abels
13,383560,Sven Mijnans
14,343314,Vito van Crooij
15,409075,Jason Meerstadt
16,411278,Jeremy Van Mullem
17,249686,Adrián Dalmau
18,434197,Ishan Kort
19,343398,Marouane Afaker
20,392339,Maduka Okoye
21,377279,Peter Vindahl
22,399721,Kamal Sowah
23,330514,Vangelis Pavlidis
24,300755,Pantelis Hatzidiakos
25,379783,Yukinari Sugawara
26,373340,Zakaria Aboukhlal
27,328550,Owen Wijndal
28,90802,Jordy Clasie
29,90810,Bruno Martins Indi
30,353695,Dani de Wit
31,400978,Beau Reus
32,408102,Peer Koopmeiners
33,355183,Aslak Witry
34,80137,Fredrik Midtsjø
35,320614,Jesper Karlsson
36,356742,Håkon Evjen
37,343382,Tijjani Reijnders
38,422738,Sem Westerveld
39,422739,Sam Beukema
40,424273,Milos Kerkez
