,ID,Name
0,404764,Tibor Halilovic
1,404110,Nicolas Madsen
2,400143,Anthony Musaba
3,342814,Rodney Kongolo
4,369119,Arjen van der Heide
5,379595,Xavier Mous
6,379734,Hamdi Akujobi
7,379760,Milan van Ewijk
8,382556,Joey Veerman
9,32196,Siem de Jong
10,121666,Nick Bakker
11,124274,Sven van Beek
12,136066,Lucas Woudenberg
13,261017,Henk Veerman
14,296543,Jan Bekkema
15,383865,Filip Stevanovic
16,399618,Benjamin Nygren
17,371073,Rami Al Hajj
18,321192,Ibrahim Dresevic
19,321193,Rami Kaib
20,409160,Syb van Ottele
21,400007,Jaimy Kroesen
22,361880,Oussama Darfalou
23,345558,Tomas Hajek
24,319922,Jacob Rasmussen
25,384141,Romaric Yapi
26,285933,Markus Schubert
27,130917,Eli Dasa
28,133959,Riechedly Bazoer
29,141965,Jeroen Houwen
30,303076,Danilho Doekhi
31,352844,Thomas Buitink
32,401021,Enzo Cornelisse
33,112719,Sondre Tronstad
34,363704,Toni Domgjoni
35,401731,Julian von Moos
36,361815,Yann Gboho
37,363618,Loïs Openda
38,365426,Hilary Gong
39,380663,Patrick Vroegh
40,392344,Nikolai Baden Frederiksen
41,400282,Daan Huisman
42,409126,Alois Dominik Oroz
43,422868,Nigel van Haveren
