,ID,Name
0,303779,Maximiliano Romero
1,124021,Philipp Mwene
2,98101,André Ramalho
3,346767,Mauro Júnior
4,363077,Carlos Vinícius
5,260809,Olivier Boscagli
6,142466,Philipp Max
7,44096,Eran Zahavi
8,137460,Erick Gutiérrez
9,77429,Davy Pröpper
10,85470,Marco van Ginkel
11,275012,Joël Drommel
12,361839,Jordan Teze
13,345333,Armando Obispo
14,117980,Bruma
15,103542,Yvon Mvogo
16,328075,Ibrahim Sangaré
17,402876,Vincent Müller
18,408059,Yorbe Vertessen
19,302644,Dario Dumic
20,361838,Michal Sadílek
21,379702,Jesse Bosch
22,379703,Jeffrey de Lange
23,387172,Denilho Cleonise
24,387682,Ennio van der Gouw
25,400055,Jayden Oosterwolde
26,322149,Michel Vlap
27,37344,Ricky van Wolfswinkel
28,108935,Robin Pröpper
29,120454,Virgil Misidjan
30,280289,Giovanni Troupée
31,400059,Gijs Smal
32,361898,Luka Ilic
33,318754,Julio Pleguezuelo
34,363658,Dimitris Limnios
35,379701,Ramiz Zerrouki
36,400057,Casper Staring
37,402819,Mees Hilgers
38,405560,Daan Rots
39,422782,Manfred Ugalde
