,ID,Name
0,96615,Benjamin van Leer
1,124105,Michael Heylen
2,225522,Mario Engels
3,84195,Lennart Thy
4,366549,Giannis Masouras
5,108153,Laurent Jans
6,25037,Adil Auassar
7,31238,Aaron Meijers
8,44145,Bart Vriends
9,77706,Bryan Smeets
10,120675,Tim Coremans
11,90636,Tom Beugelsdijk
12,379741,Dirk Abels
13,383560,Sven Mijnans
14,289016,Mohammed Osman
15,343314,Vito van Crooij
16,363875,Kenzo Goudmijn
17,400163,Emanuel Emegha
18,411278,Jeremy Van Mullem
19,322776,Mica Pinto
20,425114,Mohammed Tahiri
21,392339,Maduka Okoye
22,328330,Marcos Senesi
23,384574,Gernot Trauner
24,244805,Cyriel Dessers
25,361879,Luis Sinisterra
26,133390,Alireza Jahanbakhsh
27,43004,Bryan Linssen
28,82401,Jens Toornstra
29,302709,Justin Bijlow
30,345303,Tyrell Malacia
31,345441,Lutsharel Geertruida
32,322148,Guus Til
33,373113,Naoufal Bannis
34,404937,Thijs Jansen
35,408489,Tein Troost
36,422909,Ramon Hendriks
37,357133,Marcus Pedersen
38,303544,Fredrik Aursnes
39,142352,João Teixeira
40,355870,Orkun Kökcü
41,342564,Reiss Nelson
