,ID,Name
0,362459,Othmane Boussaid
1,373556,Arthur Zagre
2,344041,Moussa Sylla
3,302724,Eric Oelschlägel
4,393412,Remco Balk
5,411078,Quinten Timber
6,329675,Maarten Paes
7,256971,Hidde ter Avest
8,261082,Bart Ramselaar
9,357396,Mohamed Mallahi
10,22842,Willem Janssen
11,39726,Mark van der Maarel
12,89575,Adam Maher
13,101605,Mike van der Hoorn
14,110360,Sander van de Streek
15,123556,Joris van Overeem
16,229520,Django Warmerdam
17,238997,Mimoun Mahi
18,249686,Adrián Dalmau
19,422873,Anastasios Douvikas
20,409052,Benaissa Benamar
21,382581,Fabian de Keijzer
22,343390,Jorn Brondeel
23,334977,Elton Kabangu
24,346731,Kwasi Okyere Wriedt
25,121821,Timon Wellenreuther
26,279751,Görkem Saglam
27,323531,Mats Köhlert
28,365389,John Yeboah
29,400010,Derrick Köhn
30,379600,Connor van den Berg
31,357080,Godfried Roemeratoe
32,361791,Driess Saddiki
33,81475,Miquel Nelom
34,322083,Leeroy Owusu
35,321954,Ulrik Jenssen
36,109581,Pol Llonch
37,312913,Emil Bergström
38,319990,Max Svensson
39,400014,Vincent Schippers
40,409292,Nikolaos Michelis
41,425104,Anargyros Kampetsis
42,425569,Ringo Meerveld
43,379599,Ché Nunnely
